Price,Close,High,Low,Open,Volume,MA200,MA60
Ticker,DX-Y.NYB,DX-Y.NYB,DX-Y.NYB,DX-Y.NYB,DX-Y.NYB,,
Date,,,,,,,
2016-03-15,96.62999725341797,96.87000274658203,96.47000122070312,96.58999633789062,0,,
2016-03-16,95.88999938964844,97.05999755859375,95.54000091552734,96.63999938964844,0,,
2016-03-17,94.76000213623047,95.83000183105469,94.6500015258789,95.75,0,,
2016-03-18,94.98999786376953,95.16999816894531,94.58000183105469,94.7699966430664,0,,
2016-03-21,95.29000091552734,95.4000015258789,95.0,95.05000305175781,0,,
2016-03-22,95.6500015258789,95.75,95.26000213623047,95.43000030517578,0,,
2016-03-23,96.05000305175781,96.2300033569336,95.62000274658203,95.62999725341797,0,,
2016-03-24,96.13999938964844,96.36000061035156,96.04000091552734,96.05999755859375,0,,
2016-03-28,95.94000244140625,96.4000015258789,95.83999633789062,96.27999877929688,0,,
2016-03-29,95.16000366210938,96.22000122070312,95.08999633789062,95.94999694824219,0,,
2016-03-30,94.83999633789062,95.22000122070312,94.58999633789062,95.19999694824219,0,,
2016-03-31,94.58999633789062,95.02999877929688,94.31999969482422,94.83999633789062,0,,
2016-04-01,94.62000274658203,95.11000061035156,94.33000183105469,94.63999938964844,0,,
2016-04-04,94.51000213623047,94.83000183105469,94.41000366210938,94.62000274658203,0,,
2016-04-05,94.62999725341797,94.9800033569336,94.44999694824219,94.56999969482422,0,,
2016-04-06,94.43000030517578,95.06999969482422,94.23999786376953,94.58999633789062,0,,
2016-04-07,94.4800033569336,94.66999816894531,94.0199966430664,94.4800033569336,0,,
2016-04-08,94.23999786376953,94.68000030517578,94.08999633789062,94.54000091552734,0,,
2016-04-11,93.94999694824219,94.33999633789062,93.75,94.19000244140625,0,,
2016-04-12,93.95999908447266,94.38999938964844,93.62999725341797,93.97000122070312,0,,
2016-04-13,94.73999786376953,94.8499984741211,94.0,94.05000305175781,0,,
2016-04-14,94.9000015258789,95.19999694824219,94.68000030517578,94.80999755859375,0,,
2016-04-15,94.69999694824219,95.05000305175781,94.51000213623047,94.94000244140625,0,,
2016-04-18,94.48999786376953,94.83000183105469,94.37999725341797,94.69999694824219,0,,
2016-04-19,93.9800033569336,94.55000305175781,93.93000030517578,94.48999786376953,0,,
2016-04-20,94.48999786376953,94.58999633789062,93.94000244140625,94.12999725341797,0,,
2016-04-21,94.5999984741211,94.69999694824219,93.91999816894531,94.52999877929688,0,,
2016-04-22,95.12000274658203,95.19999694824219,94.47000122070312,94.62000274658203,0,,
2016-04-25,94.83999633789062,95.11000061035156,94.68000030517578,95.11000061035156,0,,
2016-04-26,94.56999969482422,94.80999755859375,94.20999908447266,94.77999877929688,0,,
2016-04-27,94.38999938964844,94.80000305175781,94.1500015258789,94.52999877929688,0,,
2016-04-28,93.76000213623047,94.58000183105469,93.69000244140625,94.37999725341797,0,,
2016-04-29,93.08000183105469,93.80000305175781,93.01000213623047,93.80000305175781,0,,
2016-05-02,92.62999725341797,93.06999969482422,92.54000091552734,93.0199966430664,0,,
2016-05-03,92.94000244140625,92.98999786376953,91.91999816894531,92.5999984741211,0,,
2016-05-04,93.18000030517578,93.36000061035156,92.8499984741211,92.9800033569336,0,,
2016-05-05,93.77999877929688,93.86000061035156,93.16999816894531,93.22000122070312,0,,
2016-05-06,93.88999938964844,93.95999908447266,93.27999877929688,93.73999786376953,0,,
2016-05-09,94.1500015258789,94.19999694824219,93.80000305175781,93.83000183105469,0,,
2016-05-10,94.29000091552734,94.36000061035156,94.02999877929688,94.12999725341797,0,,
2016-05-11,93.81999969482422,94.26000213623047,93.68000030517578,94.26000213623047,0,,
2016-05-12,94.13999938964844,94.19000244140625,93.80000305175781,93.8499984741211,0,,
2016-05-13,94.61000061035156,94.8499984741211,94.12000274658203,94.12999725341797,0,,
2016-05-16,94.56999969482422,94.68000030517578,94.4000015258789,94.56999969482422,0,,
2016-05-17,94.55000305175781,94.70999908447266,94.33000183105469,94.56999969482422,0,,
2016-05-18,95.08000183105469,95.2699966430664,94.52999877929688,94.56999969482422,0,,
2016-05-19,95.29000091552734,95.5,95.12000274658203,95.13999938964844,0,,
2016-05-20,95.30999755859375,95.45999908447266,95.16999816894531,95.29000091552734,0,,
2016-05-23,95.2300033569336,95.4800033569336,95.0999984741211,95.29000091552734,0,,
2016-05-24,95.56999969482422,95.66000366210938,95.19999694824219,95.26000213623047,0,,
2016-05-25,95.3499984741211,95.66000366210938,95.33000183105469,95.62000274658203,0,,
2016-05-26,95.16999816894531,95.41999816894531,94.94000244140625,95.41999816894531,0,,
2016-05-27,95.5199966430664,95.77999877929688,95.08000183105469,95.13999938964844,0,,
2016-05-31,95.88999938964844,95.88999938964844,95.45999908447266,95.66000366210938,0,,
2016-06-01,95.45999908447266,95.9000015258789,95.33999633789062,95.81999969482422,0,,
2016-06-02,95.55999755859375,95.58999633789062,95.1500015258789,95.43000030517578,0,,
2016-06-03,94.02999877929688,95.63999938964844,93.87000274658203,95.55000305175781,0,,
2016-06-06,93.9000015258789,94.2699966430664,93.75,93.87000274658203,0,,
2016-06-07,93.83000183105469,94.08999633789062,93.75,94.01000213623047,0,,
2016-06-08,93.58999633789062,93.87000274658203,93.43000030517578,93.86000061035156,0,,94.66233317057292
2016-06-09,94.0999984741211,94.12000274658203,93.43000030517578,93.55000305175781,0,,94.6201665242513
2016-06-10,94.5999984741211,94.70999908447266,94.05000305175781,94.08999633789062,0,,94.59866650899251
2016-06-13,94.37000274658203,94.75,94.23999786376953,94.63999938964844,0,,94.59216651916503
2016-06-14,94.93000030517578,95.02999877929688,94.31999969482422,94.36000061035156,0,,94.59116655985514
2016-06-15,94.61000061035156,95.04000091552734,94.36000061035156,94.91000366210938,0,,94.57983322143555
2016-06-16,94.56999969482422,95.31999969482422,94.20999908447266,94.5999984741211,0,,94.56183319091797
2016-06-17,94.20999908447266,94.58999633789062,94.06999969482422,94.56999969482422,0,,94.53116645812989
2016-06-20,93.61000061035156,93.77999877929688,93.44999694824219,93.77999877929688,0,,94.48899981180827
2016-06-21,94.0199966430664,94.13999938964844,93.43000030517578,93.61000061035156,0,,94.45699971516927
2016-06-22,93.72000122070312,94.12000274658203,93.41999816894531,94.05000305175781,0,,94.43299967447916
2016-06-23,93.52999877929688,93.61000061035156,93.0199966430664,93.5,0,,94.41116638183594
2016-06-24,95.44999694824219,96.69999694824219,93.44999694824219,93.44999694824219,0,,94.4254997253418
2016-06-27,96.54000091552734,96.70999908447266,95.52999877929688,95.52999877929688,0,,94.45749969482422
2016-06-28,96.25,96.41000366210938,95.7699966430664,96.41000366210938,0,,94.48649965922037
2016-06-29,95.7699966430664,96.19999694824219,95.58999633789062,96.04000091552734,0,,94.50549964904785
2016-06-30,96.13999938964844,96.41999816894531,95.44000244140625,95.66999816894531,0,,94.53399963378907
2016-07-01,95.6500015258789,96.08000183105469,95.41000366210938,95.88999938964844,0,,94.55349960327149
2016-07-05,96.16999816894531,96.25,95.33999633789062,95.55000305175781,0,,94.58566627502441
2016-07-06,96.05999755859375,96.5,95.9800033569336,96.26000213623047,0,,94.6208329518636
2016-07-07,96.33000183105469,96.33999633789062,95.91999816894531,96.13999938964844,0,,94.66033299763997
2016-07-08,96.30000305175781,96.69999694824219,95.83000183105469,96.29000091552734,0,,94.68633308410645
2016-07-11,96.56999969482422,96.79000091552734,96.2699966430664,96.27999877929688,0,,94.7141663869222
2016-07-12,96.44000244140625,96.63999938964844,96.06999969482422,96.55000305175781,0,,94.74316647847493
2016-07-13,96.22000122070312,96.5999984741211,96.08999633789062,96.51000213623047,0,,94.77199986775716
2016-07-14,96.08000183105469,96.37000274658203,95.83000183105469,96.2699966430664,0,,94.80699984232585
2016-07-15,96.58000183105469,96.7300033569336,95.91000366210938,96.12999725341797,0,,94.8418332417806
2016-07-18,96.55999755859375,96.70999908447266,96.47000122070312,96.58999633789062,0,,94.87449989318847
2016-07-19,97.05000305175781,97.1500015258789,96.5199966430664,96.54000091552734,0,,94.9066665649414
2016-07-20,97.19999694824219,97.31999969482422,96.98999786376953,97.05999755859375,0,,94.94599990844726
2016-07-21,97.0,97.20999908447266,96.7300033569336,97.12999725341797,0,,94.98649991353354
2016-07-22,97.47000122070312,97.54000091552734,96.83000183105469,96.91999816894531,0,,95.03783327738444
2016-07-25,97.29000091552734,97.56999969482422,97.22000122070312,97.3499984741211,0,,95.09666659037272
2016-07-26,97.16000366210938,97.31999969482422,96.8499984741211,97.27999877929688,0,,95.1646666208903
2016-07-27,97.05000305175781,97.52999877929688,96.66999816894531,97.12999725341797,0,,95.23833338419597
2016-07-28,96.73999786376953,96.7699966430664,96.29000091552734,96.7300033569336,0,,95.30166664123536
2016-07-29,95.52999877929688,96.62999725341797,95.37999725341797,96.62999725341797,0,,95.3408332824707
2016-08-01,95.70999908447266,95.81999969482422,95.51000213623047,95.51000213623047,0,,95.37299995422363
2016-08-02,95.05999755859375,95.8499984741211,95.0,95.81999969482422,0,,95.39249992370605
2016-08-03,95.55999755859375,95.61000061035156,95.12999725341797,95.12999725341797,0,,95.41599985758464
2016-08-04,95.76000213623047,95.9000015258789,95.41999816894531,95.54000091552734,0,,95.44049987792968
2016-08-05,96.19000244140625,96.5199966430664,95.55000305175781,95.79000091552734,0,,95.47999992370606
2016-08-08,96.4000015258789,96.47000122070312,96.1500015258789,96.22000122070312,0,,95.51766662597656
2016-08-09,96.18000030517578,96.5199966430664,96.08000183105469,96.37999725341797,0,,95.54383328755696
2016-08-10,95.6500015258789,96.12000274658203,95.44000244140625,96.12000274658203,0,,95.56183331807455
2016-08-11,95.86000061035156,95.97000122070312,95.51000213623047,95.56999969482422,0,,95.58366661071777
2016-08-12,95.72000122070312,95.98999786376953,95.25,95.91999816894531,0,,95.59433326721191
2016-08-15,95.62999725341797,95.80000305175781,95.47000122070312,95.68000030517578,0,,95.59999987284343
2016-08-16,94.79000091552734,95.66000366210938,94.43000030517578,95.61000061035156,0,,95.59133326212564
2016-08-17,94.72000122070312,95.0999984741211,94.51000213623047,94.80000305175781,0,,95.58283322652181
2016-08-18,94.16000366210938,94.69999694824219,94.08000183105469,94.69999694824219,0,,95.55933329264323
2016-08-19,94.51000213623047,94.62999725341797,94.22000122070312,94.2300033569336,0,,95.54533335367839
2016-08-22,94.5199966430664,94.95999908447266,94.44000244140625,94.5,0,,95.53449999491373
2016-08-23,94.54000091552734,94.58000183105469,94.20999908447266,94.55000305175781,0,,95.51816673278809
2016-08-24,94.79000091552734,94.91000366210938,94.51000213623047,94.55000305175781,0,,95.49983342488606
2016-08-25,94.7699966430664,94.83000183105469,94.58999633789062,94.77999877929688,0,,95.48833338419597
2016-08-26,95.56999969482422,95.58999633789062,94.25,94.70999908447266,0,,95.48850008646647
2016-08-29,95.58000183105469,95.83000183105469,95.45999908447266,95.45999908447266,0,,95.51433347066244
2016-08-30,96.05000305175781,96.13999938964844,95.52999877929688,95.56999969482422,0,,95.55016682942708
2016-08-31,96.0199966430664,96.26000213623047,95.9000015258789,96.01000213623047,0,,95.58666674296062
2016-09-01,95.6500015258789,96.23999786376953,95.5999984741211,95.98999786376953,0,,95.62100016276041
2016-09-02,95.87999725341797,95.95999908447266,95.19000244140625,95.66000366210938,0,,95.65066680908203
2016-09-06,94.81999969482422,95.86000061035156,94.7699966430664,95.80000305175781,0,,95.65433349609376
2016-09-07,94.95999908447266,95.05999755859375,94.69000244140625,94.9000015258789,0,,95.66416676839192
2016-09-08,95.02999877929688,95.13999938964844,94.47000122070312,94.94000244140625,0,,95.66583340962728
2016-09-09,95.33999633789062,95.58000183105469,94.80000305175781,94.94999694824219,0,,95.67800000508626
2016-09-12,95.0999984741211,95.44999694824219,94.94000244140625,95.30000305175781,0,,95.68683331807455
2016-09-13,95.62999725341797,95.66999816894531,95.08000183105469,95.12000274658203,0,,95.71049995422364
2016-09-14,95.33000183105469,95.66000366210938,95.19999694824219,95.55999755859375,0,,95.73916664123536
2016-09-15,95.29000091552734,95.55999755859375,95.08000183105469,95.33999633789062,0,,95.7603333791097
2016-09-16,96.11000061035156,96.11000061035156,95.22000122070312,95.2300033569336,0,,95.8001667022705
2016-09-19,95.83999633789062,96.05999755859375,95.6500015258789,96.04000091552734,0,,95.8386666615804
2016-09-20,96.0199966430664,96.04000091552734,95.5999984741211,95.83000183105469,0,,95.84816665649414
2016-09-21,95.66000366210938,96.33000183105469,95.48999786376953,96.0,0,,95.83350003560385
2016-09-22,95.44999694824219,95.52999877929688,95.05000305175781,95.5,0,,95.82016665140787
2016-09-23,95.4800033569336,95.68000030517578,95.33999633789062,95.37000274658203,0,,95.81533342997233
2016-09-26,95.30999755859375,95.52999877929688,95.12999725341797,95.51000213623047,0,,95.80150006612142
2016-09-27,95.44000244140625,95.66999816894531,95.23999786376953,95.31999969482422,0,,95.79800008138021
2016-09-28,95.43000030517578,95.73999786376953,95.37000274658203,95.44999694824219,0,,95.78566678365071
2016-09-29,95.54000091552734,95.68000030517578,95.33000183105469,95.37000274658203,0,,95.77700017293294
2016-09-30,95.45999908447266,95.95999908447266,95.33999633789062,95.51000213623047,0,,95.76250012715657
2016-10-03,95.75,95.80000305175781,95.41999816894531,95.41999816894531,0,,95.75333340962727
2016-10-04,96.12000274658203,96.44000244140625,95.72000122070312,95.72000122070312,0,,95.7458334604899
2016-10-05,96.12999725341797,96.30999755859375,95.95999908447266,96.0999984741211,0,,95.74066670735677
2016-10-06,96.66000366210938,96.7699966430664,96.12000274658203,96.1500015258789,0,,95.74800008138021
2016-10-07,96.5199966430664,97.19000244140625,96.4000015258789,97.13999938964844,0,,95.75533332824708
2016-10-11,97.69999694824219,97.7300033569336,96.9000015258789,96.9000015258789,0,,95.77399991353353
2016-10-12,97.97000122070312,98.04000091552734,97.45999908447266,97.55000305175781,0,,95.79749997456868
2016-10-13,97.5199966430664,98.12999725341797,97.51000213623047,97.98999786376953,0,,95.80533320109049
2016-10-14,98.0199966430664,98.12000274658203,97.51000213623047,97.52999877929688,0,,95.81899986267089
2016-10-17,97.88999938964844,98.16999816894531,97.80999755859375,98.05999755859375,0,,95.83383318583171
2016-10-18,97.9000015258789,97.95999908447266,97.61000061035156,97.87000274658203,0,,95.84099985758463
2016-10-19,97.87000274658203,97.97000122070312,97.62999725341797,97.88999938964844,0,,95.85066655476888
2016-10-20,98.31999969482422,98.4000015258789,97.66000366210938,97.8499984741211,0,,95.8699998219808
2016-10-21,98.69999694824219,98.80999755859375,98.30999755859375,98.31999969482422,0,,95.89749972025554
2016-10-24,98.66999816894531,98.8499984741211,98.54000091552734,98.62000274658203,0,,95.92966639200846
2016-10-25,98.72000122070312,99.12000274658203,98.61000061035156,98.76000213623047,0,,95.98283309936524
2016-10-26,98.62999725341797,98.83999633789062,98.33999633789062,98.69000244140625,0,,96.03149973551432
2016-10-27,98.88999938964844,99.02999877929688,98.5,98.62000274658203,0,,96.09533309936523
2016-10-28,98.3499984741211,98.94000244140625,98.23999786376953,98.91999816894531,0,,96.14183311462402
2016-10-31,98.44999694824219,98.69999694824219,98.29000091552734,98.31999969482422,0,,96.18666636149088
2016-11-01,97.69999694824219,98.4800033569336,97.63999938964844,98.38999938964844,0,,96.21183293660482
2016-11-02,97.4000015258789,97.80000305175781,97.18000030517578,97.75,0,,96.22849960327149
2016-11-03,97.16000366210938,97.45999908447266,97.04000091552734,97.37999725341797,0,,96.24483299255371
2016-11-04,97.06999969482422,97.3499984741211,96.88999938964844,97.16000366210938,0,,96.2684996287028
2016-11-07,97.77999877929688,97.87000274658203,97.22000122070312,97.54000091552734,0,,96.30049959818523
2016-11-08,97.86000061035156,97.98999786376953,97.55000305175781,97.75,0,,96.33616625467936
2016-11-09,98.5,98.69999694824219,95.88999938964844,97.66000366210938,0,,96.38399963378906
2016-11-10,98.79000091552734,99.08000183105469,98.30999755859375,98.61000061035156,0,,96.45066630045572
2016-11-14,100.11000061035156,100.22000122070312,99.0,99.0,0,,96.54049962361654
2016-11-15,100.19000244140625,100.26000213623047,99.44999694824219,99.80000305175781,0,,96.64099960327148
2016-11-16,100.41000366210938,100.56999969482422,99.9000015258789,100.16999816894531,0,,96.73933296203613
2016-11-17,100.88999938964844,101.01000213623047,99.95999908447266,100.25,0,,96.84549967447917
2016-11-18,101.20999908447266,101.4800033569336,100.83000183105469,100.98999786376953,0,,96.95666631062825
2016-11-21,101.05000305175781,101.4000015258789,100.73999786376953,101.29000091552734,0,,97.06099967956543
2016-11-22,101.04000091552734,101.31999969482422,100.6500015258789,100.79000091552734,0,,97.16549975077311
2016-11-23,101.69999694824219,101.91000366210938,100.88999938964844,100.94000244140625,0,,97.26766637166341
2016-11-25,101.48999786376953,101.91999816894531,101.20999908447266,101.81999969482422,0,,97.366166305542
2016-11-28,101.33000183105469,101.5999984741211,100.63999938964844,101.44000244140625,0,,97.45416628519693
2016-11-29,100.93000030517578,101.63999938964844,100.86000061035156,101.16999816894531,0,,97.53599967956544
2016-11-30,101.5,101.83000183105469,100.83999633789062,100.86000061035156,0,,97.63349965413411
2016-12-01,101.04000091552734,101.58999633789062,100.87000274658203,101.51000213623047,0,,97.71949971516928
2016-12-02,100.7699966430664,101.11000061035156,100.62000274658203,100.88999938964844,0,,97.8186663309733
2016-12-05,100.13999938964844,101.54000091552734,99.8499984741211,100.66000366210938,0,,97.90499966939291
2016-12-06,100.48999786376953,100.58000183105469,99.9800033569336,100.13999938964844,0,,97.99599965413411
2016-12-07,100.2300033569336,100.5999984741211,100.13999938964844,100.4800033569336,0,,98.07749977111817
2016-12-08,101.06999969482422,101.25,99.43000030517578,100.19000244140625,0,,98.17699979146322
2016-12-09,101.56999969482422,101.73999786376953,101.01000213623047,101.08000183105469,0,,98.27599983215332
2016-12-12,100.95999908447266,101.77999877929688,100.83999633789062,101.69000244140625,0,,98.3698331197103
2016-12-13,101.02999877929688,101.16000366210938,100.75,100.9000015258789,0,,98.4654997507731
2016-12-14,102.0,102.3499984741211,100.7300033569336,101.02999877929688,0,,98.56366640726725
2016-12-15,103.12999725341797,103.55999755859375,102.16000366210938,102.25,0,,98.68516642252604
2016-12-16,102.94999694824219,103.2699966430664,102.62000274658203,103.1500015258789,0,,98.8006664276123
2016-12-19,103.13999938964844,103.20999908447266,102.5199966430664,102.93000030517578,0,,98.92533302307129
2016-12-20,103.29000091552734,103.6500015258789,103.02999877929688,103.16000366210938,0,,99.05599975585938
2016-12-21,103.0199966430664,103.37999725341797,102.7699966430664,103.26000213623047,0,,99.18166631062826
2016-12-22,103.08999633789062,103.13999938964844,102.58999633789062,103.04000091552734,0,,99.31133295694987
2016-12-23,103.01000213623047,103.2300033569336,102.87999725341797,103.06999969482422,0,,99.43749961853027
2016-12-27,103.0199966430664,103.1500015258789,102.94999694824219,102.95999908447266,0,,99.56399955749512
2016-12-28,103.26000213623047,103.62999725341797,102.87000274658203,103.01000213623047,0,,99.69266624450684
2016-12-29,102.68000030517578,103.25,102.61000061035156,103.19999694824219,0,96.57449981689453,99.81299959818521
2016-12-30,102.38999938964844,102.58999633789062,101.91000366210938,102.13999938964844,0,96.60329982757568,99.92366625467936
2017-01-03,103.20999908447266,103.81999969482422,102.58999633789062,102.87000274658203,0,96.6398998260498,100.04183286031088
2017-01-04,102.69999694824219,103.44000244140625,102.38999938964844,103.18000030517578,0,96.67959980010987,100.15133285522461
2017-01-05,101.5199966430664,102.51000213623047,101.30000305175781,102.43000030517578,0,96.71224979400635,100.23233273824056
2017-01-06,102.22000122070312,102.29000091552734,101.37000274658203,101.41999816894531,0,96.74689979553223,100.3273328145345
2017-01-09,101.93000030517578,102.5199966430664,101.80000305175781,102.26000213623047,0,96.77829978942871,100.3978328704834
2017-01-10,102.01000213623047,102.0999984741211,101.51000213623047,101.8499984741211,0,96.80809978485108,100.46516621907553
2017-01-11,101.77999877929688,102.94999694824219,101.27999877929688,102.05999755859375,0,96.83629978179931,100.53616625467936
2017-01-12,101.3499984741211,101.80000305175781,100.72000122070312,101.66999816894531,0,96.8633497619629,100.59166628519694
2017-01-13,101.18000030517578,101.66999816894531,101.01000213623047,101.48999786376953,0,96.89344974517822,100.64649963378906
2017-01-17,100.33000183105469,101.62000274658203,100.27999877929688,101.55000305175781,0,96.92089977264405,100.68699963887532
2017-01-18,100.93000030517578,101.33999633789062,100.31999969482422,100.44000244140625,0,96.95259979248047,100.73799959818523
2017-01-19,101.1500015258789,101.7300033569336,100.97000122070312,101.33999633789062,0,96.98524978637695,100.78516629536946
2017-01-20,100.73999786376953,101.5,100.69999694824219,101.1500015258789,0,97.01639976501465,100.81916631062826
2017-01-23,100.16000366210938,100.72000122070312,99.93000030517578,100.72000122070312,0,97.04404979705811,100.84399973551432
2017-01-24,100.3499984741211,100.43000030517578,99.91999816894531,100.06999969482422,0,97.07364978790284,100.87116635640463
2017-01-25,100.02999877929688,100.41000366210938,99.83999633789062,100.30999755859375,0,97.10139976501465,100.89449971516927
2017-01-26,100.37999725341797,100.7300033569336,99.79000091552734,99.91000366210938,0,97.13209976196289,100.91933301289876
2017-01-27,100.52999877929688,100.81999969482422,100.31999969482422,100.47000122070312,0,97.16499977111816,100.95566635131836
2017-01-30,100.43000030517578,101.0199966430664,100.16999816894531,100.3499984741211,0,97.19734977722167,100.98866640726725
2017-01-31,99.51000213623047,100.51000213623047,99.43000030517578,100.33000183105469,0,97.22119979858398,101.01883316040039
2017-02-01,99.63999938964844,100.04000091552734,99.5,99.55999755859375,0,97.24489978790284,101.05616645812988
2017-02-02,99.8499984741211,99.8499984741211,99.2300033569336,99.73999786376953,0,97.27064979553222,101.10099970499674
2017-02-03,99.87000274658203,100.26000213623047,99.55999755859375,99.80000305175781,0,97.29754981994628,101.14766642252604
2017-02-06,99.91000366210938,100.25,99.62000274658203,99.62000274658203,0,97.32719982147216,101.18316650390625
2017-02-07,100.26000213623047,100.72000122070312,99.91000366210938,99.93000030517578,0,97.35604984283447,101.22316652933756
2017-02-08,100.27999877929688,100.63999938964844,100.05999755859375,100.44000244140625,0,97.38444984436035,101.25283317565918
2017-02-09,100.6500015258789,100.66999816894531,100.08000183105469,100.2300033569336,0,97.41209983825684,101.28383318583171
2017-02-10,100.80000305175781,101.01000213623047,100.58000183105469,100.66000366210938,0,97.44189987182617,101.2953332265218
2017-02-13,100.95999908447266,101.11000061035156,100.58000183105469,100.8499984741211,0,97.47384986877441,101.30816650390625
2017-02-14,101.25,101.37999725341797,100.69999694824219,100.97000122070312,0,97.50814987182618,101.3221664428711
2017-02-15,101.18000030517578,101.76000213623047,101.0,101.20999908447266,0,97.5452498626709,101.32699979146322
2017-02-16,100.44000244140625,101.06999969482422,100.41000366210938,101.05000305175781,0,97.58204986572265,101.31416651407878
2017-02-17,100.94999694824219,100.95999908447266,100.44999694824219,100.54000091552734,0,97.62364986419678,101.31249974568685
2017-02-21,101.37000274658203,101.5999984741211,100.91000366210938,100.94000244140625,0,97.66579986572266,101.31799977620443
2017-02-22,101.33000183105469,101.72000122070312,101.16999816894531,101.38999938964844,0,97.70654987335205,101.31183319091797
2017-02-23,101.05000305175781,101.44000244140625,100.87000274658203,101.37000274658203,0,97.74289989471436,101.3044999440511
2017-02-24,101.08999633789062,101.16999816894531,100.66000366210938,100.95999908447266,0,97.77889987945557,101.30049985249838
2017-02-27,101.12999725341797,101.2699966430664,100.69000244140625,101.08000183105469,0,97.81379985809326,101.30383313496908
2017-02-28,101.12000274658203,101.38999938964844,100.77999877929688,101.20999908447266,0,97.84794986724853,101.29749984741211
2017-03-01,101.77999877929688,101.97000122070312,101.2300033569336,101.44000244140625,0,97.8877498626709,101.3098331451416
2017-03-02,102.19999694824219,102.26000213623047,101.77999877929688,101.91000366210938,0,97.92804985046386,101.3336664835612
2017-03-03,101.54000091552734,102.16999816894531,101.33999633789062,102.12000274658203,0,97.96269985198974,101.35699984232585
2017-03-06,101.63999938964844,101.75,101.22000122070312,101.44000244140625,0,97.99804985046387,101.37616653442383
2017-03-07,101.80999755859375,101.91000366210938,101.52999877929688,101.68000030517578,0,98.03434982299805,101.40249977111816
2017-03-08,102.06999969482422,102.19000244140625,101.70999908447266,101.79000091552734,0,98.0692998123169,101.41916643778482
2017-03-09,101.8499984741211,102.25,101.69999694824219,102.11000061035156,0,98.10209980010987,101.42383308410645
2017-03-10,101.25,102.0,101.16999816894531,102.0,0,98.1317998123169,101.42866643269856
2017-03-13,101.37999725341797,101.38999938964844,101.01000213623047,101.27999877929688,0,98.16254978179931,101.43449974060059
2017-03-14,101.69999694824219,101.79000091552734,101.33999633789062,101.41000366210938,0,98.1931997680664,101.42949968973795
2017-03-15,100.73999786376953,101.72000122070312,100.48999786376953,101.72000122070312,0,98.22014976501465,101.38966636657715
2017-03-16,100.2699966430664,100.75,100.2300033569336,100.55999755859375,0,98.24564975738525,101.34499969482422
2017-03-17,100.30000305175781,100.47000122070312,100.13999938964844,100.25,0,98.26954978942871,101.29766642252604
2017-03-20,100.41000366210938,100.44999694824219,100.0199966430664,100.33999633789062,0,98.29214981079102,101.24966646830241
2017-03-21,99.80999755859375,100.37999725341797,99.66000366210938,100.37999725341797,0,98.31389980316162,101.1961664835612
2017-03-22,99.68000030517578,99.93000030517578,99.55000305175781,99.69000244140625,0,98.33449981689454,101.13933321634929
2017-03-23,99.76000213623047,99.87000274658203,99.62999725341797,99.73999786376953,0,98.3631498336792,101.08516654968261
2017-03-24,99.62999725341797,100.0,99.52999877929688,99.7699966430664,0,98.39179981231689,101.02866655985514
2017-03-27,99.16999816894531,99.43000030517578,98.86000061035156,99.43000030517578,0,98.41849979400635,100.96049982706705
2017-03-28,99.70999908447266,99.79000091552734,99.12000274658203,99.22000122070312,0,98.44909980773926,100.910999806722
2017-03-29,100.0,100.12999725341797,99.66999816894531,99.70999908447266,0,98.47859981536865,100.8711664835612
2017-03-30,100.41000366210938,100.58999633789062,99.93000030517578,99.95999908447266,0,98.50764984130859,100.82449989318847
2017-03-31,100.3499984741211,100.6500015258789,100.25,100.48999786376953,0,98.53754981994629,100.78533325195312
2017-04-03,100.54000091552734,100.69000244140625,100.37000274658203,100.5,0,98.56559982299805,100.76899998982748
2017-04-04,100.54000091552734,100.7300033569336,100.41999816894531,100.5,0,98.59524982452393,100.74099998474121
2017-04-05,100.55999755859375,100.8499984741211,100.41000366210938,100.52999877929688,0,98.62519981384277,100.71816660563151
2017-04-06,100.66999816894531,100.7699966430664,100.37999725341797,100.5199966430664,0,98.65749980926513,100.69583320617676
2017-04-07,101.18000030517578,101.26000213623047,100.5199966430664,100.73999786376953,0,98.69534980773926,100.68583323160807
2017-04-10,101.0199966430664,101.33999633789062,100.94000244140625,101.12999725341797,0,98.73034980773926,100.68033320109049
2017-04-11,100.70999908447266,101.08000183105469,100.58000183105469,100.95999908447266,0,98.7652997970581,100.67249984741211
2017-04-12,100.77999877929688,100.81999969482422,100.08999633789062,100.73999786376953,0,98.8015497970581,100.67999979654948
2017-04-13,100.55999755859375,100.5999984741211,100.01000213623047,100.16000366210938,0,98.82709980010986,100.67383308410645
2017-04-17,100.30000305175781,100.47000122070312,100.0,100.47000122070312,0,98.84589981079101,100.6596664428711
2017-04-18,99.5,100.4000015258789,99.47000122070312,100.3499984741211,0,98.86214981079101,100.63899981180826
2017-04-19,99.73999786376953,99.88999938964844,99.51000213623047,99.51000213623047,0,98.88199981689453,100.63199971516927
2017-04-20,99.77999877929688,99.8499984741211,99.37000274658203,99.77999877929688,0,98.90019981384278,100.62249972025553
2017-04-21,99.9800033569336,100.02999877929688,99.6500015258789,99.83999633789062,0,98.92184982299804,100.62166646321614
2017-04-24,99.08999633789062,99.33000183105469,98.79000091552734,98.79000091552734,0,98.93644981384277,100.60016644795736
2017-04-25,98.81999969482422,99.22000122070312,98.69999694824219,99.05000305175781,0,98.95024982452392,100.57166646321615
2017-04-26,98.95999908447266,99.33000183105469,98.7300033569336,98.8499984741211,0,98.96339981079102,100.54716644287109
2017-04-27,99.08000183105469,99.33000183105469,98.80999755859375,98.94999694824219,0,98.9772998046875,100.53999977111816
2017-04-28,99.05000305175781,99.25,98.72000122070312,99.16999816894531,0,98.98969982147217,100.53016649881998
2017-05-01,99.13999938964844,99.20999908447266,98.88999938964844,98.93000030517578,0,99.00319980621337,100.51833318074544
2017-05-02,98.9800033569336,99.22000122070312,98.91999816894531,99.06999969482422,0,99.01699981689453,100.50349985758463
2017-05-03,99.20999908447266,99.38999938964844,98.88999938964844,98.93000030517578,0,99.03264980316162,100.49183311462403
2017-05-04,98.76000213623047,99.45999908447266,98.70999908447266,99.3499984741211,0,99.0435498046875,100.46683311462402
2017-05-05,98.6500015258789,98.9800033569336,98.54000091552734,98.7699966430664,0,99.05399982452393,100.43966649373372
2017-05-08,99.1500015258789,99.18000030517578,98.5,98.5,0,99.06449981689452,100.41466649373372
2017-05-09,99.58999633789062,99.69000244140625,99.08000183105469,99.13999938964844,0,99.07644981384277,100.39449971516927
2017-05-10,99.66999816894531,99.72000122070312,99.37000274658203,99.47000122070312,0,99.0897998046875,100.37299969991048
2017-05-11,99.62000274658203,99.88999938964844,99.48999786376953,99.66000366210938,0,99.1005498123169,100.34583307902018
2017-05-12,99.25,99.69999694824219,99.16000366210938,99.62999725341797,0,99.11034980773925,100.31366640726725
2017-05-15,98.91000366210938,99.26000213623047,98.79000091552734,99.16000366210938,0,99.11909980773926,100.28816642761231
2017-05-16,98.11000061035156,98.88999938964844,98.08000183105469,98.87000274658203,0,99.12439979553223,100.24083315531412
2017-05-17,97.41999816894531,98.12999725341797,97.41999816894531,98.08999633789062,0,99.1277997970581,100.17499974568685
2017-05-18,97.87999725341797,98.06999969482422,97.37000274658203,97.43000030517578,0,99.13954978942871,100.1174996693929
2017-05-19,97.1500015258789,97.8499984741211,97.08000183105469,97.8499984741211,0,99.14674980163574,100.05249964396158
2017-05-22,96.9800033569336,97.44000244140625,96.80000305175781,97.16000366210938,0,99.15634983062745,99.98399976094564
2017-05-23,97.3499984741211,97.41999816894531,96.80000305175781,96.94999694824219,0,99.16529983520508,99.92099978129069
2017-05-24,97.23999786376953,97.47000122070312,97.02999877929688,97.33999633789062,0,99.17269981384277,99.85633303324381
2017-05-25,97.25,97.27999877929688,96.87999725341797,97.08000183105469,0,99.17799980163574,99.78083305358886
2017-05-26,97.4000015258789,97.55000305175781,97.04000091552734,97.2300033569336,0,99.18299980163575,99.70083312988281
2017-05-30,97.27999877929688,97.77999877929688,97.22000122070312,97.63999938964844,0,99.18849979400635,99.62983309427896
2017-05-31,96.91999816894531,97.5,96.86000061035156,97.43000030517578,0,99.19484977722168,99.55116640726725
2017-06-01,97.19999694824219,97.31999969482422,96.9000015258789,96.98999786376953,0,99.20154975891113,99.47433306376139
2017-06-02,96.72000122070312,97.30999755859375,96.6500015258789,97.19000244140625,0,99.20654975891114,99.38516642252604
2017-06-05,96.80000305175781,96.97000122070312,96.68000030517578,96.68000030517578,0,99.21239978790283,99.30099983215332
2017-06-06,96.63999938964844,96.80000305175781,96.5199966430664,96.79000091552734,0,99.22164978027344,99.22416648864746
2017-06-07,96.75,96.9800033569336,96.51000213623047,96.54000091552734,0,99.23179977416993,99.14699986775716
2017-06-08,96.91999816894531,97.16000366210938,96.58999633789062,96.69999694824219,0,99.2455997467041,99.06733322143555
2017-06-09,97.2699966430664,97.5,97.1500015258789,97.19000244140625,0,99.25939971923827,99.00949986775716
2017-06-12,97.13999938964844,97.31999969482422,97.04000091552734,97.2699966430664,0,99.2724997329712,98.95733324686687
2017-06-13,96.9800033569336,97.27999877929688,96.94999694824219,97.16999816894531,0,99.28469974517822,98.9019999186198
2017-06-14,96.94000244140625,97.12999725341797,96.31999969482422,97.0,0,99.29544975280761,98.8441665649414
2017-06-15,97.43000030517578,97.55999755859375,96.83999633789062,96.93000030517578,0,99.30874977111816,98.8044999440511
2017-06-16,97.16000366210938,97.55999755859375,97.0999984741211,97.4800033569336,0,99.31669979095459,98.7625
2017-06-19,97.52999877929688,97.58000183105469,97.05000305175781,97.11000061035156,0,99.3264497756958,98.72533327738444
2017-06-20,97.75,97.87000274658203,97.43000030517578,97.54000091552734,0,99.33494976043701,98.69399998982747
2017-06-21,97.55999755859375,97.80000305175781,97.5199966430664,97.7300033569336,0,99.34264976501464,98.66716664632162
2017-06-22,97.54000091552734,97.6500015258789,97.43000030517578,97.54000091552734,0,99.35209976196289,98.63100001017253
2017-06-23,97.30000305175781,97.58000183105469,97.18000030517578,97.55999755859375,0,99.35919979095459,98.58600006103515
2017-06-26,97.43000030517578,97.47000122070312,97.11000061035156,97.30000305175781,0,99.37224979400635,98.5363333384196
2017-06-27,96.47000122070312,97.44999694824219,96.33999633789062,97.43000030517578,0,99.3797998046875,98.4716667175293
2017-06-28,96.05000305175781,96.62000274658203,95.97000122070312,96.43000030517578,0,99.3848998260498,98.3968334197998
2017-06-29,95.62999725341797,96.05000305175781,95.52999877929688,96.04000091552734,0,99.38634983062744,98.31500002543132
2017-06-30,95.66000366210938,95.83000183105469,95.47000122070312,95.54000091552734,0,99.38914985656739,98.2333334604899
2017-07-03,96.19999694824219,96.23999786376953,95.62000274658203,95.62000274658203,0,99.3919998550415,98.15883344014486
2017-07-05,96.29000091552734,96.51000213623047,96.06999969482422,96.19000244140625,0,99.39679985046386,98.07733345031738
2017-07-06,95.81999969482422,96.33999633789062,95.79000091552734,96.19000244140625,0,99.39944984436035,97.99066683451335
2017-07-07,96.01000213623047,96.1500015258789,95.75,95.80999755859375,0,99.39894985198974,97.91233355204264
2017-07-10,96.05000305175781,96.19999694824219,95.94999694824219,96.04000091552734,0,99.39999988555908,97.833500289917
2017-07-11,95.73999786376953,96.20999908447266,95.6500015258789,96.06999969482422,0,99.3985998916626,97.75316696166992
2017-07-12,95.79000091552734,95.9800033569336,95.51000213623047,95.77999877929688,0,99.39924987792969,97.67800025939941
2017-07-13,95.7300033569336,95.91999816894531,95.45999908447266,95.77999877929688,0,99.40064990997314,97.61516698201497
2017-07-14,95.11000061035156,95.83000183105469,95.08999633789062,95.80000305175781,0,99.39879989624023,97.53800036112467
2017-07-17,95.12999725341797,95.3499984741211,95.0199966430664,95.0999984741211,0,99.39789989471436,97.46050033569335
2017-07-18,94.66000366210938,95.19000244140625,94.4800033569336,95.16000366210938,0,99.39399990081787,97.37183367411295
2017-07-19,94.80000305175781,94.88999938964844,94.63999938964844,94.69000244140625,0,99.39084991455078,97.30033378601074
2017-07-20,94.2699966430664,95.16999816894531,94.08999633789062,94.7699966430664,0,99.38449989318848,97.22450040181478
2017-07-21,93.94000244140625,94.36000061035156,93.8499984741211,94.29000091552734,0,99.37689990997315,97.14083379109701
2017-07-24,93.9800033569336,94.12000274658203,93.81999969482422,93.94999694824219,0,99.3680499267578,97.05583381652832
2017-07-25,94.05000305175781,94.12000274658203,93.63999938964844,94.02999877929688,0,99.3576999282837,96.97250048319499
2017-07-26,93.66999816894531,94.29000091552734,93.4000015258789,94.08999633789062,0,99.34539993286133,96.88133379618327
2017-07-27,93.86000061035156,94.0999984741211,93.1500015258789,93.45999908447266,0,99.33139991760254,96.79600041707357
2017-07-28,93.26000213623047,93.94999694824219,93.26000213623047,93.87000274658203,0,99.31509994506835,96.69683380126953
2017-07-31,92.86000061035156,93.54000091552734,92.77999877929688,93.36000061035156,0,99.2908999633789,96.59850044250489
2017-08-01,93.02999877929688,93.12000274658203,92.77999877929688,92.88999938964844,0,99.26619995117187,96.50483373006185
2017-08-02,92.83000183105469,93.16000366210938,92.55000305175781,93.05999755859375,0,99.24274997711181,96.39950040181478
2017-08-03,92.80999755859375,93.04000091552734,92.68000030517578,92.9000015258789,0,99.21669998168946,96.28650042215983
2017-08-04,93.54000091552734,93.7699966430664,92.69999694824219,92.75,0,99.19494998931884,96.18433380126953
2017-08-07,93.43000030517578,93.54000091552734,93.30000305175781,93.5,0,99.17259998321533,96.08116709391275
2017-08-08,93.63999938964844,93.87999725341797,93.23999786376953,93.44999694824219,0,99.15144996643066,95.98766708374023
2017-08-09,93.5199966430664,93.88999938964844,93.48999786376953,93.55999755859375,0,99.12744995117187,95.89783363342285
2017-08-10,93.4000015258789,93.80999755859375,93.31999969482422,93.5,0,99.10094997406006,95.81933364868163
2017-08-11,93.06999969482422,93.51000213623047,92.93000030517578,93.43000030517578,0,99.07294998168945,95.74683367411295
2017-08-14,93.45999908447266,93.5,93.05000305175781,93.08999633789062,0,99.0466499710083,95.67316703796386
2017-08-15,93.8499984741211,94.13999938964844,93.44000244140625,93.47000122070312,0,99.02274997711181,95.61816698710123
2017-08-16,93.48999786376953,94.1500015258789,93.4800033569336,93.83999633789062,0,98.99574996948242,95.56000022888183
2017-08-17,93.62000274658203,94.08000183105469,93.30999755859375,93.44000244140625,0,98.97209999084473,95.49783363342286
2017-08-18,93.43000030517578,93.76000213623047,93.33000183105469,93.68000030517578,0,98.9470000076294,95.43433367411295
2017-08-21,93.0999984741211,93.58000183105469,93.0,93.43000030517578,0,98.92400001525878,95.36516698201497
2017-08-22,93.55000305175781,93.58000183105469,93.05999755859375,93.13999938964844,0,98.90475002288818,95.30100034077962
2017-08-23,93.1500015258789,93.62999725341797,93.12999725341797,93.51000213623047,0,98.88470001220703,95.23216705322265
2017-08-24,93.27999877929688,93.37999725341797,93.13999938964844,93.16000366210938,0,98.8657500076294,95.17150039672852
2017-08-25,92.73999786376953,93.44000244140625,92.41999816894531,93.2699966430664,0,98.84055000305176,95.09716707865397
2017-08-28,92.20999908447266,92.55000305175781,92.18000030517578,92.36000061035156,0,98.81229999542236,95.02200037638346
2017-08-29,92.3499984741211,92.4800033569336,91.62000274658203,92.22000122070312,0,98.78154998779297,94.94783363342285
2017-08-30,92.87999725341797,92.94999694824219,92.25,92.30000305175781,0,98.75199996948243,94.88516693115234
2017-08-31,92.66999816894531,93.3499984741211,92.58000183105469,92.8499984741211,0,98.71479995727539,94.81716690063476
2017-09-01,92.80999755859375,92.93000030517578,92.0999984741211,92.61000061035156,0,98.67789993286132,94.74866689046225
2017-09-05,92.30999755859375,92.7300033569336,92.18000030517578,92.5999984741211,0,98.63739990234374,94.66600023905436
2017-09-06,92.29000091552734,92.37999725341797,91.98999786376953,92.23999786376953,0,98.59439990997315,94.58516693115234
2017-09-07,91.52999877929688,92.25,91.41000366210938,92.19999694824219,0,98.54599990844727,94.49433352152506
2017-09-08,91.33000183105469,91.51000213623047,91.01000213623047,91.48999786376953,0,98.49739990234374,94.40083351135254
2017-09-11,91.86000061035156,91.98999786376953,91.41999816894531,91.86000061035156,0,98.45149990081786,94.30800018310546
2017-09-12,91.91000366210938,92.08000183105469,91.7699966430664,91.86000061035156,0,98.40254993438721,94.22050018310547
2017-09-13,92.5199966430664,92.52999877929688,91.70999908447266,91.87999725341797,0,98.3576999282837,94.13700014750162
2017-09-14,92.12000274658203,92.66000366210938,92.02999877929688,92.3499984741211,0,98.31164993286133,94.04316685994466
2017-09-15,91.87000274658203,92.16999816894531,91.58000183105469,92.0,0,98.26634994506836,93.94833361307779
2017-09-18,92.05000305175781,92.20999908447266,91.80000305175781,91.93000030517578,0,98.21909996032714,93.85683364868164
2017-09-19,91.79000091552734,92.05000305175781,91.75,91.9800033569336,0,98.17284996032714,93.76500027974447
2017-09-20,92.51000213623047,92.69999694824219,91.52999877929688,91.83000183105469,0,98.13154998779297,93.68300031026205
2017-09-21,92.26000213623047,92.66000366210938,92.0999984741211,92.47000122070312,0,98.09215000152588,93.61283365885417
2017-09-22,92.16999816894531,92.22000122070312,91.77999877929688,92.18000030517578,0,98.05055000305175,93.5481669108073
2017-09-25,92.6500015258789,92.72000122070312,92.20999908447266,92.31999969482422,0,98.01264999389649,93.49850031534831
2017-09-26,92.97000122070312,93.29000091552734,92.55000305175781,92.5999984741211,0,97.97215000152588,93.45366694132487
2017-09-27,93.36000061035156,93.61000061035156,93.01000213623047,93.04000091552734,0,97.93110000610352,93.4063336690267
2017-09-28,93.08999633789062,93.66999816894531,93.06999969482422,93.47000122070312,0,97.8917499923706,93.35300025939941
2017-09-29,93.08000183105469,93.2699966430664,92.94999694824219,93.16999816894531,0,97.8520000076294,93.3073336283366
2017-10-02,93.55999755859375,93.66000366210938,93.12000274658203,93.29000091552734,0,97.80979999542237,93.26650021870931
2017-10-03,93.56999969482422,93.91999816894531,93.43000030517578,93.5999984741211,0,97.7620000076294,93.22516682942708
2017-10-04,93.45999908447266,93.58999633789062,93.26000213623047,93.58999633789062,0,97.71455001831055,93.18716684977214
2017-10-05,93.95999908447266,93.98999786376953,93.41000366210938,93.4800033569336,0,97.66865001678467,93.15666681925455
2017-10-06,93.80000305175781,94.2699966430664,93.7699966430664,93.91999816894531,0,97.62120002746582,93.12450014750162
2017-10-09,93.73999786376953,93.83999633789062,93.62000274658203,93.7699966430664,0,97.57480003356933,93.10166676839192
2017-10-10,93.29000091552734,93.73999786376953,93.13999938964844,93.7300033569336,0,97.52580005645751,93.07100016276041
2017-10-11,92.95999908447266,93.37000274658203,92.9000015258789,93.26000213623047,0,97.47555004119873,93.04266675313313
2017-10-12,93.12000274658203,93.2300033569336,92.80000305175781,92.94999694824219,0,97.4260500717163,93.01466674804688
2017-10-13,93.08999633789062,93.23999786376953,92.75,93.08999633789062,0,97.37520004272461,92.99500007629395
2017-10-16,93.27999877929688,93.36000061035156,93.06999969482422,93.06999969482422,0,97.32820003509522,92.98400001525879
2017-10-17,93.48999786376953,93.7300033569336,93.27999877929688,93.31999969482422,0,97.28370002746583,92.97583325703938
2017-10-18,93.36000061035156,93.80000305175781,93.36000061035156,93.4800033569336,0,97.23445003509522,92.96433321634929
2017-10-19,93.2699966430664,93.55000305175781,93.05999755859375,93.41999816894531,0,97.18730003356933,92.95766652425131
2017-10-20,93.69999694824219,93.77999877929688,93.12000274658203,93.16000366210938,0,97.14820003509521,92.95499979654947
2017-10-23,93.94000244140625,94.0199966430664,93.68000030517578,93.83999633789062,0,97.10680004119872,92.96633313496908
2017-10-24,93.95999908447266,93.98999786376953,93.68000030517578,93.83000183105469,0,97.06695003509522,92.98466644287109
2017-10-25,93.70999908447266,94.01000213623047,93.61000061035156,93.94000244140625,0,97.02545001983643,92.99599978129069
2017-10-26,94.61000061035156,94.72000122070312,93.4800033569336,93.62999725341797,0,96.9896000289917,93.02566642761231
2017-10-27,94.91999816894531,95.1500015258789,94.72000122070312,94.72000122070312,0,96.95745002746582,93.0608331044515
2017-10-30,94.48999786376953,94.9000015258789,94.44000244140625,94.79000091552734,0,96.92400001525878,93.0766663869222
2017-10-31,94.55000305175781,94.69999694824219,94.44999694824219,94.54000091552734,0,96.89510002136231,93.09533309936523
2017-11-01,94.81999969482422,94.8499984741211,94.51000213623047,94.55000305175781,0,96.86455001831055,93.11499977111816
2017-11-02,94.69000244140625,94.80000305175781,94.41000366210938,94.80000305175781,0,96.83225002288819,93.13449986775716
2017-11-03,94.94000244140625,95.0199966430664,94.41000366210938,94.7300033569336,0,96.80325004577637,93.16016654968261
2017-11-06,94.72000122070312,95.08000183105469,94.70999908447266,94.87000274658203,0,96.77605003356933,93.18766657511394
2017-11-07,94.91000366210938,95.1500015258789,94.69999694824219,94.72000122070312,0,96.74885005950928,93.21183331807454
2017-11-08,94.87000274658203,94.97000122070312,94.77999877929688,94.80000305175781,0,96.7230500793457,93.22883338928223
2017-11-09,94.44000244140625,94.95999908447266,94.41999816894531,94.87999725341797,0,96.69335010528565,93.2446667989095
2017-11-10,94.38999938964844,94.6500015258789,94.26000213623047,94.5,0,96.6626501083374,93.25750007629395
2017-11-13,94.48999786376953,94.63999938964844,94.4000015258789,94.41000366210938,0,96.63295009613037,93.27516670227051
2017-11-14,93.83000183105469,94.54000091552734,93.75,94.5199966430664,0,96.60455009460449,93.28733342488607
2017-11-15,93.80999755859375,93.91000366210938,93.4000015258789,93.86000061035156,0,96.57540008544922,93.29166666666667
2017-11-16,93.93000030517578,94.0,93.7699966430664,93.83999633789062,0,96.54580009460449,93.30466664632162
2017-11-17,93.66000366210938,93.93000030517578,93.51000213623047,93.87000274658203,0,96.51475009918212,93.31100006103516
2017-11-20,94.08000183105469,94.0999984741211,93.58000183105469,93.70999908447266,0,96.48560009002685,93.33333346048991
2017-11-21,93.94999694824219,94.16999816894531,93.87999725341797,94.04000091552734,0,96.45405006408691,93.36233342488607
2017-11-22,93.22000122070312,93.95999908447266,93.20999908447266,93.93000030517578,0,96.41875007629395,93.37683347066243
2017-11-24,92.76000213623047,93.25,92.68000030517578,93.12999725341797,0,96.3793000793457,93.37483355204265
2017-11-27,92.9000015258789,92.9800033569336,92.5,92.69000244140625,0,96.33980007171631,93.37866694132487
2017-11-28,93.26000213623047,93.33999633789062,92.83000183105469,92.88999938964844,0,96.3013000869751,93.38616701761882
2017-11-29,93.26000213623047,93.44000244140625,92.98999786376953,93.22000122070312,0,96.26135009765625,93.4020004272461
2017-11-30,93.01000213623047,93.51000213623047,92.7300033569336,93.26000213623047,0,96.22050010681153,93.41400044759115
2017-12-01,92.9000015258789,93.25,92.5999984741211,93.02999877929688,0,96.18280010223388,93.43683382670085
2017-12-04,93.19000244140625,93.36000061035156,93.06999969482422,93.22000122070312,0,96.1440001296997,93.46783383687337
2017-12-05,93.37999725341797,93.48999786376953,93.04000091552734,93.08999633789062,0,96.10405010223388,93.49316711425782
2017-12-06,93.61000061035156,93.6500015258789,93.16999816894531,93.30999755859375,0,96.06545009613038,93.52150039672851
2017-12-07,93.80000305175781,93.80000305175781,93.51000213623047,93.54000091552734,0,96.02920009613037,93.54283383687337
2017-12-08,93.9000015258789,94.08999633789062,93.7699966430664,93.79000091552734,0,95.99325012207031,93.57250048319499
2017-12-11,93.87000274658203,93.9800033569336,93.66999816894531,93.91999816894531,0,95.95695014953613,93.60583381652832
2017-12-12,94.0999984741211,94.22000122070312,93.76000213623047,93.91000366210938,0,95.92185012817383,93.64000040690104
2017-12-13,93.43000030517578,94.11000061035156,93.41000366210938,94.05999755859375,0,95.88010013580322,93.66733373006186
2017-12-14,93.48999786376953,93.76000213623047,93.27999877929688,93.41000366210938,0,95.83655014038087,93.6836669921875
2017-12-15,93.93000030517578,94.0,93.41000366210938,93.6500015258789,0,95.7985001373291,93.71150029500326
2017-12-18,93.69999694824219,94.02999877929688,93.37999725341797,93.9800033569336,0,95.75880012512206,93.7370002746582
2017-12-19,93.47000122070312,93.76000213623047,93.43000030517578,93.70999908447266,0,95.71710014343262,93.7506669362386
2017-12-20,93.3499984741211,93.54000091552734,93.16000366210938,93.5,0,95.6735001373291,93.75700022379557
2017-12-21,93.27999877929688,93.5,93.23999786376953,93.30999755859375,0,95.63065013885497,93.75566685994467
2017-12-22,93.3499984741211,93.55999755859375,93.30999755859375,93.37000274658203,0,95.59115013122559,93.76000022888184
2017-12-26,93.26000213623047,93.4000015258789,93.19999694824219,93.25,0,95.55055015563966,93.7630002339681
2017-12-27,93.02999877929688,93.30999755859375,92.95999908447266,93.30000305175781,0,95.50720016479492,93.75416692097981
2017-12-28,92.5999984741211,93.0199966430664,92.56999969482422,93.0,0,95.46650016784668,93.7380002339681
2017-12-29,92.12000274658203,92.66999816894531,92.08000183105469,92.66999816894531,0,95.42575019836426,93.71566696166992
2018-01-02,91.8499984741211,92.25,91.75,92.23999786376953,0,95.38350017547607,93.68050028483073
2018-01-03,92.16000366210938,92.26000213623047,91.80999755859375,91.81999969482422,0,95.34225017547607,93.65316696166992
2018-01-04,91.8499984741211,92.26000213623047,91.80000305175781,92.22000122070312,0,95.30245018005371,93.62166697184244
2018-01-05,91.94999694824219,92.0999984741211,91.77999877929688,91.87000274658203,0,95.26380016326904,93.59933357238769
2018-01-08,92.33000183105469,92.4000015258789,91.87999725341797,92.05999755859375,0,95.22665016174317,93.58883361816406
2018-01-09,92.52999877929688,92.63999938964844,92.20999908447266,92.33999633789062,0,95.19115016937256,93.57900021870931
2018-01-10,92.33000183105469,92.58000183105469,91.91999816894531,92.56999969482422,0,95.15695018768311,93.56633364359537
2018-01-11,91.8499984741211,92.55000305175781,91.79000091552734,92.33000183105469,0,95.11765018463134,93.54250030517578
2018-01-12,90.97000122070312,91.87999725341797,90.9000015258789,91.8499984741211,0,95.07250019073486,93.50050036112468
2018-01-16,90.38999938964844,90.83000183105469,90.33999633789062,90.44000244140625,0,95.02240016937256,93.45100034077963
2018-01-17,90.54000091552734,90.81999969482422,90.33999633789062,90.4000015258789,0,94.97335018157959,93.4055004119873
2018-01-18,90.5,91.0,90.11000061035156,90.77999877929688,0,94.92315017700196,93.3521671295166
2018-01-19,90.56999969482422,90.9800033569336,90.41000366210938,90.5,0,94.87330017089843,93.29600041707357
2018-01-22,90.4000015258789,90.69999694824219,90.16000366210938,90.66999816894531,0,94.82250019073486,93.23666712443034
2018-01-23,90.12000274658203,90.69999694824219,90.08999633789062,90.38999938964844,0,94.76975021362304,93.17683385213216
2018-01-24,89.20999908447266,90.58999633789062,89.20999908447266,90.0,0,94.70990020751952,93.08683382670084
2018-01-25,89.38999938964844,90.11000061035156,89.16000366210938,89.31999969482422,0,94.65175022125244,92.99466718037924
2018-01-26,89.06999969482422,89.58000183105469,88.44000244140625,89.4000015258789,0,94.5935502243042,92.90433387756347
2018-01-29,89.30999755859375,89.62000274658203,89.01000213623047,89.0199966430664,0,94.53620021820069,92.8170004526774
2018-01-30,89.19000244140625,89.63999938964844,88.91000366210938,89.37000274658203,0,94.47935024261474,92.72316716512044
2018-01-31,89.12999725341797,89.30000305175781,88.77999877929688,89.0999984741211,0,94.42350021362304,92.6305004119873
2018-02-01,88.66999816894531,89.33000183105469,88.55999755859375,89.04000091552734,0,94.36935020446778,92.52600034077962
2018-02-02,89.19999694824219,89.43000030517578,88.58999633789062,88.63999938964844,0,94.31665019989013,92.43400026957194
2018-02-05,89.55000305175781,89.66999816894531,89.0199966430664,89.19000244140625,0,94.26550022125244,92.34466692606608
2018-02-06,89.58999633789062,90.02999877929688,89.37000274658203,89.66000366210938,0,94.21355018615722,92.25666681925456
2018-02-07,90.26000213623047,90.4000015258789,89.47000122070312,89.62999725341797,0,94.16940021514893,92.18700014750162
2018-02-08,90.2300033569336,90.56999969482422,90.01000213623047,90.2699966430664,0,94.12645023345948,92.11766688028972
2018-02-09,90.44000244140625,90.55999755859375,90.12000274658203,90.25,0,94.08385025024414,92.05016695658365
2018-02-12,90.20999908447266,90.43000030517578,90.06999969482422,90.33000183105469,0,94.03950023651123,91.98983357747396
2018-02-13,89.69999694824219,90.18000030517578,89.61000061035156,90.08999633789062,0,93.99275020599366,91.92133356730143
2018-02-14,89.12000274658203,90.12000274658203,88.94000244140625,89.69000244140625,0,93.94265022277833,91.84116694132487
2018-02-15,88.58999633789062,89.0,88.54000091552734,88.95999908447266,0,93.89070018768311,91.75666681925456
2018-02-16,89.0999984741211,89.2300033569336,88.25,88.56999969482422,0,93.84015018463134,91.67366676330566
2018-02-20,89.72000122070312,89.80000305175781,89.22000122070312,89.23999786376953,0,93.79495018005372,91.60316683451335
2018-02-21,90.08000183105469,90.12999725341797,89.58999633789062,89.70999908447266,0,93.75210018157959,91.55083351135254
2018-02-22,89.75,90.23999786376953,89.63999938964844,90.16000366210938,0,93.7051001739502,91.50066680908203
2018-02-23,89.87999725341797,90.05999755859375,89.76000213623047,89.77999877929688,0,93.65655017852784,91.45033340454101
2018-02-26,89.81999969482422,90.05000305175781,89.5,89.87999725341797,0,93.60730018615723,91.39300003051758
2018-02-27,90.36000061035156,90.5,89.69000244140625,89.80000305175781,0,93.56100017547607,91.34466667175293
2018-02-28,90.61000061035156,90.69999694824219,90.30999755859375,90.41000366210938,0,93.51780017852784,91.30466664632162
2018-03-01,90.31999969482422,90.93000030517578,90.22000122070312,90.66999816894531,0,93.47485015869141,91.26166661580403
2018-03-02,89.94000244140625,90.29000091552734,89.87999725341797,90.25,0,93.43400016784668,91.20749994913737
2018-03-05,90.08000183105469,90.22000122070312,89.83000183105469,89.83000183105469,0,93.39730018615722,91.15250002543131
2018-03-06,89.62000274658203,90.05999755859375,89.5,89.95999908447266,0,93.35600021362305,91.08600006103515
2018-03-07,89.63999938964844,89.77999877929688,89.41000366210938,89.51000213623047,0,93.31845020294189,91.01666666666667
2018-03-08,90.12000274658203,90.2300033569336,89.44000244140625,89.58999633789062,0,93.28415019989014,90.95366668701172
2018-03-09,90.08999633789062,90.36000061035156,90.0,90.19999694824219,0,93.24785018920899,90.89066658020019
2018-03-12,89.9000015258789,90.19000244140625,89.83999633789062,90.11000061035156,0,93.21115020751954,90.82066663106282
2018-03-13,89.66000366210938,90.11000061035156,89.58999633789062,89.91000366210938,0,93.17320022583007,90.75783335367838
2018-03-14,89.69999694824219,89.88999938964844,89.55999755859375,89.69999694824219,0,93.1347002029419,90.69466667175293
2018-03-15,90.13999938964844,90.16999816894531,89.62000274658203,89.75,0,93.09900020599365,90.63149998982747
2018-03-16,90.2300033569336,90.37999725341797,89.88999938964844,90.13999938964844,0,93.0655502319336,90.57366676330567
2018-03-19,89.9000015258789,90.3499984741211,89.76000213623047,90.19999694824219,0,93.02905025482178,90.51416676839193
2018-03-20,90.37000274658203,90.44999694824219,89.8499984741211,89.87999725341797,0,92.99730026245118,90.46450017293294
2018-03-21,89.77999877929688,90.4000015258789,89.62999725341797,90.4000015258789,0,92.96220024108887,90.4061668395996
2018-03-22,89.86000061035156,89.95999908447266,89.4000015258789,89.6500015258789,0,92.92830024719238,90.34800020853679
2018-03-23,89.44000244140625,89.73999786376953,89.4000015258789,89.69000244140625,0,92.89175025939942,90.28433354695638
2018-03-26,89.02999877929688,89.5199966430664,88.9800033569336,89.47000122070312,0,92.85230026245117,90.21766688028971
2018-03-27,89.37000274658203,89.62999725341797,88.94000244140625,89.0199966430664,0,92.81280029296875,90.16383361816406
2018-03-28,90.05999755859375,90.1500015258789,89.25,89.31999969482422,0,92.77740028381348,90.12950019836425
2018-03-29,90.1500015258789,90.18000030517578,89.9000015258789,90.06999969482422,0,92.74325027465821,90.10116691589356
2018-04-02,90.05000305175781,90.1500015258789,89.81999969482422,89.97000122070312,0,92.70880027770995,90.06600023905436
2018-04-03,90.19999694824219,90.27999877929688,89.8499984741211,90.0199966430664,0,92.6726502609253,90.03850021362305
2018-04-04,90.13999938964844,90.2300033569336,89.91999816894531,90.16000366210938,0,92.63755023956298,90.00833358764649
2018-04-05,90.45999908447266,90.58999633789062,90.06999969482422,90.08999633789062,0,92.60220024108887,89.97716687520345
2018-04-06,90.11000061035156,90.5999984741211,90.06999969482422,90.37999725341797,0,92.56400024414063,89.9368335723877
2018-04-09,89.83999633789062,90.2699966430664,89.81999969482422,90.06999969482422,0,92.52540023803711,89.89533348083496
2018-04-10,89.58999633789062,89.97000122070312,89.54000091552734,89.83000183105469,0,92.48565021514892,89.85766677856445
2018-04-11,89.56999969482422,89.66999816894531,89.36000061035156,89.58000183105469,0,92.44700019836426,89.8343334197998
2018-04-12,89.75,89.95999908447266,89.44000244140625,89.5199966430664,0,92.40860019683838,89.82366676330567
2018-04-13,89.80000305175781,89.87999725341797,89.66000366210938,89.76000213623047,0,92.37525020599365,89.81133346557617
2018-04-16,89.43000030517578,89.8499984741211,89.38999938964844,89.7699966430664,0,92.34215019226075,89.7935001373291
2018-04-17,89.5199966430664,89.66999816894531,89.2300033569336,89.41000366210938,0,92.31160018920899,89.77600008646647
2018-04-18,89.62000274658203,89.77999877929688,89.44999694824219,89.51000213623047,0,92.28140018463135,89.76300010681152
2018-04-19,89.94000244140625,89.94999694824219,89.5,89.62000274658203,0,92.25010021209717,89.76000010172525
2018-04-20,90.31999969482422,90.4800033569336,89.88999938964844,89.9000015258789,0,92.22025020599365,89.77850011189778
2018-04-23,90.94000244140625,90.98999786376953,90.31999969482422,90.31999969482422,0,92.19585021972657,89.80433349609375
2018-04-24,90.7699966430664,91.08000183105469,90.70999908447266,90.91999816894531,0,92.16965019226075,89.83266677856446
2018-04-25,91.16999816894531,91.26000213623047,90.75,90.77999877929688,0,92.14525016784668,89.86366678873698
2018-04-26,91.55999755859375,91.63999938964844,90.95999908447266,91.20999908447266,0,92.1243501663208,89.90316670735677
2018-04-27,91.54000091552734,91.98999786376953,91.48999786376953,91.58000183105469,0,92.1031001663208,89.94333343505859
2018-04-30,91.83999633789062,91.91999816894531,91.4800033569336,91.52999877929688,0,92.08365013122558,89.99616673787435
2018-05-01,92.44999694824219,92.56999969482422,91.80000305175781,91.80999755859375,0,92.07035011291504,90.05033340454102
2018-05-02,92.51000213623047,92.83000183105469,92.22000122070312,92.47000122070312,0,92.0572501373291,90.09966672261557
2018-05-03,92.41000366210938,92.76000213623047,92.3499984741211,92.72000122070312,0,92.0460001373291,90.14666684468587
2018-05-04,92.56999969482422,92.9000015258789,92.3499984741211,92.43000030517578,0,92.03485012054443,90.18516680399577
2018-05-07,92.75,92.97000122070312,92.44999694824219,92.56999969482422,0,92.0272501373291,90.22716674804687
2018-05-08,93.12000274658203,93.27999877929688,92.6500015258789,92.7699966430664,0,92.02315013885499,90.2718334197998
2018-05-09,93.04000091552734,93.41999816894531,92.83999633789062,93.06999969482422,0,92.01845012664795,90.31900011698404
2018-05-10,92.6500015258789,93.16000366210938,92.54000091552734,93.08000183105469,0,92.01145011901855,90.36816685994467
2018-05-11,92.54000091552734,92.83999633789062,92.37000274658203,92.69000244140625,0,92.00580013275146,90.42516682942708
2018-05-14,92.58999633789062,92.69000244140625,92.23999786376953,92.55000305175781,0,91.99945011138917,90.49183349609375
2018-05-15,93.22000122070312,93.45999908447266,92.61000061035156,92.6500015258789,0,91.99925010681153,90.56050020853678
2018-05-16,93.38999938964844,93.62999725341797,93.13999938964844,93.30999755859375,0,92.00190010070801,90.62166684468588
2018-05-17,93.47000122070312,93.56999969482422,93.12000274658203,93.26000213623047,0,92.00410011291504,90.67816683451335
2018-05-18,93.63999938964844,93.83000183105469,93.33999633789062,93.5,0,92.00815010070801,90.74300015767416
2018-05-21,93.68000030517578,94.05999755859375,93.51000213623047,93.66999816894531,0,92.01250011444091,90.80633354187012
2018-05-22,93.61000061035156,93.7300033569336,93.29000091552734,93.54000091552734,0,92.01285011291503,90.86950022379557
2018-05-23,94.01000213623047,94.19000244140625,93.51000213623047,93.55000305175781,0,92.01575012207032,90.93033358256022
2018-05-24,93.77999877929688,93.9800033569336,93.61000061035156,93.91999816894531,0,92.01645011901856,90.98316688537598
2018-05-25,94.19000244140625,94.27999877929688,93.75,93.80000305175781,0,92.01980014801025,91.04766693115235
2018-05-29,94.83000183105469,95.02999877929688,94.27999877929688,94.41000366210938,0,92.02695014953613,91.12916692097981
2018-05-30,94.1500015258789,94.97000122070312,94.04000091552734,94.81999969482422,0,92.0323501586914,91.19700024922689
2018-05-31,93.98999786376953,94.25,93.72000122070312,94.06999969482422,0,92.03500015258788,91.26983350118002
2018-06-01,94.19000244140625,94.44999694824219,93.87999725341797,93.94999694824219,0,92.03670017242432,91.34566688537598
2018-06-04,94.0199966430664,94.19999694824219,93.66000366210938,94.16000366210938,0,92.0393501663208,91.41066678365071
2018-06-05,93.88999938964844,94.31999969482422,93.77999877929688,94.05999755859375,0,92.04070014953614,91.47400016784668
2018-06-06,93.66000366210938,93.88999938964844,93.41999816894531,93.87999725341797,0,92.0418501663208,91.53666687011719
2018-06-07,93.4000015258789,93.58999633789062,93.20999908447266,93.58999633789062,0,92.04335018157958,91.59900016784668
2018-06-08,93.55000305175781,93.81999969482422,93.38999938964844,93.44000244140625,0,92.04335018157958,91.66316693623861
2018-06-11,93.58000183105469,93.68000030517578,93.37000274658203,93.54000091552734,0,92.04550018310547,91.72050031026204
2018-06-12,93.80000305175781,93.91000366210938,93.47000122070312,93.66999816894531,0,92.04810020446777,91.78000030517578
2018-06-13,93.70999908447266,94.02999877929688,93.5199966430664,93.83000183105469,0,92.05295021057128,91.84350026448568
2018-06-14,94.7699966430664,94.87000274658203,93.19000244140625,93.5,0,92.06575019836426,91.91683349609374
2018-06-15,94.79000091552734,95.12999725341797,94.6500015258789,94.91000366210938,0,92.07795021057129,92.00033353169759
2018-06-18,94.75,95.05000305175781,94.69999694824219,94.79000091552734,0,92.0873002243042,92.08183352152507
2018-06-19,95.08999633789062,95.30000305175781,94.52999877929688,94.73999786376953,0,92.09940021514893,92.17600008646647
2018-06-20,95.05999755859375,95.30000305175781,94.91999816894531,94.97000122070312,0,92.11065021514892,92.27650006612141
2018-06-21,94.87000274658203,95.52999877929688,94.68000030517578,95.12999725341797,0,92.12345024108886,92.36816673278808
2018-06-22,94.5199966430664,94.87999725341797,94.43000030517578,94.86000061035156,0,92.13460021972656,92.44250005086263
2018-06-25,94.27999877929688,94.69999694824219,94.20999908447266,94.5,0,92.14835021972657,92.51133333841959
2018-06-26,94.68000030517578,94.7699966430664,94.16999816894531,94.29000091552734,0,92.16510021209717,92.5884999593099
2018-06-27,95.29000091552734,95.41999816894531,94.52999877929688,94.66999816894531,0,92.18225021362305,92.67333335876465
2018-06-28,95.38999938964844,95.52999877929688,95.08999633789062,95.2699966430664,0,92.19965019226075,92.76083335876464
2018-06-29,94.62999725341797,95.31999969482422,94.4800033569336,95.30000305175781,0,92.2102001953125,92.83033332824706
2018-07-02,94.87000274658203,95.13999938964844,94.52999877929688,94.62999725341797,0,92.2239501953125,92.90966669718425
2018-07-03,94.58999633789062,94.9800033569336,94.55999755859375,94.83999633789062,0,92.23755016326905,92.98883336385092
2018-07-05,94.47000122070312,94.58999633789062,94.18000030517578,94.51000213623047,0,92.24965015411377,93.07016677856446
2018-07-06,94.04000091552734,94.48999786376953,93.91999816894531,94.36000061035156,0,92.26090015411377,93.14466679890951
2018-07-09,94.08000183105469,94.20999908447266,93.70999908447266,93.97000122070312,0,92.26875015258788,93.21683349609376
2018-07-10,94.11000061035156,94.4800033569336,94.0199966430664,94.05999755859375,0,92.2780001449585,93.28866678873698
2018-07-11,94.72000122070312,94.7699966430664,94.08999633789062,94.19999694824219,0,92.29075016021729,93.37683347066243
2018-07-12,94.80999755859375,94.94000244140625,94.63999938964844,94.69999694824219,0,92.30155014038085,93.46500015258789
2018-07-13,94.75,95.23999786376953,94.66999816894531,94.9000015258789,0,92.31045013427735,93.55050010681153
2018-07-16,94.51000213623047,94.7699966430664,94.41000366210938,94.69000244140625,0,92.31620014190673,93.62666676839193
2018-07-17,94.97000122070312,95.05999755859375,94.30000305175781,94.55000305175781,0,92.3256001663208,93.70416679382325
2018-07-18,95.08000183105469,95.41000366210938,94.95999908447266,95.02999877929688,0,92.3356001663208,93.77316678365072
2018-07-19,95.16999816894531,95.6500015258789,94.93000030517578,95.08000183105469,0,92.34365016937255,93.84650014241537
2018-07-20,94.45999908447266,95.27999877929688,94.36000061035156,95.12999725341797,0,92.3481001663208,93.90133349100749
2018-07-23,94.66999816894531,94.72000122070312,94.20999908447266,94.43000030517578,0,92.35415016174316,93.95316683451334
2018-07-24,94.61000061035156,94.86000061035156,94.4000015258789,94.66999816894531,0,92.35740016937255,94.00433349609375
2018-07-25,94.36000061035156,94.66999816894531,94.13999938964844,94.58999633789062,0,92.36020015716552,94.04633356730143
2018-07-26,94.75,94.77999877929688,94.08000183105469,94.16000366210938,0,92.36525016784668,94.0846669514974
2018-07-27,94.68000030517578,94.91000366210938,94.62999725341797,94.76000213623047,0,92.37220016479492,94.12083358764649
2018-07-30,94.36000061035156,94.76000213623047,94.26000213623047,94.66000366210938,0,92.37920017242432,94.15333353678385
2018-07-31,94.48999786376953,94.56999969482422,94.16000366210938,94.33000183105469,0,92.38605014801026,94.18533350626628
2018-08-01,94.62000274658203,94.70999908447266,94.48999786376953,94.55999755859375,0,92.39370018005371,94.21650021870931
2018-08-02,95.16999816894531,95.19000244140625,94.61000061035156,94.62999725341797,0,92.40315017700195,94.25066680908203
2018-08-03,95.13999938964844,95.37000274658203,94.9800033569336,95.18000030517578,0,92.41140018463135,94.28566678365071
2018-08-06,95.36000061035156,95.5199966430664,95.19999694824219,95.19999694824219,0,92.42140018463135,94.3308334350586
2018-08-07,95.22000122070312,95.37000274658203,94.98999786376953,95.33999633789062,0,92.43115020751954,94.37550010681153
2018-08-08,95.0999984741211,95.41999816894531,94.98999786376953,95.13999938964844,0,92.43815021514892,94.41733347574869
2018-08-09,95.5,95.62000274658203,95.02999877929688,95.0999984741211,0,92.4459502029419,94.45533345540365
2018-08-10,96.36000061035156,96.44999694824219,95.52999877929688,95.63999938964844,0,92.45795021057128,94.5048334757487
2018-08-13,96.38999938964844,96.5199966430664,95.16000366210938,95.19000244140625,0,92.47135021209716,94.55350011189779
2018-08-14,96.7300033569336,96.79000091552734,95.16000366210938,95.16999816894531,0,92.48195022583008,94.60500017801921
2018-08-15,96.69999694824219,96.9800033569336,96.6500015258789,96.66000366210938,0,92.49085021972657,94.65533345540365
2018-08-16,96.6500015258789,96.7699966430664,96.31999969482422,96.72000122070312,0,92.50165023803712,94.7060001373291
2018-08-17,96.0999984741211,96.66000366210938,96.08999633789062,96.61000061035156,0,92.50940021514893,94.74083340962729
2018-08-20,95.9000015258789,96.4000015258789,95.7699966430664,96.12999725341797,0,92.5148002243042,94.77616678873697
2018-08-21,95.26000213623047,95.75,95.08000183105469,95.73999786376953,0,92.51765022277831,94.79400011698405
2018-08-22,95.1500015258789,95.37999725341797,94.93000030517578,95.20999908447266,0,92.51870021820068,94.79933344523111
2018-08-23,95.62000274658203,95.70999908447266,95.1500015258789,95.16999816894531,0,92.52320022583008,94.82383346557617
2018-08-24,95.1500015258789,95.69000244140625,95.02999877929688,95.63999938964844,0,92.52440021514893,94.84316685994466
2018-08-27,94.77999877929688,95.30000305175781,94.69000244140625,95.16999816894531,0,92.5239501953125,94.85300013224284
2018-08-28,94.72000122070312,94.91000366210938,94.43000030517578,94.7699966430664,0,92.52535018920898,94.86466687520345
2018-08-29,94.5999984741211,94.93000030517578,94.52999877929688,94.7300033569336,0,92.52640018463134,94.87650019327799
2018-08-30,94.72000122070312,94.9000015258789,94.47000122070312,94.52999877929688,0,92.52755020141602,94.89416681925455
2018-08-31,95.13999938964844,95.22000122070312,94.55000305175781,94.69999694824219,0,92.53410018920898,94.92316678365071
2018-09-04,95.41999816894531,95.73999786376953,95.13999938964844,95.13999938964844,0,92.54215019226075,94.95433336893717
2018-09-05,95.12999725341797,95.66000366210938,95.08999633789062,95.4000015258789,0,92.54815017700196,94.98016662597657
2018-09-06,95.0199966430664,95.20999908447266,94.93000030517578,95.0999984741211,0,92.55495014190674,95.00049985249838
2018-09-07,95.37000274658203,95.45999908447266,94.87000274658203,95.0199966430664,0,92.56140014648437,95.02816658020019
2018-09-10,95.1500015258789,95.55999755859375,95.02999877929688,95.43000030517578,0,92.56740016937256,95.03449999491373
2018-09-11,95.05999755859375,95.3499984741211,94.87999725341797,95.1500015258789,0,92.57660015106201,95.03899993896485
2018-09-12,94.80000305175781,95.27999877929688,94.7300033569336,95.0999984741211,0,92.58680015563965,95.0398333231608
2018-09-13,94.54000091552734,94.97000122070312,94.43000030517578,94.83000183105469,0,92.59500015258789,95.03066673278809
2018-09-14,94.9800033569336,95.0,94.36000061035156,94.55000305175781,0,92.6036001586914,95.02933349609376
2018-09-17,94.51000213623047,94.9800033569336,94.44000244140625,94.93000030517578,0,92.6098501586914,95.02333348592123
2018-09-18,94.62000274658203,94.7300033569336,94.31999969482422,94.61000061035156,0,92.61790016174317,95.02500025431316
2018-09-19,94.55000305175781,94.7300033569336,94.31999969482422,94.54000091552734,0,92.62615016937256,95.02950032552083
2018-09-20,93.91000366210938,94.55999755859375,93.83000183105469,94.55000305175781,0,92.62975017547608,95.0166670481364
2018-09-21,94.22000122070312,94.33000183105469,93.80999755859375,93.88999938964844,0,92.6339501953125,94.99883371988932
2018-09-24,94.26000213623047,94.37000274658203,93.83999633789062,94.2300033569336,0,92.6372002029419,94.98000043233236
2018-09-25,94.12999725341797,94.37000274658203,94.01000213623047,94.25,0,92.63885017395019,94.97166709899902
2018-09-26,94.19000244140625,94.4000015258789,93.94999694824219,94.16999816894531,0,92.64030017852784,94.96033376057943
2018-09-27,95.0,95.0,94.20999908447266,94.26000213623047,0,92.64595016479493,94.96716715494792
2018-09-28,95.19000244140625,95.37000274658203,94.91999816894531,95.0199966430664,0,92.65140018463134,94.97916717529297
2018-10-01,95.30000305175781,95.37000274658203,95.0,95.11000061035156,0,92.66075019836425,95.0001672108968
2018-10-02,95.51000213623047,95.73999786376953,95.26000213623047,95.30000305175781,0,92.67085021972656,95.02400054931641
2018-10-03,95.76000213623047,96.12000274658203,95.26000213623047,95.45999908447266,0,92.68000022888184,95.05150057474772
2018-10-04,95.75,96.12000274658203,95.55000305175781,96.05000305175781,0,92.69025024414063,95.06866722106933
2018-10-05,95.62000274658203,95.94999694824219,95.5199966430664,95.76000213623047,0,92.70100025177003,95.08216730753581
2018-10-08,95.7699966430664,96.02999877929688,95.58999633789062,95.62000274658203,0,92.71310024261474,95.09916725158692
2018-10-09,95.68000030517578,96.16000366210938,95.63999938964844,95.75,0,92.72510025024414,95.11866722106933
2018-10-10,95.51000213623047,95.79000091552734,95.37999725341797,95.58999633789062,0,92.73590026855469,95.12766723632812
2018-10-11,95.0199966430664,95.43000030517578,94.98999786376953,95.43000030517578,0,92.74470024108886,95.12666714986166
2018-10-12,95.22000122070312,95.37000274658203,94.94999694824219,95.04000091552734,0,92.7556502532959,95.12750053405762
2018-10-15,95.06999969482422,95.37000274658203,94.95999908447266,95.3499984741211,0,92.76800025939941,95.13766721089681
2018-10-16,95.05000305175781,95.19999694824219,94.79000091552734,95.05000305175781,0,92.7826502609253,95.14400062561035
2018-10-17,95.58000183105469,95.66000366210938,95.05999755859375,95.08999633789062,0,92.80130027770996,95.16016731262206
2018-10-18,95.9000015258789,95.98999786376953,95.48999786376953,95.66000366210938,0,92.8200002670288,95.18583399454752
2018-10-19,95.70999908447266,96.08999633789062,95.54000091552734,95.94999694824219,0,92.83930027008057,95.20183397928874
2018-10-22,96.01000213623047,96.08999633789062,95.47000122070312,95.66000366210938,0,92.8596002960205,95.22400067647298
2018-10-23,95.95999908447266,96.16000366210938,95.80999755859375,96.02999877929688,0,92.8777502822876,95.25066731770833
2018-10-24,96.43000030517578,96.52999877929688,95.91000366210938,95.91999816894531,0,92.897250289917,95.28300069173177
2018-10-25,96.68000030517578,96.7300033569336,96.20999908447266,96.36000061035156,0,92.9190002822876,95.317333984375
2018-10-26,96.36000061035156,96.86000061035156,96.29000091552734,96.58999633789062,0,92.94155029296876,95.33716735839843
2018-10-29,96.58000183105469,96.69999694824219,96.3499984741211,96.44000244140625,0,92.9696002960205,95.36116739908854
2018-10-30,97.01000213623047,97.0199966430664,96.62000274658203,96.66000366210938,0,93.00270030975342,95.38866742451985
2018-10-31,97.12999725341797,97.19999694824219,96.87999725341797,96.98999786376953,0,93.03565029144288,95.42050069173177
2018-11-01,96.27999877929688,97.12000274658203,96.19999694824219,97.08000183105469,0,93.06455028533935,95.4401673634847
2018-11-02,96.54000091552734,96.58999633789062,95.98999786376953,96.30999755859375,0,93.09440029144287,95.45750071207682
2018-11-05,96.3499984741211,96.68000030517578,96.25,96.44000244140625,0,93.12415027618408,95.45733400980632
2018-11-06,96.31999969482422,96.44999694824219,96.1500015258789,96.33000183105469,0,93.1551502609253,95.45616734822592
2018-11-07,96.0,96.45999908447266,95.68000030517578,95.98999786376953,0,93.18910026550293,95.44400062561036
2018-11-08,96.63999938964844,96.73999786376953,96.06999969482422,96.19000244140625,0,93.22535026550293,95.44300066630045
2018-11-09,96.91000366210938,97.01000213623047,96.62000274658203,96.62999725341797,0,93.26455028533935,95.44733403523763
2018-11-12,97.54000091552734,97.69000244140625,96.97000122070312,97.05000305175781,0,93.30570030212402,95.47133407592773
2018-11-13,97.30000305175781,97.66000366210938,97.08000183105469,97.5999984741211,0,93.34625030517579,95.49466743469239
2018-11-14,96.80000305175781,97.41000366210938,96.75,97.02999877929688,0,93.38460033416749,95.52033411661783
2018-11-15,96.93000030517578,97.38999938964844,96.7699966430664,97.01000213623047,0,93.42590034484863,95.55000076293945
2018-11-16,96.47000122070312,97.05999755859375,96.4000015258789,97.05000305175781,0,93.46225036621094,95.56416740417481
2018-11-19,96.19000244140625,96.56999969482422,96.12000274658203,96.43000030517578,0,93.49545036315918,95.58150075276693
2018-11-20,96.80999755859375,96.88999938964844,96.04000091552734,96.19999694824219,0,93.53155036926269,95.6153340657552
2018-11-21,96.70999908447266,96.87000274658203,96.5,96.81999969482422,0,93.5638003540039,95.64850069681803
2018-11-23,96.91999816894531,96.9800033569336,96.4000015258789,96.51000213623047,0,93.59725032806396,95.68716735839844
2018-11-26,97.06999969482422,97.0999984741211,96.66000366210938,96.93000030517578,0,93.63040031433106,95.7263339996338
2018-11-27,97.37000274658203,97.5,96.97000122070312,97.02999877929688,0,93.66620033264161,95.76350072224935
2018-11-28,96.79000091552734,97.54000091552734,96.69000244140625,97.37000274658203,0,93.70165035247803,95.78633410135905
2018-11-29,96.77999877929688,97.01000213623047,96.62999725341797,96.8499984741211,0,93.7399503326416,95.81383412679037
2018-11-30,97.2699966430664,97.30999755859375,96.70999908447266,96.76000213623047,0,93.78335033416748,95.85133412679036
2018-12-03,97.04000091552734,97.16000366210938,96.70999908447266,97.12999725341797,0,93.82305034637452,95.87916742960611
2018-12-04,96.97000122070312,97.12999725341797,96.37999725341797,96.94000244140625,0,93.85930034637451,95.9095007578532
2018-12-06,96.80999755859375,97.20999908447266,96.55000305175781,97.01000213623047,0,93.89295032501221,95.93866742451986
2018-12-07,96.51000213623047,96.91999816894531,96.51000213623047,96.80000305175781,0,93.92675033569336,95.96716740926107
2018-12-10,97.22000122070312,97.23999786376953,96.36000061035156,96.72000122070312,0,93.96345035552979,96.011834081014
2018-12-11,97.38999938964844,97.55000305175781,96.87000274658203,97.18000030517578,0,94.0013003540039,96.05200068155925
2018-12-12,97.04000091552734,97.48999786376953,96.88999938964844,97.37999725341797,0,94.03470035552978,96.09416732788085
2018-12-13,97.05999755859375,97.29000091552734,96.87999725341797,97.04000091552734,0,94.06695034027099,96.13483390808105
2018-12-14,97.44000244140625,97.70999908447266,97.08000183105469,97.08999633789062,0,94.10255035400391,96.1830005645752
2018-12-17,97.0999984741211,97.45999908447266,97.05000305175781,97.43000030517578,0,94.13835033416748,96.2361671447754
2018-12-18,97.13999938964844,97.16999816894531,96.69999694824219,97.12999725341797,0,94.17365032196045,96.28483378092447
2018-12-19,97.04000091552734,97.0999984741211,96.55000305175781,96.91000366210938,0,94.21075031280517,96.33116709391275
2018-12-20,96.27999877929688,97.04000091552734,96.16999816894531,96.98999786376953,0,94.24395030975342,96.3670004526774
2018-12-21,96.95999908447266,97.05000305175781,96.25,96.38999938964844,0,94.27815029144287,96.41316706339518
2018-12-24,96.55000305175781,96.94000244140625,96.37999725341797,96.94000244140625,0,94.31045032501221,96.43900044759114
2018-12-26,97.05000305175781,97.12000274658203,96.52999877929688,96.58000183105469,0,94.3462003326416,96.47000045776367
2018-12-27,96.4800033569336,96.94000244140625,96.41000366210938,96.91999816894531,0,94.38030033111572,96.4896671295166
2018-12-28,96.38999938964844,96.5199966430664,96.19000244140625,96.51000213623047,0,94.41375034332276,96.5043337504069
2018-12-31,96.16999816894531,96.51000213623047,96.06999969482422,96.4000015258789,0,94.44390033721923,96.51116701761882
2019-01-02,96.81999969482422,96.95999908447266,95.81999969482422,96.13999938964844,0,94.47685031890869,96.52900034586588
2019-01-03,96.30999755859375,96.75,96.20999908447266,96.72000122070312,0,94.50890029907227,96.54050025939941
2019-01-04,96.19000244140625,96.61000061035156,96.05000305175781,96.27999877929688,0,94.53800029754639,96.54750035603841
2019-01-07,95.70999908447266,96.16000366210938,95.63999938964844,96.16000366210938,0,94.56765029907227,96.54800033569336
2019-01-08,95.9000015258789,96.02999877929688,95.68000030517578,95.69000244140625,0,94.5978503036499,96.55450032552083
2019-01-09,95.22000122070312,95.91999816894531,95.12000274658203,95.80999755859375,0,94.62675029754638,96.55783373514811
2019-01-10,95.54000091552734,95.62000274658203,95.02999877929688,95.16000366210938,0,94.65930030822754,96.56316706339518
2019-01-11,95.66999816894531,95.76000213623047,95.19999694824219,95.44000244140625,0,94.69080028533935,96.57316703796387
2019-01-14,95.58999633789062,95.72000122070312,95.4800033569336,95.6500015258789,0,94.71845027923584,96.58216692606608
2019-01-15,95.97000122070312,96.26000213623047,95.47000122070312,95.56999969482422,0,94.74755027770996,96.58866691589355
2019-01-16,96.05999755859375,96.18000030517578,95.86000061035156,95.94000244140625,0,94.77760025024413,96.59133351643881
2019-01-17,96.06999969482422,96.26000213623047,95.9800033569336,96.06999969482422,0,94.80695026397706,96.59733352661132
2019-01-18,96.33999633789062,96.38999938964844,96.01000213623047,96.06999969482422,0,94.83795024871826,96.60283342997234
2019-01-22,96.30000305175781,96.4800033569336,96.22000122070312,96.33999633789062,0,94.86715026855468,96.60850016276042
2019-01-23,96.12000274658203,96.37000274658203,96.05000305175781,96.31999969482422,0,94.89720027923585,96.60333353678385
2019-01-24,96.5999984741211,96.68000030517578,96.04000091552734,96.06999969482422,0,94.931000289917,96.60200017293295
2019-01-25,95.79000091552734,96.52999877929688,95.73999786376953,96.48999786376953,0,94.96200031280517,96.59250017801921
2019-01-28,95.75,95.91999816894531,95.63999938964844,95.79000091552734,0,94.99290031433105,96.5786668141683
2019-01-29,95.81999969482422,95.87000274658203,95.62000274658203,95.73999786376953,0,95.02325031280517,96.55883344014485
2019-01-30,95.33999633789062,95.9800033569336,95.25,95.79000091552734,0,95.05095027923583,96.52900009155273
2019-01-31,95.58000183105469,95.62000274658203,95.16000366210938,95.3499984741211,0,95.08170028686523,96.5173334757487
2019-02-01,95.58000183105469,95.66000366210938,95.4000015258789,95.55000305175781,0,95.11200031280518,96.50133349100749
2019-02-04,95.8499984741211,95.91999816894531,95.56999969482422,95.5999984741211,0,95.14315029144286,96.49300015767416
2019-02-05,96.0999984741211,96.12000274658203,95.80999755859375,95.83000183105469,0,95.17395027160644,96.48933347066243
2019-02-06,96.41999816894531,96.41999816894531,96.04000091552734,96.05999755859375,0,95.20445026397705,96.49633344014485
2019-02-07,96.51000213623047,96.66999816894531,96.37999725341797,96.38999938964844,0,95.23230026245118,96.49416681925456
2019-02-08,96.63999938964844,96.69000244140625,96.44999694824219,96.5999984741211,0,95.26165027618408,96.48966674804687
2019-02-11,97.05999755859375,97.12000274658203,96.62000274658203,96.66000366210938,0,95.29110027313233,96.48166669209799
2019-02-12,96.70999908447266,97.19999694824219,96.6500015258789,97.05999755859375,0,95.31685028076171,96.47183329264323
2019-02-13,97.12999725341797,97.18000030517578,96.62999725341797,96.7300033569336,0,95.34480026245117,96.47733319600424
2019-02-14,96.9800033569336,97.29000091552734,96.94999694824219,97.13999938964844,0,95.37050029754639,96.4781665802002
2019-02-15,96.91999816894531,97.37000274658203,96.83000183105469,97.05999755859375,0,95.39285030364991,96.48566652933756
2019-02-19,96.5199966430664,97.08999633789062,96.43000030517578,96.80999755859375,0,95.41290027618408,96.49116643269856
2019-02-20,96.44999694824219,96.6500015258789,96.29000091552734,96.52999877929688,0,95.43310024261474,96.48516642252604
2019-02-21,96.61000061035156,96.66000366210938,96.36000061035156,96.48999786376953,0,95.45330024719239,96.48349978129069
2019-02-22,96.51000213623047,96.77999877929688,96.43000030517578,96.58999633789062,0,95.47210025787354,96.47666651407877
2019-02-25,96.41000366210938,96.5999984741211,96.31999969482422,96.5199966430664,0,95.48855026245117,96.46566658020019
2019-02-26,96.0,96.45999908447266,95.94999694824219,96.38999938964844,0,95.50335025787354,96.4428332010905
2019-02-27,96.1500015258789,96.19000244140625,95.87999725341797,96.05999755859375,0,95.52085025787353,96.43216654459636
2019-02-28,96.16000366210938,96.27999877929688,95.81999969482422,96.08999633789062,0,95.53895027160644,96.42183329264323
2019-03-01,96.52999877929688,96.55000305175781,96.06999969482422,96.22000122070312,0,95.55865028381348,96.40949999491373
2019-03-04,96.68000030517578,96.81999969482422,96.33000183105469,96.33999633789062,0,95.57595027923584,96.40349998474122
2019-03-05,96.8499984741211,97.01000213623047,96.66000366210938,96.68000030517578,0,95.5932502746582,96.40149993896485
2019-03-06,96.87000274658203,96.98999786376953,96.77999877929688,96.9000015258789,0,95.6102502822876,96.40250002543131
2019-03-07,97.66999816894531,97.70999908447266,96.81999969482422,96.83000183105469,0,95.63040027618408,96.42183329264323
2019-03-08,97.37000274658203,97.63999938964844,97.25,97.61000061035156,0,95.64885028839112,96.42433331807455
2019-03-11,97.22000122070312,97.44999694824219,97.16000366210938,97.38999938964844,0,95.66690029144287,96.42150001525879
2019-03-12,96.94000244140625,97.27999877929688,96.86000061035156,97.05000305175781,0,95.68155029296875,96.41983337402344
2019-03-13,96.55000305175781,97.0199966430664,96.38999938964844,97.01000213623047,0,95.69540031433105,96.41133346557618
2019-03-14,96.79000091552734,96.81999969482422,96.47000122070312,96.48999786376953,0,95.70840030670166,96.40050010681152
2019-03-15,96.5999984741211,96.79000091552734,96.48999786376953,96.72000122070312,0,95.71725028991699,96.3921667734782
2019-03-18,96.5199966430664,96.62999725341797,96.37999725341797,96.56999969482422,0,95.72910026550294,96.38183339436848
2019-03-19,96.37999725341797,96.5199966430664,96.29000091552734,96.51000213623047,0,95.74105026245117,96.37083333333334
2019-03-20,95.76000213623047,96.56999969482422,95.73999786376953,96.4000015258789,0,95.7489002609253,96.36216672261556
2019-03-21,96.5,96.62999725341797,95.83999633789062,95.91000366210938,0,95.76130027770996,96.35450007120768
2019-03-22,96.6500015258789,96.80999755859375,96.20999908447266,96.31999969482422,0,95.77510028839112,96.35616671244303
2019-03-25,96.56999969482422,96.68000030517578,96.41000366210938,96.63999938964844,0,95.78965026855468,96.34816665649414
2019-03-26,96.73999786376953,96.8499984741211,96.44999694824219,96.5,0,95.80635025024414,96.35249989827474
2019-03-27,96.7699966430664,96.9800033569336,96.68000030517578,96.75,0,95.82245021820069,96.3588331858317
2019-03-28,97.19999694824219,97.30000305175781,96.81999969482422,96.97000122070312,0,95.84055019378663,96.37599983215333
2019-03-29,97.27999877929688,97.33999633789062,97.01000213623047,97.19999694824219,0,95.85795017242431,96.3836664835612
2019-04-01,97.25,97.30000305175781,97.02999877929688,97.18000030517578,0,95.87565017700196,96.39933319091797
2019-04-02,97.36000061035156,97.5199966430664,97.2699966430664,97.33000183105469,0,95.88860019683838,96.4188331604004
2019-04-03,97.08999633789062,97.31999969482422,96.95999908447266,97.30000305175781,0,95.9001001739502,96.44183311462402
2019-04-04,97.30999755859375,97.33999633789062,97.0199966430664,97.04000091552734,0,95.91290016174317,96.4653330485026
2019-04-05,97.4000015258789,97.47000122070312,97.19000244140625,97.30000305175781,0,95.9244501876831,96.5016663869222
2019-04-08,97.05000305175781,97.4000015258789,96.9800033569336,97.38999938964844,0,95.93440021514893,96.5268330891927
2019-04-09,97.01000213623047,97.08999633789062,96.86000061035156,97.08000183105469,0,95.94510021209717,96.54916648864746
2019-04-10,96.94999694824219,97.22000122070312,96.8499984741211,96.98999786376953,0,95.95725021362304,96.57183316548665
2019-04-11,97.18000030517578,97.19000244140625,96.87999725341797,96.88999938964844,0,95.97175022125244,96.59199981689453
2019-04-12,96.97000122070312,97.18000030517578,96.75,97.13999938964844,0,95.98320022583007,96.60716654459635
2019-04-15,96.94000244140625,97.18000030517578,96.79000091552734,96.93000030517578,0,95.99145023345947,96.62166659037273
2019-04-16,97.04000091552734,97.08999633789062,96.87999725341797,96.93000030517578,0,95.99970024108887,96.63333333333334
2019-04-17,97.01000213623047,97.12000274658203,96.81999969482422,97.06999969482422,0,96.01160026550293,96.64516665140788
2019-04-18,97.47000122070312,97.48999786376953,96.95999908447266,97.01000213623047,0,96.02460025787353,96.66766662597657
2019-04-22,97.27999877929688,97.41000366210938,97.26000213623047,97.37999725341797,0,96.03805027008056,96.67899996439616
2019-04-23,97.56999969482422,97.77999877929688,97.27999877929688,97.27999877929688,0,96.05355026245117,96.70866661071777
2019-04-24,98.0999984741211,98.19000244140625,97.58999633789062,97.5999984741211,0,96.07385025024413,96.74783325195312
2019-04-25,98.19999694824219,98.31999969482422,97.98999786376953,98.0999984741211,0,96.09445022583007,96.78749987284343
2019-04-26,98.01000213623047,98.33000183105469,97.8499984741211,98.12000274658203,0,96.11395023345948,96.83199996948242
2019-04-29,97.86000061035156,98.0999984741211,97.83000183105469,98.02999877929688,0,96.12965023040772,96.86999994913737
2019-04-30,97.4800033569336,97.88999938964844,97.44000244140625,97.8499984741211,0,96.14300025939941,96.90166664123535
2019-05-01,97.69000244140625,97.7300033569336,97.1500015258789,97.52999877929688,0,96.15770027160644,96.93233337402344
2019-05-02,97.83000183105469,97.8499984741211,97.51000213623047,97.62999725341797,0,96.17430027008056,96.96116676330567
2019-05-03,97.5199966430664,98.0999984741211,97.44999694824219,97.83000183105469,0,96.18705024719239,96.97950007120768
2019-05-06,97.5199966430664,97.70999908447266,97.45999908447266,97.55999755859375,0,96.19925022125244,96.99633331298828
2019-05-07,97.62999725341797,97.73999786376953,97.37999725341797,97.5199966430664,0,96.21155021667481,97.01283327738444
2019-05-08,97.62000274658203,97.68000030517578,97.41999816894531,97.56999969482422,0,96.22735023498535,97.02216669718425
2019-05-09,97.37000274658203,97.69999694824219,97.23999786376953,97.58000183105469,0,96.24085025787353,97.0331667582194
2019-05-10,97.33000183105469,97.44999694824219,97.12999725341797,97.43000030517578,0,96.25445026397705,97.03650016784668
2019-05-13,97.31999969482422,97.37000274658203,97.02999877929688,97.30000305175781,0,96.26925025939941,97.04216677347819
2019-05-14,97.52999877929688,97.55999755859375,97.2699966430664,97.31999969482422,0,96.2831502532959,97.05233345031738
2019-05-15,97.56999969482422,97.69999694824219,97.44000244140625,97.52999877929688,0,96.29760025024414,97.06983350118001
2019-05-16,97.83999633789062,97.87999725341797,97.44000244140625,97.54000091552734,0,96.31500022888184,97.09300015767415
2019-05-17,98.0,98.02999877929688,97.7699966430664,97.83000183105469,0,96.33255023956299,97.1161668141683
2019-05-20,97.93000030517578,98.04000091552734,97.87999725341797,97.95999908447266,0,96.34910022735596,97.13983345031738
2019-05-21,98.05999755859375,98.12999725341797,97.81999969482422,97.91999816894531,0,96.3635502243042,97.16733334859212
2019-05-22,98.11000061035156,98.12000274658203,97.88999938964844,98.0199966430664,0,96.37840023040772,97.20250002543132
2019-05-23,97.8499984741211,98.37000274658203,97.80999755859375,98.05999755859375,0,96.39085021972656,97.23083330790202
2019-05-24,97.61000061035156,97.91000366210938,97.55000305175781,97.83000183105469,0,96.4028002166748,97.25499992370605
2019-05-28,97.95999908447266,97.9800033569336,97.69999694824219,97.73999786376953,0,96.41710021972656,97.27883326212564
2019-05-29,98.13999938964844,98.20999908447266,97.86000061035156,97.93000030517578,0,96.43030021667481,97.3031665802002
2019-05-30,98.13999938964844,98.27999877929688,98.08999633789062,98.12999725341797,0,96.43920021057129,97.32466659545898
2019-05-31,97.75,98.16999816894531,97.72000122070312,98.1500015258789,0,96.44600021362305,97.33933321634929
2019-06-03,97.13999938964844,97.80000305175781,97.11000061035156,97.63999938964844,0,96.44805019378663,97.330499903361
2019-06-04,97.06999969482422,97.33999633789062,97.0,97.20999908447266,0,96.44990020751953,97.32549985249837
2019-06-05,97.37000274658203,97.37000274658203,96.75,97.12000274658203,0,96.45350021362304,97.32799987792968
2019-06-06,97.02999877929688,97.3499984741211,96.77999877929688,97.29000091552734,0,96.45815021514892,97.32949981689453
2019-06-07,96.61000061035156,97.18000030517578,96.45999908447266,97.01000213623047,0,96.4617002105713,97.33049977620443
2019-06-10,96.76000213623047,96.94000244140625,96.62999725341797,96.6500015258789,0,96.46920021057129,97.32999979654947
2019-06-11,96.69000244140625,96.87999725341797,96.63999938964844,96.75,0,96.47690021514893,97.3314998626709
2019-06-12,97.0,97.0199966430664,96.58000183105469,96.70999908447266,0,96.48380020141602,97.3394999186198
2019-06-13,97.01000213623047,97.08000183105469,96.87000274658203,96.95999908447266,0,96.49310020446778,97.35
2019-06-14,97.56999969482422,97.58000183105469,96.94000244140625,97.01000213623047,0,96.50705020904542,97.38016662597656
2019-06-17,97.55999755859375,97.5999984741211,97.33999633789062,97.5199966430664,0,96.52125019073486,97.39783325195313
2019-06-18,97.63999938964844,97.7699966430664,97.37000274658203,97.52999877929688,0,96.5364501953125,97.41433321634928
2019-06-19,97.12000274658203,97.68000030517578,97.08999633789062,97.62999725341797,0,96.5484502029419,97.42349993387857
2019-06-20,96.62999725341797,97.19999694824219,96.56999969482422,97.18000030517578,0,96.55590019226074,97.42166659037272
2019-06-21,96.22000122070312,96.70999908447266,96.1500015258789,96.62000274658203,0,96.55990020751953,97.4125
2019-06-24,95.9800033569336,96.19999694824219,95.97000122070312,96.18000030517578,0,96.56415023803712,97.3921667734782
2019-06-25,96.16000366210938,96.36000061035156,95.83999633789062,96.0,0,96.56985027313232,97.37350018819173
2019-06-26,96.20999908447266,96.33999633789062,96.06999969482422,96.18000030517578,0,96.57405025482177,97.35616683959961
2019-06-27,96.19000244140625,96.38999938964844,96.13999938964844,96.18000030517578,0,96.57925025939942,97.33666687011718
2019-06-28,96.12999725341797,96.30000305175781,96.0199966430664,96.19000244140625,0,96.58460025787353,97.32066688537597
2019-07-01,96.83999633789062,96.87000274658203,96.25,96.25,0,96.5948002243042,97.31283353169759
2019-07-02,96.7300033569336,96.87999725341797,96.5999984741211,96.80999755859375,0,96.60575023651123,97.30166689554851
2019-07-03,96.7699966430664,96.87000274658203,96.58999633789062,96.7300033569336,0,96.61470020294189,97.29700012207032
2019-07-05,97.25,97.44000244140625,96.72000122070312,96.72000122070312,0,96.62840019226074,97.30100008646647
2019-07-08,97.37999725341797,97.41999816894531,97.16000366210938,97.2300033569336,0,96.64220016479493,97.3081667582194
2019-07-09,97.48999786376953,97.58999633789062,97.36000061035156,97.37999725341797,0,96.65690013885498,97.31333338419596
2019-07-10,97.0999984741211,97.55000305175781,97.04000091552734,97.51000213623047,0,96.67285011291504,97.31550000508626
2019-07-11,97.05000305175781,97.1500015258789,96.80000305175781,97.05999755859375,0,96.68700012207032,97.31733334859213
2019-07-12,96.80999755859375,97.12000274658203,96.79000091552734,97.08000183105469,0,96.69975009918213,97.3134999593099
2019-07-15,96.93000030517578,96.97000122070312,96.75,96.83999633789062,0,96.71375011444091,97.31216659545899
2019-07-16,97.4000015258789,97.44000244140625,96.91999816894531,96.91999816894531,0,96.72980010986328,97.31099993387858
2019-07-17,97.22000122070312,97.44000244140625,97.16000366210938,97.36000061035156,0,96.7409001159668,97.30999997456868
2019-07-18,96.79000091552734,97.26000213623047,96.66999816894531,97.19999694824219,0,96.74890010833741,97.29699999491373
2019-07-19,97.1500015258789,97.29000091552734,96.76000213623047,96.81999969482422,0,96.75815010070801,97.28116671244304
2019-07-22,97.26000213623047,97.30000305175781,97.12999725341797,97.1500015258789,0,96.76690010070801,97.26550013224283
2019-07-23,97.70999908447266,97.73999786376953,97.30000305175781,97.30000305175781,0,96.77665008544922,97.26050008138021
2019-07-24,97.7300033569336,97.80999755859375,97.55000305175781,97.72000122070312,0,96.78655010223389,97.25833346048991
2019-07-25,97.81999969482422,97.91999816894531,97.5,97.69000244140625,0,96.7975500869751,97.26400006612143
2019-07-26,98.01000213623047,98.08999633789062,97.76000213623047,97.79000091552734,0,96.80875011444091,97.26933339436849
2019-07-29,98.04000091552734,98.16999816894531,97.9000015258789,97.98999786376953,0,96.82055011749267,97.2728333791097
2019-07-30,98.05000305175781,98.20999908447266,98.0199966430664,98.06999969482422,0,96.83325012207031,97.28166681925455
2019-07-31,98.5199966430664,98.68000030517578,98.01000213623047,98.02999877929688,0,96.85075012207031,97.29833348592122
2019-08-01,98.38999938964844,98.93000030517578,98.2699966430664,98.58999633789062,0,96.86660011291504,97.31100018819173
2019-08-02,98.0999984741211,98.44999694824219,98.05000305175781,98.41000366210938,0,96.88175010681152,97.31900011698404
2019-08-05,97.5,98.13999938964844,97.41999816894531,98.11000061035156,0,96.89400009155274,97.32116673787435
2019-08-06,97.62999725341797,97.7699966430664,97.20999908447266,97.25,0,96.90425006866455,97.3261666615804
2019-08-07,97.54000091552734,97.8499984741211,97.30999755859375,97.55999755859375,0,96.91245006561279,97.32983334859212
2019-08-08,97.62000274658203,97.73999786376953,97.43000030517578,97.5999984741211,0,96.92200008392334,97.33133341471354
2019-08-09,97.48999786376953,97.63999938964844,97.36000061035156,97.56999969482422,0,96.92940006256103,97.33000005086264
2019-08-12,97.37999725341797,97.73999786376953,97.31999969482422,97.54000091552734,0,96.93650005340577,97.32233339945475
2019-08-13,97.80999755859375,97.8499984741211,97.31999969482422,97.4800033569336,0,96.94340003967285,97.31916669209798
2019-08-14,97.98999786376953,98.05000305175781,97.66999816894531,97.80000305175781,0,96.94995002746582,97.32016665140787
2019-08-15,98.13999938964844,98.23999786376953,97.81999969482422,97.94999694824219,0,96.95885002136231,97.32150001525879
2019-08-16,98.13999938964844,98.33999633789062,98.11000061035156,98.12999725341797,0,96.96665000915527,97.32199999491374
2019-08-19,98.3499984741211,98.38999938964844,98.12999725341797,98.16999816894531,0,96.97334999084472,97.33033332824706
2019-08-20,98.19000244140625,98.44999694824219,98.12000274658203,98.36000061035156,0,96.97865001678467,97.34000002543131
2019-08-21,98.30000305175781,98.33000183105469,97.94999694824219,98.16999816894531,0,96.98875003814697,97.3456667582194
2019-08-22,98.16999816894531,98.38999938964844,98.08000183105469,98.25,0,96.99690002441406,97.34616673787436
2019-08-23,97.63999938964844,98.44999694824219,97.58999633789062,98.19000244140625,0,97.0033500289917,97.33783340454102
2019-08-26,98.08000183105469,98.08999633789062,97.4800033569336,97.58999633789062,0,97.01215003967285,97.3433334350586
2019-08-27,98.0,98.05000305175781,97.86000061035156,98.05000305175781,0,97.02215003967285,97.35766677856445
2019-08-28,98.20999908447266,98.26000213623047,98.0,98.01000213623047,0,97.03000003814697,97.37666676839193
2019-08-29,98.51000213623047,98.55000305175781,98.16000366210938,98.19000244140625,0,97.03800003051758,97.3956667582194
2019-08-30,98.91999816894531,99.0199966430664,98.41000366210938,98.43000030517578,0,97.04490001678467,97.42716674804687
2019-09-03,98.94999694824219,99.37000274658203,98.91999816894531,99.08000183105469,0,97.05314998626709,97.46616668701172
2019-09-04,98.44999694824219,98.97000122070312,98.38999938964844,98.95999908447266,0,97.06139995574951,97.49433326721191
2019-09-05,98.41000366210938,98.54000091552734,98.08999633789062,98.4000015258789,0,97.06879997253418,97.52299995422364
2019-09-06,98.38999938964844,98.5199966430664,98.01000213623047,98.41999816894531,0,97.0783999633789,97.54616661071778
2019-09-09,98.27999877929688,98.51000213623047,98.13999938964844,98.41999816894531,0,97.08884994506836,97.56733322143555
2019-09-10,98.33000183105469,98.45999908447266,98.26000213623047,98.33000183105469,0,97.09644996643067,97.57999992370605
2019-09-11,98.6500015258789,98.75,97.86000061035156,98.33000183105469,0,97.10614997863769,97.59816665649414
2019-09-12,98.30999755859375,99.0999984741211,98.19000244140625,98.62999725341797,0,97.11309997558594,97.60933329264323
2019-09-13,98.26000213623047,98.43000030517578,98.0,98.41000366210938,0,97.11904998779296,97.6283332824707
2019-09-16,98.6500015258789,98.70999908447266,98.02999877929688,98.12000274658203,0,97.12544998168946,97.66200002034505
2019-09-17,98.26000213623047,98.73999786376953,98.19000244140625,98.6500015258789,0,97.13279998779296,97.69600003560384
2019-09-18,98.5999984741211,98.69000244140625,98.19000244140625,98.20999908447266,0,97.14189998626709,97.7396666208903
2019-09-19,98.2699966430664,98.62000274658203,98.19999694824219,98.56999969482422,0,97.14689998626709,97.77483317057292
2019-09-20,98.51000213623047,98.63999938964844,98.13999938964844,98.33999633789062,0,97.15424999237061,97.81316655476888
2019-09-23,98.5999984741211,98.83000183105469,98.44999694824219,98.51000213623047,0,97.1623999786377,97.85333315531413
2019-09-24,98.33999633789062,98.70999908447266,98.29000091552734,98.63999938964844,0,97.17004997253417,97.89016647338867
2019-09-25,99.04000091552734,99.05999755859375,98.36000061035156,98.37999725341797,0,97.18269996643066,97.92683321634928
2019-09-26,99.20999908447266,99.27999877929688,98.83999633789062,98.95999908447266,0,97.19264995574952,97.96816647847494
2019-09-27,99.11000061035156,99.30999755859375,98.98999786376953,99.19000244140625,0,97.20124996185302,98.00716654459636
2019-09-30,99.37999725341797,99.45999908447266,99.05000305175781,99.12000274658203,0,97.21294994354248,98.04266649881998
2019-10-01,99.12999725341797,99.66999816894531,99.06999969482422,99.4000015258789,0,97.2232999420166,98.07183316548665
2019-10-02,99.04000091552734,99.41999816894531,98.95999908447266,99.16000366210938,0,97.23129993438721,98.09766654968261
2019-10-03,98.86000061035156,99.19000244140625,98.63999938964844,99.02999877929688,0,97.24009994506837,98.12699991861979
2019-10-04,98.80999755859375,99.0,98.73999786376953,98.87000274658203,0,97.24844993591309,98.1563331604004
2019-10-07,98.98999786376953,99.01000213623047,98.73999786376953,98.81999969482422,0,97.25819992065429,98.19266649881999
2019-10-08,99.13999938964844,99.25,98.8499984741211,98.9800033569336,0,97.27249992370605,98.22949981689453
2019-10-09,99.12000274658203,99.16000366210938,98.9000015258789,99.08999633789062,0,97.2832999420166,98.25816650390625
2019-10-10,98.70999908447266,99.06999969482422,98.62000274658203,98.9800033569336,0,97.29409992218018,98.28299980163574
2019-10-11,98.30000305175781,98.73999786376953,98.19999694824219,98.69999694824219,0,97.30034992218017,98.30816650390625
2019-10-14,98.44999694824219,98.52999877929688,98.33999633789062,98.36000061035156,0,97.31019989013672,98.32983309427897
2019-10-15,98.29000091552734,98.6500015258789,98.20999908447266,98.44999694824219,0,97.31969989776611,98.34699974060058
2019-10-16,98.01000213623047,98.41999816894531,97.9000015258789,98.31999969482422,0,97.32889991760254,98.35199979146321
2019-10-17,97.61000061035156,98.11000061035156,97.5,97.98999786376953,0,97.33284992218017,98.34999974568684
2019-10-18,97.27999877929688,97.66000366210938,97.13999938964844,97.5999984741211,0,97.3376999282837,98.34099973042807
2019-10-21,97.33000183105469,97.4000015258789,97.1500015258789,97.33999633789062,0,97.34339992523194,98.32966639200846
2019-10-22,97.52999877929688,97.56999969482422,97.26000213623047,97.30999755859375,0,97.35249992370605,98.32116635640462
2019-10-23,97.47000122070312,97.6500015258789,97.41999816894531,97.48999786376953,0,97.36034992218018,98.31149965922037
2019-10-24,97.62999725341797,97.77999877929688,97.27999877929688,97.45999908447266,0,97.37239990234374,98.29666633605957
2019-10-25,97.83000183105469,97.9000015258789,97.56999969482422,97.69000244140625,0,97.38384990692138,98.28733304341634
2019-10-28,97.76000213623047,97.88999938964844,97.66999816894531,97.8499984741211,0,97.39429992675781,98.28166643778484
2019-10-29,97.69000244140625,97.93000030517578,97.61000061035156,97.76000213623047,0,97.40479995727539,98.2848331451416
2019-10-30,97.6500015258789,98.0,97.44999694824219,97.66999816894531,0,97.41319995880127,98.28516654968261
2019-10-31,97.3499984741211,97.44999694824219,97.22000122070312,97.44000244140625,0,97.4196499633789,98.28199984232585
2019-11-01,97.23999786376953,97.44999694824219,97.11000061035156,97.30000305175781,0,97.42549995422364,98.27566642761231
2019-11-04,97.51000213623047,97.58000183105469,97.16999816894531,97.22000122070312,0,97.43134998321533,98.27599983215332
2019-11-05,97.9800033569336,98.01000213623047,97.47000122070312,97.55000305175781,0,97.43974998474121,98.28599993387859
2019-11-06,97.94999694824219,97.9800033569336,97.77999877929688,97.94000244140625,0,97.44889995574951,98.28833325703938
2019-11-07,98.13999938964844,98.2300033569336,97.81999969482422,97.94999694824219,0,97.45659996032715,98.2908332824707
2019-11-08,98.3499984741211,98.4000015258789,98.0999984741211,98.13999938964844,0,97.46939994812011,98.29433326721191
2019-11-11,98.19999694824219,98.37999725341797,98.12999725341797,98.37000274658203,0,97.48164993286133,98.2953332265218
2019-11-12,98.30999755859375,98.41999816894531,98.20999908447266,98.20999908447266,0,97.49409992218017,98.29466654459635
2019-11-13,98.37000274658203,98.44999694824219,98.29000091552734,98.33000183105469,0,97.50924995422363,98.29766654968262
2019-11-14,98.16000366210938,98.41999816894531,98.11000061035156,98.33999633789062,0,97.52214996337891,98.2953332265218
2019-11-15,98.0,98.2300033569336,97.95999908447266,98.16999816894531,0,97.53424995422364,98.29249992370606
2019-11-18,97.79000091552734,97.9800033569336,97.68000030517578,97.9800033569336,0,97.54394996643066,98.29499994913736
2019-11-19,97.86000061035156,97.88999938964844,97.75,97.80999755859375,0,97.55274997711182,98.29133326212565
2019-11-20,97.93000030517578,98.04000091552734,97.8499984741211,97.8499984741211,0,97.56029998779297,98.29016660054525
2019-11-21,97.98999786376953,98.02999877929688,97.7300033569336,97.86000061035156,0,97.56769996643067,98.28649991353353
2019-11-22,98.2699966430664,98.30999755859375,97.83999633789062,97.93000030517578,0,97.57584995269775,98.28249982198079
2019-11-25,98.31999969482422,98.37999725341797,98.16999816894531,98.2699966430664,0,97.58214996337891,98.2724998474121
2019-11-26,98.25,98.37999725341797,98.2300033569336,98.33000183105469,0,97.58984996795654,98.26083323160807
2019-11-27,98.41000366210938,98.44000244140625,98.27999877929688,98.30000305175781,0,97.59625,98.26016667683919
2019-11-29,98.2699966430664,98.54000091552734,98.2300033569336,98.3499984741211,0,97.60269996643066,98.25783322652181
2019-12-02,97.86000061035156,98.37999725341797,97.80999755859375,98.2699966430664,0,97.6073999786377,98.24899991353352
2019-12-03,97.73999786376953,97.94000244140625,97.63999938964844,97.88999938964844,0,97.61349998474121,98.23999989827475
2019-12-04,97.6500015258789,97.79000091552734,97.43000030517578,97.70999908447266,0,97.6195000076294,98.22866655985514
2019-12-05,97.41000366210938,97.5999984741211,97.36000061035156,97.58999633789062,0,97.62350002288818,98.20799992879232
2019-12-06,97.69999694824219,97.83999633789062,97.36000061035156,97.37999725341797,0,97.62944999694824,98.19783325195313
2019-12-09,97.63999938964844,97.72000122070312,97.55999755859375,97.68000030517578,0,97.63559997558593,98.18749987284342
2019-12-10,97.41000366210938,97.66000366210938,97.4000015258789,97.6500015258789,0,97.64264999389648,98.1668332417806
2019-12-11,97.16000366210938,97.5999984741211,97.04000091552734,97.51000213623047,0,97.64770000457764,98.14849993387858
2019-12-12,97.4000015258789,97.5199966430664,97.04000091552734,97.08000183105469,0,97.65389999389649,98.12849998474121
2019-12-13,97.16999816894531,97.23999786376953,96.72000122070312,96.77999877929688,0,97.65709999084473,98.1101666768392
2019-12-16,97.06999969482422,97.18000030517578,96.93000030517578,97.18000030517578,0,97.65904998779297,98.08616663614909
2019-12-17,97.20999908447266,97.30000305175781,97.02999877929688,97.13999938964844,0,97.66084999084472,98.06299997965495
2019-12-18,97.41000366210938,97.4800033569336,97.22000122070312,97.23999786376953,0,97.66354999542236,98.04750010172526
2019-12-19,97.41999816894531,97.48999786376953,97.22000122070312,97.4000015258789,0,97.66229999542236,98.02050005594889
2019-12-20,97.70999908447266,97.76000213623047,97.37999725341797,97.4000015258789,0,97.66399997711181,97.9955000559489
2019-12-23,97.66000366210938,97.81999969482422,97.58000183105469,97.66999816894531,0,97.66619998931884,97.97133344014486
2019-12-24,97.6500015258789,97.80000305175781,97.62000274658203,97.66000366210938,0,97.66974998474122,97.9425001780192
2019-12-26,97.58999633789062,97.70999908447266,97.48999786376953,97.62999725341797,0,97.67494995117187,97.91683349609374
2019-12-27,96.91999816894531,97.55000305175781,96.91999816894531,97.54000091552734,0,97.67559993743896,97.88150011698404
2019-12-30,96.73999786376953,97.0,96.61000061035156,97.0,0,97.6762999343872,97.84616673787436
2019-12-31,96.38999938964844,96.7300033569336,96.36000061035156,96.7300033569336,0,97.67564994812011,97.80583343505859
2020-01-02,96.8499984741211,96.87000274658203,96.43000030517578,96.4800033569336,0,97.67799995422364,97.77016677856446
2020-01-03,96.83999633789062,97.11000061035156,96.70999908447266,96.79000091552734,0,97.68339992523194,97.7318333943685
2020-01-06,96.66999816894531,96.9000015258789,96.54000091552734,96.9000015258789,0,97.68424991607667,97.69099998474121
2020-01-07,96.9800033569336,97.08999633789062,96.62000274658203,96.6500015258789,0,97.68589992523194,97.66216672261557
2020-01-08,97.30000305175781,97.33000183105469,96.81999969482422,96.83000183105469,0,97.6895499420166,97.64550005594889
2020-01-09,97.44999694824219,97.55999755859375,97.25,97.2699966430664,0,97.69309993743896,97.62883338928222
2020-01-10,97.36000061035156,97.58000183105469,97.30000305175781,97.43000030517578,0,97.69604995727539,97.61333338419597
2020-01-13,97.3499984741211,97.52999877929688,97.30999755859375,97.3499984741211,0,97.69679996490478,97.6023333231608
2020-01-14,97.37000274658203,97.55999755859375,97.33000183105469,97.36000061035156,0,97.6972499847412,97.59833335876465
2020-01-15,97.2300033569336,97.44000244140625,97.16000366210938,97.37999725341797,0,97.69715000152588,97.59750010172526
2020-01-16,97.31999969482422,97.36000061035156,97.08999633789062,97.18000030517578,0,97.69694999694825,97.59733339945475
2020-01-17,97.61000061035156,97.66000366210938,97.2699966430664,97.30999755859375,0,97.69955001831055,97.59866676330566
2020-01-21,97.52999877929688,97.66000366210938,97.38999938964844,97.62999725341797,0,97.70065002441406,97.59966672261557
2020-01-22,97.52999877929688,97.69000244140625,97.44000244140625,97.62000274658203,0,97.70130001068115,97.5980000813802
2020-01-23,97.69000244140625,97.80000305175781,97.43000030517578,97.4800033569336,0,97.70450000762939,97.5956667582194
2020-01-24,97.8499984741211,97.94999694824219,97.66999816894531,97.72000122070312,0,97.70869998931884,97.59716669718425
2020-01-27,97.95999908447266,98.0,97.77999877929688,97.87999725341797,0,97.71375,97.60166664123535
2020-01-28,98.0199966430664,98.16000366210938,97.9000015258789,97.94999694824219,0,97.71794998168946,97.6078332265218
2020-01-29,97.98999786376953,98.19000244140625,97.94000244140625,97.94999694824219,0,97.72304996490479,97.61849988301596
2020-01-30,97.87000274658203,98.06999969482422,97.79000091552734,98.02999877929688,0,97.72769996643066,97.62899996439616
2020-01-31,97.38999938964844,97.97000122070312,97.36000061035156,97.87000274658203,0,97.72944995880127,97.62699991861979
2020-02-03,97.80000305175781,97.88999938964844,97.37000274658203,97.37000274658203,0,97.7333999633789,97.62399991353352
2020-02-04,97.95999908447266,98.01000213623047,97.79000091552734,97.81999969482422,0,97.73584995269775,97.62416661580404
2020-02-05,98.2699966430664,98.31999969482422,97.9000015258789,97.94000244140625,0,97.74079994201661,97.62633323669434
2020-02-06,98.5,98.56999969482422,98.20999908447266,98.29000091552734,0,97.74544994354248,97.62883326212565
2020-02-07,98.68000030517578,98.70999908447266,98.41999816894531,98.45999908447266,0,97.74834995269775,97.63683331807455
2020-02-10,98.83000183105469,98.87999725341797,98.5999984741211,98.69999694824219,0,97.75149997711182,97.64550005594889
2020-02-11,98.72000122070312,98.94999694824219,98.70999908447266,98.86000061035156,0,97.75504997253418,97.65133336385091
2020-02-12,99.05000305175781,99.05000305175781,98.70999908447266,98.7699966430664,0,97.7609999847412,97.66616668701172
2020-02-13,99.06999969482422,99.11000061035156,98.8499984741211,98.98999786376953,0,97.76894996643067,97.68400001525879
2020-02-14,99.12000274658203,99.16000366210938,99.0,99.12000274658203,0,97.77609996795654,97.70616671244304
2020-02-18,99.45999908447266,99.47000122070312,99.13999938964844,99.19000244140625,0,97.78424995422364,97.73283335367839
2020-02-19,99.5999984741211,99.72000122070312,99.37999725341797,99.43000030517578,0,97.7946499633789,97.76066665649414
2020-02-20,99.87000274658203,99.91000366210938,99.52999877929688,99.54000091552734,0,97.80639999389649,97.79200007120768
2020-02-21,99.26000213623047,99.87000274658203,99.2300033569336,99.86000061035156,0,97.81455001831054,97.80850016276041
2020-02-24,99.29000091552734,99.63999938964844,99.11000061035156,99.33999633789062,0,97.82290000915528,97.82466684977213
2020-02-25,98.97000122070312,99.38999938964844,98.87999725341797,99.33000183105469,0,97.83090000152588,97.83666687011718
2020-02-26,99.0,99.2699966430664,98.91000366210938,99.08000183105469,0,97.83924999237061,97.84650014241537
2020-02-27,98.44000244140625,99.05000305175781,98.36000061035156,99.0199966430664,0,97.84485000610351,97.84933357238769
2020-02-28,98.12999725341797,98.66000366210938,97.95999908447266,98.41999816894531,0,97.84784999847412,97.8538335164388
2020-03-02,97.36000061035156,98.08999633789062,97.18000030517578,98.08000183105469,0,97.84680000305175,97.84750022888184
2020-03-03,97.1500015258789,97.69999694824219,96.9800033569336,97.55999755859375,0,97.8433500289917,97.8391668955485
2020-03-04,97.33999633789062,97.58999633789062,97.12000274658203,97.16999816894531,0,97.84005001068115,97.83800010681152
2020-03-05,96.81999969482422,97.44000244140625,96.5199966430664,97.37999725341797,0,97.8345000076294,97.82333348592122
2020-03-06,95.94999694824219,96.69999694824219,95.70999908447266,96.61000061035156,0,97.82395000457764,97.79516677856445
2020-03-09,94.9000015258789,95.79000091552734,94.6500015258789,95.79000091552734,0,97.80790000915528,97.75333340962727
2020-03-10,96.41000366210938,96.58000183105469,95.2300033569336,95.33999633789062,0,97.80070003509522,97.74083340962729
2020-03-11,96.51000213623047,96.62000274658203,95.91000366210938,96.33000183105469,0,97.79520004272462,97.72600008646647
2020-03-12,97.47000122070312,98.30999755859375,96.08000183105469,96.6500015258789,0,97.79275005340577,97.7310001373291
2020-03-13,98.75,98.80999755859375,97.33999633789062,97.44999694824219,0,97.79580005645752,97.75900014241536
2020-03-16,98.08999633789062,98.47000122070312,97.44999694824219,98.47000122070312,0,97.79555004119874,97.77366676330567
2020-03-17,99.58000183105469,99.83000183105469,97.9800033569336,98.13999938964844,0,97.804700050354,97.80983339945475
2020-03-18,101.16000366210938,101.73999786376953,99.1500015258789,99.37999725341797,0,97.82480007171631,97.87216682434082
2020-03-19,102.76000213623047,102.83999633789062,100.7699966430664,100.79000091552734,0,97.85325008392334,97.95633354187012
2020-03-20,102.81999969482422,102.98999786376953,101.08999633789062,102.94000244140625,0,97.88050006866455,98.04233347574869
2020-03-23,102.48999786376953,102.9800033569336,101.6500015258789,101.94999694824219,0,97.90780006408691,98.12300008138021
2020-03-24,101.73999786376953,102.20999908447266,101.05000305175781,102.12999725341797,0,97.933450050354,98.19216677347819
2020-03-25,101.05000305175781,101.91000366210938,100.83999633789062,101.5999984741211,0,97.95490005493164,98.26100018819173
2020-03-26,99.41999816894531,101.0199966430664,99.23999786376953,100.95999908447266,0,97.96855003356933,98.30566685994467
2020-03-27,98.37000274658203,99.80999755859375,98.2699966430664,99.29000091552734,0,97.97540004730224,98.33866691589355
2020-03-30,99.18000030517578,99.31999969482422,98.29000091552734,98.30999755859375,0,97.98625003814698,98.37750027974447
2020-03-31,99.05000305175781,99.94999694824219,98.88999938964844,99.25,0,97.99365005493163,98.41433372497559
2020-04-01,99.66999816894531,99.83999633789062,98.91000366210938,99.01000213623047,0,98.0042000579834,98.46433372497559
2020-04-02,100.18000030517578,100.41000366210938,99.33999633789062,99.51000213623047,0,98.01690006256104,98.51766700744629
2020-04-03,100.58000183105469,100.8499984741211,100.13999938964844,100.19999694824219,0,98.0342000579834,98.5723336537679
2020-04-06,100.69000244140625,100.93000030517578,100.4800033569336,100.66000366210938,0,98.05450008392334,98.62633374532064
2020-04-07,99.9800033569336,100.79000091552734,99.7699966430664,100.75,0,98.07330009460449,98.67000045776368
2020-04-08,100.12000274658203,100.43000030517578,99.9000015258789,99.91000366210938,0,98.09400009155273,98.71616719563802
2020-04-09,99.5199966430664,100.30000305175781,99.36000061035156,100.12999725341797,0,98.11080005645752,98.75200042724609
2020-04-13,99.3499984741211,99.62999725341797,99.13999938964844,99.48999786376953,0,98.12650005340576,98.78733367919922
2020-04-14,98.88999938964844,99.43000030517578,98.83000183105469,99.37999725341797,0,98.14000003814698,98.81350034077963
2020-04-15,99.45999908447266,99.9800033569336,98.81999969482422,98.81999969482422,0,98.15665004730225,98.84433364868164
2020-04-16,100.02999877929688,100.30000305175781,99.61000061035156,99.62999725341797,0,98.17260005950928,98.88600031534831
2020-04-17,99.77999877929688,100.29000091552734,99.62000274658203,99.86000061035156,0,98.1878500366211,98.9235003153483
2020-04-20,99.95999908447266,100.06999969482422,99.6500015258789,99.70999908447266,0,98.20380004882813,98.96133359273274
2020-04-21,100.26000213623047,100.4800033569336,99.93000030517578,99.94000244140625,0,98.21885005950928,99.00150032043457
2020-04-22,100.38999938964844,100.5,99.9000015258789,100.20999908447266,0,98.23390007019043,99.04200032552083
2020-04-23,100.43000030517578,100.69000244140625,100.04000091552734,100.44999694824219,0,98.24860008239746,99.08216705322266
2020-04-24,100.37999725341797,100.87000274658203,100.22000122070312,100.5,0,98.26500007629394,99.12200037638347
2020-04-27,100.04000091552734,100.31999969482422,99.83000183105469,100.2300033569336,0,98.2799500656128,99.15816701253256
2020-04-28,99.87000274658203,100.20999908447266,99.44999694824219,100.05999755859375,0,98.29525009155273,99.19950040181477
2020-04-29,99.56999969482422,99.88999938964844,99.47000122070312,99.87999725341797,0,98.30845008850098,99.22900034586588
2020-04-30,99.0199966430664,99.7300033569336,98.80999755859375,99.4800033569336,0,98.31655006408691,99.24666697184244
2020-05-01,98.80000305175781,99.20999908447266,98.77999877929688,99.12999725341797,0,98.32445007324219,99.2555004119873
2020-05-04,99.4800033569336,99.5999984741211,99.08999633789062,99.08999633789062,0,98.33790008544922,99.27183380126954
2020-05-05,99.70999908447266,99.97000122070312,99.30000305175781,99.51000213623047,0,98.3507000732422,99.28900044759115
2020-05-06,100.08999633789062,100.19999694824219,99.75,99.80000305175781,0,98.36485004425049,99.31000035603842
2020-05-07,99.88999938964844,100.4000015258789,99.80999755859375,100.20999908447266,0,98.37575004577637,99.32950032552084
2020-05-08,99.7300033569336,99.94000244140625,99.45999908447266,99.83999633789062,0,98.38575004577636,99.34083366394043
2020-05-11,100.23999786376953,100.27999877929688,99.66999816894531,99.66999816894531,0,98.3978500366211,99.36033363342285
2020-05-12,99.93000030517578,100.44000244140625,99.66000366210938,100.2300033569336,0,98.40745002746581,99.37383359273275
2020-05-13,100.23999786376953,100.27999877929688,99.58000183105469,100.01000213623047,0,98.41845001220703,99.3868335723877
2020-05-14,100.47000122070312,100.55999755859375,100.1500015258789,100.19000244140625,0,98.43055000305176,99.40133361816406
2020-05-15,100.4000015258789,100.48999786376953,100.08000183105469,100.26000213623047,0,98.43995002746583,99.41016693115235
2020-05-18,99.66999816894531,100.47000122070312,99.58000183105469,100.36000061035156,0,98.4463500213623,99.41700019836426
2020-05-19,99.37000274658203,99.7300033569336,99.2300033569336,99.62000274658203,0,98.45270004272462,99.41833356221517
2020-05-20,99.12000274658203,99.55999755859375,99.0,99.55000305175781,0,98.46080005645751,99.42083358764648
2020-05-21,99.37000274658203,99.51000213623047,99.0199966430664,99.18000030517578,0,98.46950008392334,99.42700030008952
2020-05-22,99.86000061035156,99.87000274658203,99.38999938964844,99.41999816894531,0,98.48110008239746,99.4506669362386
2020-05-26,98.91000366210938,99.7699966430664,98.9000015258789,99.7699966430664,0,98.48755008697509,99.46366704305014
2020-05-27,99.05999755859375,99.33999633789062,98.72000122070312,99.0199966430664,0,98.49540008544922,99.49200032552083
2020-05-28,98.37999725341797,99.08999633789062,98.3499984741211,98.91000366210938,0,98.50040008544921,99.51250025431315
2020-05-29,98.33999633789062,98.55000305175781,97.94999694824219,98.5199966430664,0,98.5030500793457,99.52916692097982
2020-06-01,97.83000183105469,98.31999969482422,97.79000091552734,98.30000305175781,0,98.50225009918213,99.54600028991699
2020-06-02,97.66999816894531,97.91000366210938,97.43000030517578,97.83999633789062,0,98.49990009307861,99.57466697692871
2020-06-03,97.27999877929688,97.62999725341797,97.19000244140625,97.56999969482422,0,98.49560009002685,99.61433359781901
2020-06-04,96.68000030517578,97.62999725341797,96.56999969482422,97.31999969482422,0,98.48725009918213,99.61883354187012
2020-06-05,96.94000244140625,97.02999877929688,96.44000244140625,96.73999786376953,0,98.48100009918213,99.62600021362304
2020-06-08,96.62000274658203,97.06999969482422,96.5999984741211,96.83999633789062,0,98.47260009765625,99.6118335723877
2020-06-09,96.31999969482422,97.05999755859375,96.2300033569336,96.62999725341797,0,98.46335010528564,99.57133356730144
2020-06-10,95.95999908447266,96.45999908447266,95.72000122070312,96.43000030517578,0,98.45495010375977,99.5358336130778
2020-06-11,96.7300033569336,96.83000183105469,95.94999694824219,96.08999633789062,0,98.44820011138916,99.48833363850912
2020-06-12,97.31999969482422,97.44999694824219,96.48999786376953,96.80999755859375,0,98.44480010986328,99.4243335723877
2020-06-15,96.68000030517578,97.38999938964844,96.5999984741211,97.08999633789062,0,98.4371501159668,99.32300020853678
2020-06-16,96.95999908447266,97.25,96.43000030517578,96.55999755859375,0,98.42940010070801,99.22533353169759
2020-06-17,97.16000366210938,97.33999633789062,96.80000305175781,97.01000213623047,0,98.42060012817383,99.13650029500326
2020-06-18,97.41999816894531,97.58000183105469,96.94999694824219,97.08000183105469,0,98.41295013427734,99.06450030008952
2020-06-19,97.62000274658203,97.72000122070312,97.16000366210938,97.41999816894531,0,98.40880016326905,99.00733362833658
2020-06-22,97.04000091552734,97.73999786376953,97.01000213623047,97.66000366210938,0,98.40195014953613,98.9676670074463
2020-06-23,96.69000244140625,97.25,96.38999938964844,96.93000030517578,0,98.39345016479493,98.93966700236003
2020-06-24,97.1500015258789,97.23999786376953,96.55000305175781,96.66000366210938,0,98.38780017852783,98.90583368937175
2020-06-25,97.43000030517578,97.5999984741211,97.16000366210938,97.23999786376953,0,98.38330017089844,98.87883364359537
2020-06-26,97.5,97.68000030517578,97.26000213623047,97.3499984741211,0,98.37755016326905,98.8426670074463
2020-06-29,97.54000091552734,97.6500015258789,97.11000061035156,97.5,0,98.37370018005372,98.79866701761881
2020-06-30,97.38999938964844,97.80000305175781,97.2300033569336,97.4000015258789,0,98.3693501663208,98.74550031026205
2020-07-01,97.19999694824219,97.62000274658203,97.02999877929688,97.38999938964844,0,98.36210014343261,98.68733355204265
2020-07-02,97.31999969482422,97.33999633789062,96.80999755859375,97.1500015258789,0,98.35740013122559,98.64300015767415
2020-07-06,96.79000091552734,97.19999694824219,96.56999969482422,97.1500015258789,0,98.34835014343261,98.58750012715657
2020-07-07,96.87999725341797,97.1500015258789,96.5999984741211,96.75,0,98.34140014648438,98.5435001373291
2020-07-08,96.43000030517578,97.05000305175781,96.4000015258789,96.98999786376953,0,98.3310001373291,98.49483350118001
2020-07-09,96.69999694824219,96.80999755859375,96.23999786376953,96.44999694824219,0,98.3215001296997,98.45833346048991
2020-07-10,96.6500015258789,96.97000122070312,96.44000244140625,96.75,0,98.31305015563964,98.41150016784668
2020-07-13,96.45999908447266,96.68000030517578,96.2699966430664,96.66000366210938,0,98.30015014648437,98.35200017293295
2020-07-14,96.26000213623047,96.69999694824219,96.18000030517578,96.54000091552734,0,98.28540016174317,98.29333356221517
2020-07-15,96.08000183105469,96.25,95.77999877929688,96.16999816894531,0,98.27025016784668,98.22866694132487
2020-07-16,96.3499984741211,96.4000015258789,95.88999938964844,96.0,0,98.2551001739502,98.16350021362305
2020-07-17,95.94000244140625,96.33000183105469,95.9000015258789,96.27999877929688,0,98.23915019989013,98.089333597819
2020-07-20,95.83000183105469,96.18000030517578,95.7300033569336,96.01000213623047,0,98.22310020446777,98.01266695658366
2020-07-21,95.12000274658203,95.91999816894531,95.05000305175781,95.75,0,98.20440021514892,97.92500038146973
2020-07-22,94.97000122070312,95.41000366210938,94.83000183105469,95.12999725341797,0,98.18520023345947,97.84050038655599
2020-07-23,94.69000244140625,95.18000030517578,94.58999633789062,94.9800033569336,0,98.16370025634765,97.7541670481364
2020-07-24,94.44000244140625,94.83000183105469,94.33000183105469,94.7699966430664,0,98.14020027160645,97.66866709391276
2020-07-27,93.66999816894531,94.41999816894531,93.4800033569336,94.3499984741211,0,98.11295024871826,97.57950045267741
2020-07-28,93.76000213623047,94.01000213623047,93.48999786376953,93.58000183105469,0,98.08820026397706,97.49550043741861
2020-07-29,93.26000213623047,93.80000305175781,93.18000030517578,93.75,0,98.06300025939942,97.3918337504069
2020-07-30,93.0199966430664,93.68000030517578,92.93000030517578,93.31999969482422,0,98.03585025787353,97.2803337097168
2020-07-31,93.48999786376953,93.54000091552734,92.55000305175781,92.81999969482422,0,98.01185024261474,97.1703337351481
2020-08-03,93.5,93.98999786376953,93.31999969482422,93.45999908447266,0,97.9893002319336,97.06383374532064
2020-08-04,93.37999725341797,93.83000183105469,93.2300033569336,93.55999755859375,0,97.96815021514892,96.95800031026205
2020-08-05,92.83000183105469,93.25,92.55999755859375,93.2300033569336,0,97.94590023040772,96.83450037638346
2020-08-06,92.79000091552734,93.08999633789062,92.5199966430664,92.7699966430664,0,97.92320022583007,96.71550038655599
2020-08-07,93.44000244140625,93.62000274658203,92.76000213623047,92.80999755859375,0,97.90275024414062,96.6021671295166
2020-08-10,93.58000183105469,93.69999694824219,93.30000305175781,93.38999938964844,0,97.88330024719238,96.48733380635579
2020-08-11,93.62999725341797,93.73999786376953,93.16999816894531,93.5999984741211,0,97.86330024719238,96.37450040181479
2020-08-12,93.44000244140625,93.91000366210938,93.2699966430664,93.68000030517578,0,97.84135025024415,96.27066713968912
2020-08-13,93.33999633789062,93.38999938964844,92.93000030517578,93.37000274658203,0,97.81925022125245,96.1701670328776
2020-08-14,93.0999984741211,93.41000366210938,93.0199966430664,93.22000122070312,0,97.79630020141602,96.06983362833658
2020-08-17,92.8499984741211,93.12000274658203,92.7699966430664,93.0999984741211,0,97.77230018615722,95.96116689046224
2020-08-18,92.2699966430664,92.81999969482422,92.12999725341797,92.81999969482422,0,97.74690017700195,95.83466682434081
2020-08-19,92.88999938964844,93.05000305175781,92.1500015258789,92.27999877929688,0,97.72515018463135,95.73433341979981
2020-08-20,92.79000091552734,93.23999786376953,92.7300033569336,92.95999908447266,0,97.70155017852784,95.6298334757487
2020-08-21,93.25,93.47000122070312,92.58000183105469,92.72000122070312,0,97.67790016174317,95.54433352152506
2020-08-24,93.30000305175781,93.33999633789062,92.83999633789062,93.19999694824219,0,97.65465019226075,95.46033363342285
2020-08-25,93.0199966430664,93.3499984741211,92.97000122070312,93.27999877929688,0,97.62905017852783,95.3801668802897
2020-08-26,93.01000213623047,93.36000061035156,92.8499984741211,93.0199966430664,0,97.60235019683837,95.30250027974446
2020-08-27,93.01000213623047,93.31999969482422,92.41999816894531,92.8499984741211,0,97.57640022277832,95.2313336690267
2020-08-28,92.37000274658203,93.0999984741211,92.19999694824219,93.0199966430664,0,97.54670024871827,95.15950037638346
2020-08-31,92.13999938964844,92.4800033569336,91.98999786376953,92.30000305175781,0,97.51555023193359,95.07950032552084
2020-09-01,92.33999633789062,92.4000015258789,91.75,92.18000030517578,0,97.4864501953125,95.00816688537597
2020-09-02,92.8499984741211,92.87000274658203,92.20999908447266,92.27999877929688,0,97.4607001876831,94.9503335316976
2020-09-03,92.73999786376953,93.06999969482422,92.6500015258789,92.66000366210938,0,97.43545017242431,94.89666684468587
2020-09-04,92.72000122070312,93.23999786376953,92.66000366210938,92.80000305175781,0,97.40975017547608,94.8298334757487
2020-09-08,93.4800033569336,93.5,93.0,93.05000305175781,0,97.38750019073487,94.76583353678386
2020-09-09,93.26000213623047,93.66000366210938,93.13999938964844,93.58000183105469,0,97.36385021209716,94.70883356730143
2020-09-10,93.33999633789062,93.44999694824219,92.69999694824219,93.2300033569336,0,97.33920021057129,94.64850018819173
2020-09-11,93.33000183105469,93.37999725341797,93.0999984741211,93.33000183105469,0,97.31425022125244,94.58466682434081
2020-09-14,93.06999969482422,93.33000183105469,92.87000274658203,93.29000091552734,0,97.28835021972657,94.51216684977213
2020-09-15,93.05000305175781,93.13999938964844,92.79000091552734,93.05999755859375,0,97.2615502166748,94.43600018819173
2020-09-16,93.20999908447266,93.27999877929688,92.77999877929688,93.08000183105469,0,97.23625022888183,94.37216682434082
2020-09-17,92.97000122070312,93.58999633789062,92.87000274658203,93.1500015258789,0,97.2118002319336,94.31016680399577
2020-09-18,92.93000030517578,93.01000213623047,92.7699966430664,92.86000061035156,0,97.18775024414063,94.23983345031738
2020-09-21,93.54000091552734,93.77999877929688,92.75,93.01000213623047,0,97.16720024108886,94.17500012715658
2020-09-22,93.98999786376953,94.08000183105469,93.47000122070312,93.55000305175781,0,97.15010021209717,94.11650009155274
2020-09-23,94.38999938964844,94.43000030517578,93.93000030517578,93.98999786376953,0,97.1335502243042,94.06400006612142
2020-09-24,94.3499984741211,94.58999633789062,94.19999694824219,94.37999725341797,0,97.11710021972657,94.01333338419596
2020-09-25,94.58000183105469,94.73999786376953,94.19000244140625,94.31999969482422,0,97.1029502105713,93.9696667989095
2020-09-28,94.26000213623047,94.63999938964844,94.1500015258789,94.58000183105469,0,97.0884502029419,93.91866683959961
2020-09-29,93.88999938964844,94.30000305175781,93.81999969482422,94.23999786376953,0,97.07090019226074,93.87033348083496
2020-09-30,93.88999938964844,94.19000244140625,93.66999816894531,93.8499984741211,0,97.05450019836425,93.82050018310547
2020-10-01,93.70999908447266,93.91999816894531,93.52999877929688,93.80000305175781,0,97.0377001953125,93.77516682942708
2020-10-02,93.83999633789062,94.02999877929688,93.69000244140625,93.7300033569336,0,97.02085018157959,93.7275001525879
2020-10-05,93.51000213623047,93.87000274658203,93.37000274658203,93.80999755859375,0,97.0013501739502,93.67516682942708
2020-10-06,93.83000183105469,93.8499984741211,93.33999633789062,93.44000244140625,0,96.98340019226075,93.63133354187012
2020-10-07,93.62999725341797,93.9000015258789,93.55999755859375,93.83000183105469,0,96.96300018310546,93.58750012715657
2020-10-08,93.61000061035156,93.77999877929688,93.5,93.61000061035156,0,96.94275016784668,93.54633344014486
2020-10-09,93.05999755859375,93.58999633789062,93.01000213623047,93.55999755859375,0,96.91980014801025,93.49150009155274
2020-10-12,93.06999969482422,93.23999786376953,93.01000213623047,93.05999755859375,0,96.89720016479492,93.44366671244303
2020-10-13,93.52999877929688,93.5999984741211,93.02999877929688,93.02999877929688,0,96.88025016784668,93.40533332824707
2020-10-14,93.37999725341797,93.66999816894531,93.25,93.54000091552734,0,96.86345016479493,93.37633323669434
2020-10-15,93.86000061035156,93.9000015258789,93.37000274658203,93.43000030517578,0,96.85080017089844,93.3578332265218
2020-10-16,93.68000030517578,93.87999725341797,93.52999877929688,93.80000305175781,0,96.83495018005371,93.34099985758463
2020-10-19,93.43000030517578,93.7699966430664,93.20999908447266,93.72000122070312,0,96.81790019989013,93.32416648864746
2020-10-20,93.06999969482422,93.5,93.0,93.41999816894531,0,96.79990020751953,93.31416651407878
2020-10-21,92.61000061035156,93.06999969482422,92.47000122070312,93.05000305175781,0,96.77805019378663,93.2949998219808
2020-10-22,92.94999694824219,92.97000122070312,92.61000061035156,92.66999816894531,0,96.75630016326905,93.28983306884766
2020-10-23,92.7699966430664,93.12999725341797,92.66000366210938,92.93000030517578,0,96.73290016174316,93.285666402181
2020-10-26,93.05000305175781,93.11000061035156,92.73999786376953,92.76000213623047,0,96.7113501739502,93.27833315531413
2020-10-27,92.94000244140625,93.12999725341797,92.79000091552734,93.06999969482422,0,96.68930019378662,93.2689998626709
2020-10-28,93.41000366210938,93.6500015258789,93.05000305175781,93.1500015258789,0,96.66950019836426,93.26949996948242
2020-10-29,93.95999908447266,94.0999984741211,93.33999633789062,93.45999908447266,0,96.65315017700195,93.28833325703938
2020-10-30,94.04000091552734,94.08000183105469,93.6500015258789,93.91999816894531,0,96.63675018310546,93.30916659037273
2020-11-02,94.05000305175781,94.29000091552734,93.88999938964844,93.88999938964844,0,96.6189501953125,93.31933326721192
2020-11-03,93.55000305175781,94.05000305175781,93.29000091552734,94.05000305175781,0,96.59905021667481,93.31883328755697
2020-11-04,93.41000366210938,94.30000305175781,93.08999633789062,93.08999633789062,0,96.57845024108887,93.31516672770182
2020-11-05,92.52999877929688,93.55000305175781,92.48999786376953,93.33999633789062,0,96.55265022277833,93.3
2020-11-06,92.2300033569336,92.81999969482422,92.18000030517578,92.56999969482422,0,96.52455024719238,93.28150011698405
2020-11-09,92.7300033569336,92.95999908447266,92.12999725341797,92.23999786376953,0,96.49840026855469,93.2753335316976
2020-11-10,92.75,92.97000122070312,92.5999984741211,92.76000213623047,0,96.47205028533935,93.27366689046224
2020-11-11,93.04000091552734,93.20999908447266,92.61000061035156,92.69999694824219,0,96.44730030059814,93.28650029500325
2020-11-12,92.95999908447266,93.13999938964844,92.77999877929688,93.01000213623047,0,96.4227502822876,93.28766695658366
2020-11-13,92.76000213623047,93.01000213623047,92.70999908447266,92.94999694824219,0,96.39960029602051,93.28716697692872
2020-11-16,92.56999969482422,92.83999633789062,92.45999908447266,92.72000122070312,0,96.37345027923584,93.27583363850911
2020-11-17,92.41999816894531,92.61000061035156,92.2699966430664,92.48999786376953,0,96.3457502746582,93.26116689046223
2020-11-18,92.31999969482422,92.51000213623047,92.20999908447266,92.44000244140625,0,96.31600028991699,93.2495002746582
2020-11-19,92.29000091552734,92.72000122070312,92.23999786376953,92.55999755859375,0,96.28495029449464,93.23750025431315
2020-11-20,92.38999938964844,92.43000030517578,92.20999908447266,92.33999633789062,0,96.25350028991699,93.22716687520345
2020-11-23,92.51000213623047,92.80000305175781,92.0199966430664,92.4000015258789,0,96.22190029144286,93.22950019836426
2020-11-24,92.2300033569336,92.55999755859375,92.12999725341797,92.52999877929688,0,96.18945030212403,93.23100026448567
2020-11-25,91.98999786376953,92.26000213623047,91.93000030517578,92.11000061035156,0,96.15415027618408,93.22516695658366
2020-11-27,91.79000091552734,92.05000305175781,91.76000213623047,92.0199966430664,0,96.1177502822876,93.20750033060709
2020-11-30,91.87000274658203,92.05000305175781,91.51000213623047,91.77999877929688,0,96.08150028228759,93.1930004119873
2020-12-01,91.30999755859375,91.94999694824219,91.16000366210938,91.94999694824219,0,96.04075027465821,93.16950035095215
2020-12-02,91.12000274658203,91.5,90.98999786376953,91.19000244140625,0,95.9983502960205,93.13016700744629
2020-12-03,90.70999908447266,91.08999633789062,90.51000213623047,91.05999755859375,0,95.95255027770996,93.08766695658366
2020-12-04,90.69999694824219,90.87000274658203,90.4800033569336,90.70999908447266,0,95.90975025177002,93.04366696675619
2020-12-07,90.79000091552734,91.23999786376953,90.62000274658203,90.80999755859375,0,95.86725025177002,93.00133361816407
2020-12-08,90.97000122070312,91.0199966430664,90.75,90.9000015258789,0,95.82725025177002,92.96633364359538
2020-12-09,91.08999633789062,91.19999694824219,90.69000244140625,90.91999816894531,0,95.78770023345947,92.93366686503093
2020-12-10,90.79000091552734,91.1500015258789,90.66999816894531,91.05999755859375,0,95.74945022583007,92.89333356221518
2020-12-11,90.9800033569336,91.04000091552734,90.62000274658203,90.73999786376953,0,95.71370025634765,92.86016693115235
2020-12-14,90.70999908447266,90.9800033569336,90.41999816894531,90.9800033569336,0,95.68045024871826,92.82316691080729
2020-12-15,90.47000122070312,90.81999969482422,90.41999816894531,90.69000244140625,0,95.64705024719238,92.77200024922689
2020-12-16,90.44999694824219,90.69999694824219,90.12999725341797,90.48999786376953,0,95.61260025024414,92.7130002339681
2020-12-17,89.81999969482422,90.2699966430664,89.7300033569336,90.2699966430664,0,95.57760025024415,92.6368335723877
2020-12-18,90.0199966430664,90.12999725341797,89.83000183105469,89.83000183105469,0,95.54795024871827,92.56466687520346
2020-12-21,90.04000091552734,91.0199966430664,89.91999816894531,89.91999816894531,0,95.5236502456665,92.48900019327799
2020-12-22,90.6500015258789,90.72000122070312,90.05999755859375,90.08999633789062,0,95.49485023498535,92.4288335164388
2020-12-23,90.41000366210938,90.66999816894531,90.16000366210938,90.5199966430664,0,95.46435024261474,92.37083358764649
2020-12-24,90.33000183105469,90.37999725341797,90.1500015258789,90.27999877929688,0,95.4286502456665,92.31150029500326
2020-12-28,90.33999633789062,90.37999725341797,89.9800033569336,90.22000122070312,0,95.38660022735596,92.25533358256023
2020-12-29,90.01000213623047,90.2300033569336,89.8499984741211,90.20999908447266,0,95.34620025634766,92.19150034586589
2020-12-30,89.62999725341797,89.9800033569336,89.55999755859375,89.9800033569336,0,95.29645023345947,92.12683359781902
2020-12-31,89.94000244140625,89.9800033569336,89.5199966430664,89.61000061035156,0,95.24035022735596,92.0620002746582
2021-01-04,89.87999725341797,89.94000244140625,89.41999816894531,89.93000030517578,0,95.17595020294189,91.9995002746582
2021-01-05,89.44000244140625,89.9000015258789,89.43000030517578,89.9000015258789,0,95.1090502166748,91.93000030517578
2021-01-06,89.52999877929688,89.80000305175781,89.20999908447266,89.4800033569336,0,95.04425022125244,91.8711669921875
2021-01-07,89.83000183105469,89.97000122070312,89.31999969482422,89.31999969482422,0,94.98470024108887,91.81716702779134
2021-01-08,90.0999984741211,90.25,89.66000366210938,89.83000183105469,0,94.92995021820069,91.76000035603842
2021-01-11,90.54000091552734,90.7300033569336,90.02999877929688,90.06999969482422,0,94.88555023193359,91.71266708374023
2021-01-12,90.05000305175781,90.62000274658203,90.02999877929688,90.5199966430664,0,94.84395023345947,91.64916712443033
2021-01-13,90.31999969482422,90.44999694824219,89.91999816894531,90.0,0,94.79965023040772,91.59316711425781
2021-01-14,90.23999786376953,90.58000183105469,90.08000183105469,90.27999877929688,0,94.75560020446777,91.54000040690104
2021-01-15,90.77999877929688,90.80000305175781,90.22000122070312,90.22000122070312,0,94.71115020751954,91.50183372497558
2021-01-19,90.5,90.76000213623047,90.4000015258789,90.7300033569336,0,94.66275020599365,91.46666704813639
2021-01-20,90.47000122070312,90.69999694824219,90.27999877929688,90.41000366210938,0,94.61220020294189,91.42533378601074
2021-01-21,90.12999725341797,90.44999694824219,90.05000305175781,90.41999816894531,0,94.55940017700195,91.38133379618327
2021-01-22,90.23999786376953,90.30999755859375,90.05000305175781,90.05000305175781,0,94.51070014953613,91.33450037638346
2021-01-25,90.38999938964844,90.5199966430664,90.08000183105469,90.2300033569336,0,94.46205013275147,91.29200032552083
2021-01-26,90.16999816894531,90.61000061035156,90.12000274658203,90.38999938964844,0,94.41530014038086,91.2380002339681
2021-01-27,90.6500015258789,90.87999725341797,90.1500015258789,90.1500015258789,0,94.37180015563965,91.18283360799154
2021-01-28,90.45999908447266,90.86000061035156,90.41000366210938,90.7300033569336,0,94.32965015411376,91.12316691080729
2021-01-29,90.58000183105469,90.77999877929688,90.36000061035156,90.55999755859375,0,94.28525016784668,91.06533355712891
2021-02-01,91.0199966430664,91.05999755859375,90.5,90.52999877929688,0,94.24020015716553,91.02316678365072
2021-02-02,91.19999694824219,91.29000091552734,90.80000305175781,91.0,0,94.19730014801026,90.9863333384196
2021-02-03,91.12000274658203,91.30999755859375,90.98999786376953,91.05000305175781,0,94.1531001663208,90.96283340454102
2021-02-04,91.52999877929688,91.58000183105469,91.08999633789062,91.08999633789062,0,94.10945014953613,90.9511666615804
2021-02-05,91.04000091552734,91.5999984741211,90.9800033569336,91.48999786376953,0,94.06270015716552,90.92299995422363
2021-02-08,90.93000030517578,91.23999786376953,90.9000015258789,91.0,0,94.01520015716552,90.89266662597656
2021-02-09,90.44000244140625,90.93000030517578,90.43000030517578,90.91000366210938,0,93.96550018310546,90.84933331807454
2021-02-10,90.37000274658203,90.52999877929688,90.25,90.48999786376953,0,93.91715019226075,90.80616671244303
2021-02-11,90.41999816894531,90.47000122070312,90.26000213623047,90.45999908447266,0,93.86990016937256,90.76716664632161
2021-02-12,90.4800033569336,90.73999786376953,90.37999725341797,90.41000366210938,0,93.82445018768311,90.73233337402344
2021-02-16,90.51000213623047,90.63999938964844,90.12000274658203,90.29000091552734,0,93.78190021514892,90.70050010681152
2021-02-17,90.94999694824219,91.05999755859375,90.62000274658203,90.70999908447266,0,93.74265018463134,90.67766672770182
2021-02-18,90.58999633789062,90.9800033569336,90.54000091552734,90.9000015258789,0,93.69820014953613,90.64933331807454
2021-02-19,90.36000061035156,90.6500015258789,90.18000030517578,90.56999969482422,0,93.65145015716553,90.61550000508626
2021-02-22,90.01000213623047,90.58000183105469,90.0,90.33999633789062,0,93.60105018615722,90.57383333841959
2021-02-23,90.16999816894531,90.26000213623047,89.94000244140625,90.0199966430664,0,93.55245018005371,90.5394999186198
2021-02-24,90.18000030517578,90.43000030517578,89.9800033569336,90.0999984741211,0,93.50470016479493,90.50933329264323
2021-02-25,90.12999725341797,90.29000091552734,89.68000030517578,90.06999969482422,0,93.45415016174316,90.4816665649414
2021-02-26,90.93000030517578,90.97000122070312,90.12999725341797,90.36000061035156,0,93.40915016174317,90.46599985758463
2021-03-01,91.04000091552734,91.13999938964844,90.69000244140625,90.93000030517578,0,93.36315017700196,90.46149991353353
2021-03-02,90.79000091552734,91.38999938964844,90.7300033569336,91.02999877929688,0,93.31475017547608,90.45599988301595
2021-03-03,90.94999694824219,91.05999755859375,90.62999725341797,90.79000091552734,0,93.26750015258789,90.4599998474121
2021-03-04,91.62999725341797,91.66999816894531,90.97000122070312,91.01000213623047,0,93.22730014801026,90.47549985249837
2021-03-05,91.9800033569336,92.19000244140625,91.62000274658203,91.66000366210938,0,93.190350151062,90.49533322652181
2021-03-08,92.30999755859375,92.41999816894531,91.83999633789062,91.98999786376953,0,93.15630012512207,90.51766649881999
2021-03-09,91.95999908447266,92.5,91.91000366210938,92.45999908447266,0,93.11925010681152,90.53216654459635
2021-03-10,91.79000091552734,92.23999786376953,91.7699966430664,92.05000305175781,0,93.07890010833741,90.54883321126302
2021-03-11,91.41999816894531,91.87999725341797,91.37000274658203,91.79000091552734,0,93.04145008087158,90.55616645812988
2021-03-12,91.68000030517578,91.95999908447266,91.4000015258789,91.43000030517578,0,93.0045500946045,90.5723331451416
2021-03-15,91.83000183105469,91.97000122070312,91.54000091552734,91.66000366210938,0,92.97180011749268,90.59499982198079
2021-03-16,91.87000274658203,92.02999877929688,91.68000030517578,91.83000183105469,0,92.93945014953613,90.61866658528646
2021-03-17,91.4000015258789,92.0,91.37000274658203,91.86000061035156,0,92.90730014801025,90.64499994913737
2021-03-18,91.8499984741211,91.9000015258789,91.30000305175781,91.4000015258789,0,92.87820014953613,90.67549997965494
2021-03-19,91.91999816894531,92.16999816894531,91.66000366210938,91.83000183105469,0,92.85140014648438,90.70683326721192
2021-03-22,91.80000305175781,92.1500015258789,91.70999908447266,91.73999786376953,0,92.82700016021728,90.7259999593099
2021-03-23,92.33999633789062,92.4000015258789,91.76000213623047,91.80000305175781,0,92.8040001296997,90.75816650390625
2021-03-24,92.52999877929688,92.61000061035156,92.33999633789062,92.38999938964844,0,92.78355010986328,90.79483311971029
2021-03-25,92.87999725341797,92.91999816894531,92.51000213623047,92.5999984741211,0,92.76635009765624,90.83716646830241
2021-03-26,92.7699966430664,92.87000274658203,92.6500015258789,92.80999755859375,0,92.75040008544921,90.88316637674967
2021-03-29,92.94000244140625,92.95999908447266,92.72000122070312,92.72000122070312,0,92.73145008087158,90.9383331298828
2021-03-30,93.30000305175781,93.3499984741211,92.87999725341797,92.91000366210938,0,92.71135009765625,90.99433314005533
2021-03-31,93.2300033569336,93.44000244140625,92.98999786376953,93.23999786376953,0,92.69410011291504,91.05016657511393
2021-04-01,92.93000030517578,93.33999633789062,92.87999725341797,93.22000122070312,0,92.67395011901856,91.10833320617675
2021-04-05,92.5999984741211,93.11000061035156,92.54000091552734,93.01000213623047,0,92.65115009307861,91.15949986775716
2021-04-06,92.33999633789062,92.79000091552734,92.2699966430664,92.56999969482422,0,92.62575008392334,91.20133310953776
2021-04-07,92.45999908447266,92.5,92.13999938964844,92.31999969482422,0,92.59995006561279,91.24066645304362
2021-04-08,92.05999755859375,92.4800033569336,92.0,92.41999816894531,0,92.57505004882813,91.26599973042806
2021-04-09,92.16000366210938,92.41000366210938,92.02999877929688,92.06999969482422,0,92.55240005493164,91.30116640726725
2021-04-12,92.13999938964844,92.33000183105469,92.01000213623047,92.18000030517578,0,92.52735004425048,91.33149973551433
2021-04-13,91.8499984741211,92.33000183105469,91.79000091552734,92.08000183105469,0,92.49945003509521,91.35833307902018
2021-04-14,91.69000244140625,91.83000183105469,91.56999969482422,91.83000183105469,0,92.47040004730225,91.37349980672201
2021-04-15,91.66999816894531,91.75,91.48999786376953,91.62999725341797,0,92.44105003356934,91.39299977620443
2021-04-16,91.55999755859375,91.80999755859375,91.48999786376953,91.66000366210938,0,92.41190002441407,91.41116638183594
2021-04-19,91.06999969482422,91.75,91.02999877929688,91.54000091552734,0,92.38125003814697,91.42683308919271
2021-04-20,91.23999786376953,91.27999877929688,90.86000061035156,91.05000305175781,0,92.3508500289917,91.44349975585938
2021-04-21,91.16000366210938,91.43000030517578,91.08999633789062,91.20999908447266,0,92.3227000427246,91.45633316040039
2021-04-22,91.33000183105469,91.41999816894531,91.0,91.11000061035156,0,92.2949500656128,91.47566655476888
2021-04-23,90.86000061035156,91.30000305175781,90.80999755859375,91.29000091552734,0,92.26710006713867,91.47916653951009
2021-04-26,90.80999755859375,90.98999786376953,90.68000030517578,90.83000183105469,0,92.23765007019043,91.48499984741211
2021-04-27,90.91000366210938,91.06999969482422,90.80999755859375,90.87999725341797,0,92.20895008087159,91.4904998779297
2021-04-28,90.61000061035156,91.12999725341797,90.55000305175781,90.9000015258789,0,92.17970008850098,91.48366661071778
2021-04-29,90.61000061035156,90.79000091552734,90.41999816894531,90.55000305175781,0,92.15145008087158,91.4738333384196
2021-04-30,91.27999877929688,91.31999969482422,90.58999633789062,90.62999725341797,0,92.12745006561279,91.47649993896485
2021-05-03,90.94999694824219,91.38999938964844,90.87000274658203,91.30000305175781,0,92.1004500579834,91.4668332417806
2021-05-04,91.29000091552734,91.4000015258789,90.98999786376953,91.0,0,92.07720005035401,91.47099990844727
2021-05-05,91.30999755859375,91.44000244140625,91.16999816894531,91.27999877929688,0,92.0546000289917,91.47733319600424
2021-05-06,90.94999694824219,91.37999725341797,90.87999725341797,91.2699966430664,0,92.03375,91.4858331044515
2021-05-07,90.2300033569336,90.95999908447266,90.19000244140625,90.87999725341797,0,92.01005001068116,91.48349978129069
2021-05-10,90.20999908447266,90.33999633789062,90.04000091552734,90.2300033569336,0,91.98764999389648,91.47999979654948
2021-05-11,90.13999938964844,90.36000061035156,89.9800033569336,90.23999786376953,0,91.9661499786377,91.47433306376139
2021-05-12,90.70999908447266,90.80000305175781,90.16000366210938,90.19000244140625,0,91.95134998321534,91.4776663462321
2021-05-13,90.75,90.91000366210938,90.58999633789062,90.75,0,91.93629997253419,91.47433306376139
2021-05-14,90.31999969482422,90.80000305175781,90.27999877929688,90.76000213623047,0,91.92159996032714,91.46983311971029
2021-05-17,90.22000122070312,90.43000030517578,90.1500015258789,90.30000305175781,0,91.90759998321533,91.46749979654948
2021-05-18,89.75,90.19999694824219,89.69000244140625,90.18000030517578,0,91.88889999389649,91.46316642761231
2021-05-19,90.19000244140625,90.29000091552734,89.69000244140625,89.77999877929688,0,91.87235000610352,91.46349983215332
2021-05-20,89.80999755859375,90.2300033569336,89.76000213623047,90.20999908447266,0,91.8545000076294,91.45733311971028
2021-05-21,90.0199966430664,90.1500015258789,89.6500015258789,89.77999877929688,0,91.84044998168946,91.45549977620443
2021-05-24,89.83000183105469,90.0999984741211,89.76000213623047,90.02999877929688,0,91.8256499862671,91.43716646830241
2021-05-25,89.63999938964844,89.87000274658203,89.54000091552734,89.8499984741211,0,91.8066499710083,91.41383310953776
2021-05-26,90.04000091552734,90.11000061035156,89.58999633789062,89.69000244140625,0,91.78894996643066,91.40133310953776
2021-05-27,89.97000122070312,90.18000030517578,89.88999938964844,90.08000183105469,0,91.77064998626709,91.3849998474121
2021-05-28,90.02999877929688,90.44000244140625,89.9800033569336,90.02999877929688,0,91.75359996795655,91.35833320617675
2021-06-01,89.83000183105469,89.94000244140625,89.66000366210938,89.80999755859375,0,91.73604999542236,91.3224998474121
2021-06-02,89.9000015258789,90.25,89.86000061035156,89.91999816894531,0,91.72005001068115,91.28233324686686
2021-06-03,90.5,90.55000305175781,89.88999938964844,89.93000030517578,0,91.70830001831055,91.25799992879232
2021-06-04,90.13999938964844,90.62999725341797,90.02999877929688,90.47000122070312,0,91.69765003204346,91.23049990336101
2021-06-07,89.94999694824219,90.30000305175781,89.91000366210938,90.12999725341797,0,91.68295001983643,91.20599988301595
2021-06-08,90.08000183105469,90.18000030517578,89.95999908447266,89.98999786376953,0,91.66940002441406,91.1793332417806
2021-06-09,90.12000274658203,90.16999816894531,89.83999633789062,90.12999725341797,0,91.65375003814697,91.1508332570394
2021-06-10,90.08000183105469,90.30999755859375,89.9800033569336,90.13999938964844,0,91.63765003204345,91.12099990844726
2021-06-11,90.55999755859375,90.61000061035156,89.95999908447266,90.06999969482422,0,91.6253500366211,91.10699984232585
2021-06-14,90.5199966430664,90.5999984741211,90.41000366210938,90.51000213623047,0,91.61290000915527,91.0848331451416
2021-06-15,90.54000091552734,90.68000030517578,90.3499984741211,90.4800033569336,0,91.60055000305175,91.06183319091797
2021-06-16,91.12999725341797,91.4000015258789,90.44000244140625,90.54000091552734,0,91.59434997558594,91.0506664276123
2021-06-17,91.88999938964844,92.01000213623047,91.30999755859375,91.43000030517578,0,91.59309997558594,91.04316647847493
2021-06-18,92.2300033569336,92.41000366210938,91.80999755859375,91.87999725341797,0,91.59255001068115,91.03816655476888
2021-06-21,91.86000061035156,92.37000274658203,91.83000183105469,92.31999969482422,0,91.5876000213623,91.02116661071777
2021-06-22,91.7300033569336,92.13999938964844,91.6500015258789,91.87999725341797,0,91.58255004882812,91.00383338928222
2021-06-23,91.80000305175781,91.9000015258789,91.51000213623047,91.7300033569336,0,91.5779500579834,90.98483339945476
2021-06-24,91.81999969482422,91.91000366210938,91.66000366210938,91.80000305175781,0,91.56965003967285,90.9601666768392
2021-06-25,91.80999755859375,91.87999725341797,91.52999877929688,91.83000183105469,0,91.56240001678466,90.93649991353352
2021-06-28,91.87999725341797,92.0199966430664,91.69999694824219,91.80999755859375,0,91.5551000213623,90.9189998626709
2021-06-29,92.05000305175781,92.19000244140625,91.86000061035156,91.87999725341797,0,91.54870002746583,90.90983327229817
2021-06-30,92.44000244140625,92.44999694824219,92.0,92.08000183105469,0,91.54555004119874,90.9115000406901
2021-07-01,92.5999984741211,92.5999984741211,92.26000213623047,92.3499984741211,0,91.54330001831055,90.91383336385091
2021-07-02,92.2300033569336,92.73999786376953,92.18000030517578,92.56999969482422,0,91.53840003967285,90.91666679382324
2021-07-06,92.55000305175781,92.66000366210938,92.0,92.23999786376953,0,91.53630004882812,90.92316678365071
2021-07-07,92.63999938964844,92.8499984741211,92.43000030517578,92.52999877929688,0,91.53485004425049,90.93150011698405
2021-07-08,92.36000061035156,92.79000091552734,92.23999786376953,92.69999694824219,0,91.5289500427246,90.94000015258788
2021-07-09,92.12999725341797,92.54000091552734,92.08999633789062,92.36000061035156,0,91.51965003967285,90.94733339945475
2021-07-12,92.2300033569336,92.41999816894531,92.08000183105469,92.0999984741211,0,91.50885005950927,90.95666681925455
2021-07-13,92.75,92.80999755859375,92.13999938964844,92.2300033569336,0,91.50085006713867,90.976500193278
2021-07-14,92.41000366210938,92.83000183105469,92.3499984741211,92.80000305175781,0,91.49000007629394,90.99883359273275
2021-07-15,92.62000274658203,92.69000244140625,92.2699966430664,92.4000015258789,0,91.4818000793457,91.02183367411295
2021-07-16,92.69000244140625,92.76000213623047,92.52999877929688,92.58999633789062,0,91.4758000946045,91.04733365376791
2021-07-19,92.88999938964844,93.04000091552734,92.63999938964844,92.70999908447266,0,91.4708000946045,91.07333361307779
2021-07-20,92.97000122070312,93.16999816894531,92.80000305175781,92.87999725341797,0,91.46710010528564,91.10850028991699
2021-07-21,92.75,93.19000244140625,92.7300033569336,92.97000122070312,0,91.46165012359619,91.14083366394043
2021-07-22,92.81999969482422,92.91999816894531,92.51000213623047,92.80000305175781,0,91.45820011138916,91.17266693115235
2021-07-23,92.91000366210938,93.0199966430664,92.77999877929688,92.80999755859375,0,91.45360012054444,91.2110003153483
2021-07-26,92.6500015258789,92.95999908447266,92.52999877929688,92.91000366210938,0,91.44870014190674,91.2450003306071
2021-07-27,92.43000030517578,92.83999633789062,92.31999969482422,92.62999725341797,0,91.44280014038085,91.26416702270508
2021-07-28,92.31999969482422,92.75,92.23999786376953,92.45999908447266,0,91.43910015106201,91.28700040181478
2021-07-29,91.86000061035156,92.29000091552734,91.86000061035156,92.2699966430664,0,91.43305015563965,91.29650039672852
2021-07-30,92.16999816894531,92.19999694824219,91.77999877929688,91.8499984741211,0,91.4262501525879,91.31083374023437
2021-08-02,92.05000305175781,92.16999816894531,91.91000366210938,92.08999633789062,0,91.4196001815796,91.32916717529297
2021-08-03,92.08000183105469,92.16000366210938,91.88999938964844,92.05999755859375,0,91.4107001876831,91.36000048319498
2021-08-04,92.2699966430664,92.30999755859375,91.81999969482422,92.04000091552734,0,91.40365016937255,91.39433377583822
2021-08-05,92.23999786376953,92.3499984741211,92.12000274658203,92.27999877929688,0,91.39770015716553,91.4293337504069
2021-08-06,92.80000305175781,92.83999633789062,92.26000213623047,92.2699966430664,0,91.3963501739502,91.46416714986165
2021-08-09,92.94999694824219,92.98999786376953,92.72000122070312,92.77999877929688,0,91.39805015563965,91.50083376566569
2021-08-10,93.05999755859375,93.13999938964844,92.94000244140625,92.9800033569336,0,91.39860015869141,91.54650039672852
2021-08-11,92.91000366210938,93.19000244140625,92.80000305175781,93.06999969482422,0,91.39930019378662,91.59133377075196
2021-08-12,93.04000091552734,93.04000091552734,92.8499984741211,92.88999938964844,0,91.39925018310547,91.64616711934407
2021-08-13,92.5199966430664,93.01000213623047,92.47000122070312,92.97000122070312,0,91.39715015411377,91.68500035603842
2021-08-16,92.62999725341797,92.66000366210938,92.4800033569336,92.5199966430664,0,91.39325012207031,91.73200035095215
2021-08-17,93.12999725341797,93.16999816894531,92.61000061035156,92.62000274658203,0,91.38910011291505,91.78383369445801
2021-08-18,93.13999938964844,93.26000213623047,92.95999908447266,93.13999938964844,0,91.38460010528564,91.83900032043456
2021-08-19,93.56999969482422,93.58000183105469,93.13999938964844,93.13999938964844,0,91.38220008850098,91.90450032552083
2021-08-20,93.5,93.7300033569336,93.43000030517578,93.55999755859375,0,91.3819500732422,91.96216697692871
2021-08-23,92.95999908447266,93.51000213623047,92.94999694824219,93.45999908447266,0,91.379700050354,92.0120002746582
2021-08-24,92.88999938964844,93.08000183105469,92.80999755859375,92.98999786376953,0,91.38150005340576,92.05966695149739
2021-08-25,92.83000183105469,93.12999725341797,92.80999755859375,92.87999725341797,0,91.38450004577636,92.1096669514974
2021-08-26,93.05999755859375,93.08000183105469,92.80999755859375,92.83000183105469,0,91.38615001678467,92.16233355204264
2021-08-27,92.69000244140625,93.18000030517578,92.62999725341797,93.02999877929688,0,91.3858500289917,92.19883359273275
2021-08-30,92.6500015258789,92.79000091552734,92.5999984741211,92.68000030517578,0,91.38390003204346,92.24066696166992
2021-08-31,92.62999725341797,92.75,92.4000015258789,92.70999908447266,0,91.38225002288819,92.28533363342285
2021-09-01,92.44999694824219,92.79000091552734,92.37999725341797,92.66000366210938,0,91.38069999694824,92.32483355204265
2021-09-02,92.2300033569336,92.54000091552734,92.20999908447266,92.51000213623047,0,91.37900001525878,92.36000022888183
2021-09-03,92.04000091552734,92.26000213623047,91.94999694824219,92.22000122070312,0,91.3771000289917,92.39266688028971
2021-09-07,92.5199966430664,92.56999969482422,92.0999984741211,92.19999694824219,0,91.3781000137329,92.42533353169759
2021-09-08,92.6500015258789,92.86000061035156,92.47000122070312,92.54000091552734,0,91.37990001678467,92.4608336130778
2021-09-09,92.4800033569336,92.76000213623047,92.37999725341797,92.70999908447266,0,91.3803500366211,92.49316698710123
2021-09-10,92.58000183105469,92.6500015258789,92.33000183105469,92.52999877929688,0,91.38070003509522,92.51733373006185
2021-09-13,92.62000274658203,92.88999938964844,92.56999969482422,92.61000061035156,0,91.38265003204346,92.52950045267741
2021-09-14,92.6500015258789,92.68000030517578,92.31999969482422,92.62000274658203,0,91.385950050354,92.53650042215983
2021-09-15,92.48999786376953,92.68000030517578,92.41999816894531,92.68000030517578,0,91.38945003509521,92.54700037638347
2021-09-16,92.86000061035156,92.95999908447266,92.45999908447266,92.45999908447266,0,91.39440002441407,92.56583366394042
2021-09-17,93.19999694824219,93.25,92.7699966430664,92.87999725341797,0,91.4038500213623,92.5891668955485
2021-09-20,93.23999786376953,93.44999694824219,93.19000244140625,93.25,0,91.41444999694824,92.61283353169759
2021-09-21,93.19999694824219,93.29000091552734,93.05000305175781,93.23999786376953,0,91.42689998626709,92.63600018819173
2021-09-22,93.45999908447266,93.51000213623047,92.98999786376953,93.2300033569336,0,91.44069999694824,92.66233355204264
2021-09-23,93.0999984741211,93.5199966430664,92.9800033569336,93.4800033569336,0,91.45224998474121,92.6798334757487
2021-09-24,93.33000183105469,93.41999816894531,93.05000305175781,93.06999969482422,0,91.46404998779298,92.69466679890951
2021-09-27,93.37999725341797,93.48999786376953,93.20999908447266,93.27999877929688,0,91.4754999923706,92.70766677856446
2021-09-28,93.7699966430664,93.80999755859375,93.36000061035156,93.41000366210938,0,91.4903999710083,92.73333333333333
2021-09-29,94.33999633789062,94.43000030517578,93.66999816894531,93.72000122070312,0,91.50719993591309,92.76316655476889
2021-09-30,94.25,94.5,94.11000061035156,94.3499984741211,0,91.52489994049073,92.78999989827474
2021-10-01,94.04000091552734,94.38999938964844,93.98999786376953,94.30999755859375,0,91.54274993896485,92.817999903361
2021-10-04,93.80999755859375,94.0999984741211,93.68000030517578,94.06999969482422,0,91.5595499420166,92.84599990844727
2021-10-05,93.9800033569336,94.06999969482422,93.80999755859375,93.83000183105469,0,91.58034996032715,92.87516657511394
2021-10-06,94.2699966430664,94.44999694824219,93.9800033569336,93.98999786376953,0,91.60159996032715,92.90049985249837
2021-10-07,94.22000122070312,94.27999877929688,94.08000183105469,94.2300033569336,0,91.62249996185302,92.93066647847493
2021-10-08,94.06999969482422,94.33999633789062,93.94000244140625,94.20999908447266,0,91.63959995269775,92.95483309427897
2021-10-11,94.31999969482422,94.4000015258789,94.02999877929688,94.0999984741211,0,91.65914993286133,92.98199971516927
2021-10-12,94.5199966430664,94.55999755859375,94.2300033569336,94.37000274658203,0,91.68009990692138,93.00916633605956
2021-10-13,94.08000183105469,94.52999877929688,94.01000213623047,94.5199966430664,0,91.69879993438721,93.0276663462321
2021-10-14,93.95999908447266,94.08999633789062,93.76000213623047,94.0199966430664,0,91.71854991912842,93.04783299763997
2021-10-15,93.94000244140625,94.06999969482422,93.8499984741211,94.02999877929688,0,91.74009994506837,93.06649971008301
2021-10-18,93.94999694824219,94.16999816894531,93.87000274658203,93.94999694824219,0,91.76014991760253,93.08383293151856
2021-10-19,93.79000091552734,93.94999694824219,93.5,93.94999694824219,0,91.77969993591309,93.10283292134604
2021-10-20,93.55999755859375,93.87999725341797,93.54000091552734,93.80999755859375,0,91.80029991149902,93.121666208903
2021-10-21,93.7699966430664,93.79000091552734,93.5,93.58000183105469,0,91.82149990081787,93.14583282470703
2021-10-22,93.61000061035156,93.79000091552734,93.54000091552734,93.75,0,91.84039989471435,93.1749994913737
2021-10-25,93.80999755859375,93.95999908447266,93.4800033569336,93.66000366210938,0,91.85894989013671,93.2023328145345
2021-10-26,93.94999694824219,94.0199966430664,93.70999908447266,93.83999633789062,0,91.87599987030029,93.23399937947592
2021-10-27,93.86000061035156,94.01000213623047,93.69000244140625,93.97000122070312,0,91.89504985809326,93.26366602579752
2021-10-28,93.3499984741211,93.97000122070312,93.27999877929688,93.87999725341797,0,91.91019985198974,93.2816660563151
2021-10-29,94.12000274658203,94.30000305175781,93.31999969482422,93.36000061035156,0,91.92959987640381,93.31299947102865
2021-11-01,93.87999725341797,94.30999755859375,93.86000061035156,94.12999725341797,0,91.94509986877442,93.33099937438965
2021-11-02,94.08999633789062,94.12999725341797,93.81999969482422,93.93000030517578,0,91.96304985046386,93.34999936421713
2021-11-03,93.86000061035156,94.20999908447266,93.81999969482422,94.12000274658203,0,91.9799998474121,93.36333274841309
2021-11-04,94.3499984741211,94.47000122070312,93.83000183105469,93.86000061035156,0,92.00109985351563,93.38733266194662
2021-11-05,94.31999969482422,94.62000274658203,94.19000244140625,94.33999633789062,0,92.0214998626709,93.40866597493489
2021-11-08,94.05000305175781,94.37999725341797,93.98999786376953,94.25,0,92.03979988098145,93.43416608174643
2021-11-09,93.95999908447266,94.1500015258789,93.87999725341797,94.08999633789062,0,92.05874988555908,93.45633277893066
2021-11-10,94.8499984741211,94.9000015258789,93.97000122070312,93.9800033569336,0,92.07974987030029,93.48499946594238
2021-11-11,95.18000030517578,95.19999694824219,94.83999633789062,94.83999633789062,0,92.10334987640381,93.51899948120118
2021-11-12,95.12999725341797,95.2699966430664,95.0,95.18000030517578,0,92.12609985351563,93.54499944051106
2021-11-15,95.41000366210938,95.5999984741211,94.97000122070312,95.12000274658203,0,92.14804988861084,93.57683283487955
2021-11-16,95.91999816894531,95.9800033569336,95.4000015258789,95.47000122070312,0,92.17164989471435,93.6261661529541
2021-11-17,95.83000183105469,96.23999786376953,95.7300033569336,95.94000244140625,0,92.19519989013672,93.6751661936442
2021-11-18,95.54000091552734,95.83999633789062,95.5199966430664,95.80000305175781,0,92.21524990081787,93.72033284505208
2021-11-19,96.06999969482422,96.23999786376953,95.58000183105469,95.58999633789062,0,92.24039989471436,93.77049954732259
2021-11-22,96.5,96.55000305175781,96.04000091552734,96.06999969482422,0,92.26824989318848,93.83399950663248
2021-11-23,96.48999786376953,96.61000061035156,96.30999755859375,96.45999908447266,0,92.29849987030029,93.89799944559734
2021-11-24,96.83999633789062,96.94000244140625,96.44000244140625,96.52999877929688,0,92.33084983825684,93.96816609700521
2021-11-26,96.08999633789062,96.7699966430664,95.75,96.72000122070312,0,92.35919982910156,94.02883275349934
2021-11-29,96.33999633789062,96.44999694824219,96.13999938964844,96.13999938964844,0,92.38849979400635,94.0973326365153
2021-11-30,95.98999786376953,96.63999938964844,95.5199966430664,96.22000122070312,0,92.41589977264404,94.163165918986
2021-12-01,96.05000305175781,96.13999938964844,95.66999816894531,95.94000244140625,0,92.44139980316162,94.22199935913086
2021-12-02,96.12999725341797,96.18000030517578,95.83000183105469,96.06999969482422,0,92.46909980773925,94.27999928792318
2021-12-03,96.12000274658203,96.44999694824219,95.97000122070312,96.12000274658203,0,92.49789981842041,94.34066594441732
2021-12-06,96.29000091552734,96.43000030517578,96.12999725341797,96.1500015258789,0,92.52929981231689,94.40249926249186
2021-12-07,96.37000274658203,96.58999633789062,96.16999816894531,96.30000305175781,0,92.56029983520507,94.46499926249186
2021-12-08,95.88999938964844,96.37999725341797,95.8499984741211,96.26000213623047,0,92.58884983062744,94.51899922688803
2021-12-09,96.2699966430664,96.33999633789062,95.95999908447266,95.95999908447266,0,92.61954982757568,94.58199920654297
2021-12-10,96.05000305175781,96.43000030517578,95.9800033569336,96.22000122070312,0,92.6451498413086,94.63516591389974
2021-12-13,96.31999969482422,96.44999694824219,96.05000305175781,96.05000305175781,0,92.67154983520508,94.68716595967611
2021-12-14,96.56999969482422,96.58999633789062,96.0999984741211,96.3499984741211,0,92.70044982910156,94.74266599019369
2021-12-15,96.51000213623047,96.91000366210938,96.30000305175781,96.55000305175781,0,92.7282498550415,94.79783274332682
2021-12-16,96.04000091552734,96.44999694824219,95.8499984741211,96.43000030517578,0,92.75029987335205,94.8408327738444
2021-12-17,96.56999969482422,96.69000244140625,95.87999725341797,96.0,0,92.7732498550415,94.89866612752279
2021-12-20,96.55000305175781,96.69000244140625,96.33999633789062,96.66999816894531,0,92.79444988250732,94.9523328145345
2021-12-21,96.48999786376953,96.63999938964844,96.33999633789062,96.54000091552734,0,92.8170998764038,95.00416615804036
2021-12-22,96.08000183105469,96.5999984741211,96.0199966430664,96.47000122070312,0,92.83854988098145,95.04266624450683
2021-12-23,96.0199966430664,96.27999877929688,95.98999786376953,96.02999877929688,0,92.86154987335205,95.0706662495931
2021-12-27,96.08999633789062,96.26000213623047,96.05000305175781,96.1500015258789,0,92.88359985351562,95.10133285522461
2021-12-28,96.19999694824219,96.27999877929688,96.0,96.06999969482422,0,92.90544982910156,95.13733278910318
2021-12-29,95.93000030517578,96.4000015258789,95.76000213623047,96.1500015258789,0,92.92574981689454,95.17266616821288
2021-12-30,95.97000122070312,96.22000122070312,95.86000061035156,95.88999938964844,0,92.94859981536865,95.20583279927571
2021-12-31,95.66999816894531,96.11000061035156,95.56999969482422,95.98999786376953,0,92.96769981384277,95.22916615804037
2022-01-03,96.23999786376953,96.33000183105469,95.62999725341797,95.66999816894531,0,92.9892998123169,95.26283276875814
2022-01-04,96.29000091552734,96.45999908447266,96.02999877929688,96.19000244140625,0,93.01174980163574,95.29983278910319
2022-01-05,96.19000244140625,96.33000183105469,95.88999938964844,96.30999755859375,0,93.03099983215333,95.33099950154623
2022-01-06,96.25,96.38999938964844,96.04000091552734,96.19999694824219,0,93.04959983825684,95.35983289082846
2022-01-07,95.73999786376953,96.30000305175781,95.70999908447266,96.26000213623047,0,93.0638998413086,95.3874994913737
2022-01-10,95.98999786376953,96.2300033569336,95.73999786376953,95.73999786376953,0,93.07999984741211,95.42133280436198
2022-01-11,95.62000274658203,96.06999969482422,95.58000183105469,95.93000030517578,0,93.09339984893799,95.44933280944824
2022-01-12,95.0,95.69000244140625,94.91000366210938,95.58000183105469,0,93.1018998336792,95.46683286031087
2022-01-13,94.79000091552734,95.0199966430664,94.66000366210938,94.98999786376953,0,93.10969982147216,95.48349952697754
2022-01-14,95.16999816894531,95.2699966430664,94.62999725341797,94.87000274658203,0,93.12089981079102,95.5103328704834
2022-01-18,95.7300033569336,95.83000183105469,95.12999725341797,95.22000122070312,0,93.13654983520507,95.54299964904786
2022-01-19,95.51000213623047,95.79000091552734,95.48999786376953,95.7699966430664,0,93.15239986419678,95.57466634114583
2022-01-20,95.73999786376953,95.86000061035156,95.41999816894531,95.58999633789062,0,93.16879985809327,95.60683301289876
2022-01-21,95.63999938964844,95.83999633789062,95.5,95.80999755859375,0,93.18669986724854,95.63499972025554
2022-01-24,95.91999816894531,96.12999725341797,95.62999725341797,95.63999938964844,0,93.20549983978272,95.66933301289876
2022-01-25,95.94999694824219,96.2699966430664,95.9000015258789,95.93000030517578,0,93.22454982757569,95.71266632080078
2022-01-26,96.48999786376953,96.54000091552734,95.91000366210938,95.95999908447266,0,93.24774982452392,95.75216623942057
2022-01-27,97.26000213623047,97.29000091552734,96.52999877929688,96.55000305175781,0,93.27559982299805,95.80849965413411
2022-01-28,97.2699966430664,97.44000244140625,97.05999755859375,97.25,0,93.30359981536866,95.86149965922037
2022-01-31,96.54000091552734,97.30000305175781,96.5199966430664,97.22000122070312,0,93.32849983215333,95.9061663309733
2022-02-01,96.38999938964844,96.72000122070312,96.23999786376953,96.69999694824219,0,93.35509983062744,95.94016634623209
2022-02-02,95.94000244140625,96.30000305175781,95.80999755859375,96.2699966430664,0,93.37859985351562,95.96716639200847
2022-02-03,95.37999725341797,96.25,95.23999786376953,96.0199966430664,0,93.39969982147217,95.98933296203613
2022-02-04,95.4800033569336,95.69999694824219,95.13999938964844,95.30999755859375,0,93.42044982910156,96.01466636657715
2022-02-07,95.4000015258789,95.62999725341797,95.3499984741211,95.4800033569336,0,93.4431498336792,96.02383308410644
2022-02-08,95.63999938964844,95.75,95.4000015258789,95.43000030517578,0,93.46729984283448,96.03149973551432
2022-02-09,95.48999786376953,95.66999816894531,95.37999725341797,95.58999633789062,0,93.49019981384278,96.03749974568684
2022-02-10,95.55000305175781,96.0,95.16999816894531,95.56999969482422,0,93.5148998260498,96.03983306884766
2022-02-11,96.08000183105469,96.11000061035156,95.63999938964844,95.94000244140625,0,93.54224983215332,96.04249979654948
2022-02-14,96.37000274658203,96.44000244140625,95.91000366210938,96.02999877929688,0,93.56769985198974,96.05149981180827
2022-02-15,95.98999786376953,96.29000091552734,95.95999908447266,96.23999786376953,0,93.59289985656739,96.05899976094564
2022-02-16,95.69999694824219,96.05999755859375,95.68000030517578,96.01000213623047,0,93.61494983673096,96.0528330485026
2022-02-17,95.80000305175781,96.11000061035156,95.70999908447266,95.7699966430664,0,93.63739986419678,96.04116643269857
2022-02-18,96.04000091552734,96.16999816894531,95.7300033569336,95.83000183105469,0,93.6628498840332,96.03366648356119
2022-02-22,96.02999877929688,96.26000213623047,95.83999633789062,96.08000183105469,0,93.69184986114502,96.02016652425131
2022-02-23,96.19000244140625,96.23999786376953,95.8499984741211,96.04000091552734,0,93.72174987792968,96.02183329264322
2022-02-24,97.13999938964844,97.73999786376953,96.22000122070312,96.22000122070312,0,93.75674987792969,96.0351666768392
2022-02-25,96.62000274658203,97.22000122070312,96.5199966430664,97.0,0,93.78629989624024,96.0456667582194
2022-02-28,96.70999908447266,97.41999816894531,96.54000091552734,96.54000091552734,0,93.8160998916626,96.05666669209798
2022-03-01,97.41000366210938,97.58000183105469,96.62999725341797,96.7699966430664,0,93.85154991149902,96.07800013224283
2022-03-02,97.38999938964844,97.83000183105469,97.29000091552734,97.37000274658203,0,93.88739990234374,96.0991667429606
2022-03-03,97.79000091552734,97.94999694824219,97.43000030517578,97.47000122070312,0,93.92759990692139,96.12416674296061
2022-03-04,98.6500015258789,98.91999816894531,97.83999633789062,98.04000091552734,0,93.96989990234376,96.16216672261557
2022-03-07,99.29000091552734,99.41999816894531,98.56999969482422,98.56999969482422,0,94.01729991912842,96.21883341471354
2022-03-08,99.05999755859375,99.31999969482422,98.70999908447266,99.23999786376953,0,94.06249992370606,96.26533342997233
2022-03-09,97.97000122070312,99.12000274658203,97.8499984741211,99.12000274658203,0,94.10319992065429,96.29733339945476
2022-03-10,98.51000213623047,98.5999984741211,97.70999908447266,98.05999755859375,0,94.1475499343872,96.33383344014486
2022-03-11,99.12000274658203,99.16000366210938,98.2699966430664,98.36000061035156,0,94.19294994354249,96.37633349100749
2022-03-14,99.05999755859375,99.29000091552734,98.68000030517578,99.12999725341797,0,94.23839992523193,96.41883341471355
2022-03-15,99.06999969482422,99.19999694824219,98.63999938964844,99.12999725341797,0,94.28359992980957,96.46933339436849
2022-03-16,98.37999725341797,99.08000183105469,98.30000305175781,98.88999938964844,0,94.3263499069214,96.49950002034505
2022-03-17,98.01000213623047,98.51000213623047,97.7300033569336,98.5,0,94.36689990997314,96.52383333841959
2022-03-18,98.2300033569336,98.62000274658203,97.83999633789062,98.0,0,94.40554992675781,96.55283342997232
2022-03-21,98.5,98.52999877929688,98.16000366210938,98.23999786376953,0,94.44734992980958,96.59316673278809
2022-03-22,98.48999786376953,98.97000122070312,98.31999969482422,98.48999786376953,0,94.4900499343872,96.6343334197998
2022-03-23,98.62000274658203,98.87999725341797,98.38999938964844,98.4800033569336,0,94.53274993896484,96.67650019327799
2022-03-24,98.79000091552734,98.95999908447266,98.5999984741211,98.63999938964844,0,94.57609992980957,96.71966692606608
2022-03-25,98.80999755859375,98.83000183105469,98.4000015258789,98.75,0,94.61974990844726,96.76766688028971
2022-03-28,99.08999633789062,99.37000274658203,98.80000305175781,98.80999755859375,0,94.66239990234375,96.81966679890951
2022-03-29,98.4000015258789,99.30000305175781,98.04000091552734,99.08000183105469,0,94.70179992675781,96.8651668548584
2022-03-30,97.79000091552734,98.43000030517578,97.69000244140625,98.37000274658203,0,94.73804992675781,96.89100023905436
2022-03-31,98.30999755859375,98.4000015258789,97.69000244140625,97.83000183105469,0,94.77394992828368,96.92466684977214
2022-04-01,98.62999725341797,98.73999786376953,98.30999755859375,98.33999633789062,0,94.80764991760253,96.96533342997233
2022-04-04,98.98999786376953,99.08000183105469,98.5199966430664,98.56999969482422,0,94.84144989013672,97.01100006103516
2022-04-05,99.47000122070312,99.5199966430664,98.83999633789062,99.0,0,94.87949989318848,97.07316678365072
2022-04-06,99.5999984741211,99.7699966430664,99.30999755859375,99.47000122070312,0,94.91884986877442,97.13333346048991
2022-04-07,99.75,99.83000183105469,99.4000015258789,99.6500015258789,0,94.95859985351562,97.20216674804688
2022-04-08,99.80000305175781,100.19000244140625,99.73999786376953,99.81999969482422,0,94.9984998703003,97.2821667989095
2022-04-11,99.93000030517578,100.05000305175781,99.62000274658203,99.83999633789062,0,95.0390998840332,97.36783345540364
2022-04-12,100.29000091552734,100.33000183105469,99.73999786376953,100.04000091552734,0,95.08114990234375,97.45316683451334
2022-04-13,99.87999725341797,100.5199966430664,99.83000183105469,100.33999633789062,0,95.12029987335205,97.52233339945475
2022-04-14,100.31999969482422,100.76000213623047,99.56999969482422,99.79000091552734,0,95.15969985961914,97.60250002543131
2022-04-18,100.77999877929688,100.86000061035156,100.45999908447266,100.5,0,95.20059986114502,97.6865000406901
2022-04-19,100.95999908447266,101.02999877929688,100.69999694824219,100.83000183105469,0,95.24424983978271,97.77516670227051
2022-04-20,100.38999938964844,101.04000091552734,100.22000122070312,100.9800033569336,0,95.28344982147217,97.84966672261557
2022-04-21,100.58000183105469,100.63999938964844,99.81999969482422,100.3499984741211,0,95.3231498336792,97.92683347066243
2022-04-22,101.22000122070312,101.33000183105469,100.47000122070312,100.62000274658203,0,95.36744983673096,98.00566685994467
2022-04-25,101.75,101.86000061035156,101.04000091552734,101.12000274658203,0,95.41554985046386,98.08050015767415
2022-04-26,102.30000305175781,102.36000061035156,101.51000213623047,101.7300033569336,0,95.465899848938,98.16433359781901
2022-04-27,102.94999694824219,103.27999877929688,102.22000122070312,102.27999877929688,0,95.5168998336792,98.27116686503092
2022-04-28,103.62000274658203,103.93000030517578,102.9800033569336,103.04000091552734,0,95.57294982910156,98.39166692097982
2022-04-29,102.95999908447266,103.66999816894531,102.81999969482422,103.66999816894531,0,95.62464981079101,98.50866686503092
2022-05-02,103.73999786376953,103.75,103.11000061035156,103.20999908447266,0,95.67989978790283,98.64800020853679
2022-05-03,103.47000122070312,103.66999816894531,103.02999877929688,103.5999984741211,0,95.7327997970581,98.7811668395996
2022-05-04,102.58999633789062,103.62000274658203,102.45999908447266,103.45999908447266,0,95.78089977264405,98.90100008646647
2022-05-05,103.75,103.94000244140625,102.3499984741211,102.68000030517578,0,95.83589977264404,99.03616676330566
2022-05-06,103.66000366210938,104.05999755859375,103.19000244140625,103.55999755859375,0,95.89009979248047,99.17233352661133
2022-05-09,103.6500015258789,104.19000244140625,103.38999938964844,103.66000366210938,0,95.94379978179931,99.30733350118001
2022-05-10,103.91999816894531,103.9800033569336,103.5,103.7300033569336,0,96.00014976501465,99.43800010681153
2022-05-11,103.8499984741211,104.11000061035156,103.37000274658203,103.9000015258789,0,96.05724975585937,99.5626667022705
2022-05-12,104.8499984741211,104.93000030517578,103.87999725341797,104.01000213623047,0,96.11989974975586,99.7103333791097
2022-05-13,104.55999755859375,105.01000213623047,104.47000122070312,104.7699966430664,0,96.18339973449707,99.85800005594889
2022-05-16,104.19000244140625,104.63999938964844,104.13999938964844,104.47000122070312,0,96.24349975585938,99.99783337910971
2022-05-17,103.36000061035156,104.2300033569336,103.2300033569336,104.16999816894531,0,96.30004974365234,100.11983337402344
2022-05-18,103.80999755859375,103.93000030517578,103.19000244140625,103.33999633789062,0,96.35869972229004,100.24950002034505
2022-05-19,102.72000122070312,103.87999725341797,102.66000366210938,103.83000183105469,0,96.41094974517823,100.35833333333333
2022-05-20,103.1500015258789,103.26000213623047,102.7699966430664,102.9000015258789,0,96.46549976348876,100.45850003560385
2022-05-23,102.08000183105469,103.05000305175781,102.04000091552734,103.02999877929688,0,96.51189975738525,100.54950002034505
2022-05-24,101.86000061035156,102.31999969482422,101.6500015258789,102.11000061035156,0,96.5564497756958,100.6353333791097
2022-05-25,102.05999755859375,102.44999694824219,101.7300033569336,101.7699966430664,0,96.6014497756958,100.71283327738443
2022-05-26,101.83000183105469,102.2699966430664,101.73999786376953,102.0199966430664,0,96.64604976654053,100.78683331807454
2022-05-27,101.66999816894531,101.94000244140625,101.43000030517578,101.72000122070312,0,96.68919975280761,100.85149993896485
2022-05-31,101.75,102.16999816894531,101.41000366210938,101.44000244140625,0,96.73534976959229,100.90316658020019
2022-06-01,102.55000305175781,102.7300033569336,101.73999786376953,101.76000213623047,0,96.78494979858398,100.95749994913737
2022-06-02,101.7699966430664,102.62000274658203,101.73999786376953,102.55000305175781,0,96.82814979553223,101.00266660054525
2022-06-03,102.13999938964844,102.2300033569336,101.63999938964844,101.75,0,96.87314979553223,101.07216657002768
2022-06-06,102.44000244140625,102.47000122070312,101.8499984741211,102.16999816894531,0,96.91749980926514,101.13766657511393
2022-06-07,102.31999969482422,102.83999633789062,102.26000213623047,102.48999786376953,0,96.96159980773926,101.19099985758463
2022-06-08,102.54000091552734,102.77999877929688,102.2699966430664,102.38999938964844,0,97.00949981689453,101.24899991353352
2022-06-09,103.22000122070312,103.37000274658203,102.1500015258789,102.55999755859375,0,97.0611498260498,101.3181666056315
2022-06-10,104.1500015258789,104.2300033569336,103.05000305175781,103.33999633789062,0,97.11774982452393,101.41433334350586
2022-06-13,105.08000183105469,105.29000091552734,104.20999908447266,104.20999908447266,0,97.17784984588623,101.53216667175293
2022-06-14,105.5199966430664,105.6500015258789,104.62000274658203,105.19000244140625,0,97.24199981689453,101.65366655985514
2022-06-15,105.16000366210938,105.79000091552734,104.66000366210938,105.3499984741211,0,97.30454982757568,101.7646666208903
2022-06-16,103.62999725341797,105.48999786376953,103.41999816894531,104.9000015258789,0,97.35954982757568,101.85033327738444
2022-06-17,104.69999694824219,105.08999633789062,103.83000183105469,103.87999725341797,0,97.42079982757568,101.95166651407878
2022-06-21,104.44000244140625,104.54000091552734,103.94000244140625,104.44000244140625,0,97.48184982299804,102.04583320617675
2022-06-22,104.19999694824219,104.94999694824219,103.86000061035156,104.43000030517578,0,97.54264980316162,102.13566652933757
2022-06-23,104.43000030517578,104.7699966430664,104.05999755859375,104.20999908447266,0,97.60219982147217,102.22466659545898
2022-06-24,104.19000244140625,104.51000213623047,103.94999694824219,104.37999725341797,0,97.65989982604981,102.32116661071777
2022-06-27,103.94000244140625,104.20999908447266,103.66999816894531,104.12000274658203,0,97.71719982147216,102.4236666361491
2022-06-28,104.51000213623047,104.61000061035156,103.7699966430664,103.97000122070312,0,97.77684982299805,102.52700004577636
2022-06-29,105.11000061035156,105.1500015258789,104.36000061035156,104.45999908447266,0,97.8392998123169,102.63500010172525
2022-06-30,104.69000244140625,105.54000091552734,104.6500015258789,105.05999755859375,0,97.89949981689453,102.73000017801921
2022-07-01,105.13999938964844,105.63999938964844,104.73999786376953,104.77999877929688,0,97.96274982452393,102.82450014750162
2022-07-05,106.5,106.79000091552734,105.05000305175781,105.13999938964844,0,98.03094982147216,102.93950017293294
2022-07-06,107.0999984741211,107.26000213623047,106.36000061035156,106.48999786376953,0,98.10044982910156,103.06200014750162
2022-07-07,107.12999725341797,107.23999786376953,106.70999908447266,107.06999969482422,0,98.1698998260498,103.1841667175293
2022-07-08,107.01000213623047,107.79000091552734,106.80999755859375,107.04000091552734,0,98.23894985198974,103.30216674804687
2022-07-11,108.0199966430664,108.2699966430664,106.91999816894531,106.91999816894531,0,98.31174983978272,103.43100001017253
2022-07-12,108.06999969482422,108.55999755859375,107.83999633789062,108.18000030517578,0,98.38659984588622,103.56750005086263
2022-07-13,107.95999908447266,108.58000183105469,107.4800033569336,108.19000244140625,0,98.45974983215332,103.69483337402343
2022-07-14,108.54000091552734,109.29000091552734,108.19999694824219,108.19999694824219,0,98.53554985046387,103.82416674296061
2022-07-15,108.05999755859375,108.70999908447266,107.91000366210938,108.66999816894531,0,98.60699985504151,103.94250005086263
2022-07-18,107.37000274658203,108.04000091552734,106.88999938964844,107.9800033569336,0,98.67214988708496,104.05883344014485
2022-07-19,106.68000030517578,107.62999725341797,106.4000015258789,107.48999786376953,0,98.73429988861083,104.1605000813802
2022-07-20,107.08000183105469,107.26000213623047,106.38999938964844,106.66999816894531,0,98.79949989318848,104.2581667582194
2022-07-21,106.91000366210938,107.31999969482422,106.41999816894531,107.08999633789062,0,98.86499992370605,104.34416681925455
2022-07-22,106.7300033569336,107.36000061035156,106.11000061035156,106.58999633789062,0,98.92874992370605,104.41800015767416
2022-07-25,106.4800033569336,106.87999725341797,106.19000244140625,106.55000305175781,0,98.9897999572754,104.47683359781901
2022-07-26,107.19000244140625,107.27999877929688,106.19999694824219,106.44999694824219,0,99.0546499633789,104.53633359273275
2022-07-27,106.44999694824219,107.43000030517578,106.26000213623047,107.12999725341797,0,99.116549949646,104.59450022379558
2022-07-28,106.3499984741211,106.9800033569336,106.05999755859375,106.37000274658203,0,99.17669994354247,104.6380002339681
2022-07-29,105.9000015258789,106.66000366210938,105.54000091552734,106.20999908447266,0,99.23359996795654,104.67850023905436
2022-08-01,105.44999694824219,106.02999877929688,105.23999786376953,105.83000183105469,0,99.29044994354248,104.72616691589356
2022-08-02,106.23999786376953,106.33999633789062,105.05000305175781,105.36000061035156,0,99.35184993743897,104.76766688028971
2022-08-03,106.51000213623047,106.81999969482422,105.97000122070312,106.43000030517578,0,99.41469993591309,104.8151668548584
2022-08-04,105.69000244140625,106.51000213623047,105.66999816894531,106.4800033569336,0,99.47339996337891,104.84916687011719
2022-08-05,106.62000274658203,106.93000030517578,105.69000244140625,105.72000122070312,0,99.53754997253418,104.89416694641113
2022-08-08,106.44000244140625,106.80000305175781,106.08999633789062,106.58000183105469,0,99.60194999694824,104.93733367919921
2022-08-09,106.37000274658203,106.41000366210938,105.97000122070312,106.33999633789062,0,99.66495002746582,104.96266708374023
2022-08-10,105.19999694824219,106.4000015258789,104.63999938964844,106.33999633789062,0,99.72290000915527,104.97333374023438
2022-08-11,105.08999633789062,105.45999908447266,104.6500015258789,105.20999908447266,0,99.77930000305176,104.98833363850912
2022-08-12,105.62999725341797,105.87999725341797,105.08999633789062,105.16000366210938,0,99.83770000457764,105.02616691589355
2022-08-15,106.55000305175781,106.55000305175781,105.55000305175781,105.66999816894531,0,99.90115001678467,105.07183367411295
2022-08-16,106.5,106.94000244140625,106.31999969482422,106.4800033569336,0,99.96690002441406,105.1348336537679
2022-08-17,106.56999969482422,106.88999938964844,106.30999755859375,106.44999694824219,0,100.02915000915527,105.19183362325033
2022-08-18,107.4800033569336,107.55999755859375,106.51000213623047,106.68000030517578,0,100.09715003967285,105.28183364868164
2022-08-19,108.16999816894531,108.22000122070312,107.47000122070312,107.5,0,100.16755004882812,105.3870002746582
2022-08-22,109.05000305175781,109.0999984741211,108.08000183105469,108.0999984741211,0,100.24350006103515,105.50350036621094
2022-08-23,108.62000274658203,109.2699966430664,108.08000183105469,109.0,0,100.31485008239746,105.61666704813639
2022-08-24,108.68000030517578,109.11000061035156,108.36000061035156,108.5199966430664,0,100.38665008544922,105.73350041707357
2022-08-25,108.47000122070312,108.69000244140625,107.98999786376953,108.62999725341797,0,100.45875007629394,105.84550043741862
2022-08-26,108.80000305175781,108.87000274658203,107.58999633789062,108.47000122070312,0,100.53295009613038,105.9496671040853
2022-08-29,108.83999633789062,109.4800033569336,108.48999786376953,108.83999633789062,0,100.60290008544922,106.06750043233235
2022-08-30,108.7699966430664,109.11000061035156,108.29000091552734,108.69999694824219,0,100.67085006713867,106.178000386556
2022-08-31,108.69999694824219,109.19999694824219,108.37999725341797,108.75,0,100.73870006561279,106.28233362833659
2022-09-01,109.69000244140625,109.9800033569336,108.7699966430664,108.83999633789062,0,100.81010005950928,106.4051670074463
2022-09-02,109.52999877929688,109.72000122070312,108.93000030517578,109.63999938964844,0,100.87815006256103,106.52166697184245
2022-09-06,110.20999908447266,110.55000305175781,109.37999725341797,109.5999984741211,0,100.95005004882813,106.6381669362386
2022-09-07,109.83999633789062,110.79000091552734,109.54000091552734,110.31999969482422,0,101.02155002593994,106.73300018310547
2022-09-08,109.70999908447266,110.23999786376953,109.33000183105469,109.66999816894531,0,101.08975002288818,106.81016680399577
2022-09-09,109.0,109.54000091552734,108.36000061035156,109.54000091552734,0,101.15225002288818,106.86816685994467
2022-09-12,108.33000183105469,108.86000061035156,107.80999755859375,108.5999984741211,0,101.2114500427246,106.92100016276042
2022-09-13,109.81999969482422,109.95999908447266,107.68000030517578,108.2300033569336,0,101.27635005950928,107.02416687011718
2022-09-14,109.66000366210938,109.93000030517578,109.27999877929688,109.93000030517578,0,101.34420009613036,107.10683364868164
2022-09-15,109.73999786376953,109.91999816894531,109.41999816894531,109.61000061035156,0,101.41120010375977,107.19516690572102
2022-09-16,109.76000213623047,110.26000213623047,109.4800033569336,109.80000305175781,0,101.48005012512208,107.28783365885417
2022-09-19,109.73999786376953,110.18000030517578,109.48999786376953,109.63999938964844,0,101.54850009918214,107.37633361816407
2022-09-20,110.22000122070312,110.29000091552734,109.36000061035156,109.58000183105469,0,101.61895011901855,107.47683359781901
2022-09-21,110.63999938964844,111.58000183105469,110.12999725341797,110.16000366210938,0,101.69155010223389,107.58850021362305
2022-09-22,111.3499984741211,111.80999755859375,110.45999908447266,111.4800033569336,0,101.76685009002685,107.70250015258789
2022-09-23,113.19000244140625,113.2300033569336,111.08000183105469,111.23999786376953,0,101.85095008850098,107.83716684977213
2022-09-26,114.0999984741211,114.52999877929688,112.94000244140625,113.0199966430664,0,101.94200008392335,107.99400011698405
2022-09-27,114.11000061035156,114.47000122070312,113.33000183105469,114.0199966430664,0,102.03120010375977,108.1435001373291
2022-09-28,112.5999984741211,114.77999877929688,112.55999755859375,114.19000244140625,0,102.11395008087158,108.24516677856445
2022-09-29,112.25,113.79000091552734,111.91999816894531,113.01000213623047,0,102.19360008239747,108.3310001373291
2022-09-30,112.12000274658203,112.66999816894531,111.58000183105469,111.75,0,102.27135009765625,108.4141668955485
2022-10-03,111.75,112.54000091552734,111.47000122070312,112.16999816894531,0,102.3475500869751,108.49316685994467
2022-10-04,110.06999969482422,111.88999938964844,110.05999755859375,111.58999633789062,0,102.41770008087158,108.52733357747395
2022-10-05,111.06999969482422,111.73999786376953,110.08999633789062,110.2300033569336,0,102.49020008087159,108.57733357747396
2022-10-06,112.26000213623047,112.30999755859375,110.77999877929688,111.0199966430664,0,102.56875007629395,108.64900029500326
2022-10-07,112.80000305175781,112.87999725341797,111.94999694824219,112.25,0,102.65030010223389,108.72000033060709
2022-10-10,113.13999938964844,113.33000183105469,112.62000274658203,112.75,0,102.73560009002685,108.80466702779134
2022-10-11,113.22000122070312,113.5,112.41000366210938,113.08000183105469,0,102.82160011291504,108.90216700236003
2022-10-12,113.31999969482422,113.58999633789062,113.05000305175781,113.30999755859375,0,102.9077501296997,109.01283365885416
2022-10-13,112.36000061035156,113.91999816894531,112.1500015258789,113.23999786376953,0,102.98855014801025,109.10083363850912
2022-10-14,113.30999755859375,113.41999816894531,112.16000366210938,112.47000122070312,0,103.07545013427735,109.20750020345052
2022-10-17,112.04000091552734,113.22000122070312,111.91999816894531,113.22000122070312,0,103.15580013275147,109.29600016276042
2022-10-18,112.12999725341797,112.45999908447266,111.7699966430664,112.06999969482422,0,103.23810012817383,109.39016672770182
2022-10-19,112.9800033569336,113.0999984741211,111.91999816894531,111.91999816894531,0,103.32180015563965,109.48666674296061
2022-10-20,112.87999725341797,113.08999633789062,112.16999816894531,112.98999786376953,0,103.4047501373291,109.59383341471354
2022-10-21,112.01000213623047,113.94000244140625,111.69999694824219,112.94000244140625,0,103.48385013580322,109.68816680908203
2022-10-24,111.98999786376953,112.52999877929688,111.47000122070312,111.87999725341797,0,103.56255012512207,109.78966674804687
2022-10-25,110.94999694824219,112.12999725341797,110.76000213623047,111.81999969482422,0,103.63860012054444,109.88133341471354
2022-10-26,109.69999694824219,111.13999938964844,109.62999725341797,110.95999908447266,0,103.7071501159668,109.93900006612142
2022-10-27,110.58999633789062,110.62000274658203,109.54000091552734,109.62000274658203,0,103.78200008392334,110.00699996948242
2022-10-28,110.66999816894531,111.04000091552734,110.29000091552734,110.5,0,103.86035007476806,110.08999989827474
2022-10-31,111.52999877929688,111.66999816894531,110.66999816894531,110.66999816894531,0,103.94405006408691,110.17183316548666
2022-11-01,111.4800033569336,111.77999877929688,110.72000122070312,111.5199966430664,0,104.02560009002686,110.25583318074544
2022-11-02,111.3499984741211,112.1500015258789,110.43000030517578,111.54000091552734,0,104.1037000656128,110.33883310953776
2022-11-03,112.93000030517578,113.1500015258789,111.81999969482422,112.16999816894531,0,104.19080005645752,110.46766649881998
2022-11-04,110.87999725341797,112.98999786376953,110.72000122070312,112.97000122070312,0,104.26650005340576,110.56416651407878
2022-11-07,110.12000274658203,111.2699966430664,110.05000305175781,110.79000091552734,0,104.33890007019043,110.63899993896484
2022-11-08,109.62000274658203,110.61000061035156,109.37000274658203,110.05999755859375,0,104.4074000930786,110.69016660054525
2022-11-09,110.55000305175781,110.63999938964844,109.44999694824219,109.6500015258789,0,104.4804001235962,110.75766665140787
2022-11-10,108.20999908447266,110.98999786376953,107.70999908447266,110.30000305175781,0,104.5390001296997,110.78499997456869
2022-11-11,106.29000091552734,108.44000244140625,106.27999877929688,108.23999786376953,0,104.58415012359619,110.76516660054524
2022-11-14,106.66000366210938,107.2699966430664,106.4800033569336,106.4800033569336,0,104.63110015869141,110.74000002543131
2022-11-15,106.4000015258789,107.0999984741211,105.33999633789062,107.0,0,104.68040016174317,110.69583333333334
2022-11-16,106.27999877929688,106.77999877929688,105.86000061035156,106.58000183105469,0,104.7298501586914,110.65683326721191
2022-11-17,106.69000244140625,107.23999786376953,106.0999984741211,106.2699966430664,0,104.7836001586914,110.62366663614908
2022-11-18,106.93000030517578,107.04000091552734,106.33999633789062,106.69000244140625,0,104.84135017395019,110.59799995422364
2022-11-21,107.83999633789062,107.98999786376953,106.88999938964844,106.97000122070312,0,104.90315013885498,110.58199984232584
2022-11-22,107.22000122070312,107.75,107.12000274658203,107.69999694824219,0,104.96225013732911,110.55499992370605
2022-11-23,106.08000183105469,107.22000122070312,106.02999877929688,107.08000183105469,0,105.01445014953613,110.51016667683919
2022-11-25,105.95999908447266,106.41999816894531,105.69000244140625,105.95999908447266,0,105.06680015563965,110.46450004577636
2022-11-28,106.68000030517578,106.75,105.31999969482422,106.05999755859375,0,105.12245014190674,110.41433334350586
2022-11-29,106.81999969482422,106.87999725341797,106.05999755859375,106.56999969482422,0,105.17615013122558,110.36916669209798
2022-11-30,105.94999694824219,107.19999694824219,105.77999877929688,106.72000122070312,0,105.22405010223389,110.29816665649415
2022-12-01,104.7300033569336,105.9000015258789,104.66000366210938,105.69999694824219,0,105.2677501296997,110.21300010681152
2022-12-02,104.55000305175781,105.58999633789062,104.37999725341797,104.81999969482422,0,105.31200016021728,110.12700017293294
2022-12-05,105.29000091552734,105.4000015258789,104.11000061035156,104.51000213623047,0,105.35945014953613,110.0651668548584
2022-12-06,105.58000183105469,105.62999725341797,104.88999938964844,105.16000366210938,0,105.40715015411376,110.01933352152507
2022-12-07,105.0999984741211,105.81999969482422,104.87999725341797,105.62999725341797,0,105.45250015258789,109.94066683451335
2022-12-08,104.7699966430664,105.43000030517578,104.72000122070312,105.19999694824219,0,105.4954001235962,109.85916671752929
2022-12-09,104.80999755859375,105.13999938964844,104.4800033569336,104.86000061035156,0,105.53375011444092,109.77700004577636
2022-12-12,105.12999725341797,105.25,104.66999816894531,104.93000030517578,0,105.5763000869751,109.6998332977295
2022-12-13,103.9800033569336,105.0999984741211,103.58999633789062,104.98999786376953,0,105.6126501083374,109.60383338928223
2022-12-14,103.7699966430664,104.16000366210938,103.44999694824219,104.06999969482422,0,105.64445007324218,109.49633331298828
2022-12-15,104.55999755859375,104.87999725341797,103.54000091552734,103.66999816894531,0,105.68030006408691,109.39499994913737
2022-12-16,104.69999694824219,104.83999633789062,104.20999908447266,104.44999694824219,0,105.71485004425048,109.28416659037272
2022-12-19,104.72000122070312,104.93000030517578,104.12999725341797,104.83999633789062,0,105.7452000427246,109.142999903361
2022-12-20,103.97000122070312,104.79000091552734,103.77999877929688,104.7300033569336,0,105.76860004425049,108.97416661580404
2022-12-21,104.16000366210938,104.37999725341797,103.8499984741211,103.94999694824219,0,105.79410007476807,108.80833333333334
2022-12-22,104.43000030517578,104.5999984741211,103.75,104.22000122070312,0,105.82640007019043,108.67216669718424
2022-12-23,104.30999755859375,104.54000091552734,104.12000274658203,104.38999938964844,0,105.85540004730224,108.5398333231608
2022-12-27,104.18000030517578,104.4000015258789,103.88999938964844,104.12000274658203,0,105.88070003509522,108.40749994913737
2022-12-28,104.45999908447266,104.55999755859375,103.8499984741211,104.33000183105469,0,105.90770004272461,108.28599993387859
2022-12-29,103.83999633789062,104.44999694824219,103.77999877929688,104.37000274658203,0,105.93155002593994,108.18216654459636
2022-12-30,103.5199966430664,104.0999984741211,103.38999938964844,103.94999694824219,0,105.95725002288819,108.05633316040038
2023-01-03,104.5199966430664,104.86000061035156,103.47000122070312,103.66000366210938,0,105.98979999542236,107.92733306884766
2023-01-04,104.25,104.5999984741211,103.83000183105469,104.58000183105469,0,106.0198999786377,107.78483301798502
2023-01-05,105.04000091552734,105.2699966430664,103.98999786376953,104.06999969482422,0,106.05259998321533,107.64983304341634
2023-01-06,103.87999725341797,105.62999725341797,103.87000274658203,105.05000305175781,0,106.07954998016358,107.49416631062826
2023-01-09,103.0,103.94000244140625,102.94000244140625,103.91000366210938,0,106.10144996643066,107.32216631571451
2023-01-10,103.23999786376953,103.48999786376953,103.02999877929688,103.29000091552734,0,106.12369995117187,107.17016626993815
2023-01-11,103.19000244140625,103.4800033569336,103.11000061035156,103.22000122070312,0,106.14559997558594,107.00149968465169
2023-01-12,102.25,103.29000091552734,102.08000183105469,103.05999755859375,0,106.16139999389648,106.83833300272623
2023-01-13,102.19999694824219,102.6500015258789,101.98999786376953,102.20999908447266,0,106.1803999710083,106.67283299763997
2023-01-17,102.38999938964844,102.55999755859375,101.94000244140625,102.31999969482422,0,106.2033999633789,106.49633293151855
2023-01-18,102.36000061035156,102.9000015258789,101.52999877929688,102.47000122070312,0,106.2236499786377,106.32099965413411
2023-01-19,102.05999755859375,102.4800033569336,101.98999786376953,102.37999725341797,0,106.24079998016357,106.15516624450683
2023-01-20,102.01000213623047,102.55000305175781,101.94000244140625,102.08000183105469,0,106.25590000152587,105.98883298238118
2023-01-23,102.13999938964844,102.27999877929688,101.58999633789062,101.98999786376953,0,106.2692499923706,105.84199968973796
2023-01-24,101.91999816894531,102.43000030517578,101.72000122070312,101.98999786376953,0,106.28084999084473,105.71233304341634
2023-01-25,101.63999938964844,102.12000274658203,101.58000183105469,102.01000213623047,0,106.29029998779296,105.5631664276123
2023-01-26,101.83999633789062,102.18000030517578,101.5,101.58000183105469,0,106.30049995422364,105.41599973042806
2023-01-27,101.93000030517578,102.19000244140625,101.68000030517578,101.72000122070312,0,106.31049995422363,105.25599975585938
2023-01-30,102.27999877929688,102.30999755859375,101.66000366210938,101.91999816894531,0,106.32044994354249,105.1026663462321
2023-01-31,102.0999984741211,102.61000061035156,102.01000213623047,102.19000244140625,0,106.33154994964599,104.94849967956543
2023-02-01,101.22000122070312,102.19000244140625,101.04000091552734,102.0999984741211,0,106.33604995727539,104.75333302815756
2023-02-02,101.75,101.91000366210938,100.81999969482422,100.8499984741211,0,106.3408999633789,104.60116640726726
2023-02-03,102.91999816894531,103.01000213623047,101.55000305175781,101.83000183105469,0,106.35069995880127,104.48116633097331
2023-02-06,103.62000274658203,103.7699966430664,103.01000213623047,103.01000213623047,0,106.36684997558594,104.3811663309733
2023-02-07,103.43000030517578,103.95999908447266,103.0,103.54000091552734,0,106.38109996795654,104.26249961853027
2023-02-08,103.41000366210938,103.5199966430664,103.0,103.2699966430664,0,106.39204998016358,104.18249969482422
2023-02-09,103.22000122070312,103.55000305175781,102.63999938964844,103.43000030517578,0,106.39939998626708,104.13133303324382
2023-02-10,103.62999725341797,103.68000030517578,102.9000015258789,103.26000213623047,0,106.40604995727539,104.0808329264323
2023-02-13,103.3499984741211,103.83999633789062,103.23999786376953,103.58000183105469,0,106.40804996490479,104.02999954223633
2023-02-14,103.2300033569336,103.5199966430664,102.58999633789062,103.22000122070312,0,106.40609996795655,103.97916628519694
2023-02-15,103.91999816894531,104.11000061035156,103.16000366210938,103.20999908447266,0,106.41089996337891,103.9329995473226
2023-02-16,103.86000061035156,104.2300033569336,103.52999877929688,103.87999725341797,0,106.41149997711182,103.88183288574218
2023-02-17,103.86000061035156,104.66999816894531,103.83999633789062,104.19999694824219,0,106.41344997406006,103.81549962361653
2023-02-21,104.18000030517578,104.26000213623047,103.7699966430664,103.91000366210938,0,106.42139999389649,103.76483294169108
2023-02-22,104.58999633789062,104.5999984741211,104.01000213623047,104.12999725341797,0,106.42559997558594,103.73999951680501
2023-02-23,104.5999984741211,104.77999877929688,104.30999755859375,104.5,0,106.430299949646,103.71733283996582
2023-02-24,105.20999908447266,105.31999969482422,104.41999816894531,104.55999755859375,0,106.43809993743896,103.69283281962076
2023-02-27,104.66999816894531,105.36000061035156,104.55000305175781,105.26000213623047,0,106.44184993743896,103.65699946085611
2023-02-28,104.87000274658203,105.0,104.41999816894531,104.62999725341797,0,106.44694995880127,103.63899955749511
2023-03-01,104.4800033569336,105.08999633789062,104.08999633789062,105.04000091552734,0,106.44509998321533,103.63483289082845
2023-03-02,105.02999877929688,105.18000030517578,104.38999938964844,104.38999938964844,0,106.44744998931884,103.64283281962076
2023-03-03,104.5199966430664,105.0,104.48999786376953,104.94000244140625,0,106.44909996032715,103.62999941507975
2023-03-06,104.3499984741211,104.69000244140625,104.16000366210938,104.52999877929688,0,106.45404994964599,103.60949935913087
2023-03-07,105.62000274658203,105.6500015258789,104.12000274658203,104.30000305175781,0,106.46309997558593,103.61816609700521
2023-03-08,105.66000366210938,105.87999725341797,105.37000274658203,105.66999816894531,0,106.47779998779296,103.6329995473226
2023-03-09,105.30999755859375,105.7300033569336,105.1500015258789,105.62000274658203,0,106.48859996795655,103.64133288065592
2023-03-10,104.58000183105469,105.3499984741211,104.04000091552734,105.12999725341797,0,106.50109996795655,103.63216629028321
2023-03-13,103.5999984741211,104.38999938964844,103.4800033569336,104.38999938964844,0,106.50979995727539,103.62583287556966
2023-03-14,103.5999984741211,104.05000305175781,103.5,103.66999816894531,0,106.51749996185303,103.62299957275391
2023-03-15,104.6500015258789,105.0999984741211,103.44000244140625,103.73999786376953,0,106.53159996032714,103.62449963887532
2023-03-16,104.41999816894531,104.73999786376953,104.19999694824219,104.62000274658203,0,106.54534996032714,103.61983299255371
2023-03-17,103.70999908447266,104.44999694824219,103.69000244140625,104.41000366210938,0,106.55514995574951,103.60299962361654
2023-03-20,103.27999877929688,103.95999908447266,103.27999877929688,103.86000061035156,0,106.55879993438721,103.59149958292643
2023-03-21,103.26000213623047,103.5199966430664,103.0,103.30999755859375,0,106.56624996185303,103.57649955749511
2023-03-22,102.3499984741211,103.2699966430664,102.06999969482422,103.19999694824219,0,106.5672999572754,103.54183286031088
2023-03-23,102.52999877929688,102.63999938964844,101.91999816894531,102.5,0,106.56774993896484,103.51216621398926
2023-03-24,103.12000274658203,103.36000061035156,102.5,102.5999984741211,0,106.57174995422363,103.4944995880127
2023-03-27,102.86000061035156,103.2300033569336,102.83000183105469,103.12000274658203,0,106.57334995269775,103.46783294677735
2023-03-28,102.43000030517578,102.76000213623047,102.37999725341797,102.75,0,106.56939994812012,103.44433301289877
2023-03-29,102.63999938964844,102.79000091552734,102.37000274658203,102.48999786376953,0,106.56184993743896,103.42966639200846
2023-03-30,102.13999938964844,102.77999877929688,102.06999969482422,102.62000274658203,0,106.54714992523193,103.38999977111817
2023-03-31,102.51000213623047,102.62999725341797,102.05000305175781,102.19999694824219,0,106.53209995269775,103.360999806722
2023-04-03,102.08999633789062,103.05999755859375,101.9800033569336,102.58999633789062,0,106.51674991607666,103.3118330637614
2023-04-04,101.58999633789062,102.27999877929688,101.45999908447266,102.01000213623047,0,106.50654991149902,103.27366638183594
2023-04-05,101.8499984741211,101.98999786376953,101.41999816894531,101.5199966430664,0,106.49229991912841,103.25449968973795
2023-04-06,101.81999969482422,102.13999938964844,101.76000213623047,101.83000183105469,0,106.4791999053955,103.23083305358887
2023-04-10,102.58000183105469,102.80999755859375,101.98999786376953,102.0999984741211,0,106.47109992980957,103.22066637674968
2023-04-11,102.19999694824219,102.5199966430664,102.01000213623047,102.5199966430664,0,106.4599499130249,103.2198329925537
2023-04-12,101.5,102.16000366210938,101.44999694824219,102.12999725341797,0,106.44649990081787,103.20816637674967
2023-04-13,101.01000213623047,101.5999984741211,100.8499984741211,101.47000122070312,0,106.43184989929199,103.18516642252604
2023-04-14,101.55000305175781,101.75,100.79000091552734,101.0,0,106.41704990386962,103.17166646321614
2023-04-17,102.0999984741211,102.2300033569336,101.52999877929688,101.58000183105469,0,106.40199989318847,103.17233314514161
2023-04-18,101.75,102.13999938964844,101.63999938964844,102.0999984741211,0,106.38729988098144,103.16799977620443
2023-04-19,101.97000122070312,102.2300033569336,101.66000366210938,101.70999908447266,0,106.37144989013672,103.16516647338867
2023-04-20,101.83999633789062,102.12999725341797,101.62999725341797,101.98999786376953,0,106.34814987182617,103.16383310953776
2023-04-21,101.81999969482422,102.12000274658203,101.6500015258789,101.80000305175781,0,106.32174987792969,103.16683311462403
2023-04-24,101.3499984741211,101.91000366210938,101.33000183105469,101.72000122070312,0,106.2928498840332,103.15866648356119
2023-04-25,101.86000061035156,101.94999694824219,101.19999694824219,101.26000213623047,0,106.2670998764038,103.15749982198079
2023-04-26,101.47000122070312,101.88999938964844,101.01000213623047,101.81999969482422,0,106.234349899292,103.1439998626709
2023-04-27,101.5,101.80000305175781,101.27999877929688,101.4000015258789,0,106.20149990081786,103.13399988810221
2023-04-28,101.66999816894531,102.16999816894531,101.41999816894531,101.47000122070312,0,106.17004989624023,103.14149983723958
2023-05-01,102.1500015258789,102.19000244140625,101.62000274658203,101.66999816894531,0,106.13809989929199,103.14816652933756
2023-05-02,101.95999908447266,102.4000015258789,101.87999725341797,102.1500015258789,0,106.1075999069214,103.13216654459636
2023-05-03,101.33999633789062,101.91999816894531,101.06999969482422,101.86000061035156,0,106.07744987487793,103.09416643778484
2023-05-04,101.4000015258789,101.63999938964844,101.02999877929688,101.19999694824219,0,106.05104988098145,103.06033312479654
2023-05-05,101.20999908447266,101.77999877929688,101.12000274658203,101.33999633789062,0,106.02169986724853,103.02366638183594
2023-05-08,101.37000274658203,101.41999816894531,101.04000091552734,101.27999877929688,0,105.9939998626709,102.99283307393392
2023-05-09,101.63999938964844,101.83999633789062,101.36000061035156,101.4000015258789,0,105.96854984283448,102.9596664428711
2023-05-10,101.4800033569336,101.80999755859375,101.22000122070312,101.62000274658203,0,105.94354984283447,102.92849985758464
2023-05-11,102.05999755859375,102.1500015258789,101.30000305175781,101.41000366210938,0,105.91789981842041,102.90899976094563
2023-05-12,102.68000030517578,102.70999908447266,101.94000244140625,102.0999984741211,0,105.89904983520508,102.88833312988281
2023-05-15,102.43000030517578,102.75,102.37999725341797,102.70999908447266,0,105.87944984436035,102.86449979146322
2023-05-16,102.55999755859375,102.69000244140625,102.19999694824219,102.43000030517578,0,105.86274982452393,102.84283307393392
2023-05-17,102.87999725341797,103.11000061035156,102.54000091552734,102.61000061035156,0,105.8498998260498,102.82116635640462
2023-05-18,103.58000183105469,103.62000274658203,102.80000305175781,102.91000366210938,0,105.83659984588623,102.80433311462403
2023-05-19,103.19999694824219,103.62000274658203,103.0,103.51000213623047,0,105.82004981994629,102.78099975585937
2023-05-22,103.19999694824219,103.37000274658203,102.95999908447266,103.19000244140625,0,105.80759979248047,102.74749972025553
2023-05-23,103.48999786376953,103.6500015258789,103.16000366210938,103.2699966430664,0,105.7919497680664,102.7278330485026
2023-05-24,103.88999938964844,103.91000366210938,103.3499984741211,103.54000091552734,0,105.77919975280761,102.71149965922038
2023-05-25,104.20999908447266,104.30999755859375,103.83999633789062,103.86000061035156,0,105.76839973449707,102.70699958801269
2023-05-26,104.20999908447266,104.41999816894531,103.8499984741211,104.2300033569336,0,105.76344974517822,102.69333292643229
2023-05-30,104.16999816894531,104.52999877929688,103.87999725341797,104.30000305175781,0,105.7588497543335,102.68749961853027
2023-05-31,104.31999969482422,104.69999694824219,104.01000213623047,104.05000305175781,0,105.75229976654053,102.68699963887532
2023-06-01,103.55999755859375,104.5,103.5,104.1500015258789,0,105.7373497390747,102.65266621907553
2023-06-02,104.0199966430664,104.08999633789062,103.37999725341797,103.55999755859375,0,105.72494972229003,102.62533276875814
2023-06-05,104.0,104.4000015258789,103.93000030517578,104.04000091552734,0,105.71209972381592,102.6034994761149
2023-06-06,104.12999725341797,104.37000274658203,103.81999969482422,104.01000213623047,0,105.69534969329834,102.59599939982097
2023-06-07,104.0999984741211,104.30000305175781,103.66000366210938,104.12000274658203,0,105.67499969482422,102.6043327331543
2023-06-08,103.33999633789062,104.06999969482422,103.30000305175781,104.06999969482422,0,105.64644966125488,102.59999936421713
2023-06-09,103.55999755859375,103.61000061035156,103.30000305175781,103.30000305175781,0,105.62114963531494,102.58183263142904
2023-06-12,103.62999725341797,103.76000213623047,103.23999786376953,103.55000305175781,0,105.59589962005616,102.56866594950358
2023-06-13,103.33999633789062,103.62000274658203,103.05000305175781,103.58000183105469,0,105.5702495956421,102.56249923706055
2023-06-14,103.01000213623047,103.4000015258789,102.66000366210938,103.31999969482422,0,105.54129959106446,102.55799929300944
2023-06-15,102.12000274658203,103.37999725341797,102.08999633789062,102.95999908447266,0,105.50769962310791,102.53899930318197
2023-06-16,102.30000305175781,102.43000030517578,102.01000213623047,102.12000274658203,0,105.47534965515136,102.53816604614258
2023-06-20,102.54000091552734,102.79000091552734,102.31999969482422,102.4800033569336,0,105.4445496749878,102.53833274841308
2023-06-21,102.06999969482422,102.70999908447266,102.0199966430664,102.5,0,105.40644966125488,102.52083269755046
2023-06-22,102.38999938964844,102.47000122070312,101.91999816894531,102.02999877929688,0,105.37074966430664,102.51299934387207
2023-06-23,102.9000015258789,103.16999816894531,102.37999725341797,102.37999725341797,0,105.33419967651368,102.52083269755046
2023-06-26,102.69000244140625,102.83000183105469,102.61000061035156,102.83000183105469,0,105.29844970703125,102.52166608174642
2023-06-27,102.48999786376953,102.80000305175781,102.31999969482422,102.73999786376953,0,105.26234970092773,102.52749938964844
2023-06-28,102.91000366210938,103.1500015258789,102.47000122070312,102.51000213623047,0,105.23189971923829,102.53416608174642
2023-06-29,103.33999633789062,103.44000244140625,102.77999877929688,102.95999908447266,0,105.20694969177246,102.55499941507975
2023-06-30,102.91000366210938,103.54000091552734,102.75,103.3499984741211,0,105.17239971160889,102.57699953715006
2023-07-03,102.98999786376953,103.2699966430664,102.75,102.91999816894531,0,105.13904968261718,102.59599952697754
2023-07-05,103.37000274658203,103.38999938964844,102.95999908447266,103.08000183105469,0,105.10719970703126,102.6218329111735
2023-07-06,103.16999816894531,103.56999969482422,102.91999816894531,103.3499984741211,0,105.07424968719482,102.63166618347168
2023-07-07,102.2699966430664,103.19000244140625,102.2300033569336,103.08000183105469,0,105.03689968109131,102.63283284505208
2023-07-10,101.97000122070312,102.55999755859375,101.94999694824219,102.29000091552734,0,104.99564968109131,102.64066619873047
2023-07-11,101.7300033569336,101.97000122070312,101.6500015258789,101.94000244140625,0,104.95109970092773,102.65266621907553
2023-07-12,100.5199966430664,101.61000061035156,100.51000213623047,101.58999633789062,0,104.89694969177246,102.63549944559733
2023-07-13,99.7699966430664,100.61000061035156,99.73999786376953,100.5199966430664,0,104.82984966278076,102.59666608174642
2023-07-14,99.91000366210938,100.0199966430664,99.58000183105469,99.75,0,104.7588996887207,102.56599947611491
2023-07-17,99.83999633789062,100.18000030517578,99.75,99.95999908447266,0,104.6875496673584,102.5304993947347
2023-07-18,99.94000244140625,100.11000061035156,99.58999633789062,99.88999938964844,0,104.62424968719482,102.4988328297933
2023-07-19,100.27999877929688,100.54000091552734,99.93000030517578,99.9800033569336,0,104.5643996810913,102.47316614786784
2023-07-20,100.87999725341797,100.97000122070312,100.0199966430664,100.27999877929688,0,104.50819965362548,102.46533279418945
2023-07-21,101.06999969482422,101.19000244140625,100.72000122070312,100.77999877929688,0,104.45479965209961,102.452166112264
2023-07-24,101.3499984741211,101.43000030517578,100.88999938964844,101.08999633789062,0,104.41119964599609,102.45016606648763
2023-07-25,101.3499984741211,101.6500015258789,101.19000244140625,101.41999816894531,0,104.36259963989258,102.44766604105631
2023-07-26,100.88999938964844,101.44000244140625,100.86000061035156,101.31999969482422,0,104.30574962615967,102.43466606140137
2023-07-27,101.7699966430664,101.83999633789062,100.55000305175781,101.11000061035156,0,104.25059959411621,102.42833264668782
2023-07-28,101.62000274658203,102.04000091552734,101.36000061035156,101.69000244140625,0,104.19299961090088,102.42266604105632
2023-07-31,101.86000061035156,101.91000366210938,101.52999877929688,101.69999694824219,0,104.13619960784912,102.43133277893067
2023-08-01,102.30000305175781,102.43000030517578,101.8499984741211,101.87000274658203,0,104.0810996246338,102.44633280436197
2023-08-02,102.58999633789062,102.77999877929688,101.95999908447266,101.95999908447266,0,104.03224960327148,102.46933275858561
2023-08-03,102.54000091552734,102.83999633789062,102.37000274658203,102.58999633789062,0,103.97839962005615,102.48883272806803
2023-08-04,102.0199966430664,102.62000274658203,101.73999786376953,102.44999694824219,0,103.92829959869385,102.495166015625
2023-08-07,102.05000305175781,102.37999725341797,101.97000122070312,102.01000213623047,0,103.87789962768555,102.50466601053874
2023-08-08,102.52999877929688,102.80000305175781,102.06999969482422,102.06999969482422,0,103.82564960479736,102.51249936421712
2023-08-09,102.48999786376953,102.58000183105469,102.29000091552734,102.55000305175781,0,103.77369960784912,102.50933265686035
2023-08-10,102.5199966430664,102.6500015258789,101.77999877929688,102.4800033569336,0,103.7262495803833,102.51083259582519
2023-08-11,102.83999633789062,102.91000366210938,102.41999816894531,102.62000274658203,0,103.6804995727539,102.51549924214682
2023-08-14,103.19000244140625,103.45999908447266,102.7699966430664,102.8499984741211,0,103.64169960021972,102.52066599527994
2023-08-15,103.20999908447266,103.2699966430664,102.81999969482422,103.1500015258789,0,103.60924961090087,102.51449928283691
2023-08-16,103.41999816894531,103.52999877929688,102.94000244140625,103.20999908447266,0,103.57339962005615,102.51816596984864
2023-08-17,103.44000244140625,103.5999984741211,103.05999755859375,103.4800033569336,0,103.53724964141846,102.52216606140136
2023-08-18,103.37999725341797,103.68000030517578,103.2300033569336,103.4000015258789,0,103.49649963378906,102.52033271789551
2023-08-21,103.33000183105469,103.5,103.13999938964844,103.43000030517578,0,103.45574962615967,102.51099942525228
2023-08-22,103.55999755859375,103.72000122070312,103.01000213623047,103.33000183105469,0,103.41679962158203,102.50016606648764
2023-08-23,103.36000061035156,103.9800033569336,103.30000305175781,103.58000183105469,0,103.36894962310791,102.48599942525227
2023-08-24,103.9800033569336,104.02999877929688,103.2699966430664,103.36000061035156,0,103.33444965362548,102.48283284505209
2023-08-25,104.08000183105469,104.44999694824219,103.73999786376953,104.0999984741211,0,103.30424964904785,102.47883288065593
2023-08-28,104.05999755859375,104.20999908447266,103.9800033569336,104.19000244140625,0,103.27644962310791,102.48716621398925
2023-08-29,103.55000305175781,104.36000061035156,103.37000274658203,103.91999816894531,0,103.24144962310791,102.47933298746744
2023-08-30,103.16000366210938,103.69999694824219,102.94000244140625,103.44000244140625,0,103.2161996459961,102.4653330485026
2023-08-31,103.62000274658203,103.73999786376953,103.01000213623047,103.0999984741211,0,103.20284965515137,102.45683314005534
2023-09-01,104.23999786376953,104.29000091552734,103.2699966430664,103.62000274658203,0,103.19074962615967,102.45916646321615
2023-09-05,104.80999755859375,104.91000366210938,104.11000061035156,104.12999725341797,0,103.18279960632324,102.4836664835612
2023-09-06,104.86000061035156,105.0199966430664,104.58999633789062,104.75,0,103.17569961547852,102.5053332010905
2023-09-07,105.05999755859375,105.16000366210938,104.80000305175781,104.86000061035156,0,103.16754959106446,102.52916653951009
2023-09-08,105.08999633789062,105.0999984741211,104.66000366210938,105.05999755859375,0,103.15834957122803,102.55833320617675
2023-09-11,104.56999969482422,104.94000244140625,104.41999816894531,104.94000244140625,0,103.1419995880127,102.58433316548665
2023-09-12,104.70999908447266,104.91999816894531,104.45999908447266,104.55999755859375,0,103.12944957733154,102.62749977111817
2023-09-13,104.7699966430664,104.97000122070312,104.51000213623047,104.58000183105469,0,103.1228995513916,102.66866633097331
2023-09-14,105.41000366210938,105.44000244140625,104.55999755859375,104.73999786376953,0,103.12014957427978,102.71649971008301
2023-09-15,105.31999969482422,105.41000366210938,105.08000183105469,105.37999725341797,0,103.11334957122803,102.77066637674967
2023-09-18,105.19999694824219,105.36000061035156,105.0199966430664,105.30000305175781,0,103.10524955749511,102.8174996693929
2023-09-19,105.19999694824219,105.20999908447266,104.81999969482422,105.08000183105469,0,103.10149955749512,102.85583292643229
2023-09-20,105.16000366210938,105.44000244140625,104.66999816894531,105.11000061035156,0,103.103649559021,102.89699961344401
2023-09-21,105.36000061035156,105.73999786376953,105.27999877929688,105.44000244140625,0,103.10769954681396,102.94483299255371
2023-09-22,105.58000183105469,105.77999877929688,105.31999969482422,105.37999725341797,0,103.1091495513916,102.98933296203613
2023-09-25,106.0,106.0999984741211,105.5199966430664,105.56999969482422,0,103.11124954223632,103.03366635640462
2023-09-26,106.2300033569336,106.26000213623047,105.86000061035156,105.94000244140625,0,103.11689956665039,103.0889996846517
2023-09-27,106.66999816894531,106.83999633789062,106.16999816894531,106.22000122070312,0,103.12639957427979,103.15033302307128
2023-09-28,106.22000122070312,106.76000213623047,106.0199966430664,106.68000030517578,0,103.13344959259034,103.19783299763998
2023-09-29,106.16999816894531,106.23999786376953,105.66000366210938,106.1500015258789,0,103.13864959716797,103.24783299763997
2023-10-02,106.9000015258789,107.02999877929688,106.04000091552734,106.16999816894531,0,103.1532495880127,103.32499974568685
2023-10-03,107.0,107.3499984741211,106.91000366210938,107.02999877929688,0,103.16939960479736,103.40883305867513
2023-10-04,106.80000305175781,107.23999786376953,106.51000213623047,107.05999755859375,0,103.18059963226318,103.49333305358887
2023-10-05,106.33000183105469,106.86000061035156,106.31999969482422,106.7699966430664,0,103.18874965667725,103.59016647338868
2023-10-06,106.04000091552734,106.97000122070312,105.94999694824219,106.36000061035156,0,103.19534965515136,103.69466654459636
2023-10-09,106.08000183105469,106.5999984741211,106.0199966430664,106.0999984741211,0,103.20589965820312,103.79749984741211
2023-10-10,105.83000183105469,106.25,105.66000366210938,106.02999877929688,0,103.21424964904786,103.89733327229818
2023-10-11,105.81999969482422,106.01000213623047,105.55999755859375,105.7300033569336,0,103.2211996459961,103.99533322652181
2023-10-12,106.56999969482422,106.5999984741211,105.54000091552734,105.66999816894531,0,103.23249965667725,104.10016657511393
2023-10-13,106.6500015258789,106.79000091552734,106.29000091552734,106.5199966430664,0,103.24484966278077,104.19633331298829
2023-10-16,106.23999786376953,106.62999725341797,106.18000030517578,106.58000183105469,0,103.25374965667724,104.28249994913737
2023-10-17,106.25,106.52999877929688,106.0199966430664,106.26000213623047,0,103.26579967498779,104.36416664123536
2023-10-18,106.56999969482422,106.63999938964844,106.01000213623047,106.22000122070312,0,103.28104969024658,104.4511666615804
2023-10-19,106.25,106.66999816894531,105.9800033569336,106.54000091552734,0,103.28969970703125,104.54050000508626
2023-10-20,106.16000366210938,106.41999816894531,106.06999969482422,106.26000213623047,0,103.2992497253418,104.61366678873698
2023-10-23,105.54000091552734,106.33000183105469,105.5199966430664,106.16000366210938,0,103.3017497253418,104.67900009155274
2023-10-24,106.2699966430664,106.31999969482422,105.36000061035156,105.61000061035156,0,103.31369972229004,104.75250002543132
2023-10-25,106.52999877929688,106.56999969482422,106.13999938964844,106.25,0,103.33134971618652,104.82299995422363
2023-10-26,106.5999984741211,106.88999938964844,106.52999877929688,106.58000183105469,0,103.34814971923828,104.8898333231608
2023-10-27,106.55999755859375,106.80000305175781,106.31999969482422,106.58999633789062,0,103.36499969482422,104.95683326721192
2023-10-30,106.12000274658203,106.69999694824219,106.05999755859375,106.58000183105469,0,103.38434970855712,105.02516670227051
2023-10-31,106.66000366210938,106.86000061035156,105.91000366210938,106.16000366210938,0,103.40664974212646,105.10200004577636
2023-11-01,106.87999725341797,107.11000061035156,106.61000061035156,106.66999816894531,0,103.42909973144532,105.17450002034505
2023-11-02,106.12000274658203,106.51000213623047,105.80999755859375,106.5,0,103.44789974212647,105.23500010172526
2023-11-03,105.0199966430664,106.22000122070312,104.94000244140625,106.19999694824219,0,103.46269973754883,105.27666676839193
2023-11-06,105.22000122070312,105.29000091552734,104.8499984741211,105.06999969482422,0,103.4787497329712,105.3163335164388
2023-11-07,105.54000091552734,105.77999877929688,105.2699966430664,105.2699966430664,0,103.49574974060059,105.35550015767416
2023-11-08,105.58999633789062,105.87000274658203,105.44999694824219,105.54000091552734,0,103.51409973144531,105.39516677856446
2023-11-09,105.91000366210938,105.97000122070312,105.37999725341797,105.52999877929688,0,103.53544975280762,105.4366668701172
2023-11-10,105.86000061035156,106.01000213623047,105.73999786376953,105.93000030517578,0,103.55554977416992,105.47700017293295
2023-11-13,105.66000366210938,105.95999908447266,105.58999633789062,105.80000305175781,0,103.5741997909546,105.51500027974447
2023-11-14,104.11000061035156,105.7300033569336,103.98999786376953,105.6500015258789,0,103.58334980010986,105.52800025939942
2023-11-15,104.38999938964844,104.51000213623047,103.9800033569336,104.37999725341797,0,103.5947998046875,105.54183362325033
2023-11-16,104.37000274658203,104.55999755859375,104.01000213623047,104.36000061035156,0,103.61054981231689,105.5586669921875
2023-11-17,103.81999969482422,104.55000305175781,103.80999755859375,104.4000015258789,0,103.62089981079102,105.55600026448568
2023-11-20,103.47000122070312,103.97000122070312,103.37999725341797,103.81999969482422,0,103.6236498260498,105.54583358764648
2023-11-21,103.58999633789062,103.70999908447266,103.18000030517578,103.47000122070312,0,103.62349979400635,105.5380002339681
2023-11-22,103.91999816894531,104.20999908447266,103.4800033569336,103.55000305175781,0,103.6259497833252,105.54416681925456
2023-11-24,103.4000015258789,103.83999633789062,103.36000061035156,103.75,0,103.62589977264405,105.54816678365071
2023-11-27,103.19999694824219,103.52999877929688,103.19000244140625,103.41999816894531,0,103.62579975128173,105.54116668701172
2023-11-28,102.75,103.31999969482422,102.61000061035156,103.12999725341797,0,103.62139976501464,105.51633338928222
2023-11-29,102.7699966430664,103.01000213623047,102.47000122070312,102.6500015258789,0,103.61849975585938,105.48233337402344
2023-11-30,103.5,103.58999633789062,102.72000122070312,102.83000183105469,0,103.61984973907471,105.45966669718425
2023-12-01,103.2699966430664,103.72000122070312,103.12000274658203,103.36000061035156,0,103.61659973144532,105.42983334859213
2023-12-04,103.63999938964844,103.8499984741211,103.05999755859375,103.19000244140625,0,103.61549972534179,105.40566673278809
2023-12-05,104.05000305175781,104.08999633789062,103.55000305175781,103.55999755859375,0,103.61644973754883,105.39700012207031
2023-12-06,104.1500015258789,104.2300033569336,103.87000274658203,103.98999786376953,0,103.61629974365235,105.38766682942709
2023-12-07,103.54000091552734,104.19999694824219,103.2699966430664,104.11000061035156,0,103.61104976654053,105.36716690063477
2023-12-08,104.01000213623047,104.26000213623047,103.44000244140625,103.63999938964844,0,103.60809978485108,105.34383354187011
2023-12-11,104.0999984741211,104.26000213623047,103.93000030517578,103.9800033569336,0,103.60254978179931,105.32350018819173
2023-12-12,103.87000274658203,104.0999984741211,103.48999786376953,104.02999877929688,0,103.5985498046875,105.30133361816407
2023-12-13,102.87000274658203,104.02999877929688,102.77999877929688,103.81999969482422,0,103.5885498046875,105.26250038146972
2023-12-14,101.95999908447266,102.80000305175781,101.7699966430664,102.77999877929688,0,103.5759497833252,105.20916697184245
2023-12-15,102.55000305175781,102.63999938964844,101.83999633789062,102.0999984741211,0,103.5635498046875,105.16233367919922
2023-12-18,102.51000213623047,102.62999725341797,102.37999725341797,102.58999633789062,0,103.55349983215332,105.11116701761881
2023-12-19,102.16999816894531,102.62999725341797,102.06999969482422,102.47000122070312,0,103.54259983062744,105.04733365376791
2023-12-20,102.41000366210938,102.54000091552734,102.16000366210938,102.19000244140625,0,103.52654983520507,104.9836669921875
2023-12-21,101.83999633789062,102.44999694824219,101.73999786376953,102.38999938964844,0,103.50744979858399,104.90316696166992
2023-12-22,101.69999694824219,101.9000015258789,101.43000030517578,101.76000213623047,0,103.48939979553222,104.82783355712891
2023-12-26,101.47000122070312,101.7699966430664,101.44999694824219,101.6500015258789,0,103.47384979248046,104.7495002746582
2023-12-27,100.98999786376953,101.56999969482422,100.83000183105469,101.55000305175781,0,103.4607997894287,104.65100021362305
2023-12-28,101.2300033569336,101.30000305175781,100.62000274658203,100.87000274658203,0,103.44894981384277,104.55483360290528
2023-12-29,101.33000183105469,101.41999816894531,101.06999969482422,101.19999694824219,0,103.43234981536865,104.46366691589355
2024-01-02,102.19999694824219,102.25,101.33999633789062,101.41999816894531,0,103.42124980926513,104.39483350118002
2024-01-03,102.45999908447266,102.7300033569336,102.08000183105469,102.1500015258789,0,103.41499980926514,104.33516680399576
2024-01-04,102.41999816894531,102.52999877929688,102.1500015258789,102.45999908447266,0,103.41069980621337,104.27416674296062
2024-01-05,102.41000366210938,103.0999984741211,101.91000366210938,102.4000015258789,0,103.40644981384277,104.21716677347818
2024-01-08,102.20999908447266,102.62000274658203,102.08000183105469,102.44000244140625,0,103.40574981689453,104.157000096639
2024-01-09,102.56999969482422,102.66000366210938,102.11000061035156,102.22000122070312,0,103.40594982147216,104.09033342997233
2024-01-10,102.36000061035156,102.63999938964844,102.33999633789062,102.4800033569336,0,103.40214981079102,104.01883341471354
2024-01-11,102.29000091552734,102.76000213623047,102.16000366210938,102.30000305175781,0,103.3992998123169,103.95300013224283
2024-01-12,102.4000015258789,102.58999633789062,102.08999633789062,102.30000305175781,0,103.39914981842041,103.88883349100749
2024-01-16,103.36000061035156,103.43000030517578,102.73999786376953,102.73999786376953,0,103.40274982452392,103.83533350626628
2024-01-17,103.44999694824219,103.69000244140625,103.26000213623047,103.36000061035156,0,103.40929981231689,103.78866678873698
2024-01-18,103.54000091552734,103.62999725341797,103.1500015258789,103.37000274658203,0,103.41444980621338,103.74500007629395
2024-01-19,103.29000091552734,103.55000305175781,103.23999786376953,103.37000274658203,0,103.42044982910156,103.70750007629394
2024-01-22,103.33000183105469,103.37000274658203,103.11000061035156,103.23999786376953,0,103.42914985656738,103.65850016276042
2024-01-23,103.62000274658203,103.81999969482422,102.9800033569336,103.3499984741211,0,103.43799987792968,103.61000022888183
2024-01-24,103.23999786376953,103.55000305175781,102.7699966430664,103.51000213623047,0,103.44509986877442,103.5540002187093
2024-01-25,103.56999969482422,103.68000030517578,103.12000274658203,103.3499984741211,0,103.45004985809327,103.50416692097981
2024-01-26,103.47000122070312,103.7300033569336,103.1500015258789,103.5199966430664,0,103.45639987945556,103.46000022888184
2024-01-29,103.61000061035156,103.81999969482422,103.4000015258789,103.47000122070312,0,103.46694988250732,103.40916684468587
2024-01-30,103.4000015258789,103.61000061035156,103.30999755859375,103.44000244140625,0,103.47889987945557,103.35116691589356
2024-01-31,103.2699966430664,103.73999786376953,102.94000244140625,103.41999816894531,0,103.48749984741211,103.3036668141683
2024-02-01,103.05000305175781,103.80999755859375,103.0199966430664,103.51000213623047,0,103.4922498703003,103.27083358764648
2024-02-02,103.91999816894531,104.04000091552734,102.9000015258789,102.98999786376953,0,103.50309986114502,103.2491668701172
2024-02-05,104.44999694824219,104.5999984741211,103.98999786376953,103.98999786376953,0,103.51549983978272,103.2310001373291
2024-02-06,104.18000030517578,104.58999633789062,104.13999938964844,104.44000244140625,0,103.52719985961915,103.20750020345052
2024-02-07,104.04000091552734,104.16999816894531,103.94000244140625,104.1500015258789,0,103.53829986572265,103.17633349100748
2024-02-08,104.1500015258789,104.43000030517578,103.95999908447266,104.02999877929688,0,103.55229988098145,103.14783350626628
2024-02-09,104.08000183105469,104.26000213623047,103.94999694824219,104.13999938964844,0,103.56339988708496,103.12150014241537
2024-02-12,104.16999816894531,104.27999877929688,103.9000015258789,104.08000183105469,0,103.57689987182617,103.12250010172527
2024-02-13,104.95999908447266,104.95999908447266,103.97000122070312,104.18000030517578,0,103.59419986724853,103.132000096639
2024-02-14,104.72000122070312,104.9800033569336,104.66000366210938,104.83999633789062,0,103.60944988250732,103.13783340454101
2024-02-15,104.30000305175781,104.70999908447266,104.18000030517578,104.66000366210938,0,103.62019989013672,103.14583346048991
2024-02-16,104.27999877929688,104.66999816894531,104.16999816894531,104.30000305175781,0,103.63179988861084,103.15933341979981
2024-02-20,104.08000183105469,104.41000366210938,103.80000305175781,104.31999969482422,0,103.64549991607666,103.16750017801921
2024-02-21,104.01000213623047,104.20999908447266,103.94000244140625,104.04000091552734,0,103.65854991912842,103.16900024414062
2024-02-22,103.95999908447266,104.12999725341797,103.43000030517578,103.91000366210938,0,103.67229991912842,103.17833353678385
2024-02-23,103.94000244140625,104.05000305175781,103.7699966430664,103.94999694824219,0,103.68514991760254,103.19066696166992
2024-02-26,103.83000183105469,104.0199966430664,103.70999908447266,103.95999908447266,0,103.69609992980958,103.2086669921875
2024-02-27,103.83000183105469,103.91999816894531,103.61000061035156,103.77999877929688,0,103.70784992218017,103.22633374532064
2024-02-28,103.9800033569336,104.23999786376953,103.80999755859375,103.83999633789062,0,103.71744995117187,103.23433380126953
2024-02-29,104.16000366210938,104.19999694824219,103.66000366210938,103.91999816894531,0,103.72484996795654,103.24916725158691
2024-03-01,103.86000061035156,104.29000091552734,103.83999633789062,104.12999725341797,0,103.73199996948242,103.25283393859863
2024-03-04,103.83000183105469,103.95999908447266,103.7300033569336,103.88999938964844,0,103.73834999084472,103.24916725158691
2024-03-05,103.80000305175781,103.94999694824219,103.58000183105469,103.8499984741211,0,103.74295001983643,103.2433339436849
2024-03-06,103.37000274658203,103.88999938964844,103.19999694824219,103.80999755859375,0,103.74190002441406,103.24050064086914
2024-03-07,102.81999969482422,103.3499984741211,102.80000305175781,103.30999755859375,0,103.74000003814697,103.22066726684571
2024-03-08,102.73999786376953,102.9000015258789,102.36000061035156,102.7300033569336,0,103.73770004272461,103.19800059000652
2024-03-11,102.87000274658203,102.93000030517578,102.63999938964844,102.73999786376953,0,103.73460006713867,103.18133392333985
2024-03-12,102.95999908447266,103.18000030517578,102.72000122070312,102.81999969482422,0,103.7299500656128,103.18283386230469
2024-03-13,102.79000091552734,103.0199966430664,102.66999816894531,102.93000030517578,0,103.72285007476806,103.1966672261556
