Price,Close,High,Low,Open,Volume,MA200,MA60
Ticker,^IXIC,^IXIC,^IXIC,^IXIC,^IXIC,,
Date,,,,,,,
2016-12-23,5462.68994140625,5462.68994140625,5441.759765625,5441.759765625,1144900000,5080.2769067382815,5301.56484375
2016-12-27,5487.43994140625,5512.3701171875,5469.60986328125,5470.759765625,1219050000,5083.962707519531,5304.488842773438
2016-12-28,5438.56005859375,5498.91015625,5434.7001953125,5497.43994140625,1326660000,5087.512158203125,5306.783675130208
2016-12-29,5432.08984375,5450.6298828125,5415.18017578125,5437.509765625,1266350000,5090.852756347656,5309.157503255208
2016-12-30,5383.1201171875,5441.89990234375,5371.89013671875,5440.169921875,1551690000,5093.893405761719,5310.2758382161455
2017-01-03,5429.080078125,5452.56982421875,5397.990234375,5425.6201171875,1887670000,5097.060556640625,5312.313004557292
2017-01-04,5477.0,5482.35009765625,5440.240234375,5440.91015625,1885490000,5100.4012060546875,5315.389672851563
2017-01-05,5487.93994140625,5495.85009765625,5464.35986328125,5474.39013671875,1799170000,5103.732604980469,5318.044173177083
2017-01-06,5521.06005859375,5536.52001953125,5482.81005859375,5499.080078125,1711870000,5107.493605957031,5322.615340169271
2017-01-09,5531.81982421875,5541.080078125,5517.14013671875,5527.580078125,1887740000,5111.285205078125,5327.495336914062
2017-01-10,5551.81982421875,5564.25,5528.10986328125,5536.5400390625,1798610000,5115.210354003906,5333.136832682291
2017-01-11,5563.64990234375,5564.080078125,5524.02978515625,5550.72021484375,1960830000,5118.795502929687,5338.961661783854
2017-01-12,5547.490234375,5550.669921875,5496.81982421875,5542.56005859375,1805840000,5122.18650390625,5344.756168619791
2017-01-13,5574.1201171875,5584.259765625,5557.2001953125,5557.56982421875,1611260000,5125.7078540039065,5350.26083984375
2017-01-17,5538.72998046875,5557.0498046875,5527.22021484375,5555.16015625,1759440000,5128.828803710938,5355.132836914063
2017-01-18,5555.64990234375,5555.97998046875,5534.77001953125,5546.93994140625,1686260000,5132.148054199219,5360.363167317709
2017-01-19,5540.080078125,5571.52978515625,5528.3701171875,5560.60986328125,1809900000,5135.628803710937,5365.0745035807295
2017-01-20,5555.330078125,5574.35009765625,5542.22998046875,5556.8701171875,1750340000,5138.801853027344,5369.166170247396
2017-01-23,5552.93994140625,5564.14013671875,5522.68994140625,5546.64013671875,1652370000,5142.324702148438,5373.658504231771
2017-01-24,5600.9599609375,5606.52978515625,5558.490234375,5568.27001953125,1808560000,5146.076052246094,5379.503336588542
2017-01-25,5656.33984375,5658.58984375,5634.330078125,5635.85986328125,1964040000,5150.190751953125,5386.842830403646
2017-01-26,5655.18017578125,5669.60986328125,5647.64990234375,5666.27978515625,1837020000,5154.106203613282,5394.594165039062
2017-01-27,5660.77978515625,5667.4501953125,5643.89990234375,5664.8798828125,1669190000,5157.673002929688,5402.454825846354
2017-01-30,5613.7099609375,5636.08984375,5578.759765625,5635.85986328125,1782380000,5161.012102050781,5410.1236572265625
2017-01-31,5614.7900390625,5615.14990234375,5576.08984375,5592.8701171875,2047460000,5164.394951171875,5418.610660807291
2017-02-01,5642.64990234375,5662.10986328125,5621.02978515625,5654.509765625,2239570000,5167.808100585938,5428.347989908854
2017-02-02,5636.2001953125,5656.009765625,5616.39990234375,5627.14990234375,2077010000,5171.287451171875,5438.178491210938
2017-02-03,5666.77001953125,5666.83984375,5647.580078125,5650.72998046875,1792330000,5174.880651855468,5446.521826171875
2017-02-06,5663.5498046875,5668.2001953125,5650.259765625,5656.9501953125,1736140000,5178.468950195313,5454.35615234375
2017-02-07,5674.22021484375,5689.60009765625,5664.81982421875,5674.85986328125,1922030000,5182.308901367188,5461.408658854167
2017-02-08,5682.4501953125,5686.9599609375,5649.39013671875,5662.9501953125,1947100000,5186.242202148437,5469.30283203125
2017-02-09,5715.18017578125,5722.7099609375,5685.14990234375,5688.02001953125,1948120000,5190.376704101563,5477.270670572917
2017-02-10,5734.1298828125,5743.43017578125,5717.419921875,5726.169921875,1867270000,5194.731652832032,5485.8661702473955
2017-02-13,5763.9599609375,5770.990234375,5751.919921875,5753.18994140625,1843480000,5199.525002441406,5494.0051676432295
2017-02-14,5782.56982421875,5783.08984375,5748.740234375,5756.509765625,1952370000,5204.561052246094,5502.138330078125
2017-02-15,5819.43994140625,5821.9501953125,5776.7001953125,5777.89990234375,2094140000,5209.570302734375,5510.2294921875
2017-02-16,5814.89990234375,5835.14990234375,5796.7099609375,5823.009765625,1945600000,5214.828701171875,5518.452661132813
2017-02-17,5838.580078125,5838.580078125,5800.7998046875,5807.31005859375,1879030000,5220.3934008789065,5526.281331380208
2017-02-21,5865.9501953125,5867.89013671875,5847.5,5850.2001953125,1940110000,5226.137702636719,5534.274666341146
2017-02-22,5860.6298828125,5864.419921875,5848.27978515625,5857.56005859375,1874710000,5231.760051269532,5542.273828125
2017-02-23,5835.509765625,5866.9599609375,5809.5498046875,5866.81982421875,1881490000,5237.186550292969,5549.550325520833
2017-02-24,5845.31005859375,5845.31005859375,5800.5498046875,5802.330078125,1684650000,5242.363701171875,5557.4919921875
2017-02-27,5861.89990234375,5861.89990234375,5827.0,5835.0400390625,1882610000,5247.8697509765625,5565.524991861979
2017-02-28,5825.43994140625,5855.06982421875,5817.22021484375,5852.7900390625,2303390000,5253.310300292968,5573.8876546223955
2017-03-01,5904.02978515625,5911.7900390625,5865.7900390625,5874.85986328125,2220350000,5259.242048339844,5584.7696533203125
2017-03-02,5861.22021484375,5897.009765625,5856.2998046875,5897.009765625,2043610000,5264.670849609375,5594.862491861979
2017-03-03,5870.75,5870.75,5841.47021484375,5854.27001953125,1853600000,5270.445949707031,5604.226822916667
2017-03-06,5849.18017578125,5857.740234375,5827.4599609375,5846.419921875,1774040000,5275.99625,5612.829825846354
2017-03-07,5833.93017578125,5859.77001953125,5826.31982421875,5836.1201171875,1825510000,5281.603251953125,5620.165999348958
2017-03-08,5837.5498046875,5860.6298828125,5832.6298828125,5838.43994140625,1813080000,5286.943200683594,5627.169165039062
2017-03-09,5838.81005859375,5852.5400390625,5812.080078125,5834.669921875,1886780000,5292.308352050782,5633.740999348958
2017-03-10,5861.72998046875,5872.60009765625,5835.43994140625,5867.16015625,1999440000,5297.311701660156,5641.2274983723955
2017-03-13,5875.77978515625,5877.43017578125,5860.830078125,5863.47998046875,1812460000,5302.216149902344,5648.093326822916
2017-03-14,5856.81982421875,5860.5,5831.8798828125,5860.06982421875,1664870000,5306.991398925781,5655.0958251953125
2017-03-15,5900.0498046875,5911.2001953125,5858.16015625,5869.97998046875,1955400000,5311.824147949219,5662.482486979166
2017-03-16,5900.759765625,5911.47998046875,5887.240234375,5907.85986328125,1770640000,5316.5876977539065,5670.209147135417
2017-03-17,5901.0,5912.60986328125,5890.419921875,5898.580078125,3189970000,5321.331447753906,5677.601814778646
2017-03-20,5901.52978515625,5915.1201171875,5888.1201171875,5898.81005859375,1736790000,5325.982297363281,5684.5616455078125
2017-03-21,5793.830078125,5928.06005859375,5790.72998046875,5923.419921875,2199920000,5330.23884765625,5689.934977213542
2017-03-22,5821.64013671875,5825.669921875,5781.7998046875,5790.58984375,1860290000,5334.503498535156,5696.171980794271
2017-03-23,5817.68994140625,5842.81982421875,5806.97998046875,5812.31005859375,1746990000,5338.783198242188,5702.088647460938
2017-03-24,5828.740234375,5858.9501953125,5807.830078125,5839.330078125,1855040000,5343.053698730469,5707.776985677084
2017-03-27,5840.3701171875,5849.2001953125,5769.39013671875,5776.330078125,1673060000,5347.462448730469,5714.473819986979
2017-03-28,5875.14013671875,5888.7001953125,5828.85986328125,5836.5,1823600000,5352.365400390625,5721.857991536458
2017-03-29,5897.5498046875,5900.8701171875,5870.93017578125,5875.35009765625,1722190000,5357.610949707031,5730.431819661459
2017-03-30,5914.33984375,5916.77001953125,5894.0,5896.14990234375,1732100000,5362.964899902344,5738.519482421875
2017-03-31,5911.740234375,5927.81005859375,5901.77001953125,5905.6298828125,1905150000,5368.348950195313,5745.765152994792
2017-04-03,5894.68017578125,5928.93017578125,5867.72998046875,5917.31982421875,1852990000,5373.597751464844,5752.544156901042
2017-04-04,5898.60986328125,5901.39013671875,5878.759765625,5878.759765625,1795260000,5379.0891015625,5758.836653645833
2017-04-05,5864.47998046875,5936.39013671875,5856.259765625,5911.919921875,2208600000,5384.225451660156,5764.380989583334
2017-04-06,5878.9501953125,5889.580078125,5856.22021484375,5870.52001953125,1849790000,5389.401403808593,5769.833162434896
2017-04-07,5877.81005859375,5892.06982421875,5855.509765625,5873.93994140625,1703730000,5394.623854980468,5775.069165039063
2017-04-10,5880.93017578125,5907.85009765625,5865.56005859375,5883.43017578125,1633190000,5399.478305664063,5780.626497395833
2017-04-11,5866.77001953125,5878.93994140625,5819.2900390625,5871.16015625,1830760000,5405.272255859375,5785.503995768229
2017-04-12,5836.16015625,5868.08984375,5830.43994140625,5863.58984375,1666570000,5411.480856933594,5790.461165364583
2017-04-13,5805.14990234375,5856.5400390625,5805.14990234375,5828.3701171875,1587150000,5417.047255859375,5794.619498697916
2017-04-17,5856.7900390625,5856.7900390625,5818.2001953125,5821.5498046875,1383550000,5422.434956054687,5799.897998046875
2017-04-18,5849.47021484375,5860.0400390625,5828.56982421875,5838.58984375,1610230000,5427.468957519532,5804.8003336588545
2017-04-19,5863.02978515625,5894.68017578125,5856.33984375,5874.43017578125,1754240000,5432.471257324219,5809.968497721354
2017-04-20,5916.77978515625,5926.22998046875,5880.2001953125,5887.8701171875,1751490000,5437.940656738281,5815.232161458333
2017-04-21,5910.52001953125,5919.22998046875,5899.43017578125,5919.02001953125,1736420000,5443.197456054688,5819.468497721354
2017-04-24,5983.81982421875,5989.919921875,5970.25,5979.9599609375,1842880000,5448.7325048828125,5824.945825195313
2017-04-25,6025.490234375,6036.02001953125,6002.64990234375,6004.16015625,1898120000,5454.076157226563,5831.024332682292
2017-04-26,6025.22998046875,6040.89013671875,6021.72021484375,6028.1201171875,1899570000,5459.259106445313,5837.882999674479
2017-04-27,6048.93994140625,6050.7001953125,6031.58984375,6038.47021484375,1883610000,5464.38970703125,5845.118831380209
2017-04-28,6047.60986328125,6074.0400390625,6040.7099609375,6072.8701171875,2005870000,5469.599106445313,5851.8681640625
2017-05-01,6091.60009765625,6100.72998046875,6061.35009765625,6067.56005859375,1763100000,5474.886806640625,5859.458162434896
2017-05-02,6095.3701171875,6102.72021484375,6081.56005859375,6102.509765625,2162610000,5480.215708007812,5866.601497395834
2017-05-03,6072.5498046875,6076.9599609375,6053.27978515625,6075.0400390625,2152850000,5485.299558105468,5873.4181640625
2017-05-04,6075.33984375,6080.81982421875,6054.330078125,6075.06005859375,2059820000,5490.494406738281,5880.103491210937
2017-05-05,6100.759765625,6100.759765625,6067.16015625,6091.68994140625,1903040000,5495.5485546875,5887.0753173828125
2017-05-08,6102.66015625,6106.1201171875,6083.06005859375,6100.66015625,1912030000,5500.692355957031,5893.533317057291
2017-05-09,6120.58984375,6133.0,6107.58984375,6111.81982421875,2005820000,5505.794504394531,5899.97431640625
2017-05-10,6129.14013671875,6131.64013671875,6103.8701171875,6121.64013671875,2111850000,5510.952055664063,5906.060652669271
2017-05-11,6115.9599609375,6120.2001953125,6075.68017578125,6110.0498046875,1952650000,5515.9816064453125,5911.617154947917
2017-05-12,6121.22998046875,6122.83984375,6105.419921875,6119.27001953125,1749010000,5520.888706054688,5916.646988932292
2017-05-15,6149.669921875,6153.0400390625,6124.7900390625,6128.10986328125,1865450000,5525.862155761719,5922.226489257812
2017-05-16,6169.8701171875,6170.16015625,6139.10009765625,6160.52001953125,2006980000,5530.900856933594,5927.747989908854
2017-05-17,6011.240234375,6122.8701171875,6009.47998046875,6108.6201171875,2355460000,5535.036057128907,5930.169490559896
2017-05-18,6055.1298828125,6073.4501953125,5996.81005859375,5998.4599609375,2134610000,5539.623056640625,5933.411157226563
2017-05-19,6083.7001953125,6106.5498046875,6070.22998046875,6070.22998046875,1908030000,5544.242856445312,5937.547664388021
2017-05-22,6133.6201171875,6135.919921875,6097.240234375,6098.25,1728190000,5549.07970703125,5942.35283203125
2017-05-23,6138.7099609375,6150.91015625,6121.7900390625,6149.5498046875,1709140000,5553.66765625,5946.966333007813
2017-05-24,6163.02001953125,6166.08984375,6139.330078125,6154.18017578125,1672380000,5558.417055664063,5952.592667643229
2017-05-25,6205.259765625,6217.33984375,6174.52001953125,6183.02001953125,1775750000,5563.315954589843,5957.613167317709
2017-05-26,6210.18994140625,6211.52001953125,6196.66015625,6207.0400390625,1573200000,5568.34400390625,5963.429329427084
2017-05-30,6203.18994140625,6217.1298828125,6200.41015625,6204.18017578125,1690930000,5573.217954101562,5968.969995117188
2017-05-31,6198.52001953125,6221.990234375,6164.06982421875,6221.6298828125,2212130000,5578.046103515625,5974.792325846354
2017-06-01,6246.830078125,6247.06982421875,6200.4501953125,6215.91015625,1946000000,5582.970153808594,5981.673990885417
2017-06-02,6305.7998046875,6308.759765625,6253.77001953125,6261.58984375,1825450000,5588.363603515625,5989.478157552084
2017-06-05,6295.68017578125,6310.6201171875,6292.14990234375,6305.47021484375,1742160000,5593.698703613281,5997.092659505209
2017-06-06,6275.06005859375,6304.2099609375,6269.8701171875,6281.8798828125,1893110000,5598.873254394532,6003.981494140625
2017-06-07,6297.3798828125,6302.77978515625,6267.18017578125,6290.43994140625,1827220000,5604.168254394532,6011.008162434896
2017-06-08,6321.759765625,6324.06005859375,6282.93017578125,6311.72998046875,2134350000,5609.554052734375,6018.757161458333
2017-06-09,6207.919921875,6341.7001953125,6137.68017578125,6330.25,3154590000,5614.293251953125,6023.888330078125
2017-06-12,6175.4599609375,6183.81005859375,6110.669921875,6153.56005859375,2588860000,5619.082102050781,6028.466666666666
2017-06-13,6220.3701171875,6226.41015625,6180.0400390625,6206.1201171875,2063930000,5624.122951660156,6033.789501953125
2017-06-14,6194.89013671875,6237.52978515625,6153.5498046875,6237.4599609375,1949040000,5629.002802734375,6038.678841145834
2017-06-15,6165.5,6170.14990234375,6107.85009765625,6127.0498046875,1870010000,5633.66865234375,6044.87333984375
2017-06-16,6151.759765625,6161.56005859375,6125.5,6154.27978515625,3133000000,5638.3125,6050.375333658854
2017-06-19,6239.009765625,6243.31005859375,6194.0,6196.85009765625,1989290000,5643.441447753907,6057.397330729166
2017-06-20,6188.02978515625,6234.009765625,6186.93994140625,6229.6201171875,2580440000,5648.245546875,6063.385489908854
2017-06-21,6233.9501953125,6236.66015625,6200.85986328125,6202.75,2408800000,5653.165798339844,6069.945157877604
2017-06-22,6236.68994140625,6257.68017578125,6221.9599609375,6239.14990234375,2177430000,5657.969697265625,6075.9709879557295
2017-06-23,6265.25,6269.3701171875,6218.77978515625,6234.35009765625,4164310000,5662.876296386718,6082.0993245442705
2017-06-26,6247.14990234375,6303.4501953125,6233.43017578125,6292.72998046875,2155460000,5667.8146459960935,6087.646158854167
2017-06-27,6146.6201171875,6234.31982421875,6146.6201171875,6227.89990234375,2189250000,5672.918195800781,6091.560823567708
2017-06-28,6234.41015625,6238.2900390625,6144.7998046875,6173.10009765625,2077390000,5678.030795898438,6097.222989908854
2017-06-29,6144.35009765625,6216.60009765625,6087.81005859375,6215.490234375,2410510000,5682.976296386719,6101.318660481771
2017-06-30,6140.419921875,6170.6298828125,6129.0400390625,6166.83984375,2011720000,5687.809545898437,6105.917659505209
2017-07-03,6110.06005859375,6177.35986328125,6106.1201171875,6173.2900390625,1091030000,5692.111396484375,6109.7694905598955
2017-07-05,6150.85986328125,6163.6201171875,6100.419921875,6122.06005859375,1874040000,5696.642846679688,6114.320320638021
2017-07-06,6089.4599609375,6127.97998046875,6081.9599609375,6109.60009765625,1993290000,5700.914997558593,6117.795817057292
2017-07-07,6153.080078125,6164.93994140625,6111.2099609375,6111.2099609375,1712490000,5705.473647460937,6122.567651367188
2017-07-10,6176.39013671875,6191.27001953125,6141.830078125,6156.02978515625,1681270000,5709.879697265625,6128.238151041666
2017-07-11,6193.2998046875,6200.580078125,6149.8701171875,6171.25,1812560000,5714.148596191406,6134.7073160807295
2017-07-12,6261.169921875,6265.64013671875,6236.81982421875,6238.89990234375,1827740000,5718.925695800781,6141.4469807942705
2017-07-13,6274.43994140625,6281.4501953125,6251.259765625,6269.10009765625,1806160000,5724.010444335938,6148.529809570313
2017-07-14,6312.47021484375,6321.759765625,6278.7001953125,6289.080078125,1615440000,5729.044245605469,6156.020483398437
2017-07-17,6314.43017578125,6330.97021484375,6307.33984375,6320.35009765625,1563390000,5734.023647460937,6162.6479899088545
2017-07-18,6344.31005859375,6344.5498046875,6291.06982421875,6304.81982421875,1773220000,5739.399448242188,6169.877823893229
2017-07-19,6385.0400390625,6387.72998046875,6362.18994140625,6363.240234375,1867470000,5744.7646484375,6176.564827473959
2017-07-20,6390.0,6398.259765625,6365.68017578125,6396.4599609375,1850000000,5750.210297851562,6182.639990234375
2017-07-21,6387.75,6388.77978515625,6365.1201171875,6383.0498046875,1807110000,5755.700747070313,6188.681990559896
2017-07-24,6410.81005859375,6417.7001953125,6380.60986328125,6387.81982421875,1748140000,5761.174697265625,6194.713159179688
2017-07-25,6412.169921875,6425.4501953125,6396.8701171875,6407.58984375,1930840000,5766.701296386719,6200.78916015625
2017-07-26,6422.75,6432.3798828125,6416.2998046875,6425.93017578125,1996680000,5772.353046875,6206.308325195312
2017-07-27,6382.18994140625,6460.83984375,6318.6201171875,6459.759765625,2501400000,5777.620646972657,6211.088655598958
2017-07-28,6374.68017578125,6379.7001953125,6337.22021484375,6350.27001953125,1877100000,5783.26009765625,6216.124161783854
2017-07-31,6348.1201171875,6396.58984375,6338.7900390625,6394.68994140625,1898830000,5788.805598144531,6220.670499674479
2017-08-01,6362.93994140625,6375.75,6345.75,6372.16015625,1821780000,5794.553647460937,6225.040169270834
2017-08-02,6362.64990234375,6394.2099609375,6313.43017578125,6393.10009765625,2115870000,5800.296096191406,6229.3733317057295
2017-08-03,6340.33984375,6368.52978515625,6331.14013671875,6366.240234375,2124100000,5805.9986962890625,6233.035831705729
2017-08-04,6351.56005859375,6361.490234375,6329.72998046875,6350.7900390625,1908930000,5811.537297363281,6236.742830403646
2017-08-07,6383.77001953125,6386.02978515625,6356.22998046875,6361.06005859375,1704010000,5817.224096679687,6241.206331380208
2017-08-08,6370.4599609375,6423.35009765625,6355.8798828125,6373.330078125,1931490000,5822.86724609375,6245.360164388021
2017-08-09,6352.330078125,6355.0400390625,6309.43994140625,6322.919921875,2037810000,5828.341896972656,6248.7378336588545
2017-08-10,6216.8701171875,6318.27978515625,6214.41015625,6312.64990234375,2214990000,5832.877097167969,6249.521166992187
2017-08-11,6256.56005859375,6266.89013671875,6216.18994140625,6222.18017578125,1799780000,5837.742897949219,6253.609830729167
2017-08-14,6340.22998046875,6346.830078125,6305.5498046875,6306.10986328125,1702570000,5843.192697753906,6258.361499023437
2017-08-15,6333.009765625,6350.740234375,6324.75,6350.509765625,1582560000,5848.777895507813,6262.516658528646
2017-08-16,6345.10986328125,6374.56005859375,6330.27001953125,6348.10986328125,1809070000,5854.552944335937,6266.041487630208
2017-08-17,6221.91015625,6334.22998046875,6221.91015625,6322.72021484375,2052940000,5859.716794433593,6267.428157552084
2017-08-18,6216.52978515625,6254.22021484375,6193.3798828125,6222.4599609375,1968470000,5865.03154296875,6268.319986979167
2017-08-21,6213.1298828125,6226.93017578125,6177.18994140625,6216.31982421875,1582990000,5870.569343261719,6268.451155598958
2017-08-22,6297.47998046875,6302.83984375,6241.2099609375,6241.2099609375,1599760000,5876.764692382812,6269.905989583333
2017-08-23,6278.41015625,6291.2998046875,6263.2900390625,6263.47021484375,1535320000,5882.924892578125,6271.159659830729
2017-08-24,6271.330078125,6302.85009765625,6244.56982421875,6294.81982421875,1618660000,5888.450693359375,6272.373160807291
2017-08-25,6265.64013671875,6308.72021484375,6257.10009765625,6293.81005859375,1445590000,5893.811442871094,6272.686661783854
2017-08-28,6283.02001953125,6292.259765625,6267.85009765625,6286.009765625,1565110000,5898.971193847657,6272.306998697916
2017-08-29,6301.89013671875,6311.259765625,6228.72998046875,6228.89990234375,1639810000,5904.4366455078125,6272.410498046875
2017-08-30,6368.31005859375,6374.47021484375,6303.56982421875,6308.68017578125,1717060000,5910.092646484375,6273.964664713541
2017-08-31,6428.66015625,6435.27001953125,6383.580078125,6385.7998046875,1889500000,5916.143947753906,6276.152669270833
2017-09-01,6435.330078125,6449.64990234375,6417.8701171875,6442.169921875,1489120000,5921.9424975585935,6278.0455078125
2017-09-05,6375.56982421875,6426.509765625,6334.58984375,6414.81982421875,1889620000,5927.347446289063,6280.839672851563
2017-09-06,6393.31005859375,6407.39990234375,6356.2001953125,6394.35009765625,1902720000,5932.644145507813,6284.4705078125
2017-09-07,6397.8701171875,6413.06982421875,6379.81005859375,6402.93994140625,2000910000,5938.025947265625,6287.428841145834
2017-09-08,6360.18994140625,6391.41015625,6354.9599609375,6389.64990234375,1786070000,5942.98259765625,6290.183837890625
2017-09-11,6432.259765625,6439.10986328125,6410.7099609375,6411.18017578125,1819310000,5948.212145996094,6294.629833984375
2017-09-12,6454.27978515625,6455.02978515625,6429.5400390625,6448.81005859375,1747620000,5953.580144042969,6299.6718343098955
2017-09-13,6460.18994140625,6460.419921875,6433.2001953125,6440.72021484375,1944630000,5958.886494140625,6303.358170572917
2017-09-14,6429.080078125,6455.31982421875,6424.0400390625,6439.4599609375,1817840000,5964.187844238281,6307.375675455729
2017-09-15,6448.47021484375,6464.27001953125,6419.64990234375,6426.16015625,2827910000,5969.530595703125,6310.951009114583
2017-09-18,6454.64013671875,6477.77001953125,6438.41015625,6460.10009765625,1881900000,5975.185395507812,6314.583512369792
2017-09-19,6461.31982421875,6467.7900390625,6446.75,6465.56982421875,1816080000,5981.2364453125,6317.851342773438
2017-09-20,6456.0400390625,6466.0498046875,6414.22998046875,6459.740234375,2083580000,5987.2383959960935,6321.332845052083
2017-09-21,6422.68994140625,6448.56982421875,6405.2998046875,6448.56982421875,1779600000,5992.807395019531,6325.934008789062
2017-09-22,6426.919921875,6429.5400390625,6400.81005859375,6401.43994140625,1648690000,5998.276994628906,6329.142504882812
2017-09-25,6370.58984375,6408.0498046875,6343.9599609375,6403.10986328125,2061150000,6003.161145019531,6332.913167317708
2017-09-26,6380.16015625,6405.0,6364.56982421875,6391.85009765625,1935990000,6007.975146484375,6336.908837890625
2017-09-27,6453.259765625,6472.64990234375,6405.35986328125,6414.3701171875,2068400000,6013.0189453125,6342.628833007812
2017-09-28,6453.4501953125,6456.22998046875,6427.66015625,6437.9599609375,1882790000,6018.22349609375,6347.672005208334
2017-09-29,6495.9599609375,6497.97998046875,6454.85986328125,6461.27978515625,1970720000,6023.384145507813,6354.447005208333
2017-10-02,6516.72021484375,6527.22021484375,6484.14013671875,6506.080078125,1984400000,6028.784396972656,6360.507674153646
2017-10-03,6531.7099609375,6532.18017578125,6509.7099609375,6523.740234375,1972760000,6034.158696289062,6366.429671223958
2017-10-04,6534.6298828125,6546.4599609375,6513.1201171875,6521.9599609375,1941470000,6039.646044921875,6372.118505859375
2017-10-05,6585.35986328125,6587.2099609375,6547.64990234375,6552.8701171875,1888970000,6045.28564453125,6377.521671549479
2017-10-06,6590.18017578125,6590.18017578125,6566.83984375,6566.9501953125,1752170000,6050.816845703125,6382.784008789063
2017-10-09,6579.72998046875,6599.33984375,6572.43994140625,6597.3701171875,1494160000,6056.358344726563,6387.238338216146
2017-10-10,6587.25,6608.2998046875,6561.77978515625,6602.490234375,1802480000,6062.0574951171875,6391.785335286459
2017-10-11,6603.5498046875,6604.2099609375,6577.990234375,6586.72998046875,1837860000,6067.761794433593,6396.1059977213545
2017-10-12,6591.509765625,6613.5,6586.31982421875,6594.759765625,2020330000,6073.2821435546875,6399.5471598307295
2017-10-13,6605.7998046875,6616.580078125,6602.2001953125,6613.2099609375,1761700000,6079.118342285156,6403.143823242188
2017-10-16,6624.0,6632.5,6607.02978515625,6622.5498046875,1632240000,6085.077893066406,6407.081323242188
2017-10-17,6623.66015625,6628.60009765625,6613.2099609375,6621.419921875,1653160000,6091.280593261718,6410.628824869792
2017-10-18,6624.22021484375,6635.52001953125,6613.5498046875,6634.259765625,1738060000,6097.256293945313,6414.162996419271
2017-10-19,6605.06982421875,6605.2900390625,6558.52978515625,6583.7001953125,1847020000,6102.896643066406,6417.20166015625
2017-10-20,6629.0498046875,6640.02978515625,6622.919921875,6633.3701171875,1812220000,6108.602192382812,6421.315991210938
2017-10-23,6586.830078125,6641.56982421875,6581.14990234375,6641.56982421875,1813080000,6113.931042480469,6424.851822916667
2017-10-24,6598.43017578125,6611.89990234375,6582.06005859375,6598.60986328125,1852610000,6119.264094238281,6429.023657226562
2017-10-25,6563.89013671875,6600.64013671875,6517.93017578125,6587.22021484375,2205790000,6124.324445800781,6432.372827148438
2017-10-26,6556.77001953125,6582.759765625,6550.02978515625,6567.58984375,2125640000,6129.290046386719,6435.608162434896
2017-10-27,6701.259765625,6708.1298828125,6625.77978515625,6635.02978515625,2414520000,6135.058894042969,6441.6234944661455
2017-10-30,6698.9599609375,6727.39013671875,6677.14990234375,6693.77001953125,2015920000,6140.683093261719,6447.413492838542
2017-10-31,6727.669921875,6737.75,6705.7900390625,6713.7099609375,2054220000,6146.62779296875,6453.145157877604
2017-11-01,6716.52978515625,6759.66015625,6691.47998046875,6758.64013671875,2074230000,6152.432192382813,6458.91298828125
2017-11-02,6714.93994140625,6719.97021484375,6677.5498046875,6709.39013671875,2282300000,6158.306491699219,6464.956486002604
2017-11-03,6764.43994140625,6765.14013671875,6712.93017578125,6737.08984375,2203880000,6164.352041015625,6474.082649739584
2017-11-06,6786.43994140625,6790.669921875,6763.169921875,6763.2998046875,2173120000,6170.519541015625,6482.913981119792
2017-11-07,6767.77978515625,6795.52001953125,6750.35009765625,6785.43994140625,2209280000,6176.353640136719,6490.039811197917
2017-11-08,6789.1201171875,6791.64990234375,6753.33984375,6764.85009765625,2121340000,6182.017541503907,6497.641650390625
2017-11-09,6750.0498046875,6758.93017578125,6687.27978515625,6737.4501953125,2243500000,6187.491889648438,6504.390649414063
2017-11-10,6750.93994140625,6757.33984375,6727.35009765625,6736.39013671875,1979120000,6192.942690429688,6513.2078125
2017-11-13,6757.60009765625,6766.2998046875,6723.43017578125,6727.39013671875,1976460000,6198.662141113281,6522.225651041666
2017-11-14,6737.8701171875,6743.6298828125,6709.27001953125,6733.8701171875,1988230000,6204.277541503906,6530.971321614584
2017-11-15,6706.2099609375,6725.31982421875,6667.31005859375,6700.68017578125,1923730000,6209.595341796875,6537.7834879557295
2017-11-16,6793.2900390625,6806.669921875,6742.33984375,6742.33984375,2020380000,6215.380791015625,6546.364819335938
2017-11-17,6782.7900390625,6797.75,6777.43017578125,6794.4501953125,2009220000,6220.960891113281,6554.889152018229
2017-11-20,6790.7099609375,6795.830078125,6779.490234375,6789.27978515625,1811750000,6226.596691894531,6563.640315755209
2017-11-21,6862.47998046875,6862.66015625,6820.02001953125,6820.5498046875,1891960000,6232.537990722656,6573.297981770834
2017-11-22,6867.35986328125,6874.52001953125,6859.27978515625,6869.52978515625,1589150000,6238.4625390625,6582.722477213541
2017-11-24,6889.16015625,6890.02001953125,6873.740234375,6878.10986328125,872110000,6244.332438964844,6591.403312174479
2017-11-27,6878.52001953125,6897.43017578125,6867.89013671875,6889.91015625,1781550000,6250.054389648438,6598.9009765625
2017-11-28,6912.35986328125,6914.18994140625,6866.2099609375,6893.72021484375,2003840000,6255.796389160157,6606.851472981771
2017-11-29,6824.39013671875,6908.330078125,6793.9501953125,6907.27978515625,2456990000,6261.005490722656,6614.331811523438
2017-11-30,6873.97021484375,6888.64990234375,6838.47998046875,6852.7998046875,2468530000,6266.278142089844,6622.3428141276045
2017-12-01,6847.58984375,6872.169921875,6737.16015625,6844.0400390625,2302140000,6271.441591796875,6629.838142903646
2017-12-04,6775.3701171875,6899.22998046875,6770.68994140625,6897.1298828125,2427170000,6276.125541992187,6636.7578125
2017-12-05,6762.2099609375,6836.4501953125,6752.31982421875,6759.14013671875,2085760000,6280.606840820313,6642.256982421875
2017-12-06,6776.3798828125,6787.419921875,6734.1298828125,6742.06982421875,1901770000,6285.185590820312,6647.625317382813
2017-12-07,6812.83984375,6829.2900390625,6778.2001953125,6785.740234375,1953740000,6290.072241210937,6653.502815755209
2017-12-08,6840.080078125,6870.47998046875,6831.60986328125,6859.9501953125,1825640000,6295.0460913085935,6660.352815755208
2017-12-11,6875.080078125,6879.7998046875,6844.8798828125,6847.64013671875,1836780000,6300.1119921875,6667.462980143229
2017-12-12,6862.31982421875,6884.7998046875,6856.2998046875,6872.7099609375,1872810000,6305.296391601562,6674.257641601563
2017-12-13,6875.7998046875,6897.6201171875,6871.8701171875,6880.41015625,1931090000,6310.155241699219,6681.165641276041
2017-12-14,6856.52978515625,6901.1298828125,6851.6298828125,6887.3798828125,1990090000,6315.131789550781,6687.840470377604
2017-12-15,6936.580078125,6945.81982421875,6871.4501953125,6871.5498046875,3529590000,6320.460939941407,6696.405305989583
2017-12-18,6994.759765625,7003.89013671875,6975.5400390625,6980.39990234375,2150580000,6326.188837890625,6705.869303385417
2017-12-19,6963.85009765625,6995.8798828125,6951.490234375,6991.25,2084190000,6331.8384375,6715.756974283854
2017-12-20,6960.9599609375,6991.25,6935.419921875,6991.25,1888140000,6337.45548828125,6725.4369710286455
2017-12-21,6965.35986328125,6992.6298828125,6961.2099609375,6972.8798828125,1827410000,6343.088237304688,6733.97197265625
2017-12-22,6959.9599609375,6962.259765625,6944.4501953125,6958.02001953125,1541880000,6348.579387207032,6742.413802083333
2017-12-26,6936.25,6942.14013671875,6915.56005859375,6928.919921875,1301000000,6353.88173828125,6749.751969401042
2017-12-27,6939.33984375,6955.3798828125,6931.33984375,6941.4501953125,1411010000,6359.294338378906,6756.795629882812
2017-12-28,6950.16015625,6954.7998046875,6936.75,6953.3798828125,1319870000,6364.544890136719,6763.769799804688
2017-12-29,6903.39013671875,6954.97998046875,6903.39013671875,6952.60986328125,1575290000,6369.558041992187,6769.915804036458
2018-01-02,7006.89990234375,7006.91015625,6924.080078125,6937.64990234375,1929700000,6375.087541503906,6776.941471354166
2018-01-03,7065.52978515625,7069.14990234375,7016.7001953125,7017.06982421875,2173130000,6380.907541503906,6784.86396484375
2018-01-04,7077.91015625,7098.0498046875,7072.3798828125,7089.5,2103220000,6387.327941894531,6793.166967773437
2018-01-05,7136.56005859375,7137.0400390625,7097.080078125,7105.740234375,2024000000,6393.902541503906,6802.322135416666
2018-01-08,7157.39013671875,7161.35009765625,7124.08984375,7135.3798828125,2055010000,6400.601042480469,6811.552807617188
2018-01-09,7163.580078125,7181.14013671875,7148.2998046875,7174.18994140625,2155810000,6407.275241699219,6821.087312825521
2018-01-10,7153.56982421875,7154.240234375,7111.52001953125,7129.830078125,2132430000,6413.841240234375,6830.216813151042
2018-01-11,7211.77978515625,7211.77978515625,7163.22998046875,7168.72998046875,2015170000,6420.524438476563,6840.0131429036455
2018-01-12,7261.06005859375,7265.259765625,7205.18017578125,7208.169921875,1986600000,6427.3419897460935,6850.636474609375
2018-01-16,7223.68994140625,7330.330078125,7205.93017578125,7307.18994140625,2399790000,6433.888740234375,6860.62763671875
2018-01-17,7298.27978515625,7309.35986328125,7229.31982421875,7257.77001953125,2245910000,6440.821437988281,6872.181136067708
2018-01-18,7296.0498046875,7313.89013671875,7276.10986328125,7293.64990234375,2037410000,6447.8282861328125,6883.297802734375
2018-01-19,7336.3798828125,7336.3798828125,7297.27978515625,7312.0,2005470000,6455.017136230469,6895.790299479167
2018-01-22,7408.02978515625,7408.02978515625,7332.81005859375,7338.0400390625,2118310000,6462.734885253906,6909.283626302084
2018-01-23,7460.2900390625,7465.39013671875,7423.18017578125,7424.9501953125,2135840000,6470.641584472656,6924.223624674479
2018-01-24,7415.06005859375,7486.31982421875,7376.75,7474.16015625,2287320000,6478.327834472656,6938.528458658854
2018-01-25,7411.16015625,7458.52978515625,7388.580078125,7457.9501953125,2081380000,6485.978984375,6950.360131835938
2018-01-26,7505.77001953125,7505.77001953125,7431.22021484375,7448.330078125,2080700000,6494.173984375,6963.806966145833
2018-01-29,7466.509765625,7500.60986328125,7455.5498046875,7484.47021484375,2114420000,6502.325732421875,6976.120963541666
2018-01-30,7402.47998046875,7433.64990234375,7373.990234375,7388.89013671875,2183420000,6510.3123828125,6987.553466796875
2018-01-31,7411.47998046875,7453.990234375,7381.1201171875,7443.25,2428990000,6518.085832519531,6999.162467447916
2018-02-01,7385.85986328125,7441.08984375,7362.27978515625,7377.169921875,2311180000,6525.767780761718,7009.519466145834
2018-02-02,7240.9501953125,7364.43017578125,7238.18017578125,7347.58984375,2607160000,6532.6573828125,7017.094637044271
2018-02-05,6967.52978515625,7277.35986328125,6967.52978515625,7165.9599609375,3143210000,6537.9111328125,7020.423803710937
2018-02-06,7115.8798828125,7126.5498046875,6824.81982421875,6837.56005859375,3148270000,6543.937932128906,7025.869799804687
2018-02-07,7051.97998046875,7170.33984375,7051.52978515625,7086.2001953125,2380020000,6549.278732910157,7030.901969401041
2018-02-08,6777.16015625,7073.990234375,6776.77001953125,7067.2998046875,2730740000,6553.037082519531,7031.338972981771
2018-02-09,6874.490234375,6917.009765625,6630.669921875,6863.33984375,3165330000,6557.283383789062,7033.287141927083
2018-02-12,6981.9599609375,7023.6201171875,6879.68994140625,6936.68017578125,2250650000,6561.948483886718,7037.355305989583
2018-02-13,7013.509765625,7025.68017578125,6938.16015625,6942.16015625,1830320000,6566.777983398438,7042.476969401042
2018-02-14,7143.6201171875,7152.0498046875,6977.06982421875,6979.240234375,2217630000,6572.038083496093,7048.315804036459
2018-02-15,7256.43017578125,7256.93017578125,7130.39013671875,7200.75,2124060000,6577.8433837890625,7056.209806315104
2018-02-16,7239.47021484375,7303.259765625,7226.3798828125,7236.509765625,2037710000,6583.677985839844,7063.689143880209
2018-02-20,7234.31005859375,7295.9501953125,7206.0,7209.02978515625,1921870000,6589.472836914062,7069.886311848958
2018-02-21,7218.22998046875,7338.64013671875,7218.10986328125,7258.47998046875,1956120000,6595.0601879882815,7075.734147135417
2018-02-22,7210.08984375,7280.93017578125,7194.83984375,7252.4599609375,1927580000,6600.597336425782,7081.082975260417
2018-02-23,7337.39013671875,7337.830078125,7232.5,7261.35009765625,1887540000,6606.681337890625,7088.730810546875
2018-02-26,7421.4599609375,7421.85009765625,7360.25,7373.2998046875,1876560000,6613.1429370117185,7097.215812174479
2018-02-27,7330.35009765625,7438.08984375,7330.35009765625,7416.169921875,2162250000,6619.214887695312,7105.6484781901045
2018-02-28,7273.009765625,7386.7998046875,7273.009765625,7371.41015625,2384940000,6624.9737866210935,7112.299137369791
2018-03-01,7180.56005859375,7307.85009765625,7117.66015625,7274.75,2499010000,6630.128237304688,7117.848640950521
2018-03-02,7257.8701171875,7267.18994140625,7084.830078125,7099.5400390625,2291480000,6635.5682373046875,7125.890307617187
2018-03-05,7330.7099609375,7350.06982421875,7205.31005859375,7222.89013671875,2076870000,6642.1655859375,7135.365307617188
2018-03-06,7372.009765625,7378.02978515625,7319.68017578125,7366.60986328125,2132920000,6648.749985351563,7145.292472330729
2018-03-07,7396.64990234375,7403.7900390625,7311.740234375,7311.740234375,2198610000,6655.314733886718,7155.022639973959
2018-03-08,7427.9501953125,7435.009765625,7391.5,7422.77001953125,2277740000,6661.786384277344,7164.820475260417
2018-03-09,7560.81005859375,7560.81005859375,7469.02978515625,7475.97998046875,2310050000,6668.896884765625,7176.2493082682295
2018-03-12,7588.31982421875,7609.10009765625,7563.43994140625,7581.0400390625,2314480000,6676.023383789063,7188.349308268229
2018-03-13,7511.009765625,7637.27001953125,7492.97998046875,7627.52001953125,2459220000,6682.552133789062,7198.936140950521
2018-03-14,7496.81005859375,7544.89013671875,7473.89990234375,7539.77978515625,2112950000,6688.985234375,7209.607478841146
2018-03-15,7481.740234375,7525.43994140625,7463.18994140625,7509.240234375,2008290000,6695.377985839844,7218.6934814453125
2018-03-16,7481.990234375,7514.2099609375,7473.68017578125,7504.3701171875,3089970000,6701.795336914062,7226.813989257813
2018-03-19,7344.240234375,7421.22998046875,7285.27001953125,7419.2001953125,2352810000,6707.2823876953125,7233.153824869792
2018-03-20,7364.2998046875,7380.740234375,7331.240234375,7353.25,1976000000,6712.574887695312,7239.876155598959
2018-03-21,7345.2900390625,7415.66015625,7325.35009765625,7347.5,1999230000,6717.822937011719,7246.208325195313
2018-03-22,7166.68017578125,7303.18994140625,7164.3798828125,7257.5498046875,2370970000,6722.281037597656,7249.653662109375
2018-03-23,6992.669921875,7194.31005859375,6992.669921875,7170.68017578125,2455760000,6725.757487792969,7250.593994140625
2018-03-26,7220.5400390625,7225.830078125,7022.33984375,7125.2001953125,2341370000,6730.251389160157,7255.2806640625
2018-03-27,7008.81005859375,7255.5400390625,6963.68017578125,7255.47021484375,2347480000,6734.25583984375,7256.258162434896
2018-03-28,6949.22998046875,7036.08984375,6901.06982421875,6978.2998046875,2551950000,6738.124689941406,7257.022159830729
2018-03-29,7063.4501953125,7120.4599609375,6935.77978515625,6984.66015625,2593390000,6742.340090332032,7257.964664713541
2018-04-02,6870.1201171875,7044.7099609375,6805.9599609375,7016.169921875,2402670000,6745.716240234375,7254.707836914063
2018-04-03,6941.27978515625,6963.7099609375,6835.22998046875,6924.35009765625,2330900000,6749.595139160157,7252.4306640625
2018-04-04,7042.10986328125,7059.2900390625,6811.77001953125,6811.77001953125,2261580000,6754.046889648437,7250.856494140625
2018-04-05,7076.5498046875,7112.3798828125,7036.6201171875,7099.25,2153030000,6758.23458984375,7249.5091552734375
2018-04-06,6915.10986328125,7066.64013671875,6877.759765625,6999.56982421875,2359780000,6761.869990234375,7245.367985026041
2018-04-09,6950.33984375,7074.9501953125,6944.9599609375,6971.4501953125,2089220000,6765.451938476563,7241.980818684896
2018-04-10,7094.2998046875,7117.97998046875,7014.8798828125,7060.990234375,2252020000,6769.739987792968,7240.022819010416
2018-04-11,7069.02978515625,7128.5400390625,7055.0,7055.0,1882090000,6773.75888671875,7236.822314453125
2018-04-12,7140.25,7166.0,7105.08984375,7112.02001953125,2027080000,6778.224387207031,7235.431648763021
2018-04-13,7106.64990234375,7183.6201171875,7078.14013671875,7179.6201171875,1768160000,6783.0245361328125,7232.237817382813
2018-04-16,7156.27978515625,7178.509765625,7115.85009765625,7153.8701171875,1800450000,6787.633884277344,7229.908317057291
2018-04-17,7281.10009765625,7298.58984375,7206.5498046875,7215.1201171875,1935380000,6793.317634277344,7228.986987304687
2018-04-18,7295.240234375,7319.580078125,7259.89990234375,7292.3798828125,1908700000,6799.091735839844,7227.107161458333
2018-04-19,7238.06005859375,7277.4501953125,7215.169921875,7258.60986328125,1982090000,6804.731735839844,7223.403328450521
2018-04-20,7146.1298828125,7222.990234375,7123.490234375,7220.64013671875,1935160000,6809.7080859375,7218.921158854167
2018-04-23,7128.60009765625,7195.72021484375,7094.43017578125,7173.990234375,1744480000,6814.903786621094,7214.211824544271
2018-04-24,7007.35009765625,7171.669921875,6961.52001953125,7160.77001953125,2154270000,6819.17513671875,7205.9048258463545
2018-04-25,7003.740234375,7030.740234375,6926.97021484375,7009.990234375,2055840000,6823.311887207031,7198.192000325521
2018-04-26,7118.68017578125,7143.93994140625,7055.66015625,7080.490234375,2141220000,6827.9387890625,7193.462003580729
2018-04-27,7119.7998046875,7197.14990234375,7083.9501953125,7195.52001953125,2050350000,6832.231938476562,7188.600667317708
2018-04-30,7066.27001953125,7169.7998046875,7065.41015625,7133.9501953125,1998570000,6836.191088867187,7183.274169921875
2018-05-01,7130.7001953125,7133.27001953125,7036.18017578125,7053.64990234375,1932660000,6840.282238769531,7181.436669921875
2018-05-02,7100.89990234375,7169.4599609375,7094.72021484375,7138.4501953125,2157860000,6844.214587402344,7183.659505208333
2018-05-03,7088.14990234375,7112.58984375,6991.14013671875,7065.02978515625,2355780000,6847.9337866210935,7183.197338867188
2018-05-04,7209.6201171875,7228.259765625,7057.89013671875,7065.669921875,2040520000,6852.056687011719,7185.824674479167
2018-05-07,7265.2099609375,7291.740234375,7235.759765625,7241.81982421875,1950650000,6856.432736816406,7193.958837890625
2018-05-08,7266.89990234375,7278.81005859375,7224.7001953125,7255.33984375,2070970000,6860.828486328125,7200.498999023437
2018-05-09,7339.91015625,7344.7998046875,7259.0498046875,7281.52978515625,2250260000,6865.473986816406,7206.464835611979
2018-05-10,7404.97021484375,7414.14990234375,7353.6298828125,7355.89990234375,2250450000,6870.43798828125,7212.989176432292
2018-05-11,7402.8798828125,7417.669921875,7372.259765625,7393.97021484375,2085350000,6875.338637695312,7217.310172526041
2018-05-14,7411.31982421875,7458.419921875,7401.89013671875,7429.4501953125,2085850000,6880.484287109375,7219.891666666666
2018-05-15,7351.6298828125,7363.52001953125,7320.97021484375,7361.2998046875,2120380000,6885.369035644531,7221.760994466146
2018-05-16,7398.2998046875,7413.31982421875,7356.16015625,7356.22021484375,2103060000,6890.619934082031,7224.494156901042
2018-05-17,7382.47021484375,7425.39013671875,7350.4599609375,7379.580078125,1958970000,6895.717585449219,7227.231494140625
2018-05-18,7354.33984375,7381.16015625,7343.97021484375,7364.33984375,1982190000,6900.67603515625,7229.635660807292
2018-05-21,7394.0400390625,7431.830078125,7368.2099609375,7406.33984375,1997220000,6905.944536132813,7230.579825846354
2018-05-22,7378.4599609375,7432.52978515625,7370.330078125,7420.85009765625,1927420000,6911.079035644531,7229.8631591796875
2018-05-23,7425.9599609375,7426.77978515625,7334.6201171875,7335.02978515625,1997090000,6916.289985351563,7231.456656901041
2018-05-24,7424.43017578125,7435.3798828125,7357.5,7421.990234375,2035460000,6921.559836425781,7233.980330403646
2018-05-25,7433.85009765625,7452.85009765625,7415.580078125,7422.2001953125,1771950000,6926.967436523438,7238.201831054687
2018-05-29,7396.58984375,7435.1298828125,7354.2900390625,7398.509765625,2095380000,6932.86603515625,7240.513826497396
2018-05-30,7462.4501953125,7473.81005859375,7423.669921875,7428.41015625,2058300000,6938.895485839844,7242.709497070313
2018-05-31,7442.1201171875,7492.419921875,7431.41015625,7455.580078125,2533360000,6944.404936523438,7243.878002929688
2018-06-01,7554.330078125,7557.3798828125,7487.22998046875,7487.66015625,2212330000,6950.511538085938,7246.506005859375
2018-06-04,7606.4599609375,7607.169921875,7561.2001953125,7570.080078125,2152170000,6956.818288574219,7249.481168619792
2018-06-05,7637.85986328125,7644.47998046875,7602.3798828125,7621.35986328125,2063270000,6963.898037109375,7250.76533203125
2018-06-06,7689.240234375,7691.64990234375,7622.31005859375,7652.7998046875,2198100000,6971.2615893554685,7252.447338867188
2018-06-07,7635.06982421875,7697.41015625,7597.66015625,7697.41015625,2339720000,6978.3712890625,7254.515006510416
2018-06-08,7645.509765625,7653.580078125,7595.14013671875,7607.740234375,1949810000,6985.111437988281,7256.993334960937
2018-06-11,7659.93017578125,7677.2900390625,7642.8701171875,7647.240234375,1959360000,6992.019038085938,7259.963167317708
2018-06-12,7703.7900390625,7708.25,7669.52978515625,7673.8701171875,2019890000,6999.181337890625,7263.659830729167
2018-06-13,7695.7001953125,7748.9599609375,7686.64990234375,7713.89990234375,2197830000,7006.331638183594,7269.517496744792
2018-06-14,7761.0400390625,7768.60009765625,7723.52978515625,7723.52978515625,2193630000,7013.72173828125,7276.129833984375
2018-06-15,7746.3798828125,7755.72021484375,7704.33984375,7725.02978515625,3049870000,7020.944187011719,7282.814664713542
2018-06-18,7747.02978515625,7749.35986328125,7676.830078125,7692.9599609375,2102660000,7027.837785644531,7292.487158203125
2018-06-19,7725.58984375,7727.41015625,7635.72998046875,7658.47021484375,2283340000,7034.322434082032,7304.702490234375
2018-06-20,7781.509765625,7806.60009765625,7755.47998046875,7764.14990234375,2316420000,7041.053332519531,7314.051985677083
2018-06-21,7712.9501953125,7803.4501953125,7699.2001953125,7800.2998046875,2349640000,7047.740234375,7325.787654622396
2018-06-22,7692.81982421875,7739.7099609375,7679.1201171875,7739.68994140625,3956300000,7054.237783203125,7338.180818684896
2018-06-25,7532.009765625,7639.72998046875,7477.72998046875,7631.1201171875,2423190000,7059.908481445313,7345.990144856771
2018-06-26,7561.6298828125,7597.490234375,7527.0,7553.740234375,2068870000,7065.9156811523435,7357.515307617187
2018-06-27,7445.080078125,7610.669921875,7444.169921875,7586.330078125,2319650000,7070.979782714844,7365.911979166666
2018-06-28,7503.68017578125,7526.06982421875,7419.56005859375,7438.10986328125,2208870000,7076.226784667969,7373.604817708333
2018-06-29,7510.2998046875,7573.58984375,7502.9501953125,7544.1298828125,2208820000,7081.477333984375,7380.833984375
2018-07-02,7567.68994140625,7568.10009765625,7443.10009765625,7451.89990234375,1777880000,7087.170383300781,7391.710319010416
2018-07-03,7502.669921875,7594.330078125,7498.5,7593.6298828125,1171420000,7092.441381835937,7400.9158203125
2018-07-05,7586.43017578125,7589.18994140625,7511.43017578125,7550.66015625,1754690000,7098.10033203125,7409.117993164063
2018-07-06,7688.39013671875,7695.81005859375,7588.64990234375,7595.93017578125,1718600000,7104.23568359375,7419.440665690104
2018-07-09,7756.2001953125,7757.27978515625,7702.06005859375,7731.740234375,1844440000,7110.736484375,7429.7065022786455
2018-07-10,7759.2001953125,7777.47998046875,7731.97998046875,7770.6298828125,1735230000,7117.4190356445315,7440.582340494791
2018-07-11,7716.60986328125,7748.16015625,7696.580078125,7698.509765625,1768480000,7123.867485351562,7449.921175130208
2018-07-12,7823.919921875,7825.669921875,7746.759765625,7752.7099609375,1930830000,7131.134135742188,7458.968172200521
2018-07-13,7825.97998046875,7843.52001953125,7803.33984375,7827.6201171875,1727500000,7138.363234863281,7467.813834635416
2018-07-16,7805.72021484375,7838.81982421875,7791.97998046875,7831.740234375,1739360000,7145.125537109375,7477.274837239584
2018-07-17,7855.1201171875,7867.14990234375,7749.60986328125,7751.97021484375,1752210000,7152.13388671875,7489.091341145833
2018-07-18,7854.43994140625,7863.77001953125,7822.830078125,7859.43017578125,1881110000,7158.926286621094,7501.188671875
2018-07-19,7825.2998046875,7849.85009765625,7811.14990234375,7829.7998046875,1886300000,7165.469184570313,7514.8211669921875
2018-07-20,7820.2001953125,7860.25,7815.85986328125,7843.080078125,1796530000,7171.911635742187,7528.4288330078125
2018-07-23,7841.8701171875,7846.759765625,7776.5498046875,7806.93017578125,1668270000,7178.4478369140625,7540.481998697916
2018-07-24,7840.77001953125,7928.7900390625,7814.330078125,7914.35009765625,2021890000,7184.724887695313,7552.4981689453125
2018-07-25,7932.240234375,7933.31005859375,7838.759765625,7839.08984375,1943820000,7191.4351879882815,7566.931005859375
2018-07-26,7852.18017578125,7881.2998046875,7834.080078125,7848.0400390625,2289370000,7197.797438964843,7578.955672200521
2018-07-27,7737.419921875,7889.75,7698.9599609375,7889.75,2193410000,7203.5482885742185,7589.564339192709
2018-07-30,7630.0,7740.259765625,7604.240234375,7735.27001953125,2154140000,7208.680539550781,7598.5951741536455
2018-07-31,7671.7900390625,7709.490234375,7614.83984375,7654.58984375,2208610000,7214.0819409179685,7606.298006184896
2018-08-01,7707.2900390625,7732.68017578125,7670.7099609375,7701.81982421875,2228950000,7219.589392089843,7613.666007486979
2018-08-02,7802.68994140625,7808.85009765625,7659.52001953125,7659.52001953125,2115490000,7225.482841796875,7622.595841471354
2018-08-03,7812.009765625,7824.06005859375,7783.2998046875,7819.22998046875,2035870000,7231.42458984375,7630.464168294271
2018-08-06,7859.68017578125,7859.68017578125,7801.8798828125,7809.5400390625,2245300000,7237.6018896484375,7638.042667643229
2018-08-07,7883.66015625,7898.2001953125,7868.64990234375,7878.6201171875,2206400000,7243.994841308594,7646.055672200521
2018-08-08,7888.330078125,7901.68994140625,7864.4599609375,7880.0,2098100000,7250.291242675781,7654.005843098958
2018-08-09,7891.77978515625,7923.35009765625,7881.06005859375,7886.52001953125,2048170000,7256.815991210938,7663.0083414713545
2018-08-10,7839.10986328125,7866.18994140625,7818.3701171875,7834.7099609375,2107530000,7263.019389648438,7670.35517578125
2018-08-13,7819.7099609375,7888.66015625,7814.27001953125,7848.0,1934100000,7269.298488769531,7677.642504882812
2018-08-14,7870.89013671875,7878.22998046875,7815.5,7847.8798828125,1938840000,7275.8690893554685,7686.251676432292
2018-08-15,7774.1201171875,7832.66015625,7732.68994140625,7810.02001953125,2294100000,7281.233391113281,7692.586344401042
2018-08-16,7806.52001953125,7849.669921875,7795.740234375,7826.9501953125,1991410000,7286.77119140625,7699.720678710937
2018-08-17,7816.330078125,7830.77978515625,7752.68017578125,7786.64013671875,1850770000,7292.2144921875,7706.2268473307295
2018-08-20,7821.009765625,7837.14013671875,7787.89990234375,7834.3701171875,1709500000,7297.736892089843,7712.836507161458
2018-08-21,7859.169921875,7897.68017578125,7836.7900390625,7840.08984375,1788860000,7303.458041992188,7719.9251708984375
2018-08-22,7889.10009765625,7897.6298828125,7840.83984375,7844.0400390625,1669240000,7309.081342773437,7728.133675130209
2018-08-23,7878.4599609375,7926.31982421875,7866.52978515625,7886.47021484375,1888600000,7314.541442871094,7735.067171223958
2018-08-24,7945.97998046875,7949.7099609375,7907.10009765625,7907.81005859375,1892990000,7320.432443847656,7743.464835611979
2018-08-27,8017.89990234375,8024.93994140625,7976.60009765625,7989.64013671875,2333790000,7326.576342773437,7751.190999348958
2018-08-28,8030.0400390625,8046.31005859375,8009.58984375,8039.009765625,1980270000,7332.976293945312,7758.250667317709
2018-08-29,8109.68994140625,8113.56005859375,8042.10009765625,8044.33984375,1909880000,7339.770043945313,7766.114501953125
2018-08-30,8088.35986328125,8133.2998046875,8069.56982421875,8094.2001953125,2022720000,7346.423842773437,7772.766495768229
2018-08-31,8109.5400390625,8119.81982421875,8079.31005859375,8079.31005859375,1906900000,7353.282192382812,7780.674332682292
2018-09-04,8091.25,8104.06982421875,8042.14013671875,8087.9501953125,2238710000,7360.207392578125,7788.103336588541
2018-09-05,7995.169921875,8077.83984375,7962.35009765625,8073.52978515625,2602810000,7366.216791992188,7793.690665690104
2018-09-06,7922.72998046875,8001.97021484375,7885.490234375,7998.27001953125,2375380000,7371.916491699219,7797.339664713541
2018-09-07,7902.5400390625,7962.52978515625,7873.93017578125,7878.7900390625,2158930000,7377.475642089844,7800.786995442709
2018-09-10,7924.16015625,7945.02978515625,7890.39013671875,7939.56982421875,2055430000,7382.78404296875,7803.5056640625
2018-09-11,7972.47021484375,7986.31982421875,7880.919921875,7894.8701171875,2345080000,7388.309594726563,7807.273836263021
2018-09-12,7954.22998046875,7965.39013671875,7884.0498046875,7958.8701171875,2372320000,7393.634943847656,7810.7271728515625
2018-09-13,8013.7099609375,8037.509765625,7989.85009765625,7999.93017578125,2332930000,7399.310893554688,7815.5291748046875
2018-09-14,8010.0400390625,8040.830078125,7979.77978515625,8026.16015625,2069380000,7404.799294433594,7819.3380126953125
2018-09-17,7895.7900390625,8002.77978515625,7890.06982421875,7992.2099609375,2303600000,7410.156293945312,7822.385343424479
2018-09-18,7956.10986328125,7986.10009765625,7901.009765625,7903.56982421875,2328260000,7415.5669921875,7826.773510742188
2018-09-19,7950.0400390625,7976.1201171875,7917.72998046875,7962.5498046875,2167720000,7421.079243164062,7833.7406819661455
2018-09-20,8028.22998046875,8039.06005859375,7986.41015625,7993.52978515625,2306580000,7427.343542480468,7841.517350260417
2018-09-21,7986.9599609375,8057.259765625,7979.669921875,8041.68994140625,3729890000,7433.467292480469,7850.548681640625
2018-09-24,7993.25,7997.89990234375,7912.47021484375,7939.3798828125,2433260000,7439.5516430664065,7858.708178710937
2018-09-25,8007.47021484375,8014.1201171875,7979.2900390625,8001.58984375,2328660000,7445.524794921875,7866.994352213542
2018-09-26,7990.3701171875,8067.02978515625,7982.759765625,8011.68017578125,2342370000,7451.2762451171875,7874.0390218098955
2018-09-27,8041.97021484375,8071.56005859375,8017.91015625,8021.22021484375,2073930000,7457.110695800781,7883.027360026042
2018-09-28,8046.35009765625,8065.06005859375,8015.8701171875,8024.5,2342120000,7463.030847167969,7890.692692057291
2018-10-01,8037.2998046875,8107.3798828125,8019.77001953125,8091.5,2299520000,7468.838347167969,7896.5078531901045
2018-10-02,7999.5498046875,8054.14990234375,7983.990234375,8024.47021484375,2416800000,7474.553447265625,7900.5636800130205
2018-10-03,8025.08984375,8053.93017578125,8012.02978515625,8034.64990234375,3095630000,7479.99599609375,7904.995174153646
2018-10-04,7879.509765625,7997.169921875,7833.16015625,7993.330078125,3302690000,7484.41974609375,7907.710172526042
2018-10-05,7788.4501953125,7902.669921875,7715.97021484375,7874.759765625,2699370000,7488.542746582031,7907.119010416666
2018-10-08,7735.9501953125,7797.31982421875,7654.83984375,7747.10009765625,2259300000,7492.417697753906,7905.618513997396
2018-10-09,7738.02001953125,7799.75,7718.9501953125,7728.509765625,2466440000,7496.280998535156,7904.490177408854
2018-10-10,7422.0498046875,7701.2001953125,7420.56005859375,7694.080078125,3111680000,7498.591447753906,7897.2723388671875
2018-10-11,7329.06005859375,7493.2099609375,7274.0400390625,7388.06982421875,3154520000,7500.555498046875,7888.516007486979
2018-10-12,7496.89013671875,7516.68994140625,7368.330078125,7507.83984375,2674210000,7503.343249511719,7883.042513020833
2018-10-15,7430.740234375,7500.93017578125,7400.06982421875,7473.330078125,2167000000,7505.746149902344,7876.551513671875
2018-10-16,7645.490234375,7658.14013671875,7493.43994140625,7501.77978515625,2639760000,7509.456650390625,7873.278515625
2018-10-17,7642.7001953125,7670.490234375,7563.08984375,7669.259765625,2385070000,7512.6356518554685,7869.977351888021
2018-10-18,7485.14013671875,7616.85986328125,7452.4599609375,7616.47021484375,2567980000,7514.733703613281,7862.52568359375
2018-10-19,7449.02978515625,7582.89013671875,7428.2998046875,7530.16015625,2547790000,7516.589301757813,7855.806510416666
2018-10-22,7468.6298828125,7520.5400390625,7424.740234375,7486.740234375,2301010000,7518.249650878906,7851.326676432292
2018-10-23,7437.5400390625,7472.580078125,7260.1298828125,7328.5498046875,2752010000,7519.650400390625,7848.119010416666
2018-10-24,7108.39990234375,7435.68994140625,7099.0,7423.2099609375,2959560000,7519.374499511719,7838.729174804687
2018-10-25,7318.33984375,7364.81982421875,7178.5400390625,7197.490234375,2788090000,7520.198349609375,7832.246671549479
2018-10-26,7167.2099609375,7283.31982421875,7057.0,7125.18017578125,2971530000,7519.975500488281,7821.655338541666
2018-10-29,7050.2900390625,7295.60986328125,6922.830078125,7272.419921875,2711900000,7518.921650390625,7808.960009765625
2018-10-30,7161.64990234375,7166.83984375,7001.47998046875,7017.8701171875,2699220000,7518.6114501953125,7797.326171875
2018-10-31,7305.89990234375,7368.490234375,7270.6298828125,7276.6201171875,2918880000,7518.64955078125,7787.696834309896
2018-11-01,7434.06005859375,7435.8798828125,7286.5,7327.81982421875,2728760000,7519.339602050782,7780.125667317709
2018-11-02,7356.990234375,7466.52978515625,7298.68017578125,7424.02001953125,2899670000,7519.442653808594,7771.212508138021
2018-11-05,7328.85009765625,7349.22998046875,7255.8798828125,7344.080078125,2186310000,7519.046755371094,7762.708178710937
2018-11-06,7375.9599609375,7400.64013671875,7320.89013671875,7326.06982421875,2300920000,7518.625104980469,7755.312345377604
2018-11-07,7570.75,7572.93017578125,7435.8701171875,7446.08984375,2687410000,7519.4035546875,7750.310009765625
2018-11-08,7530.8798828125,7566.93017578125,7499.7099609375,7544.169921875,2475160000,7520.002153320313,7746.256005859375
2018-11-09,7406.89990234375,7474.33984375,7349.47998046875,7468.509765625,2426750000,7519.507802734375,7739.595670572917
2018-11-12,7200.8701171875,7371.08984375,7193.77001953125,7364.0498046875,2305340000,7518.1796044921875,7729.338004557291
2018-11-13,7200.8701171875,7319.1201171875,7182.85986328125,7230.68994140625,2361240000,7517.171555175782,7719.00234375
2018-11-14,7136.39013671875,7285.56982421875,7101.169921875,7265.39013671875,2566210000,7515.796105957032,7706.9560139973955
2018-11-15,7259.02978515625,7274.259765625,7072.35986328125,7112.830078125,2523500000,7515.1619555664065,7696.454842122396
2018-11-16,7247.8701171875,7274.85986328125,7171.7001953125,7193.60009765625,2466980000,7515.196555175781,7685.945011393229
2018-11-19,7028.47998046875,7224.1201171875,7011.39990234375,7217.240234375,2381430000,7515.501306152344,7670.653344726563
2018-11-20,6908.81982421875,6994.75,6830.759765625,6867.43017578125,2672250000,7514.466005859375,7652.168676757812
2018-11-21,6972.25,7029.93017578125,6951.6201171875,6985.509765625,1867840000,7514.067355957031,7634.538842773438
2018-11-23,6938.97998046875,6987.89013671875,6919.16015625,6919.52001953125,958950000,7514.876455078125,7615.027010091146
2018-11-26,7081.85009765625,7083.93017578125,7003.1201171875,7026.5,2036910000,7515.913254394532,7598.251847330729
2018-11-27,7082.7001953125,7105.14013671875,7014.35986328125,7041.22998046875,2076790000,7516.416955566407,7581.137849934896
2018-11-28,7291.58984375,7292.7099609375,7090.97998046875,7135.080078125,2413120000,7517.807355957031,7567.8101806640625
2018-11-29,7273.080078125,7319.9599609375,7217.68994140625,7267.3701171875,2018190000,7518.454655761719,7555.7753499348955
2018-11-30,7330.5400390625,7332.7900390625,7255.68017578125,7279.2998046875,2547970000,7518.825205078125,7545.905517578125
2018-12-03,7441.509765625,7486.509765625,7392.22021484375,7486.1298828125,2643150000,7519.835402832031,7538.2216796875
2018-12-04,7158.43017578125,7421.10986328125,7150.10986328125,7407.9501953125,2655720000,7519.4560034179685,7525.4595133463545
2018-12-06,7188.259765625,7189.52001953125,6984.33984375,7017.0498046875,2857650000,7519.30615234375,7512.389339192709
2018-12-07,6969.25,7205.3701171875,6945.27001953125,7163.490234375,2504680000,7518.101953125,7495.973006184896
2018-12-10,7020.52001953125,7047.6201171875,6878.990234375,6959.6298828125,2380270000,7516.517602539063,7479.419840494792
2018-12-11,7031.830078125,7129.830078125,6983.009765625,7121.66015625,2286810000,7514.569453125,7463.116341145834
2018-12-12,7098.31005859375,7197.2900390625,7096.56005859375,7127.0,2427080000,7513.409252929688,7449.825008138021
2018-12-13,7070.330078125,7154.64013671875,7034.81982421875,7135.27978515625,2162210000,7512.395854492188,7435.06201171875
2018-12-14,6910.66015625,7027.169921875,6898.990234375,6986.3701171875,2218330000,7511.046354980469,7417.739013671875
2018-12-17,6753.72998046875,6931.81005859375,6710.009765625,6886.4599609375,2697400000,7508.525654296875,7396.497347005208
2018-12-18,6783.91015625,6847.27001953125,6733.7099609375,6809.81982421875,2623270000,7505.791655273438,7376.446516927083
2018-12-19,6636.830078125,6868.85986328125,6586.5,6777.58984375,2919140000,7502.115756835938,7353.839518229167
2018-12-20,6528.41015625,6666.2001953125,6447.91015625,6607.759765625,3282440000,7497.774558105469,7329.1885172526045
2018-12-21,6332.990234375,6586.68017578125,6304.6298828125,6573.490234375,4571670000,7492.299758300781,7301.565519205729
2018-12-24,6192.919921875,6355.18017578125,6190.169921875,6278.490234375,1647440000,7485.460307617188,7270.748014322917
2018-12-26,6554.35986328125,6555.52978515625,6214.33984375,6257.85986328125,2572890000,7480.2905078125,7245.881510416667
2018-12-27,6579.490234375,6583.009765625,6336.97021484375,6457.18994140625,2449110000,7475.63291015625,7221.584684244792
2018-12-28,6584.52001953125,6684.18017578125,6529.22021484375,6616.7900390625,2216250000,7471.071459960937,7198.0008544921875
2018-12-31,6635.27978515625,6659.9599609375,6570.06005859375,6649.52001953125,2109320000,7466.839157714844,7174.837353515625
2019-01-02,6665.93994140625,6693.7099609375,6506.8798828125,6506.91015625,2261800000,7462.75890625,7154.611189778646
2019-01-03,6463.5,6600.2099609375,6457.1298828125,6584.77001953125,2631550000,7458.355205078125,7132.5286865234375
2019-01-04,6738.85986328125,6760.68994140625,6554.240234375,6567.14013671875,2596150000,7455.228005371094,7115.910514322916
2019-01-07,6823.47021484375,6855.60009765625,6741.39990234375,6757.52978515625,2523450000,7452.61890625,7100.668017578125
2019-01-08,6897.0,6909.580078125,6795.85986328125,6893.43994140625,2407340000,7451.270505371093,7091.9171875
2019-01-09,6957.080078125,6985.22021484375,6899.56005859375,6923.06005859375,2434500000,7451.092556152344,7085.717521158854
2019-01-10,6986.06982421875,6991.3701171875,6877.080078125,6908.64990234375,2190110000,7449.920205078125,7077.203849283854
2019-01-11,6971.47998046875,6975.64990234375,6933.60009765625,6947.4599609375,2074310000,7449.7335546875,7069.54951171875
2019-01-14,6905.919921875,6936.22021484375,6887.47998046875,6908.02978515625,1960780000,7449.517004394531,7057.22333984375
2019-01-15,7023.830078125,7025.85009765625,6928.1201171875,6931.39013671875,2066090000,7449.318903808594,7046.908837890625
2019-01-16,7034.68994140625,7079.6298828125,7028.1201171875,7033.75,2163730000,7450.141752929688,7039.401334635417
2019-01-17,7084.4599609375,7113.9501953125,7003.6201171875,7010.1298828125,2149280000,7450.857653808594,7033.325170898437
2019-01-18,7157.22998046875,7185.3798828125,7096.6201171875,7134.10009765625,2459920000,7451.433254394531,7028.135172526042
2019-01-22,7020.35986328125,7110.16015625,6979.81005859375,7109.56982421875,2397660000,7451.1523046875,7021.1821695963545
2019-01-23,7025.77001953125,7084.85009765625,6953.22998046875,7061.64990234375,2288090000,7451.70560546875,7019.805004882813
2019-01-24,7073.4599609375,7078.9599609375,7029.9501953125,7042.25,2419110000,7452.3212060546875,7015.7236735026045
2019-01-25,7164.85986328125,7174.56005859375,7111.08984375,7128.18017578125,2446550000,7452.674006347656,7015.684505208334
2019-01-28,7085.68017578125,7086.2998046875,7034.25,7075.009765625,2448790000,7452.757258300781,7016.274340820312
2019-01-29,7028.2900390625,7092.2900390625,7011.47021484375,7087.490234375,2106370000,7452.1974584960935,7014.051676432292
2019-01-30,7183.080078125,7201.31005859375,7065.56982421875,7094.7900390625,2569410000,7452.579609375,7012.0046793619795
2019-01-31,7281.740234375,7303.1201171875,7205.9501953125,7208.169921875,2947490000,7453.206911621094,7009.466015625
2019-02-01,7263.8701171875,7299.93994140625,7243.41015625,7256.3701171875,2398800000,7453.12076171875,7007.914013671875
2019-02-04,7347.5400390625,7348.22998046875,7261.06982421875,7266.27978515625,2106030000,7453.382260742187,7008.225512695312
2019-02-05,7402.080078125,7408.68017578125,7355.35986328125,7356.33984375,2284960000,7454.202360839844,7008.6608479817705
2019-02-06,7375.27978515625,7410.77001953125,7346.72021484375,7400.43994140625,2179400000,7455.348110351562,7005.403011067709
2019-02-07,7288.35009765625,7336.740234375,7235.0498046875,7316.5,2310700000,7456.146860351562,7001.360847981771
2019-02-08,7298.2001953125,7299.43994140625,7225.14013671875,7232.2998046875,2102520000,7457.601110839843,6999.549186197916
2019-02-11,7307.89990234375,7343.56005859375,7290.02978515625,7327.3701171875,1908490000,7459.1219091796875,7001.333015950521
2019-02-12,7414.6201171875,7419.43017578125,7349.7998046875,7358.85009765625,2140130000,7460.601608886719,7004.895515950521
2019-02-13,7420.3798828125,7461.66015625,7413.83984375,7437.4599609375,2103840000,7462.104509277344,7009.628678385417
2019-02-14,7426.9501953125,7454.419921875,7375.7099609375,7390.25,2117500000,7463.90791015625,7012.427351888021
2019-02-15,7472.41015625,7477.27978515625,7440.259765625,7468.56982421875,2263640000,7465.616459960937,7016.169685872396
2019-02-19,7486.77001953125,7507.7900390625,7450.27001953125,7450.75,2124140000,7467.545810546875,7023.807853190104
2019-02-20,7489.06982421875,7513.7001953125,7455.25,7490.31005859375,2202670000,7469.55041015625,7033.478686523437
2019-02-21,7459.7099609375,7485.75,7430.89013671875,7475.41015625,2144680000,7470.800859375,7041.603019205729
2019-02-22,7527.5400390625,7527.5400390625,7479.009765625,7481.6298828125,2428560000,7472.112509765625,7051.412353515625
2019-02-25,7554.4599609375,7602.68994140625,7551.60986328125,7585.2998046875,2399410000,7473.550310058594,7059.2891845703125
2019-02-26,7549.2998046875,7573.22021484375,7524.31005859375,7535.2900390625,2305760000,7474.5972583007815,7067.065844726562
2019-02-27,7554.509765625,7562.2900390625,7485.39013671875,7526.419921875,2430790000,7475.344956054688,7071.447843424479
2019-02-28,7532.52978515625,7561.89990234375,7516.47998046875,7533.31005859375,2676790000,7475.993205566407,7075.772005208333
2019-03-01,7595.35009765625,7603.0400390625,7540.75,7587.4501953125,2490920000,7476.913356933594,7080.1855061848955
2019-03-04,7577.56982421875,7643.66015625,7501.56005859375,7636.6201171875,2582090000,7478.043056640625,7082.453173828125
2019-03-05,7576.35986328125,7598.66015625,7543.5400390625,7582.2900390625,2166670000,7478.933356933594,7089.418668619792
2019-03-06,7505.919921875,7579.02001953125,7499.8701171875,7575.3798828125,2256550000,7479.55060546875,7094.713004557291
2019-03-07,7421.4599609375,7489.080078125,7397.18994140625,7483.7900390625,2462690000,7479.886206054687,7102.249837239583
2019-03-08,7408.14013671875,7411.52001953125,7332.919921875,7334.35009765625,2260950000,7479.956706542969,7108.710172526042
2019-03-11,7558.06005859375,7558.22998046875,7442.39990234375,7442.56005859375,2248460000,7480.85470703125,7117.4806722005205
2019-03-12,7591.02978515625,7611.1298828125,7560.4599609375,7571.85009765625,2171620000,7481.680056152344,7125.6926676432295
2019-03-13,7643.41015625,7677.06982421875,7619.4599609375,7621.3798828125,2379260000,7482.774956054687,7135.244002278646
2019-03-14,7630.91015625,7653.10009765625,7627.02001953125,7644.7900390625,2198900000,7483.760256347657,7147.2481689453125
2019-03-15,7688.52978515625,7714.9599609375,7652.0400390625,7658.41015625,3451860000,7485.219956054688,7162.8281656901045
2019-03-18,7714.47998046875,7737.669921875,7677.740234375,7696.3798828125,2302140000,7486.480104980469,7178.337662760417
2019-03-19,7723.9501953125,7767.89013671875,7699.14990234375,7747.39990234375,2457920000,7487.889255371094,7196.456331380208
2019-03-20,7728.97021484375,7779.240234375,7674.0400390625,7721.9501953125,2464230000,7488.762456054687,7216.465665690104
2019-03-21,7838.9599609375,7850.10986328125,7705.43017578125,7705.43017578125,2502810000,7489.924956054688,7241.565161132812
2019-03-22,7642.669921875,7817.830078125,7642.56982421875,7800.25,2504740000,7489.949006347656,7265.7276611328125
2019-03-25,7637.5400390625,7662.3798828125,7579.2900390625,7618.97998046875,2162490000,7489.690505371093,7283.7806640625
2019-03-26,7691.52001953125,7738.169921875,7649.2099609375,7700.0,2080350000,7489.972756347656,7302.3144938151045
2019-03-27,7643.3798828125,7712.83984375,7582.08984375,7702.0498046875,2244070000,7489.9621069335935,7319.962158203125
2019-03-28,7669.169921875,7689.16015625,7619.81982421875,7660.06982421875,1922150000,7490.008305664062,7337.193660481771
2019-03-29,7729.31982421875,7733.6201171875,7688.509765625,7726.7099609375,2311790000,7490.135954589844,7354.916658528646
2019-04-01,7828.91015625,7831.4501953125,7777.08984375,7800.240234375,2230050000,7490.802004394532,7377.673494466146
2019-04-02,7848.68994140625,7854.919921875,7811.27978515625,7824.60986328125,2123250000,7491.24025390625,7396.170662434896
2019-04-03,7895.5498046875,7938.259765625,7870.89990234375,7891.18017578125,2509630000,7491.986103515625,7414.038655598958
2019-04-04,7891.77978515625,7917.64990234375,7844.9599609375,7894.259765625,2152640000,7492.709853515625,7430.618318684896
2019-04-05,7938.68994140625,7940.4501953125,7909.14013671875,7914.509765625,2157050000,7493.775354003907,7446.978483072917
2019-04-08,7953.8798828125,7955.89990234375,7891.85009765625,7924.89013671875,2075550000,7494.637204589843,7463.108650716146
2019-04-09,7909.27978515625,7945.5498046875,7897.60986328125,7924.77001953125,2078800000,7495.618852539063,7478.7386474609375
2019-04-10,7964.240234375,7965.330078125,7916.89990234375,7922.72998046875,2012290000,7496.975954589844,7496.3773193359375
2019-04-11,7947.35986328125,7975.2001953125,7933.41015625,7975.2001953125,1969480000,7499.052705078125,7511.769482421875
2019-04-12,7984.16015625,7992.08984375,7952.60986328125,7984.14990234375,1968900000,7501.165356445313,7527.593986002604
2019-04-15,7976.009765625,7993.330078125,7933.56982421875,7987.16015625,1827710000,7503.820004882812,7542.453149414063
2019-04-16,8000.22998046875,8017.56005859375,7978.81005859375,8000.56982421875,2102740000,7506.30275390625,7556.503149414062
2019-04-17,7996.080078125,8052.39990234375,7973.3798828125,8044.97021484375,2317330000,7508.731655273437,7572.765152994792
2019-04-18,7998.06005859375,8002.31005859375,7950.97021484375,7998.4501953125,2124630000,7510.883505859375,7588.969986979167
2019-04-22,8015.27001953125,8017.14990234375,7965.89990234375,7969.3701171875,1790990000,7513.446506347656,7604.666821289063
2019-04-23,8120.81982421875,8128.8701171875,8023.81005859375,8026.75,2099410000,7516.118454589844,7620.5994873046875
2019-04-24,8102.009765625,8139.5498046875,8101.7001953125,8122.8798828125,2043310000,7518.186552734375,7637.538313802083
2019-04-25,8118.68017578125,8151.83984375,8075.41015625,8150.85009765625,2073370000,7519.998952636719,7655.711482747396
2019-04-26,8146.39990234375,8146.419921875,8060.89013671875,8100.27978515625,1982560000,7521.934951171875,7671.766813151042
2019-04-29,8161.85009765625,8176.080078125,8136.41015625,8147.64990234375,1781860000,7524.16115234375,7686.435310872396
2019-04-30,8095.39013671875,8124.60986328125,8050.5498046875,8104.91015625,2131850000,7525.5185034179685,7700.293977864583
2019-05-01,8049.64013671875,8146.0,8048.22998046875,8132.93017578125,2273540000,7526.636804199219,7711.9956461588545
2019-05-02,8036.77001953125,8094.06005859375,7976.77001953125,8046.47998046875,2211530000,7527.792053222656,7722.573811848958
2019-05-03,8164.0,8164.7099609375,8084.7998046875,8092.8798828125,2081080000,7529.336452636719,7735.719148763021
2019-05-06,8123.2900390625,8135.5400390625,7981.85009765625,7981.85009765625,1979650000,7530.680703125,7749.634814453125
2019-05-07,7963.759765625,8070.97021484375,7899.02001953125,8043.52001953125,2397600000,7531.373002929688,7760.727473958334
2019-05-08,7943.31982421875,8004.490234375,7923.35009765625,7946.240234375,2214680000,7531.988601074218,7771.317805989584
2019-05-09,7910.58984375,7929.77978515625,7796.16015625,7853.2099609375,2549500000,7532.332199707032,7779.583968098958
2019-05-10,7916.93994140625,7949.33984375,7759.33984375,7881.31005859375,2421470000,7532.713049316406,7787.859969075521
2019-05-13,7647.02001953125,7760.830078125,7627.22021484375,7720.06982421875,2484820000,7531.2869482421875,7791.527799479167
2019-05-14,7734.490234375,7776.2001953125,7665.2998046875,7689.66015625,2103140000,7530.698498535156,7795.89580078125
2019-05-15,7822.14990234375,7838.72021484375,7682.240234375,7682.7998046875,2014080000,7531.1221484375,7801.485465494791
2019-05-16,7898.0498046875,7946.22998046875,7826.669921875,7832.580078125,2168720000,7532.462397460938,7808.3017985026045
2019-05-17,7816.27978515625,7918.7099609375,7810.35009765625,7829.02978515625,2176380000,7533.184846191406,7814.24462890625
2019-05-20,7702.3798828125,7747.27001953125,7678.35009765625,7714.06005859375,2130700000,7533.160295410156,7817.158626302084
2019-05-21,7785.72021484375,7804.43994140625,7752.919921875,7765.56982421875,2000130000,7533.075446777344,7821.012963867188
2019-05-22,7750.83984375,7786.330078125,7738.35009765625,7749.7998046875,1884660000,7532.769597167969,7824.371964518229
2019-05-23,7628.27978515625,7665.14990234375,7585.31982421875,7660.72021484375,2270530000,7531.612595214844,7825.60146484375
2019-05-24,7637.009765625,7694.14990234375,7631.25,7675.56982421875,1685230000,7530.3793432617185,7827.342797851563
2019-05-28,7607.35009765625,7693.740234375,7603.759765625,7655.66015625,2378470000,7528.974443359375,7827.542797851563
2019-05-29,7547.31005859375,7581.10986328125,7503.93994140625,7553.02001953125,2282120000,7527.252094726562,7827.038468424479
2019-05-30,7567.72021484375,7595.89990234375,7527.66015625,7565.4599609375,1875180000,7525.895146484375,7826.894474283854
2019-05-31,7453.14990234375,7506.85986328125,7448.22998046875,7470.9501953125,2239420000,7524.0623461914065,7826.014973958333
2019-06-03,7333.02001953125,7457.66015625,7292.22021484375,7441.2099609375,2580670000,7521.3729956054685,7824.5409749348955
2019-06-04,7527.1201171875,7529.5,7385.02001953125,7413.93994140625,2374130000,7520.137995605469,7826.523974609375
2019-06-05,7575.47998046875,7589.47021484375,7498.169921875,7585.68017578125,2139290000,7518.9827954101565,7826.814306640625
2019-06-06,7615.5498046875,7634.1201171875,7546.22021484375,7582.240234375,2093470000,7517.978894042969,7827.222973632813
2019-06-07,7742.10009765625,7767.02001953125,7647.91015625,7652.97021484375,2074120000,7517.584345703125,7828.867805989584
2019-06-10,7823.169921875,7895.43994140625,7795.759765625,7798.8701171875,2042340000,7517.404345703125,7832.072135416666
2019-06-11,7822.56982421875,7909.990234375,7798.6298828125,7901.0400390625,2121150000,7517.0716943359375,7834.306136067708
2019-06-12,7792.72021484375,7819.16015625,7773.97021484375,7803.1298828125,1978930000,7516.642995605469,7835.610139973958
2019-06-13,7837.1298828125,7848.35986328125,7813.60009765625,7822.56005859375,1848360000,7516.098745117188,7837.496468098959
2019-06-14,7796.66015625,7819.2099609375,7778.1201171875,7807.18994140625,1808370000,7514.9925463867185,7838.6246337890625
2019-06-17,7845.02001953125,7865.97998046875,7812.60986328125,7819.43017578125,1950550000,7514.067446289063,7838.725634765625
2019-06-18,7953.8798828125,8005.2099609375,7911.669921875,7920.97998046875,2250550000,7513.288395996094,7843.912467447916
2019-06-19,7987.31982421875,7998.58984375,7930.3798828125,7970.259765625,2027520000,7512.783195800781,7849.742130533854
2019-06-20,8051.33984375,8088.8798828125,7996.8701171875,8087.4501953125,2108250000,7512.492194824219,7855.739127604166
2019-06-21,8031.7099609375,8073.02001953125,8011.2001953125,8028.68994140625,2909540000,7512.194494628906,7862.211295572916
2019-06-24,8005.7001953125,8047.56005859375,8004.6298828125,8040.580078125,2073470000,7512.247145996093,7867.820133463541
2019-06-25,7884.72021484375,8007.31005859375,7879.14990234375,8005.27001953125,2132550000,7512.057097167969,7870.410139973958
2019-06-26,7909.97021484375,7974.27978515625,7903.06982421875,7933.919921875,2122730000,7512.094248046875,7871.761140950521
2019-06-27,7967.759765625,7976.580078125,7935.47021484375,7939.35986328125,2083920000,7512.31224609375,7873.745638020833
2019-06-28,8006.240234375,8010.14990234375,7961.4599609375,7988.759765625,4101490000,7512.481096191406,7875.590478515625
2019-07-01,8091.16015625,8150.4501953125,8059.2900390625,8145.85009765625,2219030000,7513.165747070312,7878.913484700521
2019-07-02,8109.08984375,8109.3701171875,8063.10986328125,8086.64990234375,1956590000,7513.642646484375,7881.753483072916
2019-07-03,8170.22998046875,8170.22998046875,8122.33984375,8129.56982421875,1548240000,7514.443596191406,7885.359318033854
2019-07-05,8161.7900390625,8171.97021484375,8093.66015625,8123.27978515625,1690700000,7515.773596191406,7889.567822265625
2019-07-08,8098.3798828125,8161.7900390625,8078.39013671875,8112.91015625,1957160000,7516.4849462890625,7891.803483072917
2019-07-09,8141.72998046875,8146.97998046875,8061.31982421875,8061.41015625,1871430000,7517.443395996093,7895.042985026042
2019-07-10,8202.5302734375,8228.599609375,8160.56005859375,8183.18994140625,2066640000,7518.314897460938,7898.682486979166
2019-07-11,8196.0400390625,8226.1796875,8171.6298828125,8219.2802734375,1970690000,7519.360297851563,7902.349658203125
2019-07-12,8244.1396484375,8245.66015625,8201.51953125,8209.2001953125,1835960000,7520.61474609375,7906.414819335938
2019-07-15,8258.1904296875,8264.7802734375,8236.26953125,8263.1796875,1790770000,7521.868347167969,7910.7833251953125
2019-07-16,8222.7998046875,8259.75,8204.23046875,8251.66015625,1947010000,7523.030495605469,7914.528987630209
2019-07-17,8185.2099609375,8230.669921875,8184.66015625,8224.0,1887120000,7523.746694335938,7917.361319986979
2019-07-18,8207.240234375,8215.580078125,8135.1201171875,8151.759765625,2063790000,7524.551145019531,7918.80166015625
2019-07-19,8146.490234375,8245.7802734375,8144.6298828125,8241.33984375,1893050000,7525.097097167969,7919.543001302083
2019-07-22,8204.1396484375,8218.419921875,8171.5400390625,8171.990234375,1860440000,7526.120046386719,7920.9673258463545
2019-07-23,8251.400390625,8251.830078125,8193.8896484375,8242.5,1845050000,7527.251599121094,7922.717333984375
2019-07-24,8321.5,8321.8095703125,8226.5,8227.3603515625,1953670000,7529.461550292969,7925.378165690104
2019-07-25,8238.5400390625,8295.9501953125,8233.400390625,8294.6796875,2058090000,7531.711999511719,7927.763997395833
2019-07-26,8330.2099609375,8339.6396484375,8291.1201171875,8294.2998046875,1975110000,7534.6832983398435,7932.440161132812
2019-07-29,8293.330078125,8325.2802734375,8247.3701171875,8325.099609375,1882980000,7537.459848632812,7936.716162109375
2019-07-30,8273.6103515625,8295.4599609375,8228.01953125,8231.76953125,1893610000,7541.7176513671875,7938.543001302083
2019-07-31,8175.419921875,8299.830078125,8110.02001953125,8290.7998046875,2679230000,7545.949450683594,7939.411832682292
2019-08-01,8111.1201171875,8311.0400390625,8080.52001953125,8190.56005859375,2815420000,7549.020600585937,7941.867838541667
2019-08-02,8004.06982421875,8068.7998046875,7953.669921875,8056.419921875,2262550000,7551.887248535157,7942.880338541667
2019-08-05,7726.0400390625,7836.4501953125,7662.89990234375,7823.330078125,2661780000,7552.289997558593,7939.804508463541
2019-08-06,7833.27001953125,7845.009765625,7739.56982421875,7804.509765625,2217620000,7553.242846679687,7938.410009765625
2019-08-07,7862.830078125,7881.3798828125,7702.419921875,7747.27001953125,2470170000,7555.1312963867185,7942.006844075521
2019-08-08,8039.16015625,8041.1201171875,7896.14990234375,7921.58984375,2442950000,7558.0819482421875,7947.0846761067705
2019-08-09,7959.14013671875,8020.56005859375,7910.35009765625,7997.18994140625,2221180000,7560.534499511718,7949.367846679687
2019-08-12,7863.41015625,7924.990234375,7833.7900390625,7907.490234375,2068920000,7562.663850097656,7948.790519205729
2019-08-13,8016.35986328125,8065.240234375,7851.580078125,7852.3701171875,2353570000,7567.203649902343,7952.125187174479
2019-08-14,7773.93994140625,7900.27978515625,7762.8701171875,7877.330078125,2543670000,7569.481650390625,7953.317854817708
2019-08-15,7766.6201171875,7805.93017578125,7716.5498046875,7790.2001953125,2190810000,7572.478701171875,7952.999519856771
2019-08-16,7895.990234375,7907.52001953125,7828.35009765625,7828.35009765625,2018710000,7576.707202148437,7955.418693033854
2019-08-19,8002.81005859375,8026.75,7895.990234375,8006.18017578125,1946440000,7580.9130029296875,7961.660864257812
2019-08-20,7948.56005859375,8010.580078125,7948.08984375,7989.35986328125,1750730000,7584.1263037109375,7966.853369140625
2019-08-21,8020.2099609375,8036.93994140625,7998.5,8017.06982421875,1721410000,7587.057053222657,7973.734366861979
2019-08-22,7991.39013671875,8048.580078125,7937.1201171875,8038.7900390625,1780760000,7590.229052734375,7981.1357014973955
2019-08-23,7751.77001953125,8005.33984375,7730.77001953125,7943.64990234375,2214370000,7592.34365234375,7984.203198242188
2019-08-26,7853.740234375,7856.0400390625,7789.0498046875,7829.580078125,1691990000,7594.732553710937,7990.879703776041
2019-08-27,7826.9501953125,7916.830078125,7795.18017578125,7908.77978515625,1914930000,7596.0135546875,7999.111873372396
2019-08-28,7856.8798828125,7866.8701171875,7766.669921875,7798.35009765625,1663450000,7597.6435546875,8004.6078694661455
2019-08-29,7973.39013671875,7992.2900390625,7925.830078125,7945.77978515625,1703760000,7600.476005859375,8011.2397054036455
2019-08-30,7962.8798828125,8017.91015625,7914.740234375,8015.16015625,1668110000,7604.2860546875,8017.028540039062
2019-09-03,7874.16015625,7940.3701171875,7847.31982421875,7906.43994140625,1938780000,7607.6525048828125,8019.229541015625
2019-09-04,7976.8798828125,7981.41015625,7928.93994140625,7949.81005859375,1893740000,7611.854953613281,8021.791373697916
2019-09-05,8116.830078125,8134.419921875,8061.2900390625,8061.2900390625,2108700000,7616.143955078125,8026.695711263021
2019-09-06,8103.06982421875,8134.39013671875,8098.52001953125,8125.580078125,1878730000,7620.419953613281,8031.8682047526045
2019-09-09,8087.43994140625,8131.66015625,8052.33984375,8130.91015625,2186660000,7625.7147534179685,8036.0400390625
2019-09-10,8084.16015625,8086.52978515625,8001.68017578125,8049.97998046875,2366080000,7631.591455078125,8040.831705729167
2019-09-11,8169.68017578125,8169.68017578125,8081.56005859375,8091.68017578125,2322610000,7637.578605957031,8046.242708333333
2019-09-12,8194.4697265625,8243.7998046875,8176.72998046875,8206.580078125,2228100000,7643.8560546875,8050.2525390625
2019-09-13,8176.7099609375,8210.2001953125,8165.47021484375,8190.56982421875,1984570000,7649.330354003906,8053.409041341146
2019-09-16,8153.5400390625,8165.330078125,8121.25,8121.64013671875,1876540000,7654.684553222656,8055.112377929688
2019-09-17,8186.02001953125,8188.22998046875,8139.81982421875,8148.64990234375,1857350000,7659.156704101562,8057.684212239584
2019-09-18,8177.39013671875,8179.8701171875,8086.22021484375,8174.6201171875,2045590000,7663.678254394531,8060.545711263021
2019-09-19,8182.8798828125,8237.4296875,8174.31982421875,8193.58984375,1818430000,7667.939953613281,8065.5150390625
2019-09-20,8117.669921875,8202.8203125,8086.16015625,8184.8798828125,3363230000,7671.320754394531,8068.976700846354
2019-09-23,8112.4599609375,8135.81005859375,8085.33984375,8106.490234375,1781750000,7676.0909033203125,8071.388370768229
2019-09-24,7993.6298828125,8158.830078125,7969.64990234375,8147.22998046875,2310940000,7680.11775390625,8071.178198242187
2019-09-25,8077.3798828125,8095.0,7935.56982421875,7990.66015625,2022080000,7685.658403320313,8070.9485270182295
2019-09-26,8030.66015625,8072.10986328125,7991.02001953125,8070.1201171875,1886310000,7690.709104003906,8069.641365559896
2019-09-27,7939.6298828125,8051.830078125,7890.27978515625,8047.10986328125,2041250000,7695.248103027344,8065.798030598959
2019-09-30,7999.33984375,8012.16015625,7949.6298828125,7964.08984375,1809050000,7699.753251953125,8063.09052734375
2019-10-01,7908.68017578125,8062.5,7906.2900390625,8026.830078125,2250500000,7703.945002441406,8059.928865559896
2019-10-02,7785.25,7852.7001953125,7744.9599609375,7851.1298828125,2503630000,7708.317951660156,8053.987532552083
2019-10-03,7872.259765625,7872.259765625,7700.0,7787.02001953125,2157220000,7713.910600585938,8048.483024088541
2019-10-04,7982.47021484375,7986.6201171875,7899.39013671875,7908.43994140625,1748000000,7719.903400878906,8044.923527018229
2019-10-07,7956.2900390625,8013.31005859375,7942.080078125,7956.41015625,1759580000,7726.500700683594,8040.126033528646
2019-10-08,7823.77978515625,7921.8798828125,7823.72998046875,7898.27001953125,1943700000,7732.977548828125,8032.885856119791
2019-10-09,7903.740234375,7930.919921875,7873.52001953125,7895.9599609375,1563500000,7740.831298828125,8027.568196614583
2019-10-10,7950.77978515625,7982.83984375,7899.81005859375,7904.56005859375,1793470000,7749.620598144531,8023.661027018229
2019-10-11,8057.0400390625,8115.7998046875,8046.7998046875,8047.33984375,2184790000,7757.133999023437,8021.157690429687
2019-10-14,8048.64990234375,8069.85009765625,8036.41015625,8044.35009765625,1423700000,7764.479797363281,8019.527018229167
2019-10-15,8148.7099609375,8166.18017578125,8071.81005859375,8074.85009765625,1841660000,7772.300747070312,8018.603190104167
2019-10-16,8124.18017578125,8146.14990234375,8103.3798828125,8119.81005859375,1900010000,7779.745249023437,8016.482853190104
2019-10-17,8156.85009765625,8183.64013671875,8131.25,8176.91015625,1864020000,7787.199799804687,8013.738688151042
2019-10-18,8089.5400390625,8157.35986328125,8045.3701171875,8149.85009765625,2020020000,7795.33,8011.255354817708
2019-10-21,8162.990234375,8164.14013671875,8117.259765625,8137.419921875,1756640000,7802.450651855469,8008.468359375
2019-10-22,8104.2998046875,8194.6201171875,8101.97998046875,8188.1201171875,1850870000,7808.854799804688,8005.317854817708
2019-10-23,8119.7900390625,8122.8798828125,8078.35009765625,8090.240234375,1822180000,7814.96875,8002.754182942708
2019-10-24,8185.7998046875,8187.83984375,8137.66015625,8180.0400390625,1893620000,7821.112348632812,8002.927180989584
2019-10-25,8243.1201171875,8249.9697265625,8150.58984375,8150.58984375,1911580000,7827.397600097656,8005.127180989583
2019-10-28,8325.990234375,8335.5595703125,8285.26953125,8285.76953125,1959920000,7834.170151367188,8010.492521158854
2019-10-29,8276.849609375,8319.2900390625,8275.1396484375,8313.349609375,1842720000,7841.024799804687,8019.672680664063
2019-10-30,8303.98046875,8315.5,8241.7001953125,8284.2802734375,1936060000,7847.425551757812,8027.517854817708
2019-10-31,8292.3603515625,8321.7998046875,8248.8095703125,8314.3798828125,2276140000,7853.713903808593,8034.676692708334
2019-11-01,8386.400390625,8386.75,8326.5595703125,8335.0498046875,2071350000,7860.223605957031,8040.464029947917
2019-11-04,8433.2001953125,8451.3701171875,8421.2998046875,8445.5,2166830000,7866.60345703125,8048.3650309244795
2019-11-05,8434.6796875,8457.3896484375,8421.0498046875,8446.6201171875,2327420000,7873.675056152344,8057.8861897786455
2019-11-06,8410.6298828125,8426.5703125,8379.330078125,8426.5703125,2342570000,7880.59935546875,8064.457356770833
2019-11-07,8434.51953125,8483.16015625,8415.8701171875,8455.1103515625,2403680000,7887.404653320313,8075.467016601562
2019-11-08,8475.3095703125,8475.5703125,8405.8896484375,8422.669921875,1982140000,7893.9569018554685,8087.278507486979
2019-11-11,8464.2802734375,8467.2900390625,8425.48046875,8431.259765625,1719300000,7900.84990234375,8096.750008138021
2019-11-12,8486.08984375,8514.83984375,8462.990234375,8471.0703125,2001440000,7908.138901367188,8104.804671223958
2019-11-13,8482.099609375,8496.900390625,8451.33984375,8455.01953125,2180010000,7914.633999023437,8113.696997070312
2019-11-14,8479.01953125,8485.3603515625,8441.580078125,8461.0595703125,2113840000,7920.620395507813,8121.343823242188
2019-11-15,8540.830078125,8540.830078125,8506.7998046875,8524.48046875,2199480000,7927.0051953125,8130.501155598959
2019-11-18,8549.9404296875,8559.7802734375,8503.6201171875,8529.16015625,2053260000,7933.017197265625,8143.8039957682295
2019-11-19,8570.66015625,8589.759765625,8536.73046875,8578.01953125,2094030000,7938.86009765625,8155.752661132812
2019-11-20,8526.73046875,8578.26953125,8468.6298828125,8543.5703125,2608780000,7944.617351074219,8167.415665690104
2019-11-21,8506.2099609375,8530.73046875,8487.2900390625,8527.8701171875,2073720000,7950.706650390625,8178.2378336588545
2019-11-22,8519.8798828125,8535.4599609375,8477.490234375,8530.5400390625,1885730000,7956.815048828125,8187.34599609375
2019-11-25,8632.490234375,8633.150390625,8559.650390625,8559.650390625,2262750000,7963.438000488281,8198.506168619791
2019-11-26,8647.9296875,8659.73046875,8625.6201171875,8635.400390625,2439370000,7969.604548339844,8211.402327473957
2019-11-27,8705.1796875,8705.91015625,8662.580078125,8669.58984375,1748520000,7976.028547363281,8223.540657552083
2019-11-29,8665.4697265625,8697.3203125,8664.0400390625,8682.009765625,1099090000,7982.221145019531,8232.684651692709
2019-12-02,8567.990234375,8672.83984375,8540.16015625,8672.83984375,2240300000,7987.699045410156,8240.433325195312
2019-12-03,8520.6396484375,8523.98046875,8435.400390625,8460.7197265625,2318760000,7992.868393554688,8247.6533203125
2019-12-04,8566.669921875,8584.8798828125,8552.3798828125,8557.4501953125,2158870000,7998.256394042969,8255.695149739584
2019-12-05,8570.7001953125,8588.8896484375,8541.919921875,8587.9296875,2133380000,8003.811345214844,8262.37881673177
2019-12-06,8656.5302734375,8665.4404296875,8630.580078125,8634.25,2057020000,8009.456296386718,8270.079825846355
2019-12-09,8621.830078125,8678.849609375,8619.76953125,8650.8603515625,2123870000,8014.793146972656,8277.498494466146
2019-12-10,8616.1796875,8650.759765625,8600.8203125,8623.5595703125,2058760000,8020.127546386719,8285.209155273438
2019-12-11,8654.0498046875,8658.48046875,8622.3603515625,8631.1201171875,1982080000,8025.625246582032,8293.009651692708
2019-12-12,8717.3203125,8745.8203125,8633.599609375,8645.3603515625,2396400000,8031.54919921875,8302.008487955729
2019-12-13,8734.8798828125,8768.8701171875,8697.580078125,8713.91015625,2219630000,8037.246848144531,8311.20848795573
2019-12-16,8814.23046875,8833.4501953125,8789.76953125,8791.3095703125,2368050000,8043.430151367187,8322.817830403646
2019-12-17,8823.3603515625,8831.990234375,8804.599609375,8829.4697265625,2382450000,8049.6651538085935,8334.666170247396
2019-12-18,8827.740234375,8848.759765625,8820.419921875,8834.650390625,2742330000,8056.274255371094,8348.568009440105
2019-12-19,8887.2197265625,8888.1298828125,8838.9697265625,8838.9697265625,2446890000,8063.603054199219,8362.06534016927
2019-12-20,8924.9599609375,8931.91015625,8901.8701171875,8911.83984375,3830200000,8071.187153320312,8376.970336914062
2019-12-23,8945.650390625,8956.6396484375,8934.5498046875,8950.2001953125,2028670000,8078.125104980469,8393.737345377604
2019-12-24,8952.8798828125,8957.1201171875,8934.3603515625,8955.009765625,1014530000,8084.93435546875,8409.629679361979
2019-12-26,9022.3896484375,9022.4599609375,8968.4599609375,8970.2099609375,1639960000,8091.829252929688,8428.19150390625
2019-12-27,9006.6201171875,9052.0,8987.3203125,9049.4697265625,1833740000,8098.707802734375,8448.547672526041
2019-12-30,8945.990234375,9006.3603515625,8909.1904296875,9004.4501953125,2051320000,8104.995104980469,8466.443180338541
2019-12-31,8972.599609375,8975.3603515625,8912.76953125,8918.740234375,2186830000,8111.285703125,8482.945336914063
2020-01-02,9092.1904296875,9093.4296875,9010.8896484375,9039.4599609375,2862700000,8118.126904296875,8501.877010091146
2020-01-03,9020.76953125,9065.759765625,8976.4296875,8976.4296875,2586520000,8124.585900878907,8521.826839192709
2020-01-06,9071.4697265625,9072.41015625,8943.5,8943.5,2810450000,8130.748449707031,8541.288997395834
2020-01-07,9068.580078125,9091.9296875,9042.5498046875,9076.6396484375,2381740000,8137.878000488281,8559.919002278646
2020-01-08,9129.240234375,9168.8896484375,9059.3798828125,9068.0302734375,2472620000,8145.336501464843,8577.789005533854
2020-01-09,9203.4296875,9215.9501953125,9158.5,9202.26953125,2540960000,8152.896049804687,8597.035335286459
2020-01-10,9178.8603515625,9235.2001953125,9164.66015625,9232.9501953125,2382900000,8160.573452148437,8614.204508463541
2020-01-13,9273.9296875,9274.490234375,9193.0595703125,9213.7197265625,2536820000,8168.5972509765625,8633.367000325521
2020-01-14,9251.330078125,9298.330078125,9226.490234375,9270.6103515625,2553160000,8176.207302246094,8651.608333333334
2020-01-15,9258.7001953125,9298.8203125,9231.1396484375,9253.759765625,2443220000,8183.3562524414065,8671.0943359375
2020-01-16,9357.1298828125,9357.919921875,9301.3203125,9313.4501953125,2312110000,8190.898452148437,8690.996663411459
2020-01-17,9388.9404296875,9393.48046875,9346.8095703125,9392.3701171875,2542540000,8198.365405273438,8712.407340494792
2020-01-21,9370.8095703125,9397.580078125,9350.2001953125,9361.0703125,2686610000,8205.760554199218,8733.257666015625
2020-01-22,9383.76953125,9439.2900390625,9375.1298828125,9413.6103515625,2454580000,8212.985952148438,8753.223828125
2020-01-23,9402.48046875,9409.2001953125,9334.1298828125,9377.7197265625,2465850000,8220.228955078124,8772.546500651042
2020-01-24,9314.91015625,9451.4296875,9273.23046875,9446.2099609375,2622970000,8227.257106933594,8789.028499348959
2020-01-27,9139.3095703125,9185.4501953125,9088.0400390625,9092.4599609375,2593910000,8233.132453613282,8803.40283203125
2020-01-28,9269.6796875,9288.8701171875,9182.330078125,9201.8203125,2169020000,8239.744052734375,8819.497819010418
2020-01-29,9275.16015625,9329.1201171875,9249.0400390625,9318.259765625,2234620000,8246.199052734375,8835.877815755208
2020-01-30,9298.9296875,9303.0,9185.1796875,9211.150390625,2345370000,8252.81365234375,8851.086637369792
2020-01-31,9150.9404296875,9324.7998046875,9123.2197265625,9324.330078125,2696090000,8258.567204589845,8863.048974609375
2020-02-03,9273.400390625,9299.849609375,9188.5498046875,9190.7197265625,2427320000,8264.953806152344,8877.027652994791
2020-02-04,9467.9697265625,9485.3798828125,9374.0498046875,9398.3896484375,2447340000,8272.303354492187,8894.649983723959
2020-02-05,9508.6796875,9574.9404296875,9454.9296875,9574.099609375,2470240000,8279.770402832031,8912.552652994791
2020-02-06,9572.150390625,9575.66015625,9505.6796875,9540.98046875,2313860000,8287.027055664063,8930.833333333334
2020-02-07,9520.509765625,9570.08984375,9496.5302734375,9526.6396484375,2243720000,8294.119555664063,8948.437158203125
2020-02-10,9628.3896484375,9628.66015625,9493.6298828125,9493.6298828125,2187520000,8301.668103027343,8967.47548828125
2020-02-11,9638.9404296875,9714.740234375,9617.2099609375,9680.8896484375,2450070000,8309.130805664063,8986.756168619791
2020-02-12,9725.9599609375,9728.76953125,9666.6904296875,9688.599609375,2366510000,8316.951354980469,9007.538509114584
2020-02-13,9711.9697265625,9748.3203125,9650.01953125,9657.0400390625,2254870000,8325.034252929687,9027.057503255208
2020-02-14,9731.1796875,9746.3603515625,9693.0498046875,9728.900390625,2226720000,8333.441950683593,9046.74482421875
2020-02-18,9732.740234375,9747.6796875,9675.7998046875,9679.0400390625,2279420000,8341.921801757813,9066.112825520833
2020-02-19,9817.1796875,9838.3701171875,9777.099609375,9782.8095703125,2470860000,8350.187700195313,9087.6203125
2020-02-20,9750.9697265625,9820.8603515625,9636.9404296875,9799.2001953125,2745730000,8358.326098632813,9108.36630859375
2020-02-21,9576.58984375,9715.9501953125,9542.330078125,9708.009765625,2750160000,8366.390249023438,9125.978141276042
2020-02-24,9221.2802734375,9322.8798828125,9166.009765625,9188.4404296875,3188590000,8372.780051269532,9135.79130859375
2020-02-25,8965.6103515625,9315.259765625,8940.490234375,9301.2001953125,3595520000,8378.055153808593,9141.085986328126
2020-02-26,8980.7802734375,9148.3203125,8927.7998046875,9011.5498046875,3587950000,8383.37435546875,9145.679329427083
2020-02-27,8566.48046875,8904.1103515625,8562.0498046875,8744.0302734375,4559900000,8387.971657714843,9144.029508463542
2020-02-28,8567.3701171875,8591.8203125,8264.16015625,8269.740234375,5320020000,8392.136057128906,9144.019173177083
2020-03-02,8952.169921875,8952.8095703125,8543.349609375,8667.1396484375,4249020000,8397.786157226563,9151.211344401041
2020-03-03,8684.08984375,9070.3203125,8602.8896484375,8965.099609375,4336700000,8401.716357421876,9153.168343098958
2020-03-04,9018.08984375,9019.9599609375,8757.66015625,8834.099609375,3634760000,8407.725407714845,9160.624837239584
2020-03-05,8738.58984375,8921.080078125,8677.3896484375,8790.08984375,3763860000,8412.906457519532,9161.992496744791
2020-03-06,8575.6201171875,8612.3603515625,8375.1298828125,8469.01953125,4292730000,8416.85595703125,9161.222330729166
2020-03-09,7950.68017578125,8243.3095703125,7943.16015625,7957.93017578125,4554110000,8417.855158691405,9150.130672200521
2020-03-10,8344.25,8347.400390625,7930.43017578125,8219.759765625,4447260000,8421.435009765624,9144.967342122396
2020-03-11,7952.0498046875,8181.35986328125,7850.9501953125,8136.25,4302610000,8423.010209960938,9132.212833658854
2020-03-12,7201.7998046875,7712.330078125,7194.669921875,7398.580078125,5099350000,8420.982458496093,9106.661499023438
2020-03-13,7874.8798828125,7875.93017578125,7219.08984375,7610.39013671875,4701070000,8422.620307617188,9091.005655924479
2020-03-16,6904.58984375,7422.2001953125,6882.85986328125,7392.72998046875,4618120000,8419.304655761718,9059.026147460938
2020-03-17,7334.77978515625,7406.22998046875,6828.91015625,7072.0,4920210000,8418.71280517578,9034.143473307291
2020-03-18,6989.83984375,7182.830078125,6686.35986328125,6902.31982421875,4935000000,8416.996904296875,9002.520475260417
2020-03-19,7150.580078125,7341.3798828125,6858.3798828125,6996.4501953125,4778490000,8415.114204101563,8972.947477213542
2020-03-20,6879.52001953125,7354.43994140625,6854.669921875,7248.06982421875,5260300000,8411.634404296876,8938.511971028645
2020-03-23,6860.669921875,6984.93994140625,6631.419921875,6847.27978515625,4348410000,8407.860004882812,8903.641805013021
2020-03-24,7417.85986328125,7418.3701171875,7169.85986328125,7196.14990234375,4441080000,8406.238803710938,8876.899641927082
2020-03-25,7384.2998046875,7671.2099609375,7276.39990234375,7421.35986328125,4683630000,8404.044453125,8849.860970052083
2020-03-26,7797.5400390625,7809.830078125,7462.2099609375,7462.2099609375,4014670000,8403.919304199218,8830.720133463541
2020-03-27,7502.3798828125,7716.240234375,7491.14013671875,7554.25,3989120000,8402.467602539062,8806.216471354166
2020-03-30,7774.14990234375,7784.35009765625,7539.97021484375,7583.4599609375,3870770000,8402.152702636718,8784.24912923177
2020-03-31,7700.10009765625,7880.31005859375,7642.85986328125,7740.06005859375,4078960000,8401.66990234375,8762.237972005209
2020-04-01,7360.580078125,7566.3701171875,7301.97998046875,7459.5,3700040000,8399.24770263672,8733.72314453125
2020-04-02,7487.31005859375,7501.7001953125,7307.9501953125,7317.4501953125,3622170000,8396.914853515626,8707.36864420573
2020-04-03,7373.080078125,7518.72021484375,7288.10986328125,7477.27001953125,3294260000,8393.843654785156,8678.099308268229
2020-04-06,7913.240234375,7938.330078125,7617.7900390625,7660.169921875,3849130000,8393.15315673828,8656.596150716146
2020-04-07,7887.259765625,8146.43017578125,7881.22021484375,8129.990234375,4085960000,8392.43090576172,8635.069474283855
2020-04-08,8090.89990234375,8114.43017578125,7901.93994140625,7975.72021484375,3487440000,8392.856904296876,8615.352311197918
2020-04-09,8153.580078125,8227.91015625,8072.31982421875,8169.009765625,4145460000,8394.201203613282,8597.056477864584
2020-04-13,8192.419921875,8200.4404296875,8035.9501953125,8127.68994140625,3184660000,8395.613452148438,8579.285139973957
2020-04-14,8515.740234375,8531.1103515625,8338.080078125,8353.2099609375,3767410000,8398.353354492188,8565.261979166668
2020-04-15,8393.1796875,8464.66015625,8308.7900390625,8355.9599609375,3347920000,8400.288051757812,8548.665966796874
2020-04-16,8532.3603515625,8560.16015625,8393.26953125,8479.1103515625,4057800000,8402.494052734375,8534.691813151041
2020-04-17,8650.1396484375,8670.2998046875,8531.6904296875,8667.48046875,4348310000,8405.199301757813,8522.4646484375
2020-04-20,8560.73046875,8684.91015625,8553.3798828125,8553.3798828125,3827370000,8407.151804199219,8508.435481770834
2020-04-21,8263.23046875,8480.2900390625,8215.6904296875,8460.6904296875,3788180000,8407.659006347656,8490.907486979168
2020-04-22,8495.3798828125,8537.3095703125,8404.5400390625,8434.5498046875,3041520000,8409.644006347657,8480.175325520833
2020-04-23,8494.75,8635.23046875,8475.2001953125,8528.83984375,3759890000,8411.409106445313,8467.259830729166
2020-04-24,8634.51953125,8642.9296875,8464.419921875,8530.080078125,3696020000,8413.569052734376,8456.582486979167
2020-04-27,8730.16015625,8754.5703125,8697.3701171875,8717.98046875,3694980000,8416.239653320312,8447.102994791667
2020-04-28,8607.73046875,8830.5703125,8600.7001953125,8825.6904296875,3730350000,8418.057607421875,8438.049495442709
2020-04-29,8914.7099609375,8957.26953125,8765.009765625,8802.7001953125,4407140000,8421.340205078124,8432.071321614583
2020-04-30,8889.5498046875,8926.1103515625,8825.830078125,8911.01953125,4335660000,8424.673955078126,8422.430989583334
2020-05-01,8604.9501953125,8754.4599609375,8566.83984375,8681.2900390625,3741300000,8426.77265625,8407.368831380209
2020-05-04,8710.7099609375,8715.8203125,8537.830078125,8555.3203125,3443140000,8429.290004882812,8393.011490885418
2020-05-05,8809.1201171875,8909.9599609375,8781.3095703125,8809.66015625,3933550000,8432.603154296876,8381.154996744792
2020-05-06,8854.3896484375,8933.25,8819.3701171875,8874.7001953125,3656750000,8435.854404296875,8368.254996744792
2020-05-07,8979.66015625,9015.990234375,8932.8603515625,8973.7802734375,3787220000,8439.495703125,8357.2669921875
2020-05-08,9121.3203125,9125.98046875,9018.2099609375,9056.8896484375,3813630000,8443.4948046875,8347.189664713542
2020-05-11,9192.33984375,9241.919921875,9053.169921875,9054.91015625,3925450000,8448.263803710937,8338.529166666667
2020-05-12,9002.5498046875,9250.9599609375,9000.0703125,9225.150390625,4336510000,8451.625502929688,8326.385335286459
2020-05-13,8863.169921875,9074.16015625,8752.6796875,9006.0498046875,4273210000,8454.474702148438,8311.892496744791
2020-05-14,8943.7197265625,8945.7099609375,8705.25,8788.0400390625,3965970000,8457.825249023437,8297.334830729167
2020-05-15,9014.5595703125,9018.400390625,8821.3798828125,8839.990234375,4240690000,8462.020947265624,8285.061328125
2020-05-18,9234.830078125,9267.2197265625,9154.349609375,9177.150390625,4341820000,8467.639497070313,8279.36533203125
2020-05-19,9185.099609375,9317.25,9183.25,9227.4599609375,4193550000,8473.544645996093,8278.762320963542
2020-05-20,9375.7802734375,9392.8203125,9304.2001953125,9305.6201171875,4315500000,8481.793347167968,8285.598486328125
2020-05-21,9284.8798828125,9405.25,9254.849609375,9375.1904296875,3745270000,8489.051396484376,8290.666813151041
2020-05-22,9324.58984375,9328.2802734375,9239.41015625,9278.5498046875,3668070000,8496.3601953125,8303.301969401042
2020-05-26,9340.2197265625,9501.2099609375,9333.16015625,9501.2099609375,4448950000,8502.865493164063,8316.182796223959
2020-05-27,9412.3603515625,9414.6201171875,9144.2802734375,9346.1201171875,4489110000,8510.13159423828,8323.85263671875
2020-05-28,9368.990234375,9523.6396484375,9345.2802734375,9392.990234375,4113660000,8517.659494628906,8335.267643229166
2020-05-29,9489.8701171875,9505.5498046875,9324.73046875,9382.349609375,4742290000,8525.027045898438,8343.130647786458
2020-06-01,9552.0498046875,9571.2802734375,9462.3203125,9471.419921875,3847770000,8533.917595214843,8356.688313802084
2020-06-02,9608.3798828125,9611.2197265625,9472.080078125,9566.5302734375,3990080000,8543.126394042969,8373.9009765625
2020-06-03,9682.91015625,9707.7802734375,9627.169921875,9651.8603515625,4679030000,8552.060993652343,8402.77147623698
2020-06-04,9615.8095703125,9716.1396484375,9560.41015625,9649.650390625,6141320000,8560.125991210938,8423.964135742188
2020-06-05,9814.080078125,9845.6904296875,9685.349609375,9703.5400390625,6607730000,8569.453591308593,8454.997973632813
2020-06-08,9924.75,9927.1298828125,9780.6103515625,9823.4404296875,6197330000,8578.976291503906,8500.38047688802
2020-06-09,9953.75,10002.5,9863.26953125,9867.1904296875,5319450000,8588.788090820313,8535.02831217448
2020-06-10,10020.349609375,10086.8896484375,9962.580078125,10012.3203125,5170860000,8600.130988769532,8586.957641601562
2020-06-11,9492.73046875,9868.080078125,9491.3095703125,9791.240234375,5300850000,8608.325939941406,8622.923486328125
2020-06-12,9588.8095703125,9768.6396484375,9413.6201171875,9715.8701171875,4388990000,8617.135236816406,8666.2396484375
2020-06-15,9726.01953125,9756.0703125,9403.0,9426.900390625,4476010000,8626.480935058593,8709.163639322916
2020-06-16,9895.8701171875,9963.6298828125,9748.3798828125,9949.7802734375,4669320000,8636.093334960937,8759.43614095052
2020-06-17,9910.5302734375,9991.2099609375,9891.8095703125,9943.3095703125,4279700000,8645.831586914062,8810.267146809896
2020-06-18,9943.0498046875,9959.2001953125,9885.66015625,9892.48046875,4335320000,8656.17603515625,8852.353645833333
2020-06-19,9946.1201171875,10053.91015625,9872.9404296875,10042.1298828125,6093830000,8666.022236328125,8895.050651041667
2020-06-22,10056.48046875,10059.6103515625,9916.599609375,9945.490234375,4506960000,8675.72048828125,8932.699658203124
2020-06-23,10131.3701171875,10221.849609375,10112.4404296875,10130.830078125,5755170000,8685.861989746094,8976.516162109376
2020-06-24,9909.169921875,10137.5,9842.2197265625,10092.919921875,5589130000,8694.970639648438,9012.099829101562
2020-06-25,10017.0,10023.2802734375,9810.4697265625,9899.3603515625,4779640000,8704.634838867187,9050.714827473957
2020-06-26,9757.2197265625,10000.669921875,9749.0703125,9995.1201171875,7309380000,8712.572536621094,9090.658821614583
2020-06-29,9874.150390625,9877.33984375,9663.6103515625,9771.7197265625,4336290000,8720.970939941406,9130.439493815104
2020-06-30,10058.76953125,10085.58984375,9863.669921875,9875.2900390625,4510190000,8730.381237792968,9175.200984700521
2020-07-01,10154.6298828125,10197.1904296875,10048.0400390625,10063.669921875,4624430000,8740.386687011718,9212.557478841145
2020-07-02,10207.6298828125,10310.3603515625,10194.0595703125,10268.669921875,4038920000,8750.494736328124,9251.230314127604
2020-07-06,10433.650390625,10462.0498046875,10354.98046875,10360.3798828125,4570260000,8761.776037597656,9290.276155598958
2020-07-07,10343.8896484375,10518.98046875,10337.98046875,10412.4599609375,4337130000,8772.581086425782,9326.781315104166
2020-07-08,10492.5,10494.6298828125,10350.9599609375,10409.349609375,4030210000,8784.455236816406,9365.115983072918
2020-07-09,10547.75,10578.099609375,10379.91015625,10563.7197265625,4013180000,8796.631687011719,9398.9828125
2020-07-10,10617.4404296875,10622.349609375,10447.009765625,10545.91015625,3537510000,8809.750739746094,9436.053824869792
2020-07-13,10390.83984375,10824.7802734375,10368.0400390625,10729.919921875,4851880000,8821.31803955078,9467.028483072916
2020-07-14,10488.580078125,10497.830078125,10182.4599609375,10310.25,4461770000,8833.607639160156,9497.669156901042
2020-07-15,10550.490234375,10604.669921875,10420.5400390625,10576.7197265625,4647070000,8846.66194091797,9530.831819661458
2020-07-16,10473.830078125,10499.7900390625,10364.3896484375,10443.8701171875,4277760000,8859.034392089843,9567.675146484375
2020-07-17,10503.1904296875,10532.6201171875,10421.2099609375,10500.51953125,4361480000,8872.006943359374,9601.138655598957
2020-07-20,10767.08984375,10783.7998046875,10488.0400390625,10526.01953125,4314630000,8886.916142578126,9639.010986328125
2020-07-21,10680.3603515625,10839.9296875,10650.4599609375,10837.8798828125,5350750000,8900.956645507813,9673.108333333334
2020-07-22,10706.1298828125,10745.3203125,10627.4501953125,10687.580078125,4128960000,8914.574943847656,9706.041162109375
2020-07-23,10461.419921875,10728.1201171875,10407.8701171875,10689.5,4501540000,8927.100593261719,9736.935986328124
2020-07-24,10363.1796875,10418.75,10217.3095703125,10294.41015625,4233390000,8939.797592773437,9761.0771484375
2020-07-27,10536.26953125,10546.4404296875,10399.8603515625,10421.7001953125,4244570000,8952.960239257813,9788.522477213543
2020-07-28,10402.08984375,10523.6396484375,10397.8701171875,10509.2001953125,3894660000,8965.216789550781,9818.4748046875
2020-07-29,10542.9404296875,10567.91015625,10464.0,10474.7001953125,4009640000,8977.646291503906,9849.011979166668
2020-07-30,10587.8095703125,10609.58984375,10412.08984375,10450.1201171875,4185810000,8990.34208984375,9878.656803385416
2020-07-31,10745.26953125,10747.7998046875,10557.7001953125,10741.4697265625,4438730000,9003.324887695313,9910.171468098959
2020-08-03,10902.7998046875,10927.5595703125,10831.150390625,10848.6396484375,4203890000,9017.217985839843,9942.223795572916
2020-08-04,10941.169921875,10941.91015625,10852.900390625,10897.8896484375,4016520000,9031.139584960938,9972.554622395834
2020-08-05,10998.400390625,11002.1103515625,10943.7197265625,10967.8701171875,4160740000,9045.68388671875,10002.655631510417
2020-08-06,11108.0703125,11121.1904296875,10963.41015625,10989.98046875,4120000000,9060.409287109374,10037.747639973959
2020-08-07,11010.98046875,11126.0400390625,10920.3701171875,11072.5302734375,4263930000,9074.942690429687,10073.544482421876
2020-08-10,10968.3603515625,11040.240234375,10849.4599609375,11033.73046875,4048420000,9089.185541992187,10107.288492838541
2020-08-11,10782.8203125,10989.419921875,10762.7099609375,10942.66015625,4331770000,9102.17064453125,10136.759505208332
2020-08-12,11012.240234375,11036.7197265625,10877.16015625,10878.1201171875,3745230000,9116.016245117187,10166.3830078125
2020-08-13,11042.5,11124.849609375,11007.5,11026.8603515625,3480470000,9129.598793945312,10197.339680989584
2020-08-14,11019.2998046875,11058.4404296875,10972.0595703125,11042.240234375,3514260000,9143.311044921875,10224.731673177082
2020-08-17,11129.73046875,11144.5302734375,11080.2998046875,11083.25,3214870000,9157.439794921875,10255.479182942709
2020-08-18,11210.83984375,11230.6201171875,11103.830078125,11170.75,3228590000,9172.032192382812,10286.916682942709
2020-08-19,11146.4599609375,11257.419921875,11132.099609375,11214.7998046875,3496480000,9185.832490234376,10317.020686848959
2020-08-20,11264.9501953125,11283.6201171875,11090.0302734375,11096.400390625,4215130000,9199.991240234374,10347.897184244792
2020-08-21,11311.7998046875,11326.2099609375,11245.4404296875,11258.4404296875,3929290000,9214.376840820312,10380.27734375
2020-08-24,11379.7197265625,11462.0498046875,11297.5302734375,11449.25,3907310000,9229.222290039062,10411.774837239584
2020-08-25,11466.4697265625,11468.259765625,11343.0400390625,11370.23046875,3475280000,9244.382041015626,10443.6818359375
2020-08-26,11665.0595703125,11672.0498046875,11507.4599609375,11516.6201171875,3471520000,9260.330791015625,10477.959830729167
2020-08-27,11625.33984375,11730.009765625,11551.009765625,11688.1904296875,3547400000,9276.136088867188,10510.333658854166
2020-08-28,11695.6298828125,11708.76953125,11634.76953125,11689.2802734375,3012980000,9292.1837890625,10544.997330729168
2020-08-31,11775.4599609375,11829.83984375,11697.419921875,11718.8095703125,3612050000,9308.650590820313,10577.686995442707
2020-09-01,11939.669921875,11945.7197265625,11794.7802734375,11850.9599609375,3511060000,9325.953842773437,10611.268994140624
2020-09-02,12056.4404296875,12074.0595703125,11836.1796875,12047.259765625,3982360000,9343.53189453125,10646.313834635417
2020-09-03,11458.099609375,11894.400390625,11361.3603515625,11861.900390625,4465010000,9358.072690429688,10670.276334635417
2020-09-04,11313.1298828125,11531.1796875,10875.8701171875,11396.240234375,4284440000,9371.7850390625,10700.616324869792
2020-09-08,10847.6904296875,11131.5,10837.2001953125,10900.7001953125,3905420000,9383.389838867188,10721.597672526043
2020-09-09,11141.5595703125,11217.6904296875,10970.4501953125,11064.759765625,3550660000,9396.566586914063,10745.190006510416
2020-09-10,10919.58984375,11299.5302734375,10875.01953125,11235.5302734375,3840010000,9408.56513671875,10762.252001953126
2020-09-11,10853.5498046875,11033.0400390625,10728.0302734375,11010.0703125,3630250000,9419.670434570313,10777.968994140625
2020-09-14,11056.650390625,11118.2900390625,10982.259765625,11010.1396484375,3737610000,9431.714038085938,10796.52900390625
2020-09-15,11190.3203125,11244.4599609375,11127.98046875,11193.9599609375,3786110000,9444.139741210938,10817.265673828126
2020-09-16,11050.4697265625,11245.419921875,11046.4296875,11222.080078125,3678020000,9456.064741210937,10833.832161458333
2020-09-17,10910.2802734375,10974.4501953125,10783.8095703125,10796.0498046875,3740110000,9467.77619140625,10846.813997395833
2020-09-18,10793.2802734375,10977.6796875,10639.9501953125,10973.4501953125,5759090000,9479.13939453125,10861.549169921875
2020-09-21,10778.7998046875,10782.740234375,10519.490234375,10610.1396484375,3900970000,9490.200043945313,10874.245833333332
2020-09-22,10963.6396484375,10979.650390625,10737.51953125,10873.2998046875,3515440000,9502.164741210938,10894.35283203125
2020-09-23,10632.990234375,10962.0302734375,10612.91015625,10950.8203125,4097320000,9512.047041015625,10907.000162760416
2020-09-24,10672.26953125,10799.5498046875,10520.2197265625,10551.01953125,4086360000,9522.29923828125,10917.225162760416
2020-09-25,10913.5595703125,10939.5498046875,10639.98046875,10680.4599609375,3785270000,9533.786137695313,10929.873990885417
2020-09-28,11117.5302734375,11120.7900390625,11019.1396484375,11084.3798828125,3591740000,9546.103540039063,10945.038997395834
2020-09-29,11085.25,11153.23046875,11065.6298828125,11109.0,3389040000,9557.943188476562,10955.898990885416
2020-09-30,11167.509765625,11277.9599609375,11092.900390625,11092.900390625,4260630000,9570.106337890626,10969.625992838543
2020-10-01,11326.509765625,11344.1298828125,11240.5302734375,11291.990234375,4005900000,9582.667734375,10983.526155598958
2020-10-02,11075.01953125,11244.8701171875,11033.6904296875,11082.5302734375,3731510000,9593.926030273438,10992.313981119793
2020-10-05,11332.490234375,11335.2099609375,11162.51953125,11169.1103515625,3623920000,9606.449780273437,11004.231477864583
2020-10-06,11154.599609375,11392.41015625,11124.4501953125,11314.5302734375,4390960000,9617.7866796875,11016.960807291667
2020-10-07,11364.599609375,11380.5595703125,11258.349609375,11271.6796875,3910770000,9629.984877929688,11031.5611328125
2020-10-08,11420.98046875,11448.23046875,11384.330078125,11443.349609375,3507570000,9642.361528320313,11046.069303385417
2020-10-09,11579.9404296875,11581.23046875,11476.66015625,11487.599609375,3504230000,9655.496831054688,11064.504475911459
2020-10-12,11876.259765625,11965.5400390625,11704.1298828125,11732.330078125,3885030000,9669.766181640625,11087.38896484375
2020-10-13,11863.900390625,11946.98046875,11821.830078125,11901.759765625,3634130000,9684.052583007813,11105.669140625
2020-10-14,11768.73046875,11939.919921875,11714.349609375,11889.0703125,3410410000,9698.166284179688,11123.808642578126
2020-10-15,11713.8701171875,11740.6796875,11559.099609375,11559.8798828125,3325270000,9711.87263671875,11140.604313151041
2020-10-16,11671.5595703125,11827.419921875,11648.5302734375,11761.830078125,3166980000,9724.769482421874,11160.773307291667
2020-10-19,11478.8798828125,11778.1103515625,11454.5703125,11732.33984375,3477410000,9737.060034179687,11179.368310546875
2020-10-20,11516.490234375,11632.8896484375,11471.23046875,11531.830078125,3510040000,9749.28513671875,11195.705322265625
2020-10-21,11484.6904296875,11613.7900390625,11476.080078125,11530.3896484375,3467310000,9761.365688476562,11213.748665364583
2020-10-22,11506.009765625,11548.76953125,11369.2900390625,11526.9697265625,3434040000,9773.249536132813,11229.799820963543
2020-10-23,11548.2802734375,11548.849609375,11434.8603515625,11536.009765625,3145570000,9784.9737890625,11245.807666015626
2020-10-26,11358.9404296875,11545.6298828125,11221.0595703125,11440.6396484375,3205100000,9795.874189453125,11256.035514322917
2020-10-27,11431.349609375,11465.0595703125,11361.8603515625,11409.33984375,3104770000,9806.6612890625,11264.844677734374
2020-10-28,11004.8701171875,11249.9501953125,10999.0703125,11230.900390625,3930690000,9815.428989257813,11265.90634765625
2020-10-29,11185.58984375,11287.6298828125,11030.1904296875,11064.4697265625,3244190000,9825.0634375,11269.026171875
2020-10-30,10911.58984375,11129.8095703125,10822.5703125,11103.4697265625,3671600000,9832.835737304687,11265.751497395833
2020-11-02,10957.6103515625,11071.080078125,10830.9501953125,11010.4501953125,3209000000,9840.679086914062,11264.861995442709
2020-11-03,11160.5703125,11213.919921875,11004.83984375,11038.66015625,3216580000,9849.627890625,11268.065494791666
2020-11-04,11590.7802734375,11663.3095703125,11394.2099609375,11443.76953125,3620760000,9860.662944335938,11281.531494140625
2020-11-05,11890.9296875,11924.2802734375,11784.150390625,11816.330078125,3848160000,9873.105190429687,11296.176318359376
2020-11-06,11895.23046875,11920.5400390625,11737.1298828125,11869.900390625,4183220000,9886.006791992188,11310.388492838541
2020-11-09,11713.7802734375,12108.0703125,11703.490234375,12046.66015625,5863900000,9898.879145507812,11321.963167317708
2020-11-10,11553.8603515625,11665.8701171875,11424.6103515625,11622.4404296875,4736560000,9910.300048828125,11329.031998697918
2020-11-11,11786.4296875,11793.5703125,11638.900390625,11656.650390625,3854680000,9922.856396484374,11338.625162760416
2020-11-12,11709.58984375,11847.83984375,11666.3701171875,11802.5,3886670000,9934.909697265624,11348.010660807291
2020-11-13,11829.2900390625,11849.7900390625,11715.51953125,11794.9404296875,3654230000,9948.3014453125,11357.416324869791
2020-11-16,11924.1298828125,11937.7197265625,11814.8896484375,11847.1103515625,4172570000,9961.555092773437,11367.621826171875
2020-11-17,11899.33984375,11950.1796875,11852.41015625,11913.349609375,4145030000,9973.711943359374,11376.282161458334
2020-11-18,11801.599609375,11942.490234375,11799.9599609375,11896.0595703125,4731420000,9985.17654296875,11381.867659505207
2020-11-19,11904.7099609375,11912.6298828125,11760.98046875,11779.0400390625,5385190000,9996.839340820312,11385.861832682293
2020-11-20,11854.9697265625,11935.4697265625,11852.509765625,11892.7001953125,5350970000,10008.511640625,11389.688997395833
2020-11-23,11880.6298828125,11949.330078125,11796.5302734375,11916.759765625,5473250000,10019.772841796876,11392.772330729167
2020-11-24,12036.7900390625,12049.8798828125,11863.4501953125,11939.330078125,6339580000,10031.76208984375,11397.12783203125
2020-11-25,12094.400390625,12114.76953125,12020.9501953125,12053.8896484375,4448640000,10043.604291992187,11399.706673177083
2020-11-27,12205.849609375,12236.23046875,12154.5703125,12159.1796875,3401830000,10056.07369140625,11402.196826171876
2020-11-30,12198.740234375,12244.650390625,12027.16015625,12224.25,7760390000,10068.411494140624,11414.540836588541
2020-12-01,12355.1103515625,12405.7900390625,12263.9296875,12313.3603515625,6512420000,10081.523344726562,11431.907177734374
2020-12-02,12349.3701171875,12360.0595703125,12217.349609375,12285.75,5194960000,10094.184296875,11456.935172526042
2020-12-03,12377.1796875,12439.01953125,12356.990234375,12369.259765625,5209980000,10107.315346679687,11477.528841145833
2020-12-04,12464.23046875,12464.23046875,12376.4404296875,12399.3203125,5086900000,10121.753549804687,11503.2728515625
2020-12-07,12519.9501953125,12536.23046875,12460.5498046875,12461.0,4771820000,10138.246899414062,11531.04619140625
2020-12-08,12582.76953125,12594.5400390625,12453.2099609375,12503.169921875,4809480000,10156.3326953125,11556.481510416666
2020-12-09,12338.9501953125,12607.1396484375,12290.7802734375,12591.6904296875,5168450000,10173.123544921875,11575.625341796875
2020-12-10,12405.8095703125,12431.5595703125,12214.740234375,12247.5498046875,4518580000,10192.320190429688,11598.214339192707
2020-12-11,12377.8701171875,12383.5,12246.76953125,12336.7900390625,4292680000,10211.372690429687,11622.674169921875
2020-12-14,12440.0400390625,12543.0,12432.7099609375,12447.4404296875,4491930000,10228.812041015624,11650.120166015626
2020-12-15,12595.0595703125,12596.1298828125,12465.419921875,12543.259765625,4423650000,10248.366889648438,11680.391162109376
2020-12-16,12658.1904296875,12687.3203125,12566.3798828125,12611.0400390625,4592700000,10266.567392578125,11708.633675130208
2020-12-17,12764.75,12765.25,12696.349609375,12730.7802734375,5029830000,10286.698193359374,11744.163004557291
2020-12-18,12755.6396484375,12809.599609375,12654.599609375,12804.9296875,7125800000,10307.598291015625,11778.88583984375
2020-12-21,12742.51953125,12751.26953125,12525.2197265625,12596.1396484375,5192860000,10331.557487792968,11809.368505859375
2020-12-22,12807.919921875,12840.5703125,12695.3095703125,12785.2197265625,5811850000,10353.875837402344,11837.541666666666
2020-12-23,12771.1103515625,12841.919921875,12758.669921875,12834.9404296875,7100250000,10377.971140136719,11865.639339192709
2020-12-24,12804.73046875,12833.5498046875,12767.6396484375,12791.5400390625,3305960000,10405.985793457032,11892.926350911459
2020-12-28,12899.419921875,12930.8896484375,12827.4501953125,12914.6396484375,5109140000,10431.108493652344,11919.141520182291
2020-12-29,12850.2197265625,12973.330078125,12821.9599609375,12965.3896484375,4726920000,10460.836643066406,11948.728190104166
2020-12-30,12870.0,12924.9296875,12857.759765625,12906.509765625,5343010000,10488.512744140626,11974.353352864584
2020-12-31,12888.2802734375,12902.0703125,12821.23046875,12877.08984375,4815840000,10518.004946289062,12003.248030598957
2021-01-04,12698.4501953125,12958.7197265625,12543.240234375,12958.51953125,6636170000,10545.744296875,12025.478873697917
2021-01-05,12818.9599609375,12828.26953125,12665.650390625,12665.650390625,6971860000,10575.44149658203,12048.778531901042
2021-01-06,12740.7900390625,12909.6298828125,12649.990234375,12666.150390625,7689880000,10604.842097167968,12068.126025390626
2021-01-07,13067.48046875,13090.91015625,12867.33984375,12867.33984375,6841480000,10633.090200195313,12087.979703776042
2021-01-08,13201.98046875,13208.08984375,13036.5498046875,13160.2197265625,7289390000,10662.178603515626,12110.281038411458
2021-01-11,13036.4296875,13138.26953125,12999.509765625,13048.7802734375,6960470000,10688.373051757813,12131.409358723959
2021-01-12,13072.4296875,13105.0400390625,12963.919921875,13062.0595703125,7264070000,10716.22330078125,12154.052018229168
2021-01-13,13128.9501953125,13171.150390625,13051.0595703125,13088.009765625,7104810000,10742.997302246094,12178.341861979166
2021-01-14,13112.6396484375,13220.16015625,13098.41015625,13174.75,6734100000,10770.06,12205.57119140625
2021-01-15,12998.5,13139.830078125,12949.759765625,13099.900390625,6458360000,10798.249599609375,12230.271354166667
2021-01-19,13197.1796875,13206.8603515625,13078.7001953125,13132.73046875,6297860000,10826.798947753907,12258.812841796875
2021-01-20,13457.25,13486.1298828125,13329.76953125,13342.5498046875,6820990000,10857.219797363281,12291.333512369793
2021-01-21,13530.91015625,13560.349609375,13454.0703125,13521.48046875,7258640000,10885.308146972657,12324.37734375
2021-01-22,13543.0595703125,13567.1396484375,13463.66015625,13474.8095703125,5972750000,10913.587145996094,12360.779329427083
2021-01-25,13635.990234375,13728.98046875,13368.6796875,13681.2099609375,7193710000,10941.31259765625,12397.52333984375
2021-01-26,13626.0595703125,13702.6904296875,13603.1904296875,13681.7197265625,6849600000,10968.674995117188,12441.209830729167
2021-01-27,13270.599609375,13538.419921875,13192.91015625,13486.580078125,11621190000,10994.065893554687,12475.959993489583
2021-01-28,13337.16015625,13507.6396484375,13316.51953125,13323.2900390625,9959270000,11018.172993164062,12516.386165364584
2021-01-29,13070.6904296875,13322.0,12985.0498046875,13284.7197265625,7872250000,11041.560546875,12551.604166666666
2021-02-01,13403.3896484375,13431.4599609375,13132.4697265625,13226.1796875,7092520000,11065.915693359375,12588.984488932292
2021-02-02,13612.7802734375,13652.7001953125,13535.8603515625,13543.099609375,7325270000,11090.728896484376,12622.684488932291
2021-02-03,13610.5400390625,13723.830078125,13585.33984375,13718.3095703125,7546940000,11115.977944335937,12651.344661458334
2021-02-04,13777.740234375,13778.419921875,13631.6201171875,13674.0595703125,7295370000,11143.550493164063,12682.71982421875
2021-02-05,13856.2998046875,13878.16015625,13761.66015625,13824.8798828125,6792910000,11170.355092773438,12718.428483072918
2021-02-08,13987.6396484375,13987.740234375,13894.150390625,13937.0595703125,8564530000,11197.819541015626,12758.991471354168
2021-02-09,14007.7001953125,14044.9501953125,13966.5498046875,13966.8203125,8766770000,11224.685444335937,12796.012646484374
2021-02-10,13972.5302734375,14109.1201171875,13845.4697265625,14093.349609375,10785930000,11250.897294921875,12833.7283203125
2021-02-11,14025.76953125,14058.91015625,13916.849609375,14045.2099609375,10916780000,11277.987490234374,12870.336311848958
2021-02-12,14095.4697265625,14102.0400390625,13937.7099609375,13979.2099609375,7416940000,11303.8912890625,12906.525309244791
2021-02-16,14047.5,14175.1201171875,13995.4501953125,14152.2099609375,7722100000,11329.681040039062,12942.327978515625
2021-02-17,13965.490234375,13976.4296875,13804.259765625,13911.650390625,7280500000,11356.483740234375,12978.392822265625
2021-02-18,13865.3603515625,13905.9599609375,13714.349609375,13814.669921875,6499420000,11382.2569921875,13011.070328776043
2021-02-19,13874.4599609375,13985.580078125,13842.599609375,13929.2001953125,6737820000,11407.58369140625,13044.728499348957
2021-02-22,13533.0498046875,13757.0595703125,13530.9599609375,13714.2001953125,6483740000,11430.9769921875,13072.268831380208
2021-02-23,13465.2001953125,13526.08984375,13003.98046875,13262.6103515625,7516510000,11453.404692382812,13096.075667317707
2021-02-24,13597.9697265625,13607.3603515625,13286.58984375,13400.25,5886230000,11475.787939453125,13121.13515625
2021-02-25,13119.4296875,13602.8603515625,13066.3798828125,13512.6396484375,6390380000,11495.423388671876,13136.361490885416
2021-02-26,13192.349609375,13368.0595703125,13024.5302734375,13232.900390625,5906110000,11516.372387695312,13152.921647135418
2021-03-01,13588.830078125,13596.58984375,13362.66015625,13406.16015625,5079530000,11540.000688476563,13173.483642578125
2021-03-02,13358.7900390625,13601.330078125,13352.0,13599.4501953125,4948140000,11562.076040039063,13190.307307942709
2021-03-03,12997.75,13372.51953125,12995.0703125,13336.25,5529980000,11581.9919921875,13200.650146484375
2021-03-04,12723.4697265625,13068.7099609375,12553.9599609375,12953.990234375,7864380000,11599.435190429687,13204.97080078125
2021-03-05,12920.150390625,12941.2099609375,12397.0498046875,12860.0400390625,7725200000,11618.110444335938,13211.640804036459
2021-03-08,12609.16015625,13001.0,12599.23046875,12904.259765625,6010230000,11634.27734375,13212.080647786459
2021-03-09,13073.8203125,13151.5400390625,12882.490234375,12923.0703125,6345560000,11653.222045898438,13224.328483072917
2021-03-10,13068.830078125,13277.1103515625,13035.4404296875,13234.73046875,6023880000,11671.943247070312,13235.378824869791
2021-03-11,13398.669921875,13433.6201171875,13246.330078125,13273.3095703125,6008850000,11692.235498046875,13252.392154947916
2021-03-12,13319.8603515625,13324.6904296875,13158.7197265625,13222.8095703125,5497210000,11711.772998046876,13267.055826822916
2021-03-15,13459.7099609375,13460.349609375,13272.5,13323.4697265625,5972370000,11732.226596679688,13281.466666666667
2021-03-16,13471.5703125,13620.7099609375,13397.080078125,13523.169921875,5493890000,11752.13509765625,13295.022998046876
2021-03-17,13525.2001953125,13595.0,13272.6904296875,13336.91015625,5536110000,11772.000849609374,13307.69716796875
2021-03-18,13116.169921875,13384.4599609375,13101.919921875,13349.2001953125,5739720000,11789.539799804688,13313.706005859374
2021-03-19,13215.240234375,13252.3701171875,13039.4501953125,13119.900390625,7630590000,11807.201450195313,13321.584684244792
2021-03-22,13377.5400390625,13455.6396484375,13278.7802734375,13278.7802734375,5321760000,11826.010102539063,13331.078352864582
2021-03-23,13227.7001953125,13405.150390625,13202.4296875,13381.4296875,5675010000,11843.078203125,13338.68818359375
2021-03-24,12961.8896484375,13292.919921875,12961.349609375,13289.240234375,6248650000,11858.263901367187,13341.307503255208
2021-03-25,12977.6796875,13021.8603515625,12786.8095703125,12844.580078125,5634290000,11873.383549804688,13342.611832682293
2021-03-26,13138.73046875,13149.5498046875,12878.7197265625,12996.0302734375,5224360000,11888.975454101563,13347.420345052084
2021-03-29,13059.650390625,13143.41015625,12968.16015625,13103.9697265625,4965090000,11906.810053710937,13350.581184895833
2021-03-30,13045.3896484375,13075.75,12922.5703125,13008.7998046875,4721950000,11924.092954101563,13353.199674479167
2021-03-31,13246.8701171875,13325.5400390625,13118.3798828125,13122.5703125,5004720000,11941.69720703125,13362.340006510416
2021-04-01,13480.1103515625,13487.080078125,13404.1796875,13414.3203125,4576480000,11959.618408203125,13373.3591796875
2021-04-05,13705.58984375,13720.580078125,13582.759765625,13594.900390625,4459000000,11978.593706054688,13389.439176432292
2021-04-06,13698.3798828125,13776.7099609375,13674.2802734375,13681.669921875,4073710000,11997.370356445312,13399.954166666666
2021-04-07,13688.83984375,13733.0302734375,13653.58984375,13675.2998046875,4098740000,12016.083955078126,13408.068489583333
2021-04-08,13829.3095703125,13830.1396484375,13758.7099609375,13796.8896484375,4153600000,12034.948100585938,13421.283154296874
2021-04-09,13900.1904296875,13905.41015625,13748.349609375,13787.01953125,3926110000,12053.792202148437,13435.079166666666
2021-04-12,13850.0,13877.0,13783.9501953125,13854.4404296875,4250900000,12073.496352539063,13447.096663411457
2021-04-13,13996.099609375,14011.509765625,13902.4501953125,13902.4501953125,4219360000,12093.391850585938,13461.82099609375
2021-04-14,13857.83984375,14033.6298828125,13839.0400390625,14004.080078125,4120770000,12113.894951171875,13476.143326822918
2021-04-15,14038.759765625,14049.1298828125,13970.419921875,13983.23046875,4406880000,12134.717998046875,13490.169661458332
2021-04-16,14052.33984375,14062.5,13977.0498046875,14059.1103515625,4427780000,12154.685849609376,13500.087825520834
2021-04-19,13914.76953125,14041.7900390625,13842.5703125,13984.580078125,4379610000,12173.486547851562,13506.485481770833
2021-04-20,13786.26953125,13927.669921875,13698.669921875,13894.4599609375,4245120000,12191.37974609375,13510.538981119791
2021-04-21,13950.2197265625,13951.349609375,13706.8603515625,13745.76953125,3999620000,12208.962592773438,13515.776139322918
2021-04-22,13818.41015625,14015.8701171875,13771.0400390625,13952.5703125,4420820000,12226.3351953125,13518.981982421876
2021-04-23,14016.8095703125,14062.740234375,13856.830078125,13861.3701171875,4355100000,12243.956743164063,13531.418815104167
2021-04-26,14138.7802734375,14154.0302734375,14019.5,14052.3798828125,4506210000,12261.91189453125,13544.779150390625
2021-04-27,14090.2197265625,14171.240234375,14064.2802734375,14170.91015625,4691460000,12279.275791015625,13561.771305338541
2021-04-28,14051.0302734375,14133.650390625,14034.7001953125,14082.7802734375,4559710000,12297.576743164063,13572.565315755208
2021-04-29,14082.5498046875,14211.5703125,13952.7998046875,14204.509765625,4928030000,12315.546591796876,13580.394807942708
2021-04-30,13962.6796875,14084.759765625,13941.6298828125,13970.73046875,4792460000,12332.6075390625,13586.263802083333
2021-05-03,13895.1201171875,14042.1201171875,13881.509765625,14031.76953125,4761430000,12349.713989257812,13588.220133463541
2021-05-04,13633.5,13795.5703125,13485.58984375,13774.509765625,5879730000,12365.365537109376,13584.506803385417
2021-05-05,13582.419921875,13753.0498046875,13553.9296875,13731.1298828125,4535690000,12379.4421875,13577.753141276042
2021-05-06,13632.83984375,13635.73046875,13439.3896484375,13557.830078125,5021400000,12394.204584960937,13571.50546875
2021-05-07,13752.240234375,13828.6201171875,13690.75,13723.08984375,4391100000,12409.43513671875,13567.833968098957
2021-05-10,13401.8603515625,13687.9296875,13401.740234375,13687.58984375,4818670000,12424.137338867187,13557.435481770834
2021-05-11,13389.4296875,13423.3095703125,13107.669921875,13115.849609375,4738390000,12439.268588867188,13545.668147786459
2021-05-12,13031.6796875,13288.6103515625,13002.5400390625,13215.490234375,4752930000,12451.745639648438,13528.737809244793
2021-05-13,13124.990234375,13247.8701171875,13007.240234375,13150.9404296875,4698110000,12465.360141601563,13514.729475911457
2021-05-14,13429.98046875,13460.8798828125,13242.9697265625,13255.650390625,4022610000,12479.795341796875,13507.47314453125
2021-05-17,13379.0498046875,13399.169921875,13265.400390625,13368.7998046875,3997780000,12493.75154296875,13499.21630859375
2021-05-18,13303.6396484375,13485.33984375,13299.9296875,13416.900390625,4301300000,12506.543393554688,13495.392805989582
2021-05-19,13299.740234375,13304.6103515625,13072.23046875,13078.1904296875,4333520000,12518.528095703125,13492.635139973958
2021-05-20,13535.740234375,13563.51953125,13355.7099609375,13356.6298828125,3990760000,12531.500947265626,13491.597981770834
2021-05-21,13470.990234375,13616.580078125,13463.259765625,13616.1904296875,3733940000,12543.863896484376,13497.45732421875
2021-05-24,13661.169921875,13708.849609375,13551.009765625,13557.2099609375,3509470000,12556.62939453125,13505.27099609375
2021-05-25,13657.169921875,13751.1396484375,13631.7998046875,13721.5400390625,4128990000,12569.860341796875,13506.409993489584
2021-05-26,13738.0,13750.16015625,13679.58984375,13693.9404296875,4264500000,12583.708540039062,13512.730159505209
2021-05-27,13736.2802734375,13776.51953125,13701.6298828125,13742.58984375,5087180000,12598.47583984375,13525.038997395834
2021-05-28,13748.740234375,13820.8701171875,13747.6103515625,13792.0498046875,4447940000,12612.15833984375,13542.126839192708
2021-06-01,13736.48046875,13836.169921875,13678.76953125,13829.0595703125,4186280000,12625.6282421875,13555.732340494791
2021-06-02,13756.330078125,13775.8896484375,13689.740234375,13743.240234375,5097630000,12639.313393554687,13574.851839192708
2021-06-03,13614.509765625,13684.1298828125,13548.9296875,13655.75,5396250000,12651.737290039062,13583.863330078126
2021-06-04,13814.490234375,13826.8203125,13692.009765625,13697.25,4360710000,12664.755541992188,13596.290999348957
2021-06-07,13881.7197265625,13889.1103515625,13784.8896484375,13802.8203125,4639210000,12678.431840820313,13604.341829427083
2021-06-08,13924.91015625,13981.7197265625,13831.98046875,13946.3203125,5958410000,12691.731640625,13614.425992838542
2021-06-09,13911.75,14003.5,13906.4501953125,13980.23046875,5640490000,12704.731391601563,13621.959993489583
2021-06-10,14020.330078125,14031.1904296875,13904.400390625,13933.8798828125,4919880000,12717.934443359374,13631.105989583333
2021-06-11,14069.419921875,14069.419921875,14006.58984375,14030.849609375,4157580000,12730.949194335937,13640.176318359376
2021-06-14,14174.1396484375,14175.4501953125,14056.669921875,14083.4697265625,4415160000,12743.494594726562,13657.809147135416
2021-06-15,14072.8603515625,14171.01953125,14052.16015625,14166.6396484375,4554580000,12755.732197265625,13672.102815755208
2021-06-16,14039.6796875,14129.6904296875,13903.73046875,14085.5498046875,4683030000,12767.452446289062,13683.1384765625
2021-06-17,14161.349609375,14196.2099609375,13998.9296875,13999.1298828125,4558280000,12779.38189453125,13698.699300130209
2021-06-18,14030.3798828125,14129.2197265625,14009.0400390625,14096.9296875,6126070000,12789.835444335937,13716.507470703125
2021-06-21,14141.48046875,14150.7802734375,13960.0400390625,14047.419921875,4562010000,12800.26064453125,13735.904150390625
2021-06-22,14253.26953125,14269.76953125,14121.0,14138.2900390625,4433140000,12814.236494140625,13754.479801432291
2021-06-23,14271.73046875,14317.66015625,14246.2998046875,14263.3798828125,4417470000,12829.029497070313,13774.681136067707
2021-06-24,14369.7099609375,14414.4599609375,14333.7001953125,14357.26953125,4324620000,12846.639594726563,13796.753141276042
2021-06-25,14360.3896484375,14409.080078125,14337.650390625,14400.8095703125,7468090000,12862.733745117188,13815.311800130208
2021-06-28,14500.509765625,14505.1904296875,14417.2001953125,14417.8095703125,4283000000,12880.638344726562,13832.31845703125
2021-06-29,14528.330078125,14535.9697265625,14471.3798828125,14509.1904296875,4901300000,12899.01224609375,13846.030794270833
2021-06-30,14503.9501953125,14526.8095703125,14478.0595703125,14509.849609375,5293810000,12916.248745117187,13859.456966145834
2021-07-01,14522.3798828125,14533.5498046875,14439.400390625,14493.6904296875,4410470000,12932.90904296875,13873.349300130209
2021-07-02,14639.330078125,14649.1103515625,14555.33984375,14582.98046875,3751420000,12950.853344726562,13886.849641927083
2021-07-06,14663.6396484375,14687.0,14529.7998046875,14661.5498046875,4489540000,12969.620141601563,13899.573795572916
2021-07-07,14665.0595703125,14755.330078125,14580.7900390625,14753.41015625,4605630000,12988.979038085938,13913.158121744791
2021-07-08,14559.7802734375,14610.0595703125,14371.58984375,14409.2001953125,4575010000,13007.883940429687,13922.552799479166
2021-07-09,14701.919921875,14710.2001953125,14552.259765625,14578.4296875,3826500000,13026.575341796875,13936.62080078125
2021-07-12,14733.240234375,14761.080078125,14672.6298828125,14743.8603515625,3897090000,13047.076591796875,13948.195475260416
2021-07-13,14677.650390625,14803.6796875,14660.1904296875,14715.1298828125,4583460000,13067.10349609375,13958.617317708333
2021-07-14,14644.9501953125,14790.5498046875,14632.9501953125,14780.900390625,4496220000,13085.76044921875,13970.786995442708
2021-07-15,14543.1298828125,14650.3701171875,14451.7998046875,14635.7802734375,4512550000,13102.888447265625,13983.401334635417
2021-07-16,14427.240234375,14623.01953125,14413.3203125,14597.509765625,4069530000,13119.5983984375,13991.351676432292
2021-07-19,14274.98046875,14313.599609375,14178.66015625,14235.98046875,4537130000,13135.135751953125,13998.961181640625
2021-07-20,14498.8798828125,14555.75,14271.23046875,14330.4599609375,4652450000,13150.997602539062,14006.995686848959
2021-07-21,14631.9501953125,14633.1396484375,14498.650390625,14508.75,4098520000,13168.782255859374,14015.215185546875
2021-07-22,14684.599609375,14694.1904296875,14617.8701171875,14652.7197265625,3597540000,13185.542802734375,14025.121516927084
2021-07-23,14836.990234375,14846.0595703125,14698.76953125,14753.0595703125,3997250000,13203.954755859375,14038.220849609375
2021-07-26,14840.7099609375,14863.650390625,14790.490234375,14821.0302734375,4437090000,13221.335307617188,14050.856852213541
2021-07-27,14660.580078125,14811.080078125,14503.759765625,14807.9501953125,4329230000,13237.533305664063,14062.488525390625
2021-07-28,14762.580078125,14798.8798828125,14645.6298828125,14715.66015625,4268210000,13253.44650390625,14076.94619140625
2021-07-29,14778.259765625,14833.740234375,14761.3798828125,14771.169921875,3928640000,13267.95650390625,14096.025520833333
2021-07-30,14672.6796875,14728.7802734375,14615.849609375,14615.849609375,3645050000,13282.000400390625,14114.196516927082
2021-08-02,14681.0703125,14770.41015625,14665.669921875,14758.599609375,3746130000,13296.562099609375,14131.667024739583
2021-08-03,14761.2900390625,14762.599609375,14584.08984375,14713.990234375,4141370000,13311.79919921875,14148.484521484375
2021-08-04,14780.5302734375,14812.3701171875,14734.1201171875,14747.2099609375,4337330000,13327.344052734376,14171.462353515624
2021-08-05,14895.1201171875,14896.4697265625,14776.0302734375,14794.080078125,4107300000,13344.42525390625,14196.557194010416
2021-08-06,14835.759765625,14890.1796875,14788.58984375,14864.2197265625,4173090000,13361.0216015625,14226.6251953125
2021-08-09,14860.1796875,14883.8095703125,14802.6904296875,14855.759765625,4111640000,13377.899047851562,14255.54501953125
2021-08-10,14788.08984375,14894.6103515625,14754.48046875,14887.75,3991770000,13394.309448242188,14278.18017578125
2021-08-11,14765.1396484375,14842.5,14692.41015625,14834.3798828125,4002340000,13410.393745117188,14301.281673177084
2021-08-12,14816.259765625,14824.3095703125,14698.9404296875,14751.3603515625,4049000000,13427.680341796875,14326.492008463541
2021-08-13,14822.900390625,14850.6103515625,14797.2197265625,14825.0703125,4061070000,13444.638095703125,14351.878011067709
2021-08-16,14793.759765625,14794.6796875,14610.01953125,14771.5302734375,3973920000,13463.582543945313,14372.845003255208
2021-08-17,14656.1796875,14716.9501953125,14550.8798828125,14670.5595703125,4168880000,13480.935493164063,14392.598160807293
2021-08-18,14525.91015625,14697.25,14516.2998046875,14636.240234375,3841840000,13499.007094726563,14407.010498046875
2021-08-19,14541.7900390625,14610.759765625,14423.16015625,14423.16015625,4191490000,13516.927993164063,14421.754166666668
2021-08-20,14714.66015625,14722.16015625,14571.5302734375,14571.5302734375,3886340000,13534.698442382813,14438.0318359375
2021-08-23,14942.650390625,14963.4697265625,14776.98046875,14776.98046875,3906780000,13551.45779296875,14458.138004557291
2021-08-24,15019.7998046875,15034.8896484375,14965.5400390625,14978.1396484375,3809750000,13567.102143554688,14479.322330729166
2021-08-25,15041.8603515625,15059.4296875,15011.580078125,15039.0302734375,3654150000,13582.83529296875,14501.078662109376
2021-08-26,14945.8095703125,15059.6298828125,14939.5595703125,15025.169921875,3630900000,13598.995439453125,14520.9033203125
2021-08-27,15129.5,15144.48046875,14966.51953125,14969.76953125,4048610000,13616.873637695313,14546.153157552084
2021-08-30,15265.8896484375,15288.080078125,15165.1201171875,15165.9404296875,4061760000,13634.2709375,14570.343147786458
2021-08-31,15259.240234375,15278.9599609375,15202.669921875,15262.8798828125,4188020000,13652.019189453125,14593.301822916666
2021-09-01,15309.3798828125,15379.5,15302.1103515625,15308.98046875,4271690000,13669.419638671876,14616.376318359375
2021-09-02,15331.1796875,15380.0703125,15285.349609375,15358.4697265625,4050510000,13686.454887695312,14640.033479817708
2021-09-03,15363.51953125,15375.5595703125,15283.669921875,15313.41015625,3706990000,13703.775786132812,14662.419970703126
2021-09-07,15374.330078125,15403.4404296875,15343.2802734375,15375.98046875,4014250000,13721.639438476563,14684.168473307293
2021-09-08,15286.6396484375,15360.349609375,15206.6103515625,15360.349609375,4131560000,13738.549086914063,14702.710139973959
2021-09-09,15248.25,15352.3798828125,15245.169921875,15296.0595703125,4031140000,13755.51548828125,14722.299967447916
2021-09-10,15115.490234375,15349.4697265625,15111.3095703125,15332.919921875,4587150000,13771.689790039063,14740.230143229166
2021-09-13,15105.580078125,15215.4404296875,15030.849609375,15211.4296875,4723370000,13787.033740234376,14755.967317708333
2021-09-14,15037.759765625,15181.1904296875,15008.2998046875,15168.4501953125,4593140000,13801.750537109376,14772.756982421875
2021-09-15,15161.5302734375,15174.3798828125,14984.6796875,15071.33984375,4465140000,13816.528940429687,14789.7578125
2021-09-16,15181.919921875,15205.5,15047.1396484375,15120.08984375,3701500000,13831.444838867188,14805.235319010417
2021-09-17,15043.9697265625,15166.5595703125,14998.73046875,15163.3603515625,6709540000,13844.889135742187,14818.105973307293
2021-09-20,14713.900390625,14841.8203125,14530.0703125,14758.1396484375,4879490000,13856.711787109374,14823.84248046875
2021-09-21,14746.400390625,14847.0302734375,14696.4697265625,14803.3603515625,4083010000,13868.557890625,14830.275992838542
2021-09-22,14896.849609375,14950.1201171875,14767.009765625,14800.58984375,4252490000,13880.720986328124,14836.881656901041
2021-09-23,15052.240234375,15085.4404296875,14932.509765625,14960.0,4196130000,13893.382436523438,14845.613492838542
2021-09-24,15047.7001953125,15067.5595703125,14946.5703125,14961.6103515625,3992150000,13905.70708984375,14854.675992838542
2021-09-27,14969.9697265625,15003.16015625,14864.9599609375,14954.1796875,4650790000,13918.8621875,14862.135823567709
2021-09-28,14546.6796875,14817.740234375,14539.8798828125,14787.2099609375,4989510000,13929.566538085937,14860.591650390625
2021-09-29,14512.4404296875,14676.6201171875,14493.669921875,14614.8798828125,5294600000,13940.239389648437,14858.071663411458
2021-09-30,14448.580078125,14632.3603515625,14444.2998046875,14582.599609375,5950950000,13950.28208984375,14854.463671875
2021-10-01,14566.7001953125,14606.8203125,14324.009765625,14494.9296875,4710720000,13960.14029296875,14854.57900390625
2021-10-04,14255.48046875,14499.740234375,14181.6904296875,14493.1201171875,4557110000,13968.126743164063,14847.138346354166
2021-10-05,14433.830078125,14508.650390625,14299.7802734375,14312.8603515625,4176390000,13976.472143554687,14842.148177083332
2021-10-06,14501.91015625,14509.5498046875,14259.0703125,14289.4501953125,4465910000,13985.20349609375,14839.219173177084
2021-10-07,14654.01953125,14755.7197265625,14615.1396484375,14631.7998046875,3984180000,13994.76099609375,14839.370328776042
2021-10-08,14579.5400390625,14699.91015625,14569.6796875,14694.7197265625,3571380000,14003.619096679688,14839.977164713542
2021-10-11,14486.2001953125,14665.990234375,14482.6201171875,14540.080078125,3539540000,14012.194545898437,14840.959830729167
2021-10-12,14465.919921875,14552.7099609375,14441.599609375,14539.08984375,4063830000,14020.500493164063,14844.142154947916
2021-10-13,14571.6396484375,14589.2802734375,14471.8798828125,14537.169921875,4053580000,14028.861591796875,14845.354817708334
2021-10-14,14823.4296875,14827.5595703125,14699.51953125,14717.5,4262400000,14038.727641601563,14848.546142578125
2021-10-15,14897.33984375,14904.98046875,14847.9599609375,14891.240234375,4494440000,14048.864340820313,14852.091813151043
2021-10-18,15021.8095703125,15026.6796875,14833.2802734375,14839.740234375,4167740000,14059.531987304688,14855.172135416668
2021-10-19,15129.08984375,15137.849609375,15049.73046875,15073.1298828125,4483400000,14071.685185546876,14859.978466796874
2021-10-20,15121.6796875,15178.3896484375,15071.150390625,15160.0,4117050000,14083.198784179687,14867.663460286458
2021-10-21,15215.7001953125,15222.25,15094.1396484375,15104.7998046875,4961860000,14095.573334960938,14875.215462239583
2021-10-22,15090.2001953125,15193.009765625,15021.01953125,15158.0703125,5775770000,14105.68693359375,14880.414469401041
2021-10-25,15226.7099609375,15259.6298828125,15070.75,15142.919921875,5750200000,14115.810581054688,14889.648307291667
2021-10-26,15235.7099609375,15384.0,15198.23046875,15317.5,7173230000,14126.806982421875,14898.892301432292
2021-10-27,15235.83984375,15364.5400390625,15235.83984375,15276.0,6130110000,14137.624033203125,14906.80146484375
2021-10-28,15448.1201171875,15452.2998046875,15290.3095703125,15304.740234375,5714890000,14149.2198828125,14917.927962239582
2021-10-29,15498.3896484375,15504.1201171875,15323.2900390625,15323.2900390625,5338290000,14161.1486328125,14927.982454427083
2021-11-01,15595.919921875,15598.9501953125,15470.8203125,15541.259765625,5273950000,14174.135732421875,14940.651790364584
2021-11-02,15649.599609375,15656.599609375,15569.26953125,15583.98046875,5129370000,14186.39783203125,14953.8087890625
2021-11-03,15811.580078125,15821.5703125,15616.4404296875,15658.51953125,5325110000,14198.169482421876,14970.866959635418
2021-11-04,15940.3095703125,15966.08984375,15827.66015625,15849.740234375,5297250000,14210.216479492188,14990.453125
2021-11-05,15971.58984375,16053.3896484375,15900.7802734375,16003.5595703125,5566400000,14222.359130859375,15009.708626302083
2021-11-08,15982.3603515625,16038.23046875,15961.8095703125,15995.7197265625,5723650000,14234.090981445312,15029.032958984375
2021-11-09,15886.5400390625,16035.2099609375,15836.6796875,16024.1298828125,5574660000,14245.393383789062,15047.245963541667
2021-11-10,15622.7099609375,15867.240234375,15543.6796875,15753.83984375,5369110000,14257.153935546876,15063.354801432291
2021-11-11,15704.2802734375,15768.0302734375,15695.76953125,15752.080078125,4570460000,14268.989536132813,15082.994303385416
2021-11-12,15860.9599609375,15874.5703125,15705.3798828125,15752.6201171875,5446540000,14282.940883789062,15104.98046875
2021-11-15,15853.849609375,15918.4501953125,15778.3095703125,15894.8203125,5020180000,14295.19318359375,15123.966959635416
2021-11-16,15973.8603515625,15989.6103515625,15825.0,15840.3203125,5533020000,14306.998583984376,15141.153792317707
2021-11-17,15921.5703125,15998.5703125,15909.3896484375,15973.6201171875,5049320000,14318.553735351563,15156.18330078125
2021-11-18,15993.7099609375,16010.8798828125,15848.830078125,15973.3896484375,5391360000,14329.633583984374,15172.0474609375
2021-11-19,16057.4404296875,16121.1201171875,16017.23046875,16042.16015625,4875310000,14340.639287109376,15190.574641927084
2021-11-22,15854.759765625,16212.23046875,15851.0400390625,16120.919921875,5567830000,14349.974887695313,15202.6623046875
2021-11-23,15775.1396484375,15895.8603515625,15601.4599609375,15809.5,5434380000,14358.812084960937,15211.1498046875
2021-11-24,15845.23046875,15848.5595703125,15591.3603515625,15677.8798828125,4197090000,14368.1755859375,15220.91630859375
2021-11-26,15491.66015625,15731.5400390625,15456.08984375,15664.3798828125,3502170000,14375.5050390625,15223.954313151042
2021-11-29,15782.830078125,15833.1103515625,15644.6103515625,15719.419921875,4836230000,14383.941840820313,15231.481819661458
2021-11-30,15537.6904296875,15828.2001953125,15451.3896484375,15716.5,6631470000,14391.39279296875,15234.38466796875
2021-12-01,15254.0498046875,15816.8203125,15243.9296875,15752.26953125,6320260000,14397.835590820312,15232.379996744792
2021-12-02,15381.3203125,15444.5400390625,15150.1201171875,15181.8203125,5418340000,14405.415390625,15233.9580078125
2021-12-03,15085.4697265625,15470.3603515625,14931.0595703125,15428.7099609375,5900290000,14411.470439453125,15231.245003255208
2021-12-06,15225.150390625,15281.990234375,14931.6103515625,15117.6298828125,5115230000,14419.930942382813,15233.072672526041
2021-12-07,15686.919921875,15720.08984375,15507.66015625,15510.91015625,5116490000,14431.039541015625,15242.761669921874
2021-12-08,15786.990234375,15792.6396484375,15618.8798828125,15690.650390625,4615390000,14441.984643554688,15255.248844401041
2021-12-09,15517.3701171875,15796.0498046875,15511.1201171875,15720.5400390625,4515600000,14453.974345703125,15261.179508463541
2021-12-10,15630.599609375,15677.599609375,15477.849609375,15629.58984375,4426210000,14466.165595703125,15268.657503255208
2021-12-13,15413.2802734375,15637.0595703125,15408.25,15621.26953125,4573920000,14475.287846679688,15274.812679036459
2021-12-14,15237.6396484375,15317.5498046875,15097.349609375,15215.9599609375,4865990000,14484.682094726562,15283.541666666666
2021-12-15,15565.580078125,15575.759765625,15055.23046875,15230.7099609375,5343920000,14497.521245117188,15297.194661458334
2021-12-16,15180.4296875,15633.1904296875,15119.490234375,15629.080078125,4906480000,14509.806044921876,15301.92099609375
2021-12-17,15169.6796875,15288.7802734375,14960.3701171875,15036.76953125,7668770000,14521.05369140625,15303.8783203125
2021-12-20,14980.9404296875,15007.2998046875,14860.0400390625,14933.0,4602640000,14532.912592773437,15302.765657552083
2021-12-21,15341.08984375,15349.0595703125,15015.0302734375,15140.4296875,4581720000,14544.248940429687,15308.950992838541
2021-12-22,15521.8896484375,15525.9697265625,15303.0595703125,15319.16015625,4107900000,14556.51423828125,15325.2044921875
2021-12-23,15653.3701171875,15697.98046875,15528.91015625,15544.7900390625,3935010000,14567.787739257812,15344.219986979168
2021-12-27,15871.259765625,15871.400390625,15696.830078125,15696.830078125,3743920000,14580.544736328126,15367.931315104166
2021-12-28,15781.7197265625,15901.4697265625,15757.0703125,15895.2001953125,3648500000,14592.15478515625,15388.181640625
2021-12-29,15766.2197265625,15821.8095703125,15679.849609375,15794.919921875,3714380000,14603.628032226563,15413.360628255208
2021-12-30,15741.5595703125,15868.08984375,15729.16015625,15758.98046875,3750920000,14614.709829101563,15435.156119791667
2021-12-31,15644.9697265625,15777.4296875,15643.9404296875,15722.91015625,3392580000,14627.353828125,15454.207112630209
2022-01-03,15832.7998046875,15832.7998046875,15644.08984375,15732.5,4429960000,14640.441625976562,15473.853450520834
2022-01-04,15622.7197265625,15852.1396484375,15512.41015625,15852.1396484375,5131110000,14651.667524414062,15491.239778645833
2022-01-05,15100.169921875,15586.2998046875,15095.1796875,15547.16015625,5031850000,14661.029873046875,15501.472607421874
2022-01-06,15080.8603515625,15198.4501953125,14914.8701171875,15024.150390625,4790820000,14671.6247265625,15511.721614583334
2022-01-07,14935.900390625,15171.01953125,14877.6298828125,15095.7197265625,4238070000,14681.415830078126,15517.792626953125
2022-01-10,14942.830078125,14953.849609375,14530.23046875,14751.7802734375,5317180000,14690.436328125,15519.782633463541
2022-01-11,15153.4501953125,15158.7099609375,14837.6298828125,14919.259765625,4390710000,14700.905327148437,15524.051139322917
2022-01-12,15188.3896484375,15319.0302734375,15117.2900390625,15263.099609375,4338530000,14711.620327148437,15526.827473958334
2022-01-13,14806.8095703125,15259.7099609375,14782.240234375,15245.0400390625,4302020000,14719.420024414063,15521.456136067709
2022-01-14,14893.75,14897.6796875,14689.4296875,14708.01953125,4374020000,14726.48822265625,15517.657307942709
2022-01-18,14506.900390625,14740.5400390625,14482.9404296875,14681.830078125,5060790000,14730.494775390625,15505.843977864582
2022-01-19,14340.259765625,14658.8896484375,14331.650390625,14582.2197265625,4665340000,14733.704174804687,15493.344970703125
2022-01-20,14154.01953125,14642.0302734375,14140.7802734375,14462.849609375,5102050000,14736.030073242187,15475.466796875
2022-01-21,13768.919921875,14171.7197265625,13764.240234375,14046.2197265625,5870830000,14735.728125,15451.020296223958
2022-01-24,13855.1298828125,13876.6103515625,13094.650390625,13481.5,6998770000,14735.502822265626,15428.008463541666
2022-01-25,13539.2900390625,13781.6201171875,13414.1396484375,13610.8701171875,5019380000,14733.949272460937,15396.19462890625
2022-01-26,13542.1201171875,14002.650390625,13392.1904296875,13871.76953125,5771140000,14731.679375,15363.59013671875
2022-01-27,13352.7802734375,13765.91015625,13322.66015625,13710.990234375,5177380000,14729.154077148438,15326.204475911458
2022-01-28,13770.5703125,13771.91015625,13236.5595703125,13436.7099609375,4971930000,14727.813129882812,15294.887320963542
2022-01-31,14239.8798828125,14242.900390625,13767.7099609375,13812.1904296875,5124940000,14728.750830078125,15268.692317708334
2022-02-01,14346.0,14358.6904296875,14070.76953125,14277.4296875,4671850000,14730.906982421875,15242.120491536458
2022-02-02,14417.5498046875,14504.8203125,14264.650390625,14494.4697265625,4673140000,14734.063383789062,15216.21982421875
2022-02-03,13878.8203125,14207.8896484375,13851.740234375,14045.830078125,4326300000,14733.70638671875,15181.160823567709
2022-02-04,14098.009765625,14222.759765625,13850.3896484375,13958.48046875,4121340000,14735.104384765626,15151.351985677084
2022-02-07,14015.669921875,14236.3095703125,13974.099609375,14118.7900390625,4268730000,14735.098686523437,15124.567985026042
2022-02-08,14194.4501953125,14226.48046875,13934.7802734375,13984.4296875,4293770000,14735.377036132813,15099.404150390625
2022-02-09,14490.3701171875,14490.7197265625,14330.8701171875,14368.16015625,4729730000,14737.377788085938,15076.560986328124
2022-02-10,14185.6396484375,14509.5595703125,14118.2001953125,14228.6796875,5212510000,14738.050834960937,15048.757486979166
2022-02-11,13791.150390625,14246.7001953125,13733.16015625,14213.6201171875,5237320000,14736.593837890625,15012.378987630209
2022-02-14,13790.919921875,13921.7099609375,13664.759765625,13768.9697265625,4347350000,14735.7350390625,14976.868147786457
2022-02-15,14139.759765625,14142.490234375,13976.2900390625,13997.1796875,4416840000,14736.958237304687,14945.968977864582
2022-02-16,14124.08984375,14163.73046875,13931.990234375,14038.919921875,4238560000,14739.411186523437,14913.746468098958
2022-02-17,13716.7197265625,14020.8203125,13704.7001953125,14004.1904296875,4278370000,14740.082685546875,14878.112467447916
2022-02-18,13548.0703125,13762.400390625,13465.5595703125,13735.400390625,4501940000,14739.658837890625,14840.994645182293
2022-02-22,13381.51953125,13618.7197265625,13249.650390625,13424.3603515625,4849170000,14737.805234375,14799.932796223959
2022-02-23,13037.490234375,13533.7802734375,13032.169921875,13511.75,4639330000,14735.983383789062,14759.029964192709
2022-02-24,13473.58984375,13486.1103515625,12587.8798828125,12587.8798828125,6180200000,14736.404184570312,14720.542626953125
2022-02-25,13694.6201171875,13696.8603515625,13358.2900390625,13485.259765625,4628720000,14739.71888671875,14689.824788411459
2022-02-28,13751.400390625,13810.6396484375,13549.900390625,13570.830078125,5928130000,14742.8509375,14664.780631510417
2022-03-01,13532.4599609375,13777.0400390625,13441.3203125,13716.7001953125,6131350000,14743.363334960937,14633.966292317707
2022-03-02,13752.01953125,13796.5498046875,13493.91015625,13597.5302734375,5246390000,14745.22818359375,14611.742122395834
2022-03-03,13537.9404296875,13837.58984375,13472.6396484375,13837.58984375,5092580000,14746.3996875,14583.621956380208
2022-03-04,13313.4404296875,13486.7099609375,13224.98046875,13455.23046875,5343900000,14746.468188476563,14544.06396484375
2022-03-07,12830.9599609375,13353.2802734375,12828.01953125,13328.3603515625,6195370000,14742.944287109374,14494.796793619791
2022-03-08,12795.5498046875,13159.4404296875,12670.080078125,12800.0400390625,6683960000,14739.567084960938,14449.433121744793
2022-03-09,13255.5498046875,13301.16015625,13039.7900390625,13113.7001953125,5396550000,14737.538984375,14409.848958333334
2022-03-10,13129.9599609375,13163.5,12946.2802734375,13098.349609375,5071250000,14734.902934570313,14371.793619791666
2022-03-11,12843.8095703125,13239.349609375,12830.3701171875,13229.76953125,5288210000,14730.431982421875,14331.896451822917
2022-03-14,12581.2197265625,12918.009765625,12555.349609375,12795.1201171875,5876710000,14724.6566796875,14282.157112630208
2022-03-15,12948.6201171875,12973.8798828125,12616.58984375,12685.23046875,5440100000,14720.656079101562,14244.960286458334
2022-03-16,13436.5498046875,13440.1201171875,12992.2001953125,13119.3701171875,6552210000,14719.15642578125,14216.074788411459
2022-03-17,13614.7802734375,13620.7998046875,13317.1396484375,13360.7197265625,5612090000,14718.448676757813,14193.305452473958
2022-03-18,13893.83984375,13899.2802734375,13528.0595703125,13564.6298828125,8149290000,14719.845327148438,14169.184619140626
2022-03-21,13838.4599609375,13945.8095703125,13682.5498046875,13860.3896484375,5673940000,14719.96517578125,14141.127457682293
2022-03-22,14108.8203125,14141.0703125,13857.2900390625,13866.4296875,5445100000,14721.100678710938,14115.3849609375
2022-03-23,13922.599609375,14152.1396484375,13921.650390625,13990.349609375,5024230000,14721.089125976563,14082.907291666666
2022-03-24,14191.83984375,14193.5498046875,13897.2001953125,14001.3203125,5149520000,14722.489575195312,14056.409293619792
2022-03-25,14169.2998046875,14218.759765625,14010.7900390625,14194.7197265625,5585100000,14723.234423828126,14029.793961588543
2022-03-28,14354.900390625,14356.0,14101.33984375,14177.2099609375,5129500000,14724.661826171876,14006.682975260417
2022-03-29,14619.6396484375,14646.900390625,14419.400390625,14500.3896484375,6060890000,14726.889326171875,13989.594140625
2022-03-30,14442.26953125,14609.25,14383.4501953125,14558.58984375,5479200000,14728.736372070312,13966.418636067709
2022-03-31,14220.51953125,14456.740234375,14217.7197265625,14444.7802734375,5453890000,14729.640571289063,13943.0486328125
2022-04-01,14261.5,14306.9404296875,14131.8095703125,14269.5302734375,5002790000,14730.141323242187,13929.07080078125
2022-04-04,14532.5498046875,14534.3798828125,14286.4501953125,14304.349609375,4630100000,14732.652172851562,13919.932291666666
2022-04-05,14204.169921875,14500.2900390625,14169.1201171875,14490.259765625,4727710000,14732.965620117187,13907.736783854167
2022-04-06,13888.8203125,14032.83984375,13788.900390625,14002.580078125,5360420000,14731.143374023437,13890.169954427083
2022-04-07,13897.2998046875,13978.25,13689.23046875,13861.490234375,4856090000,14729.271220703125,13869.234114583332
2022-04-08,13711.0,13866.0595703125,13693.6904296875,13830.4697265625,4574080000,14725.977670898437,13844.610953776042
2022-04-11,13411.9599609375,13585.080078125,13401.3896484375,13547.2900390625,4946680000,14721.235522460938,13821.363460286459
2022-04-12,13371.5703125,13685.9501953125,13317.740234375,13584.6904296875,4991720000,14715.590825195313,13795.993798828125
2022-04-13,13643.58984375,13679.4296875,13353.66015625,13373.1201171875,4909720000,14711.167124023437,13781.605289713541
2022-04-14,13351.080078125,13662.9296875,13345.2197265625,13647.4296875,4642240000,14705.4027734375,13765.118961588541
2022-04-18,13332.3603515625,13414.26953125,13222.0302734375,13319.3896484375,4365230000,14699.45267578125,13751.424641927084
2022-04-19,13619.66015625,13643.9697265625,13281.2197265625,13312.4404296875,4562840000,14694.354326171875,13748.936979166667
2022-04-20,13453.0703125,13678.5498046875,13426.1298828125,13665.3798828125,4678930000,14688.301479492187,13742.235986328125
2022-04-21,13174.650390625,13710.7001953125,13140.830078125,13623.7001953125,5233110000,14680.84943359375,13736.158658854167
2022-04-22,12839.2900390625,13212.599609375,12828.01953125,13168.7998046875,4475090000,14672.246982421875,13724.44482421875
2022-04-25,13004.849609375,13011.4501953125,12722.58984375,12749.169921875,4845160000,14663.761630859375,13718.645979817707
2022-04-26,12490.740234375,12918.0400390625,12490.740234375,12918.0400390625,5168160000,14652.549130859376,13697.315478515626
2022-04-27,12488.9296875,12703.7900390625,12430.900390625,12500.8798828125,4810720000,14641.60552734375,13668.132975260416
2022-04-28,12871.5302734375,12948.51953125,12487.8603515625,12712.8603515625,5067150000,14632.738427734375,13643.558479817708
2022-04-29,12334.6396484375,12861.830078125,12315.740234375,12710.419921875,4733070000,14621.6959765625,13608.843310546876
2022-05-02,12536.01953125,12542.5400390625,12202.41015625,12331.6904296875,4918240000,14612.239873046876,13586.463297526041
2022-05-03,12563.759765625,12645.830078125,12460.990234375,12511.4599609375,4547280000,14603.68376953125,13560.892464192708
2022-05-04,12964.8603515625,12985.009765625,12367.01953125,12574.73046875,5498050000,14596.013671875,13543.378971354166
2022-05-05,12317.6904296875,12787.51953125,12183.5595703125,12787.51953125,5308920000,14584.442373046875,13512.099641927083
2022-05-06,12144.66015625,12358.419921875,11990.150390625,12246.830078125,5324480000,14571.74267578125,13473.004475911459
2022-05-09,11623.25,11990.6103515625,11574.9404296875,11923.0302734375,5939140000,14555.673974609375,13430.297981770833
2022-05-10,11737.669921875,11944.9404296875,11566.2802734375,11900.33984375,6218260000,14540.158774414063,13396.073307291666
2022-05-11,11364.240234375,11844.509765625,11339.1796875,11645.5703125,6152370000,14523.677075195312,13355.628645833332
2022-05-12,11370.9599609375,11547.330078125,11108.759765625,11199.25,6679470000,14506.718974609375,13309.481982421876
2022-05-13,11805.0,11856.7099609375,11510.259765625,11555.9697265625,5894020000,14491.85267578125,13270.830485026041
2022-05-16,11662.7900390625,11804.58984375,11627.5302734375,11727.1396484375,4930250000,14476.803227539063,13236.598323567709
2022-05-17,11984.51953125,11988.4296875,11754.2802734375,11905.5703125,5093960000,14463.320473632812,13210.539143880209
2022-05-18,11418.150390625,11826.2197265625,11381.6904296875,11790.6796875,5064120000,14446.604775390624,13177.816324869791
2022-05-19,11388.5,11562.8203125,11313.3095703125,11364.400390625,5154410000,14429.644624023438,13150.333154296875
2022-05-20,11354.6201171875,11552.2099609375,11035.6904296875,11542.669921875,5434370000,14411.942124023437,13115.0169921875
2022-05-23,11535.26953125,11552.0703125,11304.5595703125,11396.2802734375,4552200000,14395.439672851562,13079.027815755207
2022-05-24,11264.4501953125,11351.6103515625,11092.48046875,11326.4404296875,4724430000,14377.461025390625,13037.578645833333
2022-05-25,11434.740234375,11511.900390625,11211.849609375,11225.0302734375,4519690000,14360.69427734375,13002.616650390624
2022-05-26,11740.650390625,11796.9697265625,11406.16015625,11409.83984375,4672620000,14345.571831054687,12969.093831380209
2022-05-27,12131.1298828125,12131.66015625,11856.8203125,11869.6904296875,4793900000,14332.146181640624,12945.646988932293
2022-05-31,12081.3896484375,12190.080078125,11942.5,12137.5400390625,6045500000,14318.438627929687,12925.112809244793
2022-06-01,11994.4599609375,12237.9404296875,11901.4296875,12176.8896484375,4719900000,14304.44212890625,12911.171142578125
2022-06-02,12316.900390625,12320.1201171875,11901.4501953125,11945.5703125,4445840000,14292.745732421876,12903.19365234375
2022-06-03,12012.73046875,12167.4404296875,11966.6201171875,12097.1201171875,4130040000,14280.179833984375,12882.479996744793
2022-06-06,12061.3701171875,12245.400390625,12004.2001953125,12200.330078125,4647010000,14267.777734375,12864.670166015625
2022-06-07,12175.23046875,12194.8603515625,11888.6103515625,11925.8095703125,4411240000,14255.0805859375,12853.527180989584
2022-06-08,12086.26953125,12235.7802734375,12052.7001953125,12147.2802734375,4708980000,14240.798681640625,12845.278011067709
2022-06-09,11754.23046875,12115.0595703125,11751.98046875,12016.4697265625,5408460000,14224.470834960937,12825.371516927084
2022-06-10,11340.01953125,11569.150390625,11328.26953125,11543.8798828125,5152020000,14205.961630859376,12790.429345703125
2022-06-13,10809.23046875,11071.48046875,10775.1396484375,10986.849609375,5937320000,14185.278735351563,12743.670182291668
2022-06-14,10828.349609375,10926.8095703125,10733.0400390625,10897.4296875,4819890000,14163.772983398438,12692.578678385416
2022-06-15,11099.150390625,11244.259765625,10866.3896484375,10968.400390625,5368500000,14142.939287109375,12646.923518880209
2022-06-16,10646.099609375,10831.0703125,10565.1396484375,10806.01953125,5696630000,14119.873583984376,12589.211507161459
2022-06-17,10798.349609375,10884.7099609375,10638.7197265625,10697.5498046875,7452830000,14097.318432617187,12537.140673828126
2022-06-21,11069.2998046875,11164.990234375,10974.0498046875,10974.0498046875,5226260000,14076.009033203125,12485.09833984375
2022-06-22,11053.080078125,11216.76953125,10938.0595703125,10941.9501953125,5238180000,14054.4568359375,12433.161344401042
2022-06-23,11232.1904296875,11260.26953125,11046.2802734375,11137.6796875,5258200000,14033.746137695312,12381.116178385417
2022-06-24,11607.6201171875,11613.23046875,11337.7802734375,11351.3095703125,9468130000,14015.351040039062,12330.915852864584
2022-06-27,11524.5498046875,11677.490234375,11487.0703125,11661.01953125,5047860000,13996.7325390625,12282.287190755209
2022-06-28,11181.5400390625,11635.849609375,11177.6796875,11542.240234375,5433220000,13977.062788085937,12231.637532552084
2022-06-29,11177.8896484375,11226.330078125,11072.1904296875,11160.2197265625,5650860000,13957.4243359375,12180.244026692708
2022-06-30,11028.740234375,11160.919921875,10850.009765625,11048.25,5654520000,13937.37923828125,12121.847200520833
2022-07-01,11127.849609375,11132.5498046875,10922.7099609375,11006.830078125,4865730000,13917.210834960937,12070.5751953125
2022-07-05,11322.240234375,11323.8896484375,10911.4501953125,10964.1796875,5053570000,13897.912436523438,12027.798860677083
2022-07-06,11361.849609375,11443.150390625,11250.3203125,11337.900390625,4851170000,13879.5018359375,11985.541357421875
2022-07-07,11621.349609375,11644.4697265625,11412.8798828125,11422.599609375,4685050000,13864.03908203125,11950.713850911457
2022-07-08,11635.3095703125,11689.7001953125,11479.76953125,11503.6103515625,4526570000,13848.483627929687,11921.103011067707
2022-07-11,11372.599609375,11541.099609375,11348.0595703125,11524.490234375,4362910000,13830.862377929687,11887.786832682292
2022-07-12,11264.73046875,11483.169921875,11207.080078125,11420.8896484375,4317860000,13811.924829101563,11848.139176432293
2022-07-13,11247.580078125,11325.669921875,11031.26953125,11056.5498046875,4433060000,13792.924228515625,11813.080843098958
2022-07-14,11251.1904296875,11279.9697265625,11005.9296875,11151.2099609375,4481070000,13774.33033203125,11778.394677734375
2022-07-15,11452.419921875,11454.6904296875,11295.330078125,11379.3603515625,4369060000,13758.859033203125,11742.274007161459
2022-07-18,11360.0498046875,11629.0302734375,11322.83984375,11561.6396484375,5057920000,13743.097080078125,11707.39033203125
2022-07-19,11713.150390625,11721.2197265625,11448.9697265625,11515.0,5302740000,13729.419931640625,11683.031998697918
2022-07-20,11897.650390625,11939.9599609375,11703.3603515625,11726.08984375,5467080000,13716.074682617187,11667.338004557292
2022-07-21,12059.6103515625,12060.58984375,11812.7197265625,11914.150390625,4680930000,13705.09533203125,11651.584016927083
2022-07-22,11834.1103515625,12093.01953125,11767.1904296875,12025.3701171875,4721880000,13692.096733398437,11640.640185546876
2022-07-25,11782.669921875,11855.1103515625,11707.5302734375,11837.9599609375,4346520000,13678.500532226562,11628.869189453126
2022-07-26,11562.5703125,11711.3095703125,11533.3701171875,11701.5302734375,4349760000,13663.043286132812,11607.053190104167
2022-07-27,12032.419921875,12081.73046875,11718.3798828125,11756.1904296875,4588480000,13650.307685546875,11602.016194661459
2022-07-28,12162.58984375,12179.08984375,11886.669921875,12036.48046875,4924950000,13638.689633789063,11595.792366536458
2022-07-29,12390.6904296875,12426.259765625,12181.1298828125,12239.6904296875,4907410000,13628.313486328125,11592.907877604166
2022-08-01,12368.98046875,12499.7197265625,12271.98046875,12317.9599609375,4396390000,13617.300190429687,11582.976546223957
2022-08-02,12348.759765625,12503.33984375,12260.48046875,12287.669921875,4792140000,13604.926840820313,11583.494368489582
2022-08-03,12668.16015625,12699.6396484375,12425.2099609375,12433.8701171875,5667990000,13593.780942382813,11592.219368489583
2022-08-04,12720.580078125,12736.1904296875,12600.7802734375,12675.0400390625,5451470000,13582.274794921876,11610.508203125
2022-08-05,12657.5498046875,12720.4404296875,12525.76953125,12538.7998046875,4911300000,13569.917094726563,11625.839534505209
2022-08-08,12644.4599609375,12855.150390625,12597.75,12703.7197265625,5238600000,13557.53099609375,11647.176529947918
2022-08-09,12493.9296875,12582.91015625,12438.8603515625,12557.490234375,5307340000,13543.922143554688,11665.892692057292
2022-08-10,12854.7998046875,12861.4404296875,12698.6103515625,12793.4404296875,5196210000,13532.745141601563,11683.38935546875
2022-08-11,12779.91015625,13026.240234375,12760.08984375,12944.8203125,5815960000,13520.511142578125,11702.008024088542
2022-08-12,13047.1904296875,13047.1904296875,12821.2197265625,12866.3095703125,4782610000,13509.568544921874,11719.719205729167
2022-08-15,13128.0498046875,13146.0595703125,12993.7802734375,12996.6298828125,4476040000,13499.029594726562,11748.217529296875
2022-08-16,13102.5498046875,13181.08984375,12979.240234375,13082.6396484375,5028410000,13487.301743164062,11776.785026041667
2022-08-17,12938.1201171875,13053.509765625,12863.009765625,12968.6298828125,5229520000,13474.500395507812,11803.176692708334
2022-08-18,12965.33984375,13002.66015625,12873.490234375,12937.7900390625,4724350000,13461.347495117188,11827.011197916667
2022-08-19,12705.2197265625,12859.009765625,12674.8701171875,12832.26953125,4628170000,13446.625595703124,11851.0240234375
2022-08-22,12381.5703125,12538.5498046875,12353.73046875,12523.16015625,4270980000,13429.475546875,11866.804524739584
2022-08-23,12381.2998046875,12490.849609375,12352.0302734375,12380.3701171875,3836180000,13411.680498046875,11877.482014973959
2022-08-24,12431.5302734375,12504.330078125,12350.16015625,12375.150390625,3917170000,13393.980200195312,11882.488688151041
2022-08-25,12639.26953125,12641.259765625,12471.98046875,12506.3701171875,4323470000,13377.26474609375,11891.786686197916
2022-08-26,12141.7099609375,12655.83984375,12141.51953125,12630.580078125,4530000000,13358.540595703125,11894.240852864583
2022-08-29,12017.669921875,12124.8701171875,11981.419921875,12021.0498046875,4209850000,13340.515395507813,11889.253678385418
2022-08-30,11883.1396484375,12101.849609375,11790.01953125,12093.0595703125,4681520000,13321.409692382813,11887.093831380209
2022-08-31,11816.2001953125,12027.4296875,11814.169921875,11972.5595703125,4952010000,13301.185893554688,11883.007666015625
2022-09-01,11785.1298828125,11798.3701171875,11546.51953125,11707.4404296875,4792890000,13280.842294921875,11876.505989583333
2022-09-02,11630.8603515625,11945.91015625,11573.509765625,11899.1396484375,4257410000,13259.127294921875,11868.915836588541
2022-09-06,11544.91015625,11679.4296875,11471.5,11643.0302734375,4622940000,13237.243994140625,11865.427164713541
2022-09-07,11791.900390625,11819.0703125,11555.080078125,11559.3798828125,4445640000,13216.234946289063,11872.958512369793
2022-09-08,11862.1298828125,11896.73046875,11660.5302734375,11679.8603515625,4329910000,13195.258393554688,11890.5068359375
2022-09-09,12112.3095703125,12132.669921875,11958.6103515625,11958.6103515625,4401590000,13176.546142578125,11911.906168619791
2022-09-12,12266.41015625,12270.1904296875,12169.2802734375,12174.9404296875,4146680000,13159.002495117187,11931.360498046875
2022-09-13,11633.5703125,11957.9697265625,11604.4296875,11908.8095703125,5188380000,13137.944194335938,11947.818343098957
2022-09-14,11719.6796875,11746.830078125,11602.759765625,11680.41015625,4861530000,13119.084291992187,11963.173844401043
2022-09-15,11552.3603515625,11760.73046875,11497.1103515625,11633.240234375,4805910000,13097.931943359376,11971.224853515625
2022-09-16,11448.400390625,11460.4296875,11316.919921875,11401.2099609375,7451840000,13077.485493164062,11977.813525390626
2022-09-19,11535.01953125,11538.1298828125,11337.830078125,11338.5703125,4168670000,13058.890341796876,11982.860677083334
2022-09-20,11425.0498046875,11520.990234375,11343.7197265625,11440.1396484375,4028100000,13039.108989257813,11979.817838541667
2022-09-21,11220.1904296875,11613.5703125,11218.990234375,11466.2099609375,4471000000,13019.782592773438,11974.745182291666
2022-09-22,11066.8095703125,11203.76953125,11024.6396484375,11167.3798828125,4916470000,12998.990888671875,11972.8330078125
2022-09-23,10867.9296875,10958.2900390625,10732.7197265625,10952.6904296875,5134350000,12974.8959375,11967.667008463543
2022-09-26,10802.919921875,11024.0,10789.0498046875,10833.3798828125,4697730000,12949.9755859375,11963.903336588543
2022-09-27,10829.5,11040.98046875,10741.01953125,10955.2900390625,4445050000,12926.536235351563,11958.930843098959
2022-09-28,11051.6396484375,11101.5,10776.33984375,10817.51953125,4556100000,12903.641435546875,11954.420833333334
2022-09-29,10737.509765625,10899.4697265625,10623.2197265625,10894.4404296875,4516630000,12880.262583007812,11944.015169270833
2022-09-30,10575.6201171875,10883.0400390625,10572.330078125,10697.7099609375,4649710000,12856.952485351563,11926.586344401041
2022-10-03,10815.4296875,10875.4599609375,10577.8896484375,10659.009765625,4415440000,12833.201733398437,11912.9216796875
2022-10-04,11176.41015625,11189.9599609375,11044.0400390625,11054.7197265625,5004780000,12813.181635742187,11909.65185546875
2022-10-05,11148.6396484375,11210.3203125,10910.759765625,11022.669921875,4091860000,12793.076435546875,11907.717008463542
2022-10-06,11073.3095703125,11230.4404296875,11051.26953125,11129.0400390625,4423320000,12773.53828125,11904.8125
2022-10-07,10652.400390625,10891.9296875,10608.51953125,10877.2802734375,4634190000,12750.094833984374,11894.832666015625
2022-10-10,10542.099609375,10669.9296875,10449.0400390625,10659.9501953125,3989640000,12725.195883789063,11879.660660807293
2022-10-11,10426.1904296875,10608.83984375,10351.98046875,10484.3701171875,4738840000,12699.059985351563,11864.096337890625
2022-10-12,10417.099609375,10494.5302734375,10372.2099609375,10437.0,4091030000,12671.789184570312,11842.495491536458
2022-10-13,10649.150390625,10697.7099609375,10088.830078125,10131.8203125,5300080000,12646.126337890624,11821.687158203125
2022-10-14,10321.3896484375,10766.6904296875,10308.8095703125,10742.8095703125,4393000000,12618.9021875,11792.716813151043
2022-10-17,10675.7998046875,10696.58984375,10569.6904296875,10575.650390625,4439190000,12593.573388671875,11773.411637369793
2022-10-18,10772.400390625,10972.9697265625,10670.1201171875,10963.990234375,5047360000,12569.210541992188,11756.573811848959
2022-10-19,10680.509765625,10808.0400390625,10592.8798828125,10689.3095703125,4955090000,12543.449091796874,11741.872802734375
2022-10-20,10614.83984375,10837.2998046875,10574.5498046875,10657.41015625,4628010000,12518.409692382813,11718.246468098958
2022-10-21,10859.7197265625,10875.7197265625,10542.4296875,10576.0400390625,4706440000,12497.20744140625,11696.531966145832
2022-10-24,10952.6103515625,10983.51953125,10713.330078125,10867.0703125,4808710000,12476.56619140625,11672.56396484375
2022-10-25,11199.1201171875,11210.3798828125,10996.9697265625,10996.9697265625,5141760000,12457.882290039062,11653.066292317708
2022-10-26,10970.990234375,11205.83984375,10948.3798828125,10969.01953125,5224440000,12438.023090820312,11630.103466796874
2022-10-27,10792.669921875,10998.73046875,10780.5,10971.9501953125,4773520000,12416.219189453124,11598.845296223959
2022-10-28,11102.4501953125,11117.0400390625,10766.2001953125,10766.2001953125,4731940000,12395.7894921875,11571.87646484375
2022-10-31,10988.150390625,11047.9404296875,10914.009765625,11028.4296875,4753740000,12376.696196289062,11544.053141276041
2022-11-01,10890.849609375,11156.349609375,10881.1904296875,11154.740234375,4677520000,12356.681694335937,11514.826302083333
2022-11-02,10524.7998046875,10993.240234375,10522.900390625,10885.009765625,5436420000,12336.77119140625,11482.007470703125
2022-11-03,10342.9404296875,10486.009765625,10319.5400390625,10399.4501953125,5102190000,12316.784594726563,11440.143147786459
2022-11-04,10475.25,10553.6298828125,10262.9296875,10548.1396484375,5453750000,12298.390747070312,11401.732145182292
2022-11-07,10564.51953125,10587.9599609375,10428.91015625,10516.9404296875,4456690000,12282.368745117188,11360.354296875
2022-11-08,10616.2001953125,10745.6396484375,10472.73046875,10611.5302734375,5134500000,12266.174096679688,11318.49013671875
2022-11-09,10353.169921875,10564.9697265625,10344.009765625,10528.4501953125,4977460000,12250.24349609375,11272.667138671875
2022-11-10,11114.150390625,11119.1201171875,10779.9501953125,10869.169921875,6433000000,12238.103647460937,11242.267643229166
2022-11-11,11323.330078125,11352.4296875,11069.830078125,11124.75,5867750000,12227.956396484375,11214.900813802084
2022-11-14,11196.2197265625,11350.1201171875,11167.169921875,11233.900390625,5004060000,12215.084643554688,11189.750813802084
2022-11-15,11358.41015625,11492.6201171875,11241.150390625,11474.8203125,5617310000,12200.677294921876,11172.69814453125
2022-11-16,11183.66015625,11286.099609375,11162.919921875,11260.099609375,4585190000,12184.865595703124,11152.737483723959
2022-11-17,11144.9599609375,11198.83984375,11006.2099609375,11008.669921875,4354360000,12168.502646484376,11131.294645182292
2022-11-18,11146.0595703125,11259.4404296875,11059.16015625,11257.009765625,4175420000,12154.838842773437,11106.4078125
2022-11-21,11024.509765625,11128.7802734375,10999.75,11091.009765625,3977130000,12139.471342773437,11087.787809244792
2022-11-22,11174.41015625,11179.8701171875,10975.66015625,11058.5595703125,4186360000,12125.265043945312,11073.733479817709
2022-11-23,11285.3203125,11310.8203125,11174.6103515625,11174.6103515625,4431530000,12110.71939453125,11063.76982421875
2022-11-25,11226.3603515625,11261.5703125,11206.3798828125,11231.0,2184080000,12094.399345703125,11053.93916015625
2022-11-28,11049.5,11217.75,11020.6904296875,11147.5703125,4271360000,12078.718647460937,11041.678662109374
2022-11-29,10983.7802734375,11086.01953125,10944.3701171875,11060.01953125,4592830000,12064.681796875,11030.893994140624
2022-11-30,11468.0,11468.4697265625,10966.5302734375,10995.2001953125,6653460000,12053.067197265626,11029.612158203125
2022-12-01,11482.4501953125,11546.76953125,11378.75,11475.169921875,5158120000,12039.780649414062,11024.454654947916
2022-12-02,11461.5,11492.3203125,11296.7197265625,11308.3798828125,4523010000,12026.467700195313,11017.777490234375
2022-12-05,11239.9404296875,11425.509765625,11193.01953125,11380.990234375,4510030000,12014.083803710937,11003.238004557292
2022-12-06,11014.8896484375,11241.419921875,10956.2001953125,11228.419921875,4713330000,12001.417900390625,10982.379329427084
2022-12-07,10958.5498046875,11039.8095703125,10910.6201171875,10963.9501953125,4343860000,11989.303051757812,10971.128987630209
2022-12-08,11082.0,11119.16015625,10939.4697265625,11011.330078125,4281800000,11979.525600585937,10960.500992838543
2022-12-09,11004.6201171875,11138.7001953125,10999.259765625,11038.169921875,4337440000,11967.180751953125,10951.371988932291
2022-12-12,11143.740234375,11144.669921875,10984.8203125,11015.48046875,4829990000,11954.426352539063,10946.294319661458
2022-12-13,11256.8095703125,11571.6396484375,11160.5400390625,11542.83984375,6126890000,11941.9533984375,10941.657486979168
2022-12-14,11170.8896484375,11352.08984375,11065.240234375,11248.08984375,5485150000,11930.145546875,10937.421484375
2022-12-15,10810.5302734375,11029.5703125,10775.6103515625,11012.6201171875,5536070000,11915.438100585938,10930.593815104166
2022-12-16,10705.41015625,10833.240234375,10642.099609375,10767.6298828125,7968170000,11901.27544921875,10924.570491536459
2022-12-19,10546.0302734375,10713.9697265625,10497.5498046875,10707.4404296875,4631820000,11887.4383984375,10919.205501302084
2022-12-20,10547.1103515625,10609.4599609375,10446.8203125,10490.8896484375,4707190000,11876.019150390624,10914.942008463542
2022-12-21,10709.3701171875,10753.5703125,10569.2001953125,10592.0,4401420000,11865.588251953124,10912.93984375
2022-12-22,10476.1201171875,10599.33984375,10313.3203125,10586.4599609375,5125070000,11851.691103515624,10903.3478515625
2022-12-23,10497.8603515625,10514.759765625,10361.8203125,10437.75,3544680000,11838.53060546875,10899.353694661459
2022-12-27,10353.23046875,10472.3203125,10340.73046875,10462.1904296875,3827290000,11826.077709960937,10895.647200520832
2022-12-28,10213.2900390625,10414.8203125,10207.4697265625,10339.2001953125,3842970000,11814.238061523438,10885.611539713542
2022-12-29,10478.08984375,10502.080078125,10301.0595703125,10321.4599609375,4154100000,11801.88541015625,10873.972867838542
2022-12-30,10466.48046875,10468.3095703125,10324.7001953125,10368.3701171875,3959030000,11787.035063476562,10862.603548177083
2023-01-03,10386.98046875,10613.0595703125,10309.16015625,10562.0595703125,4780650000,11770.896064453125,10851.164729817709
2023-01-04,10458.759765625,10515.2197265625,10337.6396484375,10467.8203125,5085380000,11753.7206640625,10847.937386067708
2023-01-05,10305.240234375,10393.2197265625,10295.25,10390.3095703125,4764270000,11736.054565429688,10843.989729817707
2023-01-06,10569.2900390625,10604.1396484375,10265.0400390625,10363.9599609375,5199780000,11718.3569140625,10846.374723307292
2023-01-09,10635.650390625,10807.259765625,10619.1201171875,10662.099609375,5132190000,11701.92216796875,10850.017236328125
2023-01-10,10742.6298828125,10743.669921875,10589.58984375,10607.7197265625,4710680000,11684.676118164063,10851.575227864583
2023-01-11,10931.669921875,10932.4404296875,10762.73046875,10794.990234375,5284390000,11668.48796875,10861.746565755207
2023-01-12,11001.099609375,11027.75,10797.1201171875,10969.259765625,5681240000,11651.71896484375,10867.168229166668
2023-01-13,11079.16015625,11084.009765625,10900.16015625,10906.3701171875,5077990000,11634.016567382812,10872.280891927083
2023-01-17,11095.1103515625,11145.4404296875,11024.7197265625,11070.0,5138410000,11617.280771484375,10879.190901692707
2023-01-18,10957.009765625,11223.41015625,10952.0498046875,11170.9501953125,5288630000,11600.96322265625,10884.893733723959
2023-01-19,10852.26953125,10932.51953125,10804.5703125,10890.400390625,4660800000,11583.9170703125,10884.769563802083
2023-01-20,11140.4296875,11143.169921875,10885.650390625,10924.66015625,5980110000,11566.956469726563,10887.899886067707
2023-01-23,11364.41015625,11405.5,11144.0302734375,11171.9404296875,5997810000,11552.757670898438,10890.654720052084
2023-01-24,11334.26953125,11378.150390625,11282.650390625,11302.9296875,5670860000,11539.984916992187,10896.709375
2023-01-25,11313.3603515625,11334.2197265625,11069.1796875,11146.5302734375,5485570000,11527.065219726563,10905.387548828125
2023-01-26,11512.41015625,11516.0498046875,11341.1904296875,11458.400390625,5732890000,11516.072270507813,10912.22021484375
2023-01-27,11621.7099609375,11691.8896484375,11470.26953125,11470.4697265625,6243800000,11507.121020507813,10922.779541015625
2023-01-30,11393.8095703125,11553.3095703125,11388.5400390625,11512.33984375,5122320000,11497.232216796874,10931.16220703125
2023-01-31,11584.5498046875,11586.009765625,11398.3701171875,11398.580078125,5695150000,11486.937016601563,10948.82470703125
2023-02-01,11816.3203125,11904.01953125,11500.330078125,11573.1396484375,6336040000,11479.263217773438,10973.381038411459
2023-02-02,12200.8203125,12269.5498046875,12024.1396484375,12065.150390625,7038210000,11473.605517578126,11002.140543619791
2023-02-03,12006.9501953125,12231.3095703125,11946.8603515625,11946.8603515625,5954490000,11465.541967773437,11026.1810546875
2023-02-06,11887.4501953125,11973.41015625,11843.490234375,11904.41015625,5538350000,11457.7138671875,11047.3685546875
2023-02-07,12113.7900390625,12150.2197265625,11836.7802734375,11891.25,5720240000,11452.409565429687,11076.712223307291
2023-02-08,11910.51953125,12096.3896484375,11890.08984375,12069.1201171875,5052870000,11447.765712890625,11089.985042317709
2023-02-09,11789.580078125,12070.9599609375,11745.1103515625,12069.099609375,5536290000,11441.689365234375,11097.755875651043
2023-02-10,11718.1201171875,11775.7998046875,11630.5400390625,11714.599609375,4885030000,11437.826264648438,11106.454215494792
2023-02-13,11891.7900390625,11910.919921875,11719.73046875,11759.08984375,4752880000,11434.84056640625,11115.343880208333
2023-02-14,11960.150390625,11999.849609375,11760.5595703125,11808.2001953125,5032430000,11430.283666992187,11128.285384114582
2023-02-15,12070.58984375,12071.2900390625,11876.8203125,11905.1201171875,5056640000,11428.96341796875,11143.712548828125
2023-02-16,11855.830078125,12040.33984375,11853.3603515625,11896.3095703125,5159410000,11425.562470703126,11155.542057291666
2023-02-17,11787.26953125,11803.2197265625,11673.2099609375,11777.5,4925230000,11421.68001953125,11168.254720052084
2023-02-21,11492.2998046875,11684.1396484375,11491.1796875,11640.3701171875,5002540000,11414.317216796875,11173.552880859375
2023-02-22,11507.0703125,11582.51953125,11445.169921875,11517.2001953125,4671270000,11410.264116210938,11177.248714192709
2023-02-23,11590.400390625,11638.98046875,11432.580078125,11636.9296875,4714580000,11407.492817382812,11183.316048177083
2023-02-24,11394.9404296875,11434.3603515625,11334.4697265625,11404.1796875,4432650000,11406.35126953125,11189.073388671875
2023-02-27,11466.98046875,11565.23046875,11444.599609375,11517.1904296875,4494000000,11404.997822265625,11197.126725260418
2023-02-28,11455.5400390625,11548.23046875,11435.3896484375,11451.0498046875,5340950000,11405.454321289062,11196.919059244792
2023-03-01,11379.48046875,11479.0,11349.8701171875,11447.580078125,4927530000,11405.496923828125,11195.202897135418
2023-03-02,11462.98046875,11487.58984375,11273.6103515625,11273.76953125,5313760000,11403.786826171876,11195.227571614583
2023-03-03,11689.009765625,11699.6298828125,11514.740234375,11524.650390625,5102210000,11403.917924804688,11202.712060546875
2023-03-06,11675.740234375,11827.919921875,11667.48046875,11736.8701171875,4982880000,11402.374028320313,11213.726236979166
2023-03-07,11530.330078125,11705.9599609375,11512.0302734375,11670.98046875,5422820000,11402.934926757813,11223.255908203126
2023-03-08,11576.0,11601.23046875,11487.75,11553.08984375,5085970000,11403.872426757813,11231.489241536457
2023-03-09,11338.349609375,11667.1201171875,11319.98046875,11578.3095703125,5061790000,11403.79107421875,11237.051399739583
2023-03-10,11138.8896484375,11373.8095703125,11093.8603515625,11325.3603515625,6193500000,11401.809174804688,11236.970556640625
2023-03-13,11188.83984375,11326.73046875,10982.7998046875,11041.4599609375,6201490000,11401.431123046876,11235.837727864584
2023-03-14,11428.150390625,11467.01953125,11284.9296875,11357.73046875,5533120000,11401.398173828125,11240.125406901041
2023-03-15,11434.0498046875,11447.900390625,11238.4404296875,11291.169921875,5912430000,11399.865170898438,11250.517399088541
2023-03-16,11717.2802734375,11733.7998046875,11365.490234375,11384.8701171875,5498920000,11397.795922851563,11267.381901041666
2023-03-17,11630.509765625,11773.1103515625,11562.6298828125,11696.33984375,7903090000,11395.5415234375,11285.456559244793
2023-03-20,11675.5400390625,11695.5498046875,11550.6904296875,11614.3896484375,4970630000,11393.946923828125,11304.263720703126
2023-03-21,11860.1103515625,11879.16015625,11724.91015625,11764.7900390625,4829870000,11391.662973632812,11323.442724609375
2023-03-22,11669.9599609375,12013.990234375,11666.849609375,11857.5,4981590000,11389.94912109375,11343.340055338542
2023-03-23,11787.400390625,11962.6904296875,11684.51953125,11811.3203125,4917460000,11388.579272460938,11364.832389322917
2023-03-24,11823.9599609375,11826.23046875,11670.669921875,11747.6201171875,4363650000,11386.822919921875,11389.344547526041
2023-03-27,11768.83984375,11903.2099609375,11739.0498046875,11868.5400390625,4330320000,11385.235771484375,11415.270377604167
2023-03-28,11716.080078125,11752.759765625,11635.0302734375,11752.759765625,4036910000,11385.04501953125,11435.903548177082
2023-03-29,11926.240234375,11941.599609375,11823.349609375,11855.58984375,4493540000,11387.976123046876,11460.232877604167
2023-03-30,12013.4697265625,12044.7900390625,11953.3701171875,12010.4501953125,4738880000,11393.997319335938,11487.341031901042
2023-03-31,12221.91015625,12227.9296875,12030.4404296875,12031.5400390625,5521150000,11400.965122070313,11516.726871744791
2023-04-03,12189.4501953125,12196.33984375,12086.51953125,12146.08984375,4816440000,11406.41662109375,11548.13037109375
2023-04-04,12126.330078125,12224.6796875,12081.8095703125,12208.490234375,4298760000,11413.8177734375,11574.081038411457
2023-04-05,11996.8603515625,12086.75,11931.849609375,12081.759765625,4378590000,11419.810327148438,11596.76787109375
2023-04-06,12087.9599609375,12098.5,11898.3603515625,11939.080078125,3862800000,11424.903627929687,11619.1900390625
2023-04-10,12084.3603515625,12084.9501953125,11924.2001953125,11975.1298828125,4334070000,11430.060029296876,11638.401546223959
2023-04-11,12031.8798828125,12091.26953125,12011.400390625,12080.240234375,4676960000,11434.0584765625,11655.581217447916
2023-04-12,11929.33984375,12134.5,11916.5400390625,12110.8701171875,4909770000,11435.667075195313,11669.75087890625
2023-04-13,12166.26953125,12178.7998046875,11995.9404296875,11997.419921875,4942990000,11438.875673828124,11687.603531901043
2023-04-14,12123.4697265625,12205.7197265625,12026.5498046875,12117.91015625,4655740000,11443.585322265624,11707.04453125
2023-04-17,12157.7197265625,12159.01953125,12064.099609375,12108.23046875,4823180000,11448.48447265625,11728.802034505208
2023-04-18,12153.41015625,12245.4296875,12110.23046875,12234.5595703125,4851810000,11454.107822265625,11745.685042317707
2023-04-19,12157.23046875,12191.099609375,12060.169921875,12063.6796875,4972700000,11459.2547265625,11758.898714192708
2023-04-20,12059.5595703125,12155.9599609375,12011.9501953125,12039.080078125,4590530000,11462.941323242187,11770.986881510416
2023-04-21,12072.4599609375,12097.150390625,11986.8203125,12046.0302734375,4868050000,11466.494375,11783.638541666667
2023-04-24,12037.2001953125,12103.580078125,11960.2998046875,12053.4697265625,4854050000,11468.573627929687,11792.385042317708
2023-04-25,11799.16015625,11990.4599609375,11798.76953125,11968.8095703125,4806020000,11469.392880859376,11795.342545572918
2023-04-26,11854.349609375,11967.990234375,11833.0703125,11913.23046875,5281970000,11471.801630859374,11803.018212890625
2023-04-27,12142.240234375,12154.009765625,11950.919921875,11972.150390625,5253710000,11476.1891796875,11812.313053385416
2023-04-28,12226.580078125,12227.7197265625,12082.5703125,12117.5400390625,5331380000,11481.0841796875,11819.150716145834
2023-05-01,12212.599609375,12261.3203125,12181.080078125,12210.0498046875,5168430000,11485.891225585938,11819.347037760417
2023-05-02,12080.509765625,12206.580078125,12015.23046875,12198.01953125,5501410000,11489.031674804688,11820.573030598958
2023-05-03,12025.330078125,12212.5498046875,12022.4599609375,12097.0400390625,5782160000,11492.358076171875,11822.871028645834
2023-05-04,11966.400390625,12033.150390625,11925.3701171875,11997.33984375,4745780000,11493.624326171876,11820.414534505207
2023-05-05,12235.41015625,12264.830078125,12065.7197265625,12073.0302734375,4574790000,11495.313125,11825.829378255208
2023-05-08,12256.919921875,12264.990234375,12178.259765625,12231.6796875,4216360000,11496.299672851563,11833.618375651042
2023-05-09,12179.5498046875,12216.1298828125,12174.0595703125,12195.7802734375,4126780000,11498.026870117188,11841.308870442708
2023-05-10,12306.4404296875,12337.6904296875,12180.8603515625,12286.66015625,4948260000,11500.64572265625,11848.219710286457
2023-05-11,12328.509765625,12347.3798828125,12255.4404296875,12321.259765625,4489490000,11504.475419921875,11854.359033203125
2023-05-12,12284.740234375,12364.650390625,12209.580078125,12350.51953125,4170000000,11505.737021484376,11857.928206380207
2023-05-15,12365.2099609375,12376.400390625,12263.349609375,12301.169921875,3979290000,11506.750122070312,11866.41787109375
2023-05-16,12343.0498046875,12403.8095703125,12324.51953125,12327.0498046875,4067510000,11506.511918945313,11875.680875651042
2023-05-17,12500.5703125,12514.0703125,12335.01953125,12388.580078125,4501820000,11507.169868164063,11892.485384114583
2023-05-18,12688.83984375,12698.5,12512.259765625,12513.8701171875,4532890000,11508.870268554687,11912.18154296875
2023-05-19,12657.900390625,12731.73046875,12624.0595703125,12709.4599609375,3935780000,11508.818969726562,11929.973209635416
2023-05-22,12720.7802734375,12756.23046875,12655.259765625,12664.4404296875,4278920000,11508.819970703125,11952.070540364582
2023-05-23,12560.25,12709.740234375,12554.4296875,12652.8798828125,4347440000,11508.333471679687,11970.29169921875
2023-05-24,12484.16015625,12529.6298828125,12415.849609375,12481.8896484375,4088270000,11507.53197265625,11987.435367838541
2023-05-25,12698.08984375,12736.919921875,12604.8896484375,12706.4404296875,4651640000,11508.5527734375,12009.412190755209
2023-05-26,12975.6904296875,13001.91015625,12729.740234375,12736.419921875,4434070000,11509.1572265625,12034.6240234375
2023-05-30,13017.4296875,13154.2900390625,12968.1201171875,13109.099609375,4843470000,11510.34482421875,12056.76435546875
2023-05-31,12935.2900390625,13029.080078125,12889.3701171875,12968.3798828125,5905760000,11509.785322265625,12077.756852213543
2023-06-01,13100.98046875,13141.830078125,12903.6298828125,12944.4599609375,4610310000,11509.649975585937,12103.934358723958
2023-06-02,13240.76953125,13256.2099609375,13125.8603515625,13190.48046875,4426760000,11510.34107421875,12131.680517578125
2023-06-05,13229.4296875,13330.650390625,13194.9501953125,13238.48046875,4344280000,11511.797622070313,12163.198518880208
2023-06-06,13276.419921875,13306.2099609375,13165.650390625,13199.58984375,4810910000,11513.353022460937,12198.8240234375
2023-06-07,13104.900390625,13361.900390625,13089.48046875,13295.259765625,5270600000,11515.35142578125,12230.758365885416
2023-06-08,13238.51953125,13248.599609375,13101.1796875,13113.26953125,4280160000,11519.636171875,12260.931184895833
2023-06-09,13259.1396484375,13385.9501953125,13229.330078125,13312.3896484375,4412710000,11524.02537109375,12291.349348958332
2023-06-12,13461.919921875,13465.91015625,13302.580078125,13326.3701171875,4722680000,11529.177319335937,12320.426676432291
2023-06-13,13573.3203125,13594.400390625,13473.1904296875,13566.5302734375,5522100000,11533.847573242187,12352.806852213542
2023-06-14,13626.48046875,13661.740234375,13455.990234375,13570.5595703125,5772550000,11541.27142578125,12385.322526041668
2023-06-15,13782.8203125,13828.169921875,13561.3701171875,13572.8798828125,5667520000,11550.097177734375,12417.367692057293
2023-06-16,13689.5703125,13864.0595703125,13680.9501953125,13859.0703125,8076530000,11559.129331054688,12451.027864583333
2023-06-20,13667.2900390625,13711.1796875,13561.83984375,13642.2900390625,5237710000,11568.384780273438,12482.359358723957
2023-06-21,13502.2001953125,13638.5703125,13460.9404296875,13620.8701171875,5194640000,11576.970131835937,12510.330029296874
2023-06-22,13630.6103515625,13631.849609375,13441.5595703125,13443.41015625,4499550000,11586.968881835937,12541.359537760416
2023-06-23,13492.51953125,13572.1904296875,13442.650390625,13484.099609375,7734500000,11596.706928710937,12570.966861979166
2023-06-26,13335.7802734375,13573.5703125,13334.419921875,13468.740234375,4430600000,11604.426328125,12594.459195963542
2023-06-27,13555.669921875,13578.7998046875,13366.9697265625,13389.25,5053660000,11612.894028320312,12620.162532552084
2023-06-28,13591.75,13654.1396484375,13495.73046875,13506.01953125,4533270000,11620.29123046875,12642.993196614583
2023-06-29,13591.330078125,13618.5302734375,13540.259765625,13592.3603515625,4388140000,11626.915830078126,12666.357861328124
2023-06-30,13787.919921875,13816.6796875,13716.16015625,13719.98046875,4661120000,11637.687578125,12694.051025390625
2023-07-03,13816.76953125,13839.08984375,13773.41015625,13798.7001953125,2902300000,11648.17302734375,12724.382845052083
2023-07-05,13791.650390625,13844.5,13764.25,13772.099609375,5339340000,11659.369477539063,12752.777685546875
2023-07-06,13679.0400390625,13689.51953125,13567.25,13653.169921875,6113080000,11670.52267578125,12779.355680338542
2023-07-07,13660.7197265625,13804.509765625,13656.73046875,13668.0703125,5098120000,11681.151176757812,12806.503011067709
2023-07-10,13685.48046875,13692.41015625,13584.8701171875,13645.3701171875,5275390000,11692.453330078126,12835.772021484376
2023-07-11,13760.7001953125,13774.830078125,13643.3203125,13709.8095703125,4840950000,11705.15587890625,12862.345865885416
2023-07-12,13918.9599609375,13963.4501953125,13842.1298828125,13915.6396484375,5230620000,11719.416630859376,12892.270703125
2023-07-13,14138.5703125,14163.7998046875,14012.240234375,14021.150390625,5183560000,11735.769833984376,12925.284879557292
2023-07-14,14113.7001953125,14232.1103515625,14081.9599609375,14166.66015625,5366890000,11752.323735351563,12957.956380208334
2023-07-17,14244.9501953125,14274.41015625,14138.009765625,14149.919921875,4593160000,11769.400986328124,12992.751708984375
2023-07-18,14353.6396484375,14396.6904296875,14176.1103515625,14212.25,4824070000,11785.910986328125,13030.986376953126
2023-07-19,14358.01953125,14446.5498046875,14317.08984375,14398.5302734375,5112420000,11804.01353515625,13069.079036458334
2023-07-20,14063.3095703125,14309.919921875,14030.6201171875,14273.2900390625,5128020000,11821.451982421875,13102.847526041667
2023-07-21,14032.8095703125,14179.009765625,14020.4501953125,14148.1796875,5254180000,11837.538881835937,13140.075016276041
2023-07-24,14058.8701171875,14110.150390625,13997.1298828125,14081.6298828125,4083070000,11851.951181640625,13176.817024739583
2023-07-25,14144.5595703125,14201.91015625,14092.51953125,14093.240234375,3812470000,11866.93078125,13210.189013671876
2023-07-26,14127.2802734375,14187.349609375,14041.9501953125,14123.51953125,4322000000,11882.200634765624,13241.867350260416
2023-07-27,14050.1103515625,14360.2001953125,14006.9296875,14319.16015625,5115840000,11899.189184570312,13272.492529296875
2023-07-28,14316.66015625,14344.349609375,14188.099609375,14199.830078125,4453520000,11918.061987304687,13309.761702473957
2023-07-31,14346.01953125,14370.91015625,14292.75,14337.900390625,4934440000,11937.6611328125,13348.439860026041
2023-08-01,14283.91015625,14309.2099609375,14215.6396484375,14274.9296875,4633770000,11956.995185546875,13387.065022786459
2023-08-02,13973.4501953125,14133.849609375,13914.8095703125,14132.73046875,5481960000,11973.616684570312,13416.032356770833
2023-08-03,13959.7197265625,14032.2802734375,13881.349609375,13899.759765625,6036970000,11991.808334960937,13444.412353515625
2023-08-04,13909.240234375,14119.2197265625,13897.9296875,14025.9599609375,5349450000,12007.975537109374,13473.24052734375
2023-08-07,13994.400390625,13997.150390625,13864.919921875,13972.4501953125,4892330000,12024.085537109375,13501.373193359375
2023-08-08,13884.3203125,13899.740234375,13769.33984375,13875.4501953125,5284550000,12040.10458984375,13527.303369140625
2023-08-09,13722.01953125,13898.5400390625,13698.3896484375,13897.6103515625,5591360000,12055.64048828125,13551.258024088542
2023-08-10,13737.990234375,13947.16015625,13686.509765625,13818.25,5299080000,12070.031840820313,13574.1376953125
2023-08-11,13644.849609375,13720.330078125,13609.98046875,13633.650390625,4638880000,12083.493037109374,13595.834358723958
2023-08-14,13788.330078125,13789.16015625,13582.490234375,13599.0,4272020000,12096.439086914062,13617.297021484375
2023-08-15,13631.0498046875,13774.98046875,13611.9404296875,13760.48046875,4473320000,12109.739384765626,13633.000520833333
2023-08-16,13474.6298828125,13644.3203125,13473.0302734375,13593.169921875,6243760000,12123.149184570313,13646.612679036458
2023-08-17,13316.9296875,13535.08984375,13303.4501953125,13527.2998046875,5280180000,12134.22158203125,13656.548502604166
2023-08-18,13290.7802734375,13335.8701171875,13161.759765625,13190.01953125,4801910000,12145.734731445313,13668.724007161458
2023-08-21,13497.58984375,13516.8603515625,13325.58984375,13347.259765625,4363070000,12158.768432617188,13685.614501953125
2023-08-22,13505.8701171875,13598.76953125,13484.3798828125,13593.9501953125,4282430000,12173.673784179688,13699.077506510417
2023-08-23,13721.0302734375,13757.0,13532.4296875,13532.4296875,4127850000,12190.564233398438,13711.499837239584
2023-08-24,13463.9697265625,13834.6904296875,13462.83984375,13834.3095703125,4383820000,12205.50783203125,13718.942171223958
2023-08-25,13590.650390625,13633.419921875,13376.349609375,13514.3701171875,3970060000,12220.638486328126,13729.86484375
2023-08-28,13705.1298828125,13735.98046875,13626.6396484375,13695.3603515625,3666680000,12236.083134765626,13739.934000651041
2023-08-29,13943.759765625,13959.8095703125,13677.0595703125,13687.23046875,4748180000,12254.036083984374,13751.650504557292
2023-08-30,14019.3095703125,14050.8203125,13924.2001953125,13961.76953125,4364600000,12268.561879882813,13764.815169270832
2023-08-31,14034.9697265625,14114.669921875,14010.48046875,14041.5400390625,4568610000,12282.120078125,13777.457666015625
2023-09-01,14031.8095703125,14149.6201171875,13982.419921875,14129.9599609375,4033960000,12296.29802734375,13792.90615234375
2023-09-05,14020.9501953125,14060.849609375,13945.650390625,13994.5400390625,4379790000,12309.610727539062,13805.946663411458
2023-09-06,13872.4697265625,14001.9501953125,13802.419921875,13988.8095703125,4215320000,12323.054775390625,13816.168831380208
2023-09-07,13748.830078125,13774.6298828125,13642.4697265625,13675.1103515625,4320830000,12336.074125976562,13820.950667317707
2023-09-08,13761.5302734375,13843.3701171875,13733.1796875,13754.7099609375,4160360000,12349.151479492188,13824.0875
2023-09-11,13917.8896484375,13937.4697265625,13805.1298828125,13884.0302734375,4538870000,12363.61837890625,13828.944319661457
2023-09-12,13773.6103515625,13913.599609375,13763.6904296875,13858.9404296875,4595490000,12376.614379882812,13828.7908203125
2023-09-13,13813.58984375,13868.5703125,13733.8203125,13773.669921875,4840310000,12389.255727539063,13830.8578125
2023-09-14,13926.0498046875,13957.5703125,13810.66015625,13889.759765625,4649010000,12402.754174804688,13835.170475260416
2023-09-15,13708.330078125,13895.75,13684.240234375,13889.2001953125,8162210000,12416.048325195312,13838.605973307293
2023-09-18,13710.240234375,13751.2802734375,13663.4599609375,13669.9599609375,4855880000,12429.680625,13839.933138020833
2023-09-19,13678.1904296875,13705.150390625,13578.8701171875,13649.4404296875,4453460000,12440.731577148437,13843.027652994791
2023-09-20,13469.1298828125,13727.8095703125,13467.2802734375,13710.259765625,4782440000,12450.664975585938,13845.250146484375
2023-09-21,13223.98046875,13362.23046875,13222.5595703125,13328.0595703125,5014890000,12459.477377929688,13839.721988932291
2023-09-22,13211.8095703125,13353.2197265625,13200.6396484375,13287.169921875,4302700000,12469.336723632812,13833.3896484375
2023-09-25,13271.3203125,13277.830078125,13132.0,13172.5400390625,4100290000,12480.618876953125,13828.05615234375
2023-09-26,13063.6103515625,13199.1298828125,13033.400390625,13180.9599609375,4693540000,12491.1441796875,13815.984326171874
2023-09-27,13092.849609375,13156.3701171875,12963.16015625,13115.3603515625,4841410000,12501.198427734374,13803.918994140626
2023-09-28,13201.2802734375,13270.9697265625,13025.1103515625,13043.3701171875,4648390000,12512.181728515625,13794.0794921875
2023-09-29,13219.3203125,13382.98046875,13177.08984375,13337.7099609375,5138500000,12522.55962890625,13786.417496744793
2023-10-02,13307.76953125,13364.0302734375,13204.080078125,13217.98046875,4554700000,12532.814428710937,13780.534993489584
2023-10-03,13059.4697265625,13280.0400390625,13008.599609375,13229.6796875,4684310000,12542.257329101563,13770.101481119791
2023-10-04,13236.009765625,13258.759765625,13072.509765625,13092.919921875,4308070000,12554.3847265625,13761.356640625
2023-10-05,13219.830078125,13251.1796875,13087.5703125,13228.1201171875,4167470000,12566.956826171874,13749.704475911458
2023-10-06,13431.33984375,13472.26953125,13099.0302734375,13127.6796875,4309420000,12581.383374023437,13737.917301432291
2023-10-09,13484.240234375,13509.2998046875,13277.48046875,13326.2197265625,3835930000,12596.0690234375,13727.426302083333
2023-10-10,13562.83984375,13659.6298828125,13491.8095703125,13505.8095703125,4301350000,12610.336372070313,13716.057796223959
2023-10-11,13659.6796875,13671.1103515625,13549.2900390625,13619.2099609375,4160440000,12626.254169921875,13704.491796875
2023-10-12,13574.2197265625,13714.1396484375,13491.5595703125,13672.4697265625,4858620000,12641.635966796875,13691.428466796875
2023-10-13,13407.23046875,13619.5400390625,13361.849609375,13613.58984375,4251550000,12656.905966796876,13680.493815104166
2023-10-16,13567.98046875,13598.0498046875,13447.169921875,13453.8095703125,4308690000,12673.679418945312,13672.746663411459
2023-10-17,13533.75,13602.25,13364.740234375,13419.8701171875,4417640000,12688.957719726563,13663.994661458333
2023-10-18,13314.2998046875,13499.740234375,13275.2998046875,13439.6796875,4617140000,12703.19681640625,13650.156998697918
2023-10-19,13186.1796875,13404.73046875,13157.330078125,13354.7998046875,5014790000,12717.1928125,13634.471988932291
2023-10-20,12983.8095703125,13177.349609375,12977.4296875,13157.76953125,4622840000,12729.818061523438,13616.700309244792
2023-10-23,13018.330078125,13143.2197265625,12848.830078125,12930.849609375,4669060000,12743.383510742187,13595.061474609374
2023-10-24,13139.8701171875,13170.3896484375,13022.849609375,13084.990234375,4604720000,12756.236411132813,13574.958984375
2023-10-25,12821.2197265625,13042.51953125,12804.2998046875,13039.8603515625,4599850000,12767.1642578125,13550.580810546875
2023-10-26,12595.6103515625,12818.1396484375,12543.8603515625,12768.9697265625,4894900000,12776.42916015625,13527.616813151042
2023-10-27,12643.009765625,12772.4296875,12600.5703125,12718.6904296875,4172100000,12784.985859375,13505.671647135418
2023-10-30,12789.48046875,12842.9599609375,12691.5595703125,12750.4697265625,4149320000,12793.927763671874,13487.008984375
2023-10-31,12851.240234375,12859.400390625,12697.0400390625,12786.6201171875,4315630000,12802.7881640625,13467.956315104168
2023-11-01,13061.4697265625,13072.419921875,12875.2001953125,12887.0595703125,4545120000,12812.6199609375,13454.242138671874
2023-11-02,13294.1904296875,13302.1796875,13177.6396484375,13230.490234375,4962950000,12824.305864257813,13447.111653645834
2023-11-03,13478.2802734375,13520.2802734375,13344.73046875,13362.849609375,4918750000,12837.43591796875,13442.783154296874
2023-11-06,13518.7802734375,13551.6201171875,13435.990234375,13514.080078125,4345850000,12849.327670898438,13440.681998697917
2023-11-07,13639.8603515625,13675.4599609375,13516.5595703125,13555.7900390625,4354460000,12860.704921875,13438.207503255207
2023-11-08,13650.41015625,13684.8701171875,13573.580078125,13660.2197265625,4685550000,12872.285625,13438.53017578125
2023-11-09,13521.4501953125,13697.8203125,13506.01953125,13693.7001953125,5313970000,12883.32607421875,13439.310514322917
2023-11-10,13798.1103515625,13802.5302734375,13556.349609375,13571.1904296875,4722140000,12894.754575195313,13447.330192057292
2023-11-13,13767.740234375,13805.1103515625,13687.7802734375,13745.9599609375,4349590000,12905.4847265625,13455.279524739582
2023-11-14,14094.3798828125,14124.0595703125,14003.1396484375,14015.3701171875,5332490000,12918.987578125,13465.226025390624
2023-11-15,14103.83984375,14194.3603515625,14060.7001953125,14147.26953125,5063830000,12931.584028320312,13475.1921875
2023-11-16,14113.669921875,14130.4501953125,14033.7900390625,14066.8798828125,4545180000,12943.070776367187,13481.736181640625
2023-11-17,14125.48046875,14154.3203125,14063.9296875,14101.4404296875,4408640000,12952.694077148437,13492.761360677083
2023-11-20,14284.5302734375,14309.7998046875,14134.2001953125,14134.75,4561810000,12964.081977539063,13504.326025390625
2023-11-21,14199.98046875,14237.5,14146.3095703125,14217.23046875,4128600000,12975.64462890625,13512.57353515625
2023-11-22,14265.8603515625,14359.6103515625,14226.6298828125,14283.8203125,3855240000,12986.40498046875,13517.941878255207
2023-11-24,14250.849609375,14270.2802734375,14214.1298828125,14238.0400390625,2541840000,12998.106630859374,13521.80087890625
2023-11-27,14241.01953125,14305.7099609375,14205.240234375,14239.3095703125,4205880000,13010.363828125,13525.235042317709
2023-11-28,14281.759765625,14303.66015625,14195.7197265625,14224.6298828125,4474400000,13023.182026367187,13529.40087890625
2023-11-29,14258.490234375,14423.2197265625,14247.8896484375,14367.1103515625,4890220000,13035.01552734375,13533.359879557293
2023-11-30,14226.2197265625,14289.2001953125,14127.0498046875,14265.0498046875,5678070000,13046.345874023438,13539.255712890625
2023-12-01,14305.0302734375,14311.9501953125,14135.0,14181.349609375,5607000000,13057.518076171875,13548.525716145834
2023-12-04,14185.490234375,14197.51953125,14058.51953125,14168.66015625,6270020000,13069.166376953124,13555.591715494791
2023-12-05,14229.91015625,14285.66015625,14121.759765625,14126.400390625,6179120000,13081.379580078124,13560.792057291666
2023-12-06,14146.7099609375,14327.6298828125,14138.509765625,14325.6201171875,5167030000,13094.651630859375,13567.010384114583
2023-12-07,14339.990234375,14353.1103515625,14220.8701171875,14230.4296875,5694310000,13108.81623046875,13575.783723958333
2023-12-08,14403.9697265625,14416.919921875,14264.9599609375,14279.4599609375,5430840000,13122.884077148437,13583.749055989583
2023-12-11,14432.490234375,14436.080078125,14324.5703125,14340.1298828125,5607820000,13138.071826171876,13595.818391927083
2023-12-12,14533.400390625,14533.400390625,14385.3896484375,14423.009765625,4950100000,13153.40392578125,13609.537727864583
2023-12-13,14733.9599609375,14743.5498046875,14517.51953125,14555.6796875,6732040000,13169.796025390626,13627.13388671875
2023-12-14,14761.5595703125,14855.6201171875,14642.23046875,14798.7197265625,8033170000,13186.706420898438,13648.674381510416
2023-12-15,14813.919921875,14848.400390625,14753.16015625,14797.4599609375,8377630000,13203.461118164063,13675.173372395833
2023-12-18,14904.8095703125,14938.0400390625,14811.8203125,14814.01953125,5866080000,13219.5401171875,13703.3900390625
2023-12-19,15003.2197265625,15003.7998046875,14921.599609375,14923.01953125,5757180000,13236.177514648438,13732.255029296875
2023-12-20,14777.9404296875,15069.2900390625,14776.2900390625,14973.3603515625,6294700000,13252.41556640625,13760.827197265626
2023-12-21,14963.8701171875,14970.8095703125,14837.4697265625,14923.1396484375,5465640000,13269.354916992188,13792.010872395833
2023-12-22,14992.9697265625,15047.1904296875,14927.1201171875,15006.1796875,4796600000,13287.628017578125,13821.87236328125
2023-12-26,15074.5703125,15101.1796875,15024.0595703125,15028.6904296875,6120600000,13307.306420898438,13852.793196614582
2023-12-27,15099.1796875,15114.080078125,15051.669921875,15089.66015625,7480170000,13326.858120117187,13882.650032552083
2023-12-28,15095.1396484375,15150.0703125,15087.2197265625,15142.08984375,5090570000,13345.19306640625,13916.577864583332
2023-12-29,15011.349609375,15111.41015625,14955.3701171875,15099.2001953125,5441060000,13363.079565429687,13946.166861979167
2024-01-02,14765.9404296875,14887.7998046875,14682.3798828125,14873.7001953125,5791170000,13378.322866210938,13971.935367838541
2024-01-03,14592.2099609375,14694.580078125,14577.4404296875,14641.4697265625,5449950000,13393.1313671875,13991.283203125
2024-01-04,14510.2998046875,14632.76953125,14504.7802734375,14532.23046875,5289220000,13407.305166015625,14008.384195963541
2024-01-05,14524.0703125,14625.1904296875,14477.5703125,14500.1103515625,5232820000,13420.624965820312,14024.404703776041
2024-01-08,14843.76953125,14846.900390625,14560.2001953125,14564.4697265625,6337770000,13436.494013671874,14044.139534505208
2024-01-09,14857.7099609375,14894.3203125,14716.7099609375,14744.1298828125,5068410000,13451.845561523438,14065.531038411458
2024-01-10,14969.650390625,14998.2001953125,14842.7001953125,14877.7001953125,4404590000,13467.574013671874,14091.571370442709
2024-01-11,14970.1904296875,15063.6103515625,14800.3798828125,15020.9501953125,5044690000,13483.580766601563,14114.941536458333
2024-01-12,14972.759765625,15047.25,14931.8798828125,15001.009765625,4958940000,13499.864165039062,14138.925032552082
2024-01-16,14944.349609375,15004.349609375,14863.8095703125,14908.259765625,6386180000,13514.954711914062,14166.092529296875
2024-01-17,14855.6201171875,14865.759765625,14706.23046875,14814.76953125,5181740000,13529.165463867188,14193.916536458333
2024-01-18,15055.650390625,15066.8095703125,14911.1103515625,14994.51953125,5587440000,13543.334165039063,14228.447216796874
2024-01-19,15310.9697265625,15310.9697265625,15087.2001953125,15122.3798828125,5604950000,13558.941762695313,14266.657877604166
2024-01-22,15360.2900390625,15438.849609375,15333.6298828125,15393.0498046875,5456240000,13575.1115625,14303.664876302084
2024-01-23,15425.9404296875,15432.349609375,15337.23046875,15391.41015625,5207680000,13592.256962890626,14347.076888020832
2024-01-24,15481.919921875,15629.0703125,15468.91015625,15560.6103515625,4983210000,13609.226762695313,14395.182047526041
2024-01-25,15510.5,15597.25,15430.6796875,15555.6201171875,5281570000,13626.3574609375,14442.973551432291
2024-01-26,15455.3603515625,15538.83984375,15433.0400390625,15474.849609375,4510530000,13643.47486328125,14487.4048828125
2024-01-29,15628.0400390625,15630.580078125,15449.8701171875,15470.66015625,4979310000,13661.968364257813,14533.684879557291
2024-01-30,15509.900390625,15619.23046875,15484.669921875,15604.080078125,4719240000,13678.686518554687,14574.492057291667
2024-01-31,15164.009765625,15405.5595703125,15158.490234375,15324.1904296875,5875610000,13693.88921875,14605.655712890624
2024-02-01,15361.6396484375,15372.1298828125,15208.8798828125,15254.01953125,5046920000,13709.908818359376,14637.045035807292
2024-02-02,15628.9501953125,15664.2099609375,15366.7802734375,15403.16015625,4800690000,13727.286518554687,14672.214534505209
2024-02-05,15597.6796875,15637.8798828125,15471.6796875,15613.990234375,4831020000,13744.488764648437,14704.844856770833
2024-02-06,15609.0,15652.75,15515.25,15638.1904296875,4759640000,13762.235966796876,14737.488020833332
2024-02-07,15756.6396484375,15770.6796875,15645.8095703125,15690.349609375,4567580000,13780.656865234376,14774.741178385417
2024-02-08,15793.7099609375,15813.26953125,15739.1796875,15762.23046875,5675850000,13799.4394140625,14808.001171875
2024-02-09,15990.66015625,16007.2900390625,15831.759765625,15842.3798828125,5797260000,13820.3969140625,14845.049837239583
2024-02-12,15942.5498046875,16080.0703125,15917.8701171875,15980.6201171875,5458490000,13840.837915039063,14875.852669270833
2024-02-13,15655.599609375,15770.419921875,15551.4404296875,15598.8798828125,5599860000,13858.404711914063,14901.71533203125
2024-02-14,15859.150390625,15865.509765625,15683.9404296875,15781.7099609375,5092660000,13876.567563476563,14930.806673177083
2024-02-15,15906.169921875,15911.2197265625,15779.7197265625,15865.2998046875,6049100000,13895.035415039063,14960.484830729167
2024-02-16,15775.650390625,15917.41015625,15752.01953125,15910.4296875,5223800000,13913.511118164062,14985.336832682291
2024-02-20,15630.7802734375,15730.4697265625,15508.5,15679.83984375,5595700000,13931.538369140624,15009.18349609375
2024-02-21,15580.8701171875,15583.6796875,15451.650390625,15532.1201171875,4845740000,13949.610717773438,15031.100325520832
2024-02-22,16041.6201171875,16061.8203125,15869.240234375,15904.48046875,5653930000,13968.641767578125,15060.946500651042
2024-02-23,15996.8203125,16134.2197265625,15954.5,16094.7998046875,5077910000,13987.34126953125,15090.209847005208
2024-02-26,15976.25,16054.900390625,15973.900390625,16014.4501953125,5417630000,14006.324770507812,15118.451350911459
2024-02-27,16035.2998046875,16046.099609375,15940.509765625,16013.98046875,5423020000,14024.969067382812,15148.06484375
2024-02-28,15947.740234375,16003.5595703125,15924.7197265625,15969.1396484375,5581690000,14043.065219726563,15176.756852213543
2024-02-29,16091.919921875,16115.9599609375,15931.7001953125,16059.33984375,6265340000,14062.101118164062,15206.538346354168
2024-03-01,16274.9404296875,16302.240234375,16096.599609375,16109.830078125,5457910000,14081.649770507813,15241.362516276042
2024-03-04,16207.509765625,16289.0595703125,16199.0595703125,16264.2099609375,5725470000,14100.9720703125,15274.322509765625
2024-03-05,15939.58984375,16087.5703125,15862.6298828125,16077.740234375,6356800000,14118.16716796875,15304.203841145832
2024-03-06,16031.5400390625,16128.5595703125,15956.66015625,16092.0,5511370000,14134.880668945312,15332.396337890625
2024-03-07,16273.3798828125,16309.01953125,16096.009765625,16147.3203125,5072790000,14152.95806640625,15363.553173828124
2024-03-08,16085.1103515625,16449.69921875,16059.5,16322.099609375,5411790000,14169.779716796875,15391.096842447916
2024-03-11,16019.26953125,16085.9501953125,15978.0400390625,16052.6298828125,4917620000,14187.074814453124,15415.861328125
2024-03-12,16265.6396484375,16275.4501953125,15992.98046875,16116.98046875,5100330000,14205.982211914063,15441.389322916666
2024-03-13,16177.76953125,16233.2998046875,16143.33984375,16220.1103515625,4839000000,14223.380610351562,15464.992822265625
2024-03-14,16128.5302734375,16245.3203125,16039.6796875,16209.1904296875,5450980000,14239.144809570313,15486.902994791666
2024-03-15,15973.169921875,16055.330078125,15925.91015625,16043.580078125,8261950000,14253.923510742188,15504.709000651043
2024-03-18,16103.4501953125,16247.58984375,16094.169921875,16154.919921875,5025040000,14269.764311523437,15523.046175130208
2024-03-19,16166.7900390625,16175.58984375,15951.8603515625,16031.9296875,4758740000,14285.093359375,15546.193668619791
2024-03-20,16369.41015625,16377.4404296875,16127.48046875,16185.759765625,5298380000,14300.7365625,15569.6193359375
2024-03-21,16401.83984375,16538.859375,16393.900390625,16517.240234375,5134740000,14316.59861328125,15593.100504557291
2024-03-22,16428.8203125,16467.619140625,16361.0,16387.830078125,4339930000,14332.360615234375,15615.671337890624
2024-03-25,16384.470703125,16441.169921875,16315.7197265625,16335.2998046875,4636940000,14348.758466796875,15637.092854817709
2024-03-26,16315.7001953125,16476.380859375,16312.9501953125,16446.849609375,5144260000,14364.144370117188,15657.435530598957
2024-03-27,16399.51953125,16431.8203125,16279.169921875,16424.759765625,4768930000,14379.84626953125,15680.571695963541
2024-03-28,16379.4599609375,16420.919921875,16347.3798828125,16377.23046875,5174450000,14394.433969726562,15707.463688151041
2024-04-01,16396.830078125,16490.650390625,16327.8896484375,16397.05078125,4798390000,14408.551518554688,15737.540690104166
2024-04-02,16240.4501953125,16251.41015625,16137.240234375,16199.240234375,4710280000,14421.6213671875,15766.376529947916
2024-04-03,16277.4599609375,16340.740234375,16169.3095703125,16178.7998046875,5151500000,14434.094565429688,15795.599690755209
2024-04-04,16049.080078125,16468.0390625,16046.5595703125,16418.5703125,5368700000,14445.892114257813,15815.688199869792
2024-04-05,16248.51953125,16326.5,16080.48046875,16095.400390625,4578130000,14458.79826171875,15838.868359375
2024-04-08,16253.9599609375,16323.599609375,16220.7197265625,16285.1796875,4386700000,14472.557060546875,15860.273518880209
2024-04-09,16306.6396484375,16348.1796875,16141.150390625,16328.759765625,4869190000,14485.93720703125,15882.547672526041
2024-04-10,16170.3603515625,16200.099609375,16092.01953125,16104.009765625,5308250000,14499.326411132812,15902.507682291667
2024-04-11,16442.19921875,16464.599609375,16154.650390625,16236.2001953125,4714750000,14514.858505859374,15927.471842447916
2024-04-12,16175.08984375,16341.4599609375,16125.330078125,16293.0302734375,4552740000,14527.95560546875,15949.463004557292
2024-04-15,15885.01953125,16295.26953125,15863.8798828125,16276.4697265625,4910550000,14539.421953125,15963.285823567709
2024-04-16,15865.25,15965.7900390625,15822.01953125,15856.3798828125,5001860000,14550.791552734376,15972.523828125
2024-04-17,15683.3701171875,15957.0302734375,15654.509765625,15942.2900390625,4991470000,14560.268803710938,15977.90849609375
2024-04-18,15601.5,15786.1201171875,15587.5,15705.6904296875,4932540000,14569.192456054687,15980.834488932293
2024-04-19,15282.009765625,15576.7001953125,15222.7802734375,15547.099609375,5316010000,14576.644252929687,15977.502652994792
2024-04-22,15451.3095703125,15539.0,15265.66015625,15396.1298828125,4616730000,14585.505600585937,15976.516145833333
2024-04-23,15696.6396484375,15730.349609375,15510.58984375,15525.5498046875,4951670000,14595.685200195312,15980.537467447917
2024-04-24,15712.75,15839.0,15634.4404296875,15805.599609375,4735870000,14605.821547851563,15981.949300130209
2024-04-25,15611.759765625,15644.509765625,15343.91015625,15375.259765625,4743640000,14615.076845703124,15983.646956380207
2024-04-26,15927.900390625,15981.0,15770.7197265625,15821.33984375,4694400000,14625.121547851562,15996.378466796876
2024-04-29,15983.080078125,16021.490234375,15885.8896484375,16007.0,4972520000,14634.344096679688,16006.735807291667
2024-04-30,15657.8203125,15979.3603515625,15655.669921875,15920.8896484375,5229400000,14642.064697265625,16007.216975911459
2024-05-01,15605.48046875,15926.2197265625,15557.6396484375,15646.08984375,5277790000,14648.867348632812,16007.346988932291
2024-05-02,15840.9599609375,15862.7900390625,15604.73046875,15758.1103515625,4901610000,14656.303950195312,16011.21298828125
2024-05-03,16156.330078125,16204.7099609375,16068.33984375,16147.48046875,4887310000,14665.295502929688,16017.874495442707
2024-05-06,16349.25,16350.080078125,16197.8603515625,16208.5400390625,4460130000,14676.725205078124,16027.13349609375
