Price,Close,High,Low,Open,Volume,MA200,MA60
Ticker,QQQ,QQQ,QQQ,QQQ,QQQ,,
Date,,,,,,,
2016-12-23,113.04283905029297,113.08986473311654,112.67606168462694,112.77951244674935,9007500,105.97135398864746,110.58056971232097
2016-12-27,113.6259536743164,114.28427035213491,113.24037024162661,113.28738876140584,16110600,106.04341690063477,110.61897265116373
2016-12-28,112.74189758300781,113.97390020330461,112.66666653281236,113.87044943728476,17975200,106.11124561309815,110.64529813130697
2016-12-29,112.58203125,112.97702120357755,112.22466041225546,112.71369456785919,13267500,106.17385692596436,110.67177238464356
2016-12-30,111.4252700805664,112.80773487029818,111.10551119459575,112.79833547299936,41749000,106.23096351623535,110.67240371704102
2017-01-03,112.42216491699219,112.84536744953337,111.81086678934459,112.16823765737684,22307600,106.2922709274292,110.69058736165364
2017-01-04,113.03343200683594,113.24033351708336,112.5349913731188,112.54439076895817,19749100,106.35467559814452,110.72302182515462
2017-01-05,113.67298126220703,113.74821233012936,112.94882572943365,112.94882572943365,20644300,106.41873882293702,110.75439478556315
2017-01-06,114.66985321044922,114.97079898213002,113.50368924207525,113.79522844039045,24074300,106.49193778991699,110.82894999186198
2017-01-09,115.0460205078125,115.25292204112328,114.6886425229622,114.76388074873196,18909200,106.56687751770019,110.91133728027344
2017-01-10,115.29994201660156,115.64791343387607,114.82971386223116,115.09304048066063,16176600,106.64378662109375,111.00452016194662
2017-01-11,115.61029052734375,115.61029052734375,114.75447187041512,115.346963917554,20686000,106.71422496795654,111.10068791707357
2017-01-12,115.43161010742188,115.50684833726471,114.35949044505514,115.19649602049738,19622500,106.78129779815674,111.19887847900391
2017-01-13,115.82659912109375,116.0240940792763,115.48803428560593,115.48803428560593,16930800,106.85109188079834,111.28739852905274
2017-01-17,115.47865295410156,115.704360502056,115.1400880446131,115.52567147340554,14538500,106.91373546600342,111.37027638753256
2017-01-18,115.7137451171875,115.82660245730479,115.35637430281774,115.6479134625638,12499700,106.97951351165771,111.45926030476888
2017-01-19,115.65731811523438,116.28742210976287,115.41279746992775,115.8830256166109,12710700,107.04995368957519,111.5404276529948
2017-01-20,115.91123962402344,116.4567060031046,115.60088732125877,116.16515966939588,22091000,107.11331447601319,111.60363489786783
2017-01-23,116.00530242919922,116.17458487830801,115.27174754143225,115.83601998009043,17434200,107.18456165313721,111.67434832255046
2017-01-24,116.78585815429688,116.9645471389684,116.03349027947012,116.23098523221198,17640900,107.26008483886719,111.77072995503744
2017-01-25,117.96145629882812,117.9896688451443,117.41598981967056,117.51944060623883,15036200,107.34335159301757,111.89514401753743
2017-01-26,118.08369445800781,118.32821511275489,117.87679291746124,118.12131357220831,16052200,107.42298511505128,112.03315989176433
2017-01-27,118.30941009521484,118.42226026361205,117.92381955289125,118.33762263731414,15053000,107.49721736907959,112.17665735880534
2017-01-30,117.38776397705078,117.9144172489355,116.73884678482662,117.9144172489355,25006700,107.5667945098877,112.31854629516602
2017-01-31,117.15264129638672,117.18085383743919,116.47551161067878,116.97395230290485,19091100,107.63650207519531,112.47105077107747
2017-02-01,117.96145629882812,118.19657041828086,117.42539639348044,117.9802622713344,22861900,107.70750186920166,112.65469512939453
2017-02-02,117.8580093383789,118.21538022850781,117.42540020555538,117.75455854845222,15101400,107.78115623474122,112.84286677042643
2017-02-03,118.19657897949219,118.31883574742204,117.86742062343947,117.9802708168781,16957200,107.85608348846435,112.9944854736328
2017-02-06,118.3376235961914,118.35642956603917,117.88620139360746,117.99905873803156,11630100,107.93166938781738,113.13657773335775
2017-02-07,118.77023315429688,119.01475381402324,118.46928740967694,118.58213757946409,17541100,108.01720764160156,113.27744038899739
2017-02-08,118.96771240234375,119.13699480976261,118.38462696009842,118.61034162006463,12569100,108.10373329162597,113.45128784179687
2017-02-09,119.40032196044922,119.66364855652407,119.0241380338659,119.08996968288461,17542700,108.19489398956298,113.63156445821126
2017-02-10,119.79531860351562,119.96460102125947,119.45675376802794,119.66365529806065,13915700,108.29208766937256,113.83670908610026
2017-02-13,120.47246551513672,120.62292762663931,120.1150875060895,120.16210601904497,19120200,108.39873065948487,114.02829081217448
2017-02-14,120.87688446044922,120.88628386027432,120.13392289274687,120.51950636389289,16333500,108.51000785827637,114.21582895914713
2017-02-15,121.5915756225586,121.64801504867083,120.72635764173341,120.79219646375297,17891400,108.6201940536499,114.4019947052002
2017-02-16,121.55399322509766,121.91137125953398,121.24364088207027,121.66684340429808,15098300,108.73481002807617,114.59441146850585
2017-02-17,122.08063507080078,122.09004881833482,121.35647967170041,121.37529281654358,15563700,108.85523082733154,114.77653846740722
2017-02-21,122.68253326416016,122.75777149742324,122.24993136067953,122.31575584589368,18479600,108.97880111694336,114.96307144165038
2017-02-22,122.72958374023438,122.81422138841415,122.36280624789339,122.56970784359636,12110900,109.09999481201172,115.15788993835449
2017-02-23,122.26872253417969,122.91763969917328,121.77969557379377,122.91763969917328,17489000,109.2174847793579,115.33908907572429
2017-02-24,122.50383758544922,122.50383758544922,121.67624576505658,121.71385770452787,18624500,109.32938709259034,115.52842636108399
2017-02-27,122.65430450439453,122.6637039009751,122.07122621147626,122.27812773803895,12008700,109.44656623840332,115.71386388142903
2017-02-28,122.27814483642578,122.68253419929337,121.93957995927408,122.62610911147239,16598600,109.56405677795411,115.91553599039713
2017-03-01,123.61357879638672,123.83927912502527,122.82359894570308,123.0587130215178,25813800,109.69004360198974,116.1711903889974
2017-03-02,122.99290466308594,123.60419567155891,122.84242817323084,123.58539687299796,19951400,109.80677013397217,116.41290588378907
2017-03-03,123.21858978271484,123.25620172102478,122.57907202965046,122.90823747831625,13722700,109.93087509155274,116.64431788126628
2017-03-06,122.94584655761719,123.1527480890716,122.45681961983782,122.81418325125749,12026200,110.05184391021729,116.86680793762207
2017-03-07,122.73892974853516,123.27499665427526,122.5226288472015,122.70131781578152,15500900,110.17434352874756,117.06271998087566
2017-03-08,122.9552993774414,123.34087567202221,122.69197268104192,122.81422227922324,15776000,110.2925143814087,117.25895589192709
2017-03-09,123.04928588867188,123.21857546695932,122.39096941804915,122.92703634069946,20855300,110.41180828094483,117.44222462972006
2017-03-10,123.5665283203125,123.7640304184712,123.03047579711857,123.61355399608566,21922600,110.52375354766846,117.64255320231119
2017-03-13,123.77346801757812,123.80168056170585,123.45371628398009,123.5195407702028,10731600,110.63309532165528,117.82288831075033
2017-03-14,123.47248077392578,123.53831959208152,122.97404016585661,123.49129391485913,14019700,110.7394395828247,118.0021146138509
2017-03-15,124.23429107666016,124.52583025264786,123.3314466556488,123.72643660539589,22709100,110.84693424224854,118.19106814066569
2017-03-16,124.14964294433594,124.46940902327877,123.86751750736532,124.46940902327877,18457300,110.95302619934083,118.38558565775553
2017-03-17,124.10628509521484,124.43612079079604,124.04030932805583,124.3041836365493,21234500,111.05885471343994,118.5717004140218
2017-03-20,124.21934509277344,124.50207161811628,123.88950946326382,124.06855569524814,10105200,111.16417575836182,118.75248947143555
2017-03-21,122.33455657958984,124.80367257165469,122.25916185875401,124.69058768043726,35841900,111.26249839782714,118.903275680542
2017-03-22,123.16390228271484,123.286420519641,122.21205637442667,122.37227916736458,29177900,111.36310192108154,119.07321395874024
2017-03-23,122.85289764404297,123.34295618469962,122.64556573761416,123.00368709964101,20311700,111.46345638275146,119.23671493530273
2017-03-24,123.10735321044922,123.72933455045792,122.63614694615762,123.24870933770711,22967600,111.56419696807862,119.39473826090494
2017-03-27,123.30523681640625,123.52200202531318,121.94816063921608,122.23088723947608,18472400,111.66676651000977,119.57079391479492
2017-03-28,124.0591812133789,124.42672151403092,123.03195503720706,123.30524833561043,23721900,111.77893604278565,119.7620797475179
2017-03-29,124.63404846191406,124.68117196116569,124.0120527839679,124.14398995382862,13710000,111.89822437286377,119.9822260538737
2017-03-30,124.8414077758789,124.97334497471955,124.47386740910314,124.58695232808763,16092400,112.01854949951172,120.18921343485515
2017-03-31,124.75653839111328,125.09580737668182,124.5209353283593,124.6622914139838,19841400,112.13989627838134,120.38459854125976
2017-04-03,124.68116760253906,125.1617927659286,123.9837772261844,124.86022826539178,23700300,112.25937366485596,120.56806831359863
2017-04-04,124.87907409667969,124.897926372934,124.27593067720265,124.32305417780171,13400000,112.38574722290039,120.7382219950358
2017-04-05,124.37016296386719,125.79320048112584,124.13455986882009,125.05811997498463,32011200,112.50644290924072,120.89362436930338
2017-04-06,124.43611907958984,124.76596915070635,124.11570233512137,124.49267589926468,18832200,112.62587821960449,121.04589398701985
2017-04-07,124.37016296386719,124.74712216391386,123.9272279947729,124.3984341848671,16743100,112.74619979858399,121.19189186096192
2017-04-10,124.41728210449219,124.93561177146945,124.07801308429535,124.49267681787717,15619300,112.85960155487061,121.34165306091309
2017-04-11,123.88007354736328,124.49265006947184,122.9847848858934,124.30415613647344,33778400,112.99126888275147,121.47587763468424
2017-04-12,123.38059997558594,123.96489092128098,123.2486628465558,123.86122500703813,15955200,113.13011959075928,121.60757675170899
2017-04-13,122.89055633544922,123.9366345480531,122.87171844338089,123.21098744152458,23683000,113.25604427337646,121.72719027201335
2017-04-17,123.90839385986328,123.92724613664694,123.19216552289632,123.23928902481855,13325500,113.37840633392334,121.8647082010905
2017-04-18,123.71988677978516,124.07800805884128,123.40888899219493,123.49370264879119,12841100,113.49407356262208,121.99485232035319
2017-04-19,123.91783905029297,124.67175763292208,123.74819730314877,124.25710816450615,17764800,113.60820503234864,122.12672793070475
2017-04-20,124.95445251464844,125.22776015441136,124.22880534440134,124.41728494212693,21977900,113.73060623168945,122.26287117004395
2017-04-21,124.92621612548828,125.11469577576511,124.6057992820101,125.06758664825256,22454900,113.84875076293946,122.37895050048829
2017-04-24,126.43404388427734,126.55654771089971,126.09477486426306,126.31152567758376,22469900,113.97293773651123,122.5181229909261
2017-04-25,127.34819030761719,127.57436007698604,126.73561362874234,126.84871289349857,19384400,114.0938387298584,122.66876932779948
2017-04-26,127.16910552978516,127.70627301020848,127.09371082760714,127.3952752562501,25398500,114.21089797973633,122.83179168701172
2017-04-27,127.93250274658203,127.93250274658203,127.40475402317229,127.48014875224142,16136500,114.32915504455566,123.01145604451497
2017-04-28,128.15870666503906,128.48854247791442,127.95137472319676,128.4414189674818,22771900,114.44980590820313,123.18141021728516
2017-05-01,129.29893493652344,129.4685765891311,128.52616450594934,128.5827069301295,24815500,114.57260368347168,123.37209231058756
2017-05-02,129.51573181152344,129.57228863591143,129.12935364867553,129.45918936720776,18345100,114.69732738494874,123.56074485778808
2017-05-03,129.10104370117188,129.27067098323724,128.7523414323686,129.22354750041865,23827600,114.81651672363282,123.7401351928711
2017-05-04,129.14817810058594,129.51571833045352,128.69582421307297,129.08221671577422,14630100,114.93785926818848,123.91310094197591
2017-05-05,129.61940002441406,129.61940002441406,128.9974187459689,129.47804391114755,19330700,115.05543144226074,124.09062906901042
2017-05-08,129.902099609375,129.902099609375,129.42147454417378,129.68534882076304,13279900,115.17563301086426,124.26565869649251
2017-05-09,130.35452270507812,130.64666832140614,129.98696797219057,130.10006726695428,28426100,115.29589862823487,124.44164543151855
2017-05-10,130.4298858642578,130.47700936585647,129.9681129367826,130.4298858642578,20499400,115.41649429321289,124.60760243733723
2017-05-11,130.3262176513672,130.36392220402138,129.4686332094766,130.07177663128215,27232100,115.53596366882324,124.76509132385254
2017-05-12,130.61834716796875,130.64661838583498,130.2696448475016,130.38274409903667,19738600,115.6531990814209,124.91553751627605
2017-05-15,131.0330047607422,131.10839947316774,130.5523796466093,130.67489785180967,20481300,115.77063720703126,125.07352104187012
2017-05-16,131.5796356201172,131.59848789753667,130.9859254921095,131.37230370872584,21786000,115.88963928222657,125.23183771769206
2017-05-17,128.2340087890625,130.77851833381732,128.2151565224902,130.53348200857516,55642200,115.98906051635743,125.32436230977376
2017-05-18,129.3555450439453,129.78906115626893,128.04559213811322,128.1869626526007,41319900,116.09820484161376,125.43479499816894
2017-05-19,129.902099609375,130.44870043375832,129.7324723087403,129.81728595905764,36730100,116.20830478668213,125.5620179494222
2017-05-22,130.995361328125,131.06133711756132,130.14719567587264,130.19430480538298,19509700,116.32232780456543,125.70354334513347
2017-05-23,131.12728881835938,131.39116319641533,130.7880197065624,131.38174424722587,19687500,116.43181930541992,125.84475975036621
2017-05-24,131.73036193847656,131.7963376877842,131.15548998336104,131.52303012646325,15891900,116.54493412017823,126.00229670206706
2017-05-25,132.85186767578125,133.19113669071692,131.9471455092625,132.22987208505404,23928600,116.66239368438721,126.1562681833903
2017-05-26,133.08750915527344,133.1440516107303,132.70111653621802,132.8801772318815,13851600,116.78243453979492,126.32451159159342
2017-05-30,133.20057678222656,133.36078517859093,132.9367024376178,133.02151610979777,20306400,116.9007022857666,126.49087804158529
2017-05-31,133.1534423828125,133.6717720816065,132.47491868084015,133.6717720816065,33229400,117.01836029052734,126.66100463867187
2017-06-01,133.67178344726562,133.72832589556492,132.86130813480455,133.42676137794422,20120700,117.13627151489258,126.84321886698405
2017-06-02,135.19850158691406,135.226772811092,133.92623897861418,134.1429898240027,37222900,117.26485618591309,127.04727223714193
2017-06-05,135.17015075683594,135.4057537646782,134.9816712265754,135.1890030238819,15727500,117.39231716156006,127.24928665161133
2017-06-06,134.63302612304688,135.452920249036,134.43511320639212,135.0099853032538,22393000,117.51695209503174,127.4337282816569
2017-06-07,135.1608123779297,135.27389728747866,134.38804152922017,135.01002291181442,18842400,117.64436637878418,127.62351735432942
2017-06-08,135.30218505859375,135.5189359320537,134.56708999454548,135.46239347637504,25417400,117.7720665359497,127.82067909240723
2017-06-09,131.9188690185547,135.61312348909067,130.1565626286491,135.46234845075463,109783700,117.881868019104,127.94875539143881
2017-06-12,131.2120819091797,131.44768502261715,129.55344116740605,130.8068514565022,104454000,117.99168983459472,128.06646270751952
2017-06-13,132.27696228027344,132.46544182333247,131.25915549167394,131.94711229486964,51193000,118.10772468566894,128.20264066060383
2017-06-14,131.70216369628906,132.81420368588593,130.63723283365022,132.81420368588593,60093800,118.22009056091309,128.32735430399578
2017-06-15,131.1178436279297,131.25919973785685,129.57228784574636,130.37332976878736,55145200,118.32878654479981,128.4737424214681
2017-06-16,130.5489501953125,131.1442920679348,130.0670157008188,131.0497883227021,48087400,118.43641532897949,128.59682655334473
2017-06-19,132.73182678222656,132.85466431201903,131.61674347533122,131.81519551460036,39626500,118.55551959991455,128.76147537231446
2017-06-20,131.69236755371094,132.7696438020969,131.64511568630238,132.59955438252067,40935100,118.66802352905273,128.90455894470216
2017-06-21,132.99644470214844,133.0625857814165,131.90970942392852,131.99475413409266,35743400,118.78527061462403,129.0660790761312
2017-06-22,132.95867919921875,133.45007282213254,132.61848583247075,133.20438322030068,24099100,118.89891494750977,129.21440404256185
2017-06-23,133.4689483642578,133.6390378022036,132.43890945279145,132.80745098758766,21654300,119.01478324890137,129.36165237426758
2017-06-26,132.84530639648438,134.4612143195631,132.5523648676954,134.23442832011472,34411100,119.13076015472411,129.49505068461102
2017-06-27,130.43551635742188,132.50502372390085,130.4260717535574,132.34437894274967,65957800,119.24848445892334,129.5897003173828
2017-06-28,132.31605529785156,132.42944824226512,130.1615028385226,130.91747502693997,57427200,119.3660242843628,129.71694844563802
2017-06-29,130.019775390625,131.7679938981659,128.75350583968367,131.7679938981659,88769400,119.47694637298584,129.8026268005371
2017-06-30,130.06698608398438,131.04031387741216,129.64174816576005,130.38827567382108,68898300,119.5855324935913,129.89757385253907
2017-07-03,128.69686889648438,130.81361553247032,128.6118241304146,130.66242964365347,32797000,119.67884990692139,129.9685863494873
2017-07-05,129.96311950683594,130.3127575498723,128.6685013092124,129.10318410554092,42116600,119.7787610244751,130.06180229187012
2017-07-06,128.79129028320312,129.51892876481654,128.32825941065155,128.9708387518445,48430500,119.87520427703858,130.13470242818195
2017-07-07,130.18038940429688,130.5300416745419,129.21652055787848,129.22596516330594,36970400,119.97756137847901,130.23970769246418
2017-07-10,131.03089904785156,131.34274410387724,129.9347190483516,130.26546773726443,24853500,120.07877948760986,130.36721267700196
2017-07-11,131.39942932128906,131.56007413894335,130.3505012842851,130.84189476250432,31517700,120.177433052063,130.50902722676594
2017-07-12,132.95867919921875,133.10987945538454,132.25940324813956,132.52399648680466,36045800,120.28744606018067,130.6598653157552
2017-07-13,133.2515869140625,133.57289098180047,132.8641561822916,133.11929032825736,31073600,120.40356525421143,130.81872698465983
2017-07-14,134.30050659179688,134.47061043104483,133.42168241662648,133.84692038587815,34544800,120.51949039459228,130.99177144368488
2017-07-17,134.36668395996094,134.83917387364292,134.1115353691833,134.4422840764598,25343200,120.6348087310791,131.14864196777344
2017-07-18,135.26441955566406,135.29276779854706,133.84694973451937,134.27218779701306,25748500,120.75864776611328,131.32094535827636
2017-07-19,136.05819702148438,136.25664913774395,135.60461072335332,135.66130720821363,33752300,120.88232986450195,131.48134791056316
2017-07-20,136.2377166748047,136.49286522193452,135.62348565979266,136.40782051263972,36139400,121.0077066040039,131.6295066833496
2017-07-21,136.18106079101562,136.18106079101562,135.46288122195088,135.7369190622158,39697100,121.13364402770996,131.77970593770345
2017-07-24,136.80470275878906,136.8991920686441,136.00146431917582,136.16210912324956,26712700,121.26073059082032,131.9275759379069
2017-07-25,136.45510864257812,136.77641280688385,136.0865670128384,136.35116026397202,28120900,121.38635040283204,132.06584930419922
2017-07-26,136.89923095703125,136.97483107793747,136.5779412576164,136.7952825931913,18610600,121.5154097366333,132.19252090454103
2017-07-27,136.03932189941406,137.92928182654583,134.47065169927473,137.7969852084166,80665900,121.6366533279419,132.30124740600587
2017-07-28,135.9259033203125,136.15270368384648,135.0092716774963,135.22662743310133,38013200,121.76530014038086,132.41499506632488
2017-07-31,135.34947204589844,136.48344508399188,135.056530573143,136.31335561694016,33848600,121.89153358459473,132.51834996541342
2017-08-01,135.6613006591797,135.85029373933997,135.24550723127842,135.812500891007,20149400,122.02129524230958,132.61904830932616
2017-08-02,136.02989196777344,136.56853758346034,134.76362200636444,136.54018933202977,41769700,122.1522435760498,132.72117818196614
2017-08-03,135.50062561035156,136.2377085521182,135.2549361028442,136.1621084530595,27112800,122.28204582214356,132.80694656372071
2017-08-04,135.74636840820312,136.04876892315215,135.1888336804223,135.8030793191937,29472900,122.40820068359375,132.8955546061198
2017-08-07,136.6062774658203,136.6062774658203,135.80305328804556,135.9920463640368,17933900,122.53870216369629,133.000222269694
2017-08-08,136.37005615234375,137.46623637003484,135.98261090689692,136.34170790699397,30810400,122.66867889404297,133.09608408610026
2017-08-09,136.19044494628906,136.2566004344786,134.9336204438775,135.24546541839254,36169500,122.79569473266602,133.18204142252605
2017-08-10,133.2705078125,135.51010545494918,133.13821120955464,135.41561612098724,63331700,122.90145324707031,133.21022262573243
2017-08-11,134.2816619873047,134.5746034763406,133.14767446693946,133.45007498417027,45862500,123.01404907226562,133.31101684570314
2017-08-14,136.0109100341797,136.2188067044996,135.31163434241705,135.34942718281852,34161000,123.13908882141114,133.42193959554035
2017-08-15,136.1054229736328,136.36057152615274,135.736881472991,136.3511125009788,25509200,123.26713287353516,133.52532831827799
2017-08-16,136.34170532226562,136.98429918292825,135.88811898601824,136.44565369299414,31913000,123.39982769012451,133.61443405151368
2017-08-17,133.55398559570312,136.02038324237094,133.55398559570312,135.8124865503724,70191000,123.51909980773925,133.65487899780274
2017-08-18,133.45948791503906,134.37611943885324,132.91139792209114,133.62959177041796,60751900,123.6420251083374,133.68369776407877
2017-08-21,133.2894287109375,133.7430150627499,132.467286325418,133.45007357680336,37111500,123.7684603881836,133.69099044799805
2017-08-22,135.32107543945312,135.4628310305842,133.96030251236317,134.00755437607353,36294200,123.91035179138184,133.72821655273438
2017-08-23,134.83917236328125,135.14155840664176,134.54623092715937,134.64072025728868,25702300,124.05170909881592,133.7555264790853
2017-08-24,134.44227600097656,135.2927520268198,133.68628930064534,135.1415518029042,38160800,124.17842319488526,133.77700703938802
2017-08-25,134.1587677001953,135.30218504995423,133.97921925207305,134.96200620413828,26380400,124.30015659332275,133.7851234436035
2017-08-28,134.57460021972656,134.88644533835554,134.13990309153922,134.56514119176057,15362100,124.42143722534179,133.77472508748372
2017-08-29,135.10382080078125,135.3306212404734,133.29890515210533,133.4217571926786,24498300,124.55427200317382,133.77361958821615
2017-08-30,136.69134521484375,136.91814559578967,135.13213405118387,135.21717878681991,33642700,124.69481010437012,133.80792490641275
2017-08-31,138.1560516357422,138.1655106625918,137.0031750614506,137.0787751800064,38480700,124.84815715789794,133.85784556070965
2017-09-01,137.96702575683594,138.52456027701535,137.59848427850184,138.33556723517,22293600,124.9931044769287,133.902259572347
2017-09-05,136.7291717529297,137.8537003689502,135.69914691376457,137.56075884765113,44794300,125.12862735748291,133.9824312845866
2017-09-06,137.1449432373047,137.4567883476576,136.1527114169544,137.0787877202982,30722700,125.26224391937257,134.081312306722
2017-09-07,137.4662322998047,137.81587026159946,136.96539408778804,137.40007678311406,22721100,125.39953014373779,134.16780014038085
2017-09-08,136.27554321289062,137.35281960741258,136.13378759143535,137.2866641002173,27890100,125.52514278411866,134.24402313232423
2017-09-11,137.84423828125,138.08048329889485,137.3056071390306,137.34339999738307,27126300,125.65691120147704,134.35612970987955
2017-09-12,138.17495727539062,138.35450575716024,137.52291886022664,138.2316537603182,30256700,125.79258361816406,134.48322982788085
2017-09-13,138.36390686035156,138.38281048913322,137.71186865020223,137.93866893785014,28450900,125.92741928100585,134.57709782918295
2017-09-14,137.5512237548828,138.2410548028561,137.46617905429238,137.82527590466606,35296400,126.05945739746093,134.67474543253581
2017-09-15,138.02371215820312,138.5245501712157,137.29607385997502,137.5228741451905,46422400,126.19193569183349,134.75853322347004
2017-09-18,137.84286499023438,138.61943698060318,137.4261614804133,138.1838029118327,24858200,126.33026092529298,134.83993631998698
2017-09-19,138.0796356201172,138.27850765711042,137.61557678245083,138.08910090018045,20871200,126.4792875289917,134.91678110758463
2017-09-20,137.6534423828125,138.18378698845015,136.5927387207305,138.03225582946607,34236200,126.62510486602783,134.99691670735677
2017-09-21,136.8106231689453,137.568250355689,136.32761921896207,137.55878507363903,28841800,126.76248863220215,135.10316848754883
2017-09-22,136.6780242919922,136.87689635228665,136.23291041310904,136.37496188474793,21702400,126.89789653778077,135.1758679707845
2017-09-25,135.23849487304688,136.21395342806312,134.57556397897898,136.13818783291114,54947700,127.01916797637939,135.26284662882486
2017-09-26,135.58885192871094,136.18549675557773,135.1153279583861,135.929789765377,29628800,127.14120651245118,135.354877726237
2017-09-27,136.8106231689453,137.32202296507853,135.9677506405025,136.3086742040498,33249400,127.26499382019043,135.49010696411133
2017-09-28,136.7632293701172,136.90528081495344,136.1665844001885,136.47911202963647,24149400,127.3910758972168,135.60344212849935
2017-09-29,137.7481689453125,137.85234483377394,136.6780142192741,137.03788273784184,43102400,127.5150499343872,135.7527234395345
2017-10-02,137.87132263183594,138.43007777972582,137.2557324351525,137.95655352880627,27351300,127.64081203460694,135.8809056599935
2017-10-03,138.16485595703125,138.32585241068506,137.74815245307641,138.05121480170106,19715200,127.76715091705323,135.99980494181315
2017-10-04,138.2974395751953,138.59102218826422,137.76709492567625,137.899681088056,26381100,127.89624515533447,136.11477177937826
2017-10-05,139.65176391601562,139.72751507156906,138.65736020233814,138.79941168251557,31562400,128.02980697631835,136.22632319132487
2017-10-06,139.84117126464844,139.84117126464844,139.17824026982154,139.17824026982154,23561100,128.16215282440186,136.33614959716797
2017-10-09,139.68016052246094,140.1726152393534,139.50021903133046,140.0210984922844,13704800,128.29411670684814,136.42581049601236
2017-10-10,139.78436279296875,140.29576261880356,139.16877260447126,140.153711125742,19223100,128.42820049285888,136.51610514322917
2017-10-11,140.20101928710938,140.22944402990464,139.53808838943138,139.71802987254608,12439100,128.56399139404297,136.59838180541993
2017-10-12,139.9453125,140.49460217416055,139.80324660363652,139.99266779878783,14513500,128.6955881881714,136.66316706339518
2017-10-13,140.4851531982422,140.64614968871874,139.95480841765797,140.51356349357266,18409900,128.83430446624754,136.73395767211915
2017-10-16,140.96815490722656,141.00603048346872,140.53250630097997,140.83556871416215,21809400,128.9762350845337,136.813742574056
2017-10-17,141.1480712890625,141.16701630115722,140.70297188591272,140.92078894716647,13138200,129.12484909057616,136.88613204956056
2017-10-18,140.97760009765625,141.3090727584842,140.76924833098883,141.2901277476574,17218200,129.26762626647948,136.96150690714518
2017-10-19,140.4567413330078,140.4756863466202,139.47181738733306,140.15369336926608,27680300,129.40474281311035,137.0207987467448
2017-10-20,140.8355712890625,141.1480845385049,140.6650950658279,141.0249780753587,30173300,129.54055576324464,137.10073623657226
2017-10-23,139.91688537597656,141.1385710131818,139.71799892532118,141.12910573488642,29297100,129.66679092407227,137.16725260416666
2017-10-24,140.15367126464844,140.44725390068666,139.63279185354403,140.1915468350883,20289500,129.79232917785646,137.24732259114583
2017-10-25,139.62330627441406,140.33359240958399,138.58156194664988,139.87901332930159,36179100,129.9139459991455,137.3133560180664
2017-10-26,139.17822265625,139.88850887170602,139.1403326323054,139.53809117886357,28230200,130.03178565979005,137.36582819620767
2017-10-27,143.2316131591797,143.49678556981615,141.29962622361404,141.5174433214627,60165100,130.17078567504882,137.49467798868815
2017-10-30,143.5535430908203,144.13124297105338,142.99478821754087,143.1273743646039,31733400,130.30942039489747,137.62479756673176
2017-10-31,144.09339904785156,144.30175083856776,143.6009443159868,144.01764789741915,26319300,130.4524941253662,137.74958292643228
2017-11-01,144.04598999023438,144.73733090438557,143.4777554753569,144.6710306156348,29481600,130.59415534973144,137.8775151570638
2017-11-02,143.77137756347656,143.94185374516243,142.7864538442968,143.88501871739516,31017400,130.73472564697266,138.0038640340169
2017-11-03,145.1540985107422,145.1730290723575,143.79981191310648,144.29228108050222,26199200,130.88093994140624,138.20192387898763
2017-11-06,145.64649963378906,145.7033346501526,144.99304867906147,145.04038951649017,28693900,131.0291459274292,138.39133783976237
2017-11-07,145.73175048828125,145.92115719763146,145.2203364771495,145.53286405043988,21333100,131.17387538909912,138.55335184733073
2017-11-08,146.3189239501953,146.35679951389878,145.4855170406546,145.6559932043363,17373500,131.31566272735597,138.72357686360678
2017-11-09,145.5518798828125,145.6276454935816,144.05554158445136,145.11623123359337,40594500,131.45300365447997,138.87707977294923
2017-11-10,145.5424041748047,145.6560598195079,144.95523873862146,145.21094587568737,20150800,131.58916862487794,139.07688674926757
2017-11-13,145.7223358154297,145.9117570601499,144.9931189363427,144.9931189363427,12522400,131.73084148406983,139.28126754760743
2017-11-14,145.19190979003906,145.37185120137462,144.4911035995372,145.21085479407543,25173800,131.8710378265381,139.47964223225912
2017-11-15,144.51007080078125,144.89836400257676,143.7429641270145,144.5668913764962,24808000,132.00378089904785,139.6327921549479
2017-11-16,146.35682678222656,146.6882994423173,145.2109065189135,145.23931680968596,34790600,132.1462749862671,139.82475306193035
2017-11-17,145.79808044433594,146.49890137684858,145.65602898204756,146.3947254875671,28725800,132.28428249359132,140.01401646931967
2017-11-20,145.6843719482422,146.034775027159,145.47602026596644,145.90218890669288,21143900,132.42101623535157,140.20610987345378
2017-11-21,147.26602172851562,147.33232205089217,146.3095080758508,146.375793947416,20147800,132.56349517822267,140.41763356526693
2017-11-22,147.4459228515625,147.58797428802237,147.11445023207966,147.39856755580675,17299000,132.70588623046876,140.6233352661133
2017-11-24,147.98574829101562,148.033103591741,147.5122241853798,147.597469507009,8280600,132.84881336212158,140.81157531738282
2017-11-27,147.91943359375,148.26983673935055,147.57849572612568,147.9383786005086,22653400,132.98943393707276,140.97429835001628
2017-11-28,148.29827880859375,148.3929894118798,147.45540646226095,148.25092350695073,25227300,133.12856300354005,141.1464859008789
2017-11-29,145.71286010742188,148.16571187243352,145.01203912421383,148.1278362966868,71986300,133.2527428817749,141.29621404012045
2017-11-30,146.9345245361328,147.218641890329,145.9874763226848,146.32841425755845,56595500,133.37945762634277,141.45937372843426
2017-12-01,146.30947875976562,147.0197648958787,144.19755091047406,146.03482669468252,59015800,133.5032350540161,141.60676116943358
2017-12-04,144.623779296875,147.38915911592045,144.48171335482166,147.22816260891037,51319100,133.61595077514647,141.7458984375
2017-12-05,144.71844482421875,146.36631402767023,144.04604864033692,144.59532392401087,40604200,133.72613033294678,141.86046854654947
2017-12-06,145.3718719482422,145.59916867670552,144.00812047907434,144.17859663812334,28647800,133.8393417739868,141.98041712443035
2017-12-07,145.86436462402344,146.28106813505053,145.2108990681681,145.3624302450522,32666200,133.95731998443603,142.10542475382488
2017-12-08,146.50833129882812,147.29438291900675,146.28104901401943,146.93450003365095,28081700,134.07734245300293,142.25470987955728
2017-12-11,147.64488220214844,147.6922375259173,146.56524729397182,146.57472702921515,20821500,134.2022953414917,142.41506271362306
2017-12-12,147.4459228515625,147.88155689057763,147.13339524054345,147.57850900919416,20310300,134.3281342315674,142.57511367797852
2017-12-13,147.73008728027344,148.20361148720332,147.51225574050108,148.0426149909446,24418500,134.4487167739868,142.73595453898113
2017-12-14,147.62582397460938,148.36452014400876,147.46482757366883,147.98569233226328,24594700,134.57188137054445,142.90216089884441
2017-12-15,149.30215454101562,149.46316546422767,147.9573477267062,148.20358952634118,49816200,134.70229919433595,143.1103530883789
2017-12-18,150.5539093017578,150.67728766415723,150.01297048398433,150.28818242968865,26844500,134.84033950805664,143.34161783854168
2017-12-19,149.66180419921875,150.4210299595734,149.24422930697236,150.2691819112971,31415000,134.97495388031007,143.5820063273112
2017-12-20,149.50050354003906,150.21227512972922,148.9121103264915,150.18380542462404,38972600,135.10767990112305,143.8138671875
2017-12-21,149.5194854736328,150.18380271582228,149.34865276505278,149.70928833125413,18638700,135.24003089904784,144.0256815592448
2017-12-22,149.3486328125,149.40557221407647,148.95004252043685,149.29169341092353,23330400,135.3689414215088,144.2354382832845
2017-12-26,148.5419921875,148.73179505174988,148.00103881930605,148.51352248191404,21918700,135.4927840423584,144.41533533732095
2017-12-27,148.5609588623047,148.9595636932453,148.41861033770445,148.55147378767467,22388200,135.6182264328003,144.5934959411621
2017-12-28,148.7412872314453,149.06396804521674,148.5609694334342,149.03548385723988,25393800,135.7407614135742,144.76976979573567
2017-12-29,147.82073974609375,148.90263213843414,147.7638003277125,148.8741624292435,33186000,135.85911689758302,144.92849146525066
2018-01-02,150.4115753173828,150.44953009661722,148.20982161501033,148.57994225692278,32573300,135.99064334869385,145.10782165527343
2018-01-03,151.87310791015625,152.00597138933904,150.5254884838643,150.55395819504398,29383600,136.12891216278075,145.30835393269857
2018-01-04,152.13877868652344,152.5943083782125,151.92050615440564,152.39502047354821,24776100,136.27793327331543,145.51599756876627
2018-01-05,153.66673278808594,153.7711265293691,152.575355522786,152.86006704274277,26992300,136.4304474258423,145.74737040201822
2018-01-08,154.26463317871094,154.3405572198649,153.6098009946595,153.66674040526743,23159100,136.58750610351564,145.98176396687825
2018-01-09,154.2741241455078,154.72965392879897,153.8091092870965,154.56832076557149,24782400,136.74333995819092,146.2205774943034
2018-01-10,153.91348266601562,153.9419668523475,152.90751446260848,153.59081635190958,34004000,136.89638118743898,146.44438298543295
2018-01-11,154.96688842773438,154.97638798249324,153.9419501857781,154.17920735829233,20473500,137.05091972351073,146.67769521077474
2018-01-12,156.10577392578125,156.26710710617485,154.63477618791546,154.83406415385898,37762700,137.20827835083008,146.92699025472004
2018-01-16,155.65966796875,157.93733071306508,155.1946387626656,157.14015020065744,41231800,137.36236965179444,147.17169138590495
2018-01-17,157.3394775390625,157.5767347377939,155.64072236779896,156.3999482999455,33849900,137.52528434753418,147.45307032267252
2018-01-18,157.36801147460938,157.72863268358466,156.72266415990896,157.09278492769596,26432200,137.68871856689452,147.72861099243164
2018-01-19,157.86138916015625,158.1176308967695,157.10216350268828,157.8329194650909,38937600,137.85363014221193,148.0276860555013
2018-01-22,159.5507049560547,159.5507049560547,157.62417779864558,157.8044955737479,26081400,138.02953285217285,148.35096995035806
2018-01-23,160.86988830566406,161.01225133342462,159.9683137206429,160.0442377725754,37989700,138.21170169830322,148.7050796508789
2018-01-24,159.82594299316406,161.56266742738686,158.90538390265752,161.21151692580287,54287400,138.3889805984497,149.0492083231608
2018-01-25,159.7689971923828,160.9837528440695,159.25651355371613,160.92681343555756,28925000,138.56573917388917,149.32483139038087
2018-01-26,162.2174835205078,162.23646815092565,160.3479101337086,160.6610768899374,32038200,138.7574262237549,149.635897064209
2018-01-29,161.42979431152344,162.19850527322117,161.08814338621008,161.8758389773778,37277800,138.94767219543456,149.9248369852702
2018-01-30,160.10113525390625,160.78443706128053,159.2659998634709,159.9587867444651,44987700,139.13372509002684,150.19242273966472
2018-01-31,160.7654571533203,161.32539509596234,159.7594890409905,161.0027143300407,42449200,139.31801040649415,150.47565739949545
2018-02-01,159.39886474609375,161.07863509685941,158.88638114539722,159.5317281831209,38037900,139.4964052963257,150.71307017008465
2018-02-02,156.2196502685547,159.15214614029114,156.08678679970348,158.77254036672542,68478100,139.65791435241698,150.88928934733073
2018-02-05,150.06036376953125,157.30145498907993,149.946484997132,154.7580658653365,105372200,139.7834439086914,150.96143290201823
2018-02-06,154.0368194580078,154.22662226912186,147.19433181852202,147.8681339701308,118537900,139.928996925354,151.0900644938151
2018-02-07,152.0438690185547,155.21362087199333,152.03436946528203,153.5433213709516,91028300,140.0570460510254,151.19826431274413
2018-02-08,145.62843322753906,152.60379910798844,145.62843322753906,152.43296643284123,94184800,140.148447265625,151.1996981302897
2018-02-09,148.1434326171875,149.2253250973968,142.47772833158183,147.68788827107483,113836600,140.25331890106202,151.24004974365235
2018-02-12,150.77218627929688,151.7971390221584,148.4850380974874,149.66182442812078,63050600,140.3675173187256,151.33305435180665
2018-02-13,151.55044555664062,151.8541273109712,149.68085724065176,149.90862941717484,31785600,140.48447601318358,151.45039393107098
2018-02-14,154.3879852294922,154.62524240950876,149.94653777047583,150.65830931052557,52107400,140.60992126464845,151.58424657185873
2018-02-15,157.25408935546875,157.25408935546875,154.1602602853545,155.77360655527872,51633900,140.74861305236817,151.77518005371093
2018-02-16,156.55178833007812,158.26002848825388,156.28604695862003,156.74159118309439,62256300,140.88586677551268,151.95630366007487
2018-02-20,156.86495971679688,158.18410913370153,155.9349155727637,156.00135453785245,36785600,141.02445068359376,152.11628595987955
2018-02-21,156.4189453125,159.17112324323182,156.32403663308247,157.63370110768122,41161800,141.15844841003417,152.2658363342285
2018-02-22,156.39993286132812,157.9373547234153,156.0013425445288,157.10220483239075,37074400,141.29093757629394,152.40607274373372
2018-02-23,159.59815979003906,159.59815979003906,157.0168004858975,157.6621475524475,50096900,141.43715576171874,152.60071818033853
2018-02-26,161.71450805664062,161.71450805664062,160.21505523726287,160.34791869522158,39266700,141.59357887268067,152.82432200113934
2018-02-27,159.71202087402344,162.02765303518208,159.63611132735414,161.76192617875677,42209900,141.74050788879396,153.05764134724936
2018-02-28,158.6870880126953,161.14506875739272,158.58269428124729,160.6231001001526,42936300,141.88085159301758,153.25351740519207
2018-03-01,156.09622192382812,159.50324564379898,154.69166363386475,158.77248955844826,76809900,142.006167678833,153.41662979125977
2018-03-02,157.52931213378906,157.80452414280245,153.70472682989381,154.21719606362046,57445100,142.13591606140136,153.63172200520833
2018-03-05,159.2755126953125,159.6835881475146,156.20065402624795,156.78906175688417,38540200,142.2911235809326,153.87433980305988
2018-03-06,159.94931030273438,160.4902636788361,158.94334207457732,160.0537040517524,29480900,142.44409240722655,154.1172971089681
2018-03-07,160.31942749023438,160.45230542340772,158.44985408544525,158.72506606451668,34609400,142.59617904663085,154.35821482340495
2018-03-08,161.20199584960938,161.3158746457552,160.33837636276508,160.98372332998758,25828400,142.7472122192383,154.60310923258464
2018-03-09,164.3338165283203,164.3338165283203,162.11309280035007,162.35034998020234,38310500,142.91324485778807,154.88125813802083
2018-03-12,165.20689392089844,165.58649955354105,164.4476681745866,164.81778873477245,37635000,143.0806275177002,155.17727432250976
2018-03-13,162.95777893066406,166.27938049118197,162.54020384609072,165.5865788822155,55638900,143.2311570739746,155.43106918334962
2018-03-14,162.9292449951172,163.93522761038608,162.21747344945368,163.81184924187508,40536400,143.38036575317383,155.68612620035807
2018-03-15,162.78688049316406,163.73590912752334,162.18898781958885,163.04312227912885,28810400,143.52829727172852,155.91087163289387
2018-03-16,162.3028564453125,163.42270311283292,162.22693242837502,163.06208213366182,31176700,143.67404434204101,156.1066874186198
2018-03-19,158.83999633789062,160.85519684268178,157.45215999669804,160.74113326830454,71395100,143.79988540649413,156.25965728759766
2018-03-20,159.36279296875,159.7335140797144,158.37420817435265,158.90652417937608,34075700,143.92070686340332,156.42402877807618
2018-03-21,158.6688690185547,160.41791132105877,157.974958176549,158.94454196567452,43863500,144.03820045471193,156.57651850382487
2018-03-22,154.75254821777344,157.57573770486198,154.5529224591458,156.47307480997063,66607300,144.13879806518554,156.6665837605794
2018-03-23,150.67454528808594,155.22777463919178,150.5984980990498,154.5718803252085,80110400,144.21636672973634,156.70212631225587
2018-03-26,156.27342224121094,156.46354750424757,151.2924536473075,153.72590616715667,57481500,144.3212229156494,156.83066736857097
2018-03-27,151.21641540527344,157.4331260547606,149.88561100774868,157.4331260547606,78889100,144.41771064758302,156.87191950480144
2018-03-28,149.4768524169922,151.8817888503666,148.32665849017314,150.35137343780835,89369700,144.50903450012208,156.89952138264974
2018-03-29,152.21450805664062,153.71640772634078,148.88751897306366,150.2848555485277,68692600,144.60872222900392,156.92957026163737
2018-04-02,147.8228759765625,151.8437904611553,146.27345945964205,151.13086421269125,85549400,144.68932579040526,156.86206639607747
2018-04-03,149.4863739013672,150.11375249513958,146.80577868951,149.11565282405112,64090000,144.78116844177245,156.8178596496582
2018-04-04,151.84376525878906,152.3095343809187,146.4255150661426,146.59662487972517,65768700,144.88764251708983,156.78747685750326
2018-04-05,152.70883178710938,153.59286808114425,151.59666832392355,153.35522594359537,43054900,144.98752754211426,156.76154683430988
2018-04-06,148.8875274658203,152.52820603977514,148.1746011929589,151.02630628440448,59870900,145.0735033416748,156.67177022298176
2018-04-09,149.93319702148438,152.92749712983485,149.67655391568968,150.1708391965347,41810400,145.15818710327147,156.60543212890624
2018-04-10,153.24111938476562,153.73540444899422,151.2069038379944,152.29055110114317,48296800,145.2595993041992,156.57666931152343
2018-04-11,152.3571319580078,153.99211108794557,152.1860365745268,152.28108473050773,41622100,145.35404022216798,156.5141919453939
2018-04-12,154.19168090820312,154.72399680297016,153.19358135325479,153.27912901394512,30467900,145.46077209472656,156.48972549438477
2018-04-13,153.39320373535156,155.1897772633206,152.72780881842255,154.96165015152857,44604900,145.57556053161622,156.42395426432293
2018-04-16,154.5624237060547,155.1232555666883,153.49777726208924,154.46736106666626,28180800,145.68679237365723,156.37719446818033
2018-04-17,157.88938903808594,158.23159418157235,155.80764229058698,156.12133154749287,35536100,145.82614044189452,156.3776611328125
2018-04-18,158.21261596679688,158.74493198085923,157.13846897122735,157.88942617319097,29573900,145.96686859130858,156.3553596496582
2018-04-19,156.7582244873047,157.78484000922327,156.21639358496373,157.41411894612946,34705700,146.1071753692627,156.2868319193522
2018-04-20,154.2772674560547,156.47307832770545,153.73543645940114,156.35901475136743,49197100,146.2287461090088,156.19435399373373
2018-04-23,153.88751220703125,155.63655451956177,153.06052236997522,155.0281913454415,33040600,146.35422721862793,156.09632924397786
2018-04-24,150.6270751953125,154.85710167860134,149.6099600441333,154.61945957836576,70256800,146.45646064758301,155.90315577189128
2018-04-25,150.80764770507812,151.43502623384376,148.7354158733935,150.89320987137924,52089300,146.55534439086915,155.7261199951172
2018-04-26,153.98260498046875,154.4959056166256,152.26206371732025,152.7563634256926,43005500,146.66826026916505,155.6241444905599
2018-04-27,154.07760620117188,156.28293153253688,153.20308514013698,156.24490067950197,51043400,146.7738549041748,155.5126803080241
2018-04-30,152.98446655273438,155.3989036847832,152.60423052497617,154.43883491067126,35615300,146.87251930236818,155.4057736714681
2018-05-01,154.73350524902344,154.75252067610938,152.2240055409577,152.58522613298538,36513500,146.9746842956543,155.38100458780926
2018-05-02,153.8209991455078,155.48449399361584,153.6403888127037,154.99969478355757,38646800,147.07195587158202,155.4436818440755
2018-05-03,153.80198669433594,154.37231909345115,151.34951821592495,153.04152899099137,60337100,147.1646437072754,155.43976796468098
2018-05-04,156.72021484375,157.08143549420078,153.02250417387077,153.13658225031614,41543200,147.2679537963867,155.51770706176757
2018-05-07,158.02243041992188,158.53573076078752,157.32850533281305,157.4520838149452,32500200,147.3768773651123,155.72427368164062
2018-05-08,157.8608856201172,158.20307628611133,156.7106915872811,157.68977578259884,26040200,147.4852764892578,155.88623123168946
2018-05-09,159.58143615722656,159.6954997298718,157.58523660879376,158.14606851366423,29122700,147.59916015625,156.03305206298828
2018-05-10,161.23541259765625,161.3494906724328,159.97115484409608,160.09473338155271,27067600,147.7230616760254,156.19446818033853
2018-05-11,161.0833282470703,161.4635498071521,160.37990240594394,161.04529738834847,24688800,147.84398216247558,156.30605723063152
2018-05-14,161.35899353027344,162.37610872854123,161.0928355260493,161.4540561765778,21821700,147.97058052062988,156.37447230021158
2018-05-15,159.57188415527344,160.17074678171977,158.7258790106131,160.08519912209033,49361600,148.08881042480468,156.4248072306315
2018-05-16,160.6269989013672,160.9977198927063,159.70494665286657,159.78099384397697,22941200,148.21519805908204,156.48750788370768
2018-05-17,160.00914001464844,161.22586609833644,159.2296671617601,160.0661717834902,27480200,148.33693725585937,156.54734446207684
2018-05-18,159.18222045898438,159.94266371778846,158.94457831447676,159.39133220198772,26217900,148.45269889831542,156.59371592203777
2018-05-21,160.07571411132812,161.12134516197605,159.39130369718092,160.41791931840174,22954600,148.5755743408203,156.6016751607259
2018-05-22,159.8665771484375,161.07380300670965,159.58141824882523,160.8076450307236,19477700,148.6961753845215,156.57087631225585
2018-05-23,161.21641540527344,161.23541633107354,158.63086805315788,158.64986897895798,26557800,148.81922607421876,156.59594955444337
2018-05-24,161.1688690185547,161.4540424286617,159.54339073411032,161.1688690185547,27696500,148.9432201385498,156.63731257120767
2018-05-25,161.33045959472656,161.9103068614792,160.84567496364684,161.14984928966103,27460500,149.068920211792,156.72454986572265
2018-05-29,160.61753845214844,161.52057550169198,159.65746962119488,160.59852302350436,41220500,149.20565536499024,156.776020304362
2018-05-30,161.7677001953125,162.05287357539893,160.85516278446067,161.19736793966027,22665800,149.34308555603027,156.81755676269532
2018-05-31,161.66319274902344,162.73732529753707,161.24494028573346,161.7677413603216,35670900,149.4713469696045,156.84612147013345
2018-06-01,164.201171875,164.2962200014256,162.42359930704086,162.47113062251418,45543300,149.61182571411132,156.91081720987955
2018-06-04,165.68409729003906,165.72211364915876,164.51490206215718,164.61945067586745,20459600,149.7585376739502,156.9855189005534
2018-06-05,166.19735717773438,166.47303010575152,165.46543003401123,166.0737931624877,24779300,149.92175453186036,157.01657791137694
2018-06-06,167.16696166992188,167.19547756194655,165.53198283939994,166.368487684185,25036600,150.09029190063475,157.04924570719402
2018-06-07,165.8076629638672,167.23351576951447,164.97117251429762,167.19549941002145,39600300,150.25288307189942,157.09674377441405
2018-06-08,165.817138671875,166.23539104989322,164.61941331581892,165.02816523234452,31780300,150.40536338806152,157.14487533569337
2018-06-11,166.2639617919922,166.67269933884535,165.66509891638984,165.693614814797,22319700,150.56248733520508,157.20282669067382
2018-06-12,167.138427734375,167.30002260657744,166.31143794589158,166.49203374104394,22511800,150.72596809387207,157.28341954549154
2018-06-13,167.12892150878906,168.38366409271248,166.75818595623167,167.39507946612193,37858600,150.89081886291504,157.42156829833985
2018-06-14,168.82093811035156,169.09659653900113,167.7753071647401,167.8988856868182,35916000,151.06205055236816,157.57920405069987
2018-06-15,168.23159790039062,168.56430265511315,167.40460800173952,168.18406657764123,49615700,151.22768943786622,157.73858286539715
2018-06-18,168.13441467285156,168.27729929602378,166.64835644959243,167.17229096050224,31633200,151.38490478515624,157.96161397298178
2018-06-19,167.65809631347656,167.69619403062626,165.47664225141025,166.01009750489902,38236000,151.53241500854492,158.2446731567383
2018-06-20,168.84889221191406,169.54428837504187,168.27732456227233,168.42974454025267,33038000,151.68682434082032,158.45426432291666
2018-06-21,167.38189697265625,169.44904395385657,167.0580008718632,169.2775678374873,43469400,151.84008796691896,158.72368901570638
2018-06-22,167.01036071777344,168.01058221404955,166.41021619155347,167.94390756422948,30073200,151.98941505432128,159.01591415405272
2018-06-25,163.24758911132812,165.74341912540007,161.76153059632472,165.49573301585295,77799700,152.1183218383789,159.19979883829754
2018-06-26,163.91441345214844,164.8574811669372,163.24757969007,163.847724261713,39008100,152.2565161895752,159.4679911295573
2018-06-27,161.68528747558594,165.35281448494817,161.57097977802803,164.60978537968813,52843500,152.37572143554686,159.67130635579426
2018-06-28,163.07611083984375,163.62862232731078,161.15184869874383,161.4852655649015,46407700,152.50022720336915,159.8585121154785
2018-06-29,163.5142822265625,164.72409198141372,163.27613150118995,163.85721985252164,36408500,152.62597908020018,160.03860295613606
2018-07-02,164.6097869873047,164.65742004027462,161.62813520530406,161.98059363326098,31770000,152.7612718963623,160.30064061482747
2018-07-03,162.70460510253906,165.2289973902896,162.54266432705782,165.2289973902896,25512700,152.884676361084,160.51349741617838
2018-07-05,164.72412109375,164.85748494210586,162.92370187316112,163.76199722600904,31626200,153.01908264160156,160.7048807779948
2018-07-06,167.28663635253906,167.41047941090432,164.80034160015438,165.10518157903184,37005600,153.16511764526368,160.95370585123698
2018-07-09,168.79168701171875,168.82978472684087,167.4866258692067,168.1534449005791,27362100,153.3208088684082,161.19703928629556
2018-07-10,168.91555786132812,169.2965932176049,168.33446949488743,169.10607553946653,23902500,153.48133354187013,161.45574518839518
2018-07-11,168.0582275390625,168.67742823996494,167.46761830224784,167.5914468139732,30280600,153.63823455810547,161.68067525227863
2018-07-12,170.9541778564453,170.9541778564453,168.68697757329667,168.80128530670873,27930100,153.81681297302245,161.89842173258464
2018-07-13,171.09698486328125,171.37323327216333,170.46826354374505,170.94456493086673,28049800,153.99435363769533,162.1131612141927
2018-07-16,170.6873779296875,171.42088622097776,170.4016086926868,171.13510244841058,21405300,154.16373741149903,162.34531377156574
2018-07-17,171.72572326660156,172.08770247264076,168.87743545545433,168.87743545545433,31034100,154.33854988098145,162.6361213684082
2018-07-18,171.40185546875,171.88769231471056,170.87793543297326,171.74479313948802,23220800,154.50681831359864,162.92802708943685
2018-07-19,170.5445098876953,171.35422823274388,170.34447140235156,170.78266063205456,31094100,154.67018424987793,163.2599843343099
2018-07-20,170.50637817382812,171.6304424860491,170.31584598786898,171.05888953486667,35897300,154.83189186096192,163.58829650878906
2018-07-23,171.04937744140625,171.1255874190301,169.3156476910566,170.00152295410416,22184700,154.99565155029296,163.87274271647135
2018-07-24,171.75430297851562,173.42135802635232,171.0493716111979,172.811692761709,36900300,155.15616424560548,164.16735432942707
2018-07-25,174.15487670898438,174.2596490783848,171.74477789472573,171.8305232064756,35026600,155.32773277282715,164.52019449869792
2018-07-26,171.5161590576172,172.34491894859028,171.28752912347386,171.7924075094192,40873500,155.48691276550292,164.7999053955078
2018-07-27,169.20130920410156,172.7164159556829,168.2296647877552,172.6021082680105,59456100,155.6339974975586,165.05624389648438
2018-07-30,166.81031799316406,169.30613329277722,166.01013493252654,169.2108817106454,60193000,155.76704399108885,165.2730494181315
2018-07-31,168.08680725097656,168.73458489112457,166.53407414532123,167.4676210753898,47285100,155.90775146484376,165.4624926249186
2018-08-01,168.7250213623047,169.22989973755358,167.75337686780682,168.4773498405719,37101900,156.04895080566405,165.640869140625
2018-08-02,171.0207977294922,171.22085073444023,167.4580576453689,167.5342676217507,47178200,156.19921401977538,165.86020100911458
2018-08-03,171.5447540283203,171.5542748257402,170.59215100586334,171.34470099795416,28934400,156.35119743347167,166.0595896402995
2018-08-06,172.5545196533203,172.6021527139714,171.2208811685051,171.4304550069145,24808800,156.50908203125,166.24824142456055
2018-08-07,173.18321228027344,173.5070937817642,172.66879856796047,173.04031312215676,29895700,156.67271438598632,166.44990615844728
2018-08-08,173.39279174804688,173.7071524634927,172.47828652715296,172.94506720200897,22680700,156.83550048828124,166.6504694620768
2018-08-09,173.2880096435547,173.97388494433432,173.03080277187038,173.2880096435547,18852900,157.00235610961914,166.8790715535482
2018-08-10,171.96392822265625,172.63074753417098,171.31615050891992,172.1163336827376,33818500,157.16140739440917,167.06802037556966
2018-08-13,171.77337646484375,173.38326329242418,171.69716648211607,172.2782548817927,26089200,157.32215774536132,167.26409098307292
2018-08-14,172.84983825683594,173.0498913135199,171.5066643299349,172.43069054612323,20913000,157.49051582336426,167.49188461303712
2018-08-15,170.73501586914062,172.02103561472813,169.6776260552658,171.47804497774814,58528000,157.62803283691406,167.66953964233397
2018-08-16,171.29705810546875,172.41160173891308,170.9636412808154,172.049607990497,27711800,157.76675041198732,167.86004765828451
2018-08-17,171.33514404296875,171.763812405497,169.8205090454383,170.84932183684546,36092600,157.9029591369629,168.02869313557943
2018-08-20,171.18270874023438,171.78285311525337,170.5158897321934,171.71616394666717,24939000,158.0386427307129,168.1955904642741
2018-08-21,171.81143188476562,172.84024459492164,171.5923373230993,171.69712420660306,26258700,158.17884300231933,168.37027333577473
2018-08-22,172.47830200195312,172.67835503357375,171.23039436040003,171.44948898697984,18042400,158.3154640197754,168.56795272827148
2018-08-23,172.23060607910156,173.42135969616453,171.94482230389312,172.1734522311732,25776200,158.44838455200195,168.7423344930013
2018-08-24,173.8309783935547,173.9738775542282,172.76406776458143,172.8021654860874,23136100,158.58888069152832,168.94513092041015
2018-08-27,175.60281372070312,175.60281372070312,174.43111623284815,174.70736467603294,29343600,158.73530014038087,169.1351582845052
2018-08-28,175.8600311279297,176.25060182584818,175.48851655896433,176.06960493971192,20277000,158.88684089660646,169.30475718180338
2018-08-29,177.88909912109375,177.98435070492974,176.09820073237643,176.1648753875047,29175600,159.04857437133788,169.49961954752604
2018-08-30,177.57473754882812,178.6321275128319,176.98411377527168,177.54616062025255,29315500,159.2078363800049,169.67308247884114
2018-08-31,177.80332946777344,178.3082078532777,177.16508725469384,177.3556049318633,28653200,159.37089347839355,169.87301025390624
2018-09-04,177.04124450683594,177.5651644429834,176.08864166210842,177.26033909116484,29063500,159.53354934692382,170.06007868448893
2018-09-05,174.75502014160156,176.75549228672185,174.15489012652026,176.726915359126,42623300,159.67554031372072,170.20159632364908
2018-09-06,173.1927032470703,175.04075490344187,172.02100593726652,174.83118113608646,46091400,159.8125134277344,170.30250091552733
2018-09-07,172.5259246826172,174.01198299188775,171.8876824362288,171.9448362888057,46629500,159.94672119140625,170.39245096842447
2018-09-10,173.1069793701172,173.61185768366343,172.163897379526,173.51659159087302,26132000,160.07592597961425,170.46388498942056
2018-09-11,174.440673828125,174.72645766328532,171.96391450639823,172.4116391231831,30116500,160.21089973449708,170.56736958821614
2018-09-12,173.92623901367188,174.30727435897944,172.43064548542796,174.18344586631616,36204000,160.34060218811035,170.66389999389648
2018-09-13,175.78379821777344,176.1172150209078,174.93598228454397,175.01219225484797,31133200,160.47992401123048,170.7993283589681
2018-09-14,175.26939392089844,176.1838844664571,174.57398341321147,175.90763605086846,31224100,160.614779586792,170.9063367207845
2018-09-17,172.74502563476562,175.09795622263897,172.58308486799953,174.97411318046616,33071200,160.74994041442872,170.99572219848633
2018-09-18,174.1739501953125,175.02176638690779,172.80219938294036,172.8879447103911,31877300,160.8861375427246,171.1151153564453
2018-09-19,174.04054260253906,174.61211014257728,172.90694285398865,174.20248334725107,31843400,161.02479286193847,171.29499791463215
2018-09-20,175.96482849121094,176.2029792427922,174.82170779073454,175.2408554392085,33295800,161.18149810791016,171.4958381652832
2018-09-21,175.00271606445312,176.68881302965147,174.783606893145,176.44114146471057,38605400,161.33291946411134,171.717795308431
2018-09-24,175.48934936523438,175.55615854364933,173.01767187486863,173.73340961188956,34945600,161.4835068511963,171.9246826171875
2018-09-25,175.72793579101562,175.86153959158295,174.81178504303816,175.4130094264522,25277500,161.63282470703126,172.12824350992838
2018-09-26,175.85203552246094,177.49346228074404,175.50848074603599,175.88066387368593,36210600,161.7795432281494,172.31561431884765
2018-09-27,177.34075927734375,177.9706120966464,176.47232716846202,176.56776470898336,33113300,161.9280226135254,172.55955022176107
2018-09-28,177.3026123046875,177.7702330438079,176.52007965748572,176.84454405847848,28076800,162.07730606079102,172.76919174194336
2018-10-01,177.66519165039062,178.96306333465355,177.21666150174465,178.3332106286756,27371300,162.2269815826416,172.94216766357422
2018-10-02,177.26441955566406,178.62908615938528,176.85407015008911,177.51253678496116,25618600,162.37517456054687,173.08337987263997
2018-10-03,177.45530700683594,178.42871477391552,177.17856138454403,178.0088128131468,29128700,162.51594032287596,173.2257090250651
2018-10-04,174.0483856201172,176.85408067958795,172.78867985393617,176.7395527070188,80557300,162.6334127044678,173.32554499308267
2018-10-05,171.92019653320312,174.6113773815541,170.2787701778376,174.02924344666607,83325600,162.7447046661377,173.34164530436198
2018-10-08,170.87051391601562,172.3878749143364,168.84735135652835,171.31904420785528,66864500,162.85155471801758,173.3378707885742
2018-10-09,171.42405700683594,172.75055774799003,170.58425294795416,170.99460248289813,49097900,162.9610775756836,173.35014877319335
2018-10-10,163.88491821289062,170.4601643233657,163.66542929461886,170.35518882997877,114471100,163.03375900268554,173.21946868896484
2018-10-11,161.85220336914062,165.4785970892708,160.14396742209493,163.20733204928743,143084500,163.10031005859375,173.06030782063803
2018-10-12,166.35658264160156,166.87190752661826,163.12143332813156,166.21342632340668,102078400,163.18928817749023,172.99050903320312
2018-10-15,164.3429412841797,166.089328625633,163.7226264808897,165.77441682169513,64885300,163.2672964477539,172.8877850850423
2018-10-16,169.1240997314453,169.53444914845076,165.76489902311548,166.07028752465695,71979700,163.37381324768066,172.85569712320964
2018-10-17,169.1908416748047,170.11653025944736,167.4539924387931,169.94476020211772,66987600,163.46770957946777,172.81297276814777
2018-10-18,165.26861572265625,168.60872531667974,164.5624304422792,168.55146862494348,82486200,163.5346871185303,172.66486841837565
2018-10-19,165.11599731445312,168.02666823843526,164.51477270475567,166.60473009872527,82923700,163.59957321166993,172.55819905598958
2018-10-22,165.96530151367188,167.24408301883085,164.7055958673546,166.10844326360598,52909300,163.66106605529785,172.50426559448243
2018-10-23,165.35455322265625,166.17526663634257,161.10784439207467,162.84469420697212,77567000,163.71651565551758,172.4800028483073
2018-10-24,157.78680419921875,165.44043231004562,157.50050612352422,165.16368672596676,102997400,163.73407905578614,172.308336130778
2018-10-25,163.2454833984375,164.21889093323722,159.52365247379674,160.2393903102064,83481100,163.78073905944825,172.21701049804688
2018-10-26,159.04652404785156,162.19577403703005,156.72752544644942,157.65321438851728,130970900,163.80113723754883,172.01743927001954
2018-10-29,155.77316284179688,162.1002893337693,152.77660798638112,161.47998909647566,111871900,163.7994741821289,171.75457941691081
2018-10-30,158.34027099609375,158.4547843735248,154.60888812310387,155.31508792794526,92584000,163.81287719726564,171.5176752726237
2018-10-31,162.0621337890625,163.42680022614132,160.8405945278133,160.91694164174905,73828600,163.83649047851563,171.33232396443685
2018-11-01,164.19984436035156,164.37162905905822,161.0696845515367,162.3007621134643,52706800,163.87064964294433,171.17910817464193
2018-11-02,161.64224243164062,164.66742602923838,160.53523105032673,163.69401846555039,75966800,163.88955390930175,170.98501205444336
2018-11-05,161.2414093017578,161.90942830007995,159.44728865335946,161.8521716090412,39573500,163.89800743103027,170.80630340576172
2018-11-06,162.4629669189453,163.36956535524274,161.01240068383441,161.25097998610875,34410400,163.9059728240967,170.65112991333007
2018-11-07,167.5590057373047,167.5590057373047,164.01848272915217,164.40975625264718,51169600,163.94463813781738,170.56294937133788
2018-11-08,166.4901885986328,167.29181156857194,165.69810355867207,166.77647211523595,40296500,163.97824409484863,170.49220225016276
2018-11-09,163.6844940185547,165.33545873557202,162.3866220139767,164.93464724968067,50602700,163.98557914733885,170.36532618204754
2018-11-12,158.73158264160156,162.8446874701094,158.58842632364838,162.53931353624745,62578400,163.97208808898927,170.15526682535807
2018-11-13,158.86520385742188,161.73769372005032,158.41667355651052,159.4759663537249,64128100,163.96590843200684,169.9499750773112
2018-11-14,157.65321350097656,160.99332401820797,156.74661498721613,160.43981824223104,75270700,163.95034721374512,169.71400477091473
2018-11-15,160.4112091064453,160.84064902633583,155.9927294234133,157.36693425471734,73254300,163.95540893554687,169.51288655598958
2018-11-16,159.8480987548828,160.6210932010757,158.2066723370591,158.846062984672,65390700,163.97355117797852,169.30651143391927
2018-11-19,154.6566162109375,159.2755071610059,154.16036727594067,159.08464666653705,67280500,163.99653244018555,168.98693873087566
2018-11-20,151.8891143798828,154.00769952424298,149.95185181588948,151.13519571011787,102652800,163.98579391479493,168.59171040852866
2018-11-21,153.04388427734375,154.57079801685313,151.9559629705051,153.97912585961436,42965800,163.99079399108888,168.21144129435223
2018-11-23,151.93687438964844,153.49240179570378,151.82234640364706,151.82234640364706,23503700,164.0223361968994,167.7789042154948
2018-11-26,155.44873046875,155.52507759330783,153.41603014235733,154.06497342023636,42012600,164.05886268615723,167.41013743082684
2018-11-27,155.97360229492188,156.36487583370095,153.81683614770768,154.59938322526583,36608100,164.08486976623536,167.04630864461262
2018-11-28,160.99330139160156,160.99330139160156,156.00222674031505,157.09968564561672,70141000,164.13208404541015,166.7788429260254
2018-11-29,160.46841430664062,161.52770686856704,159.19918537980539,160.3157346377727,44885700,164.1624861907959,166.54073282877604
2018-11-30,161.6326904296875,161.72812796901928,159.88628830432896,160.6879257742334,36722800,164.184379196167,166.34806594848632
2018-12-03,164.45748901367188,165.39271581621784,161.76630745147446,165.20185528369984,50771700,164.22390769958497,166.21359202067057
2018-12-04,158.14944458007812,164.05667026706072,157.95858405600603,163.5985875352182,70594700,164.23033012390135,165.96429977416992
2018-12-06,159.26596069335938,159.28505111029935,154.3798624006731,154.96199634270965,71715500,164.24456520080565,165.7113878885905
2018-12-07,154.00770568847656,159.48547678727087,153.5114566952505,158.56934048163322,80432200,164.2326040649414,165.37941233317056
2018-12-10,155.6204833984375,156.2980403278877,152.12767961138007,153.72138728693727,73960800,164.2127156829834,165.04335708618163
2018-12-11,156.1358184814453,158.1971468748701,154.81885624758118,158.15896603699758,59058300,164.18482223510742,164.72446416219074
2018-12-12,157.5100555419922,159.94356729532836,157.42417048947704,158.41665396256553,53780000,164.17381240844728,164.47054799397787
2018-12-13,157.55775451660156,159.1991810464703,156.53662825925593,158.540699936477,46378500,164.1681657409668,164.1936113993327
2018-12-14,153.72140502929688,156.3266867166005,153.35875986018894,155.75410517570373,56547400,164.15629165649415,163.8549591064453
2018-12-17,150.23814392089844,154.28445393260805,149.0357095382239,153.0629291293984,74834100,164.1198358154297,163.42618103027343
2018-12-18,151.18289184570312,152.64299563719428,149.8659297742714,151.402380670368,63642100,164.07937271118163,163.02918395996093
2018-12-19,147.47061157226562,153.37783640161246,146.3349719605854,150.95386295647324,81856500,164.0169792175293,162.56220499674478
2018-12-20,145.33294677734375,148.74940379036562,143.5197500867626,147.10797719055122,99002100,163.94204681396485,162.0556218465169
2018-12-21,140.82862854003906,147.05076762873747,140.01745290903318,146.05828391993649,141129400,163.840179977417,161.4718983968099
2018-12-24,137.33633422851562,141.62390350084752,137.29805874899483,139.8055188541596,56163300,163.70519256591797,160.80515797932944
2018-12-26,145.91143798828125,145.98798892141176,137.90094214573784,138.8484242312855,98982100,163.6087152862549,160.28197174072267
2018-12-27,146.47613525390625,146.60054150918495,140.7625600246789,143.91124014199363,85824300,163.5263070678711,159.76215413411458
2018-12-28,146.39956665039062,148.90702658842767,145.20325719852,147.5288757633308,77856600,163.44365867614746,159.24773991902669
2018-12-31,147.63414001464844,148.32321537321974,146.15072809323803,147.8351264123091,53015300,163.3678949737549,158.7507204691569
2019-01-02,148.22752380371094,149.0601504687191,144.39933374351912,144.50460955430984,58576700,163.29751831054688,158.32037277221679
2019-01-03,143.38487243652344,146.677103775796,143.06904498934412,146.0454634848242,74820200,163.22024269104003,157.84478403727215
2019-01-04,149.51954650878906,150.2564772696973,145.22241201456913,145.7966318280894,74709300,163.17102645874024,157.48893458048502
2019-01-07,151.2996063232422,152.03653684376388,149.40465673099806,149.892745603784,52059300,163.13418014526368,157.1535270690918
2019-01-08,152.66822814941406,153.2328826949754,150.44787084001243,152.68735858583585,49388700,163.12375854492188,156.96658223470052
2019-01-09,153.9123992919922,154.58232967934646,152.62037921371905,153.26159934185722,46491700,163.1399478149414,156.83425216674806
2019-01-10,154.35260009765625,154.43873085694338,151.8834161077372,152.74476751076054,38943400,163.13034370422363,156.63418579101562
2019-01-11,153.7879638671875,153.95066018846475,152.92661236212544,153.44342618583983,30176600,163.1432014465332,156.45826950073243
2019-01-14,152.428955078125,153.08932017088273,151.77815520287623,152.48637558994992,30710200,163.15796195983887,156.18001708984374
2019-01-15,155.40538024902344,155.6159318707166,153.0414717173299,153.12760248891723,40874200,163.17391632080077,155.95025939941405
2019-01-16,155.3766632080078,156.7452340858747,155.31922809273775,155.66376576743056,33812200,163.21168525695802,155.78539352416993
2019-01-17,156.6016845703125,157.30032514508738,154.63016908867726,154.8789961774419,39329000,163.24726181030275,155.64348831176758
2019-01-18,158.15208435058594,158.88901494452574,156.78351356522512,157.70227090004724,57183200,163.27880340576172,155.51326802571614
2019-01-22,154.9842529296875,157.08975421615486,153.85492944300512,157.0131886743981,56711700,163.2901805114746,155.3404296875
2019-01-23,155.18527221679688,156.48685761844143,153.43388785010106,155.7786516962595,38106100,163.32166923522948,155.2970708211263
2019-01-24,156.1901397705078,156.419836414037,155.09910626966803,155.69247101122045,32417800,163.3529539489746,155.17948176066082
2019-01-25,158.056396484375,158.53492025768935,156.90794234909788,157.4438866386681,36515900,163.37703033447266,155.16297963460286
2019-01-28,156.10400390625,156.11356912314855,154.8024188422049,156.01787314400946,33491200,163.39576469421388,155.16849365234376
2019-01-29,154.63023376464844,156.22850197993893,154.07514423902913,156.19021188664556,30784200,163.39795745849608,155.10665969848634
2019-01-30,158.56361389160156,159.13784820072922,155.8934579419436,156.38154688233254,41346500,163.42380950927733,155.04835103352863
2019-01-31,160.93711853027344,161.73146974433024,159.31970584410604,159.53982269031394,37258400,163.45568298339845,154.993972269694
2019-02-01,160.25758361816406,161.35819688613475,159.81734999368328,160.1427426036707,32143700,163.46752395629883,154.97089462280275
2019-02-04,162.2482452392578,162.2482452392578,160.14274387103856,160.28629514029132,26718800,163.48770210266113,154.98767522176107
2019-02-05,163.68382263183594,163.87522919931902,162.4013825659757,162.4683682930715,28156400,163.5223300933838,155.0080228169759
2019-02-06,163.19577026367188,164.00925200860885,162.4588394801739,163.72214939474185,27970000,163.56692260742187,154.9353022257487
2019-02-07,161.0040740966797,162.171673050045,159.77905463796588,161.76971490922176,42036200,163.60250541687012,154.84386698404947
2019-02-08,161.3199462890625,161.34865654971156,159.41543085019902,159.5972576331803,29020700,163.65596977233886,154.8044578552246
2019-02-11,161.166748046875,162.29607137452967,160.76478996179236,161.90367850455075,21434100,163.70776527404786,154.8450439453125
2019-02-12,163.5498504638672,163.78911234438684,162.05685866596644,162.3439758432673,29722100,163.75560150146484,154.92312138875326
2019-02-13,163.66468811035156,164.7653015000231,163.48286135175962,164.2771979276853,26094100,163.80353691101075,155.02331263224283
2019-02-14,163.86566162109375,164.44946113570586,162.53536628168385,163.08087572132,30326800,163.85794288635253,155.0808868408203
2019-02-15,164.55474853515625,165.14811330864217,163.7891076189057,165.10983783435327,32521700,163.9070491027832,155.15933100382486
2019-02-19,164.88015747070312,165.37782630594984,164.0188204819264,164.04753074132648,19487700,163.96234489440917,155.3297233581543
2019-02-20,164.85140991210938,165.64576098368556,163.96136286531416,164.9949611766299,32593000,164.01759201049805,155.54576161702474
2019-02-21,164.2484893798828,164.8609992035897,163.37758724230545,164.41118570455959,25207400,164.05523338317872,155.73250503540038
2019-02-22,165.4639129638672,165.57875397084558,164.51643084614525,164.60257620476244,27735400,164.09244079589843,155.95795567830405
2019-02-25,166.06687927246094,167.15791279222827,165.9520236470113,166.72724435610164,32608800,164.13347076416017,156.13492482503256
2019-02-26,166.23912048339844,166.7654994424876,165.3873489326482,165.6649008398877,21939700,164.16675918579102,156.3060167948405
2019-02-27,166.13385009765625,166.33483647162447,164.38245165135928,165.4734850732543,25162000,164.191251373291,156.39169260660807
2019-02-28,165.7510223388672,166.3443869850378,165.28206390998164,165.617036302526,25085500,164.21458984375,156.47973607381184
2019-03-01,166.89950561523438,167.14833269709382,165.74147176557352,166.94736090881108,31431200,164.2422924041748,156.5675163269043
2019-03-04,166.92823791503906,168.23938843255485,165.0619980461768,168.00012653646002,38063500,164.27907417297362,156.60869547526042
2019-03-05,167.0526123046875,167.56941143100278,166.2295510269386,167.0526123046875,22319900,164.31120223999022,156.7570816040039
2019-03-06,166.10519409179688,167.2440831749957,165.8372219079135,167.21537291267882,27194600,164.341682510376,156.8710688273112
2019-03-07,164.06666564941406,165.74149897586403,163.45415575987644,165.68407845549922,39407400,164.3661047363281,157.0387181599935
2019-03-08,163.8178253173828,163.90395609098496,162.06642657053982,162.22912289958384,39303200,164.3848152923584,157.17534052530925
2019-03-11,167.22488403320312,167.33973964870233,164.46859751875067,164.49730777177948,30518400,164.42160682678224,157.36015828450522
2019-03-12,168.14366149902344,168.57432991207708,167.26317963580271,167.6651377948784,33953500,164.456243057251,157.53738505045573
2019-03-13,169.40699768066406,170.28747975800073,168.7753573361623,169.01461924641862,42426100,164.49743370056152,157.73487243652343
2019-03-14,169.11985778808594,169.72278773871025,169.0720024959069,169.52181595629708,23751500,164.5363806915283,157.99151331583658
2019-03-15,170.6894073486328,171.19664129557856,169.66535963470344,169.7802006480846,38192000,164.58674003601075,158.33236770629884
2019-03-18,171.09597778320312,171.61373228914178,170.27141825482764,170.616583048798,32935100,164.6333814239502,158.66425247192382
2019-03-19,171.67123413085938,172.5820810772185,170.94254486980066,171.795866796595,36893300,164.68342163085939,159.0675961812337
2019-03-20,172.35194396972656,173.406617957894,170.89459489693823,171.6807944454211,50105000,164.724175491333,159.51791280110677
2019-03-21,175.0461883544922,175.2954683325223,171.81505811751853,171.83423800197167,42428500,164.7709859466553,160.08820546468098
2019-03-22,171.20144653320312,174.75856192716773,171.01927419192654,174.28874981703163,70794500,164.7960063934326,160.65262400309246
2019-03-25,170.8754119873047,171.4698566083006,169.63856572947253,170.57818967680672,46336500,164.81454864501953,161.0686902364095
2019-03-26,171.67123413085938,173.2436480621421,170.79873232088866,172.19857119347705,33248100,164.8438665008545,161.48860855102538
2019-03-27,170.56861877441406,172.31362240624074,169.32220432878287,171.9301125198872,37096700,164.86762390136718,161.89142608642578
2019-03-28,170.96176147460938,171.60414871433784,169.93586426876368,171.0097038778659,30368200,164.89111289978027,162.28021977742512
2019-03-29,172.25608825683594,172.4190806813959,171.23017668876798,172.28485076528983,35205500,164.91670120239257,162.6806958516439
2019-04-01,174.5379638671875,174.74889864265447,173.32031222603646,174.0298068071882,30969500,164.95374641418456,163.19991404215494
2019-04-02,175.19955444335938,175.37214411484393,174.28870758763705,174.72975707701949,22645200,164.9856394958496,163.62791417439777
2019-04-03,176.206298828125,177.29931806009,175.65979652712446,176.18711894546908,31633500,165.02551300048827,164.04302571614582
2019-04-04,176.13917541503906,176.896612467554,175.1228465447561,176.254225440747,28530800,165.0655368041992,164.43420817057293
2019-04-05,177.04998779296875,177.15545517265969,176.43636339202862,176.6472981514105,25674700,165.11249626159668,164.8198346455892
2019-04-08,177.50071716308594,177.64452974610248,176.0625328130495,176.76244510034294,22697500,165.15575538635255,165.20563659667968
2019-04-09,176.87744140625,177.4814833312612,176.5035141740915,176.8966212881452,25631900,165.20323310852052,165.59046122233073
2019-04-10,177.8266143798828,177.88413938471143,176.91576766685506,177.10752255960398,24563000,165.25731437683106,166.01375554402668
2019-04-11,177.40480041503906,178.12389246059425,177.07881553224567,178.12389246059425,20654100,165.32810043334962,166.38041254679362
2019-04-12,178.1718292236328,178.28687926569566,177.4335573171454,178.19100910729819,24989100,165.39938751220703,166.76033198038738
2019-04-15,178.2006072998047,178.40195952096724,177.0117031181019,178.181427414464,21073000,165.48196411132812,167.1203140258789
2019-04-16,178.81422424316406,179.20733141086885,178.26770725928685,178.85256938222452,27195700,165.56065467834472,167.46468302408854
2019-04-17,179.43740844726562,180.18526291754938,178.9100860456281,180.01268786900548,29651600,165.64027030944825,167.8722356160482
2019-04-18,179.66754150390625,180.0510514042851,178.61286733291706,179.73466378295325,28580900,165.71555908203126,168.2802734375
2019-04-22,180.17568969726562,180.24281197295676,178.7470883243442,178.88133287572646,17936000,165.80291450500488,168.68003260294597
2019-04-23,182.46717834472656,182.68769577404592,180.37702481908477,180.63588738090903,33665600,165.89162979125976,169.08687896728514
2019-04-24,181.8918914794922,182.85068060522255,181.8343518427811,182.62056594826132,24977100,165.96465606689452,169.51667709350585
2019-04-25,182.630126953125,183.33963608896033,181.64257544092516,183.2533485890499,29517500,166.03384826660155,169.98334197998048
2019-04-26,182.7931365966797,182.83149635356963,180.81803338570708,182.34250454796722,26359500,166.10323616027833,170.38716735839844
2019-04-29,183.1479034423828,183.43554310695632,182.49591922735215,182.7931415164257,21716200,166.17868453979492,170.7573471069336
2019-04-30,181.72894287109375,182.0261798847852,180.45376579832836,181.6714178458521,31495300,166.23255836486817,171.1152030944824
2019-05-01,181.14405822753906,183.43557873473662,181.01942556498724,182.91782431195122,34797100,166.28279373168945,171.43013331095378
2019-05-02,180.3578338623047,182.02613230809348,179.16893000818325,181.08650837485283,44110100,166.33114601135253,171.70803349812826
2019-05-03,183.23423767089844,183.3684675979284,181.52759375724693,181.85357863289613,30386200,166.38868858337403,172.04200795491536
2019-05-06,182.11239624023438,182.36167612883392,179.063439424483,179.34149644442095,38371800,166.44224128723144,172.3938133239746
2019-05-07,178.56491088867188,180.8947616877094,176.9061949925244,180.1277273801796,58818100,166.48234329223632,172.68122940063478
2019-05-08,178.1143035888672,179.456602841524,177.33768654768969,177.9800736636015,37165300,166.52038291931152,172.96368865966798
2019-05-09,177.15553283691406,177.7691575068647,174.58596947339402,176.12962109107758,55351700,166.55091369628906,173.1904500325521
2019-05-10,177.37600708007812,178.22932890731892,173.56961267666537,176.52268525283733,58526400,166.5790222167969,173.41897201538086
2019-05-13,171.22056579589844,173.79011365999938,170.7219913484008,172.86008702695779,67185800,166.56435066223145,173.54155375162762
2019-05-14,173.0998077392578,174.1448991585301,171.4890487938966,172.121853220987,43360600,166.57226890563965,173.6839714050293
2019-05-15,175.54473876953125,175.98578830819102,171.9205161930218,171.95887595984325,40944500,166.6039860534668,173.86171442667643
2019-05-16,177.30885314941406,178.40188671829745,175.4104549144334,175.62138967720458,39281200,166.65647872924805,174.0693384806315
2019-05-17,175.49676513671875,177.932097847623,175.34336998663144,175.55430477670856,44702300,166.69352851867677,174.25680974324544
2019-05-20,172.53416442871094,173.71347139565063,171.94930225925904,173.05191894197864,38608300,166.7125742340088,174.3746472676595
2019-05-21,174.33660888671875,174.81600339568627,173.46410736920762,174.02020675520507,31613800,166.7291532897949,174.5124760945638
2019-05-22,173.55999755859375,174.56672898494654,173.30112041925506,173.36824267499318,24332600,166.73922950744628,174.6344907124837
2019-05-23,170.90420532226562,171.64247723407314,169.83994853562123,171.5657723288236,45351300,166.730977935791,174.71399663289387
2019-05-24,170.81787109375,172.43822702802444,170.60693631946808,171.82460258373905,25903300,166.7191512298584,174.79844411214194
2019-05-28,170.17550659179688,172.25607747621078,170.15632671070676,171.2972882411834,24763800,166.70306480407714,174.85304412841796
2019-05-29,168.77566528320312,169.7056919973142,167.87440107530475,169.1208299877182,42178800,166.68050308227538,174.88383458455402
2019-05-30,169.4851837158203,169.9645783518429,168.5263944437751,169.2263065159784,30354800,166.6681093597412,174.92437744140625
2019-05-31,166.7814178466797,168.06619216725213,166.70471293694865,167.4909272892177,45446200,166.64314956665038,174.93564783732097
2019-06-03,163.10923767089844,166.78140259490482,162.29427551071797,166.3307704351727,75842300,166.5944465637207,174.9196907043457
2019-06-04,167.70181274414062,167.759337752006,164.30769098047074,164.9404953269124,47797800,166.5792805480957,174.984423828125
2019-06-05,168.94827270507812,169.3317825815254,167.193686491902,169.30302007229005,34412700,166.56753662109375,175.01314697265624
2019-06-06,170.2905731201172,170.7028455087474,168.48804450200683,169.2358990074007,29913200,166.5623137664795,175.0489288330078
2019-06-07,173.57920837402344,174.27913509635215,170.9808975647131,171.20141500724603,45888300,166.57429626464844,175.11846567789715
2019-06-10,175.60227966308594,177.2322334111515,174.70102988081757,174.7393750211407,41385300,166.59325050354005,175.22650604248048
2019-06-11,175.8419189453125,177.7594971873768,175.24747437186005,177.4335123974165,41260300,166.61006858825684,175.31238123575847
2019-06-12,174.8256378173828,175.7269021020668,174.4996529658906,175.36255748571443,27758100,166.62304374694824,175.37454223632812
2019-06-13,175.86114501953125,176.29259731133791,175.20917526835046,175.55434002778875,23715800,166.6331945800781,175.44437408447266
2019-06-14,175.11326599121094,175.56389810384906,174.4421164500359,174.95985620181014,22844100,166.63074684143066,175.49039611816406
2019-06-17,176.16798400878906,176.65696137593181,175.30506470034334,175.49681967000913,20379500,166.63228660583496,175.50909271240235
2019-06-18,178.72792053222656,179.98393219978786,177.78829646568423,178.24852587254887,48177300,166.63648071289063,175.6345339457194
2019-06-19,179.39907836914062,179.80176814616874,177.92254918670415,178.96762608160796,31672900,166.64560241699218,175.77659505208334
2019-06-20,181.0673370361328,181.93982404485791,179.44698102998973,181.90147891599716,40922000,166.66192245483398,175.9331967671712
2019-06-21,180.7989044189453,181.94944864719704,180.41537992288568,180.85642943586336,39980400,166.68071075439454,176.10370152791342
2019-06-24,180.8046417236328,181.3427484199394,180.7085449583033,181.160173363198,19375200,166.7109588623047,176.2677495320638
2019-06-25,177.700927734375,180.78545265558577,177.4318743367859,180.67975205922502,33921100,166.7334999847412,176.35849685668944
2019-06-26,178.52731323242188,180.00712160647382,178.23905220321373,178.88285960562985,22595700,166.76350692749023,176.42498601277669
2019-06-27,179.2095489501953,179.6323513044119,178.7194905827039,179.17111903722534,19709200,166.79401977539064,176.4918192545573
2019-06-28,179.440185546875,179.8341471673086,178.79637815576933,179.6419682637758,21179200,166.81901733398436,176.54571736653645
2019-07-01,181.86166381835938,183.12046714451085,181.0160737210712,182.88023985256223,31025600,166.85869445800782,176.64109217325847
2019-07-02,182.5823516845703,182.60157397400374,181.28513306287329,181.80401757908993,18035800,166.8926872253418,176.7332982381185
2019-07-03,183.95645141601562,183.95645141601562,182.85139708775534,183.04359064905984,15792100,166.93612251281738,176.84089380900065
2019-07-05,183.58168029785156,183.91798967412706,181.9865677266779,182.69764571513463,21415600,166.9903057861328,176.95263112386067
2019-07-08,182.29408264160156,182.44781696337913,181.54456000975162,182.39016475992378,17598800,167.03090644836425,177.02708892822267
2019-07-09,183.20697021484375,183.43757906240737,181.27553314262477,181.4292821492087,19193500,167.0767385864258,177.1237917582194
2019-07-10,185.03269958496094,185.54198036058096,183.98531192659615,184.32163605946806,28374500,167.12207794189453,177.23813959757487
2019-07-11,184.8981475830078,185.78218229268697,184.31199238109642,185.31134616581954,23736100,167.1715550994873,177.3497652689616
2019-07-12,185.9647674560547,185.9743712701988,184.9269836983374,185.0999549891128,20211900,167.2239321899414,177.46894098917645
2019-07-15,186.56053161621094,186.59897619846416,185.878294235493,186.3971787974149,15606100,167.27809516906737,177.58765970865886
2019-07-16,185.59962463378906,186.50288171788375,185.03269166817634,186.3299250825357,20190900,167.32683311462404,177.68652776082357
2019-07-17,184.68675231933594,185.9263334452918,184.66753002915914,185.59961316153135,16765100,167.363563079834,177.76171213785807
2019-07-18,184.8981475830078,185.25367929714213,183.23577876275846,183.81231548873484,28877000,167.4015407562256,177.80222829182944
2019-07-19,183.543212890625,186.25298316206323,183.35103403347426,186.16650487569146,29387900,167.43093086242675,177.82975031534832
2019-07-22,185.0038299560547,185.39780621049383,183.9564425440857,183.9564425440857,18954900,167.4696279144287,177.8693120320638
2019-07-23,186.21458435058594,186.23380663971645,184.77322057431778,186.0128016328023,23786700,167.51342430114747,177.92633616129558
2019-07-24,187.52142333984375,187.53104181566238,185.48430054055024,185.50352282987677,20422900,167.58078948974608,177.99922815958658
2019-07-25,185.7437744140625,186.91608495697795,185.38822799543235,186.8872588503745,23434700,167.6499073791504,178.06614201863607
2019-07-26,187.6559600830078,187.9058058706915,186.82957754547022,186.92567433493494,20431200,167.73383460998537,178.1746737162272
2019-07-29,187.01214599609375,187.55025280840832,185.83023177173772,187.48299678802448,20451700,167.81177505493164,178.28557891845702
2019-07-30,186.20492553710938,186.9352110229462,185.44581395724651,185.58034061680345,18705000,167.92337509155274,178.33509038289387
2019-07-31,183.62973022460938,186.82954454374382,181.9193132429094,186.70463633427732,41627500,168.03226272583007,178.36037928263346
2019-08-01,182.71685791015625,187.35805058224778,181.83282330532583,183.94682037446893,63251600,168.11406410217285,178.4295783996582
2019-08-02,180.02633666992188,181.60222710301952,178.93090081596753,181.3427775248353,55214000,168.19248107910155,178.4614456176758
2019-08-05,173.66506958007812,176.33639527504997,172.19488006674138,176.2595207999485,75040000,168.21518592834474,178.40327123006185
2019-08-06,176.09619140625,176.61509051646485,173.99181285311735,175.2698090171339,41897200,168.24971267700195,178.38194096883137
2019-08-07,177.0474853515625,177.29731641609723,172.85792147533985,174.18398060301874,49990600,168.30860702514647,178.47905629475912
2019-08-08,180.90074157714844,180.95840843938927,177.3549993205726,177.84505768230036,38418100,168.38753074645996,178.60907185872395
2019-08-09,179.19992065429688,180.65088793320203,177.7969870944642,180.03590677353876,33608900,168.4537038421631,178.66999155680338
2019-08-12,177.14361572265625,178.63301324303544,176.32683704309096,178.09490644053577,24642900,168.51264915466308,178.66723759969076
2019-08-13,181.02566528320312,182.2652315743525,176.82649719606377,176.98984998405652,40241900,168.628843460083,178.7593859354655
2019-08-14,175.61573791503906,178.68104022154236,175.28903234729054,178.11410738415952,51000500,168.690694732666,178.81074549357098
2019-08-15,175.41395568847656,176.41329468141151,174.07829265223072,175.84636184251275,36685000,168.77253189086915,178.82870127360027
2019-08-16,178.22943115234375,178.68105964132582,176.90338645021248,177.00908704683192,32781400,168.88481323242186,178.90652516682943
2019-08-19,181.0640869140625,181.44845933497254,180.17044852727537,180.80465202504544,22494100,168.99843231201172,179.07585652669272
2019-08-20,179.66119384765625,181.26591044816558,179.61314545531425,180.61249923170894,19902900,169.08642761230467,179.2232452392578
2019-08-21,181.25628662109375,181.83282327860672,180.61247928926758,181.23706433381724,20418500,169.1717098236084,179.40792490641277
2019-08-22,180.67013549804688,182.0538469664786,179.247979454209,181.59260003546171,24243700,169.26684928894042,179.60616607666014
2019-08-23,174.95272827148438,181.08331840805207,174.46265524269438,179.4401720448287,55372400,169.33540588378906,179.69729181925456
2019-08-26,177.5952606201172,177.64329435439,175.92327319022377,176.94183468364966,27598900,169.41106735229494,179.87752253214518
2019-08-27,177.220458984375,179.13267337945953,176.5286179189306,178.8347939032368,28012800,169.45937461853026,180.11270955403646
2019-08-28,177.85467529296875,178.15255479059786,175.75990033395735,176.64393501354743,21792400,169.51619705200196,180.28192392985025
2019-08-29,180.57403564453125,181.0929347675049,179.3825030865077,180.06475499639996,25358900,169.60064476013184,180.4756866455078
2019-08-30,180.14161682128906,181.58298036464242,179.12305559662198,181.54453579259376,26319800,169.70769493103026,180.639870707194
2019-09-03,178.39280700683594,179.86299707378518,177.79704792834502,178.94053234981945,27964200,169.80533294677736,180.72009735107423
2019-09-04,180.9679718017578,181.12172074208206,179.59386447385708,180.1127634818749,21592100,169.92190673828125,180.8095255533854
2019-09-05,184.28309631347656,184.81159910837144,182.89938523677196,182.96665589353373,33932600,170.0412661743164,180.95021184285483
2019-09-06,184.10057067871094,184.65789971536665,183.69699061678287,184.59064370286657,19487800,170.16252853393556,181.10479405721028
2019-09-09,183.71621704101562,184.75400065033142,182.78413402141652,184.6771261612366,24407600,170.30782653808595,181.23571192423503
2019-09-10,183.1876678466797,183.28376459936598,181.5252995938092,182.72643569085844,23744700,170.46431930541993,181.37028528849285
2019-09-11,184.90774536132812,185.0038421436764,183.11084989743637,183.53365228007218,25063600,170.62363861083983,181.5159479777018
2019-09-12,185.67645263671875,187.09860859532188,185.42662156078995,186.04160276964504,28689900,170.7923365020752,181.63175684611002
2019-09-13,185.01341247558594,185.83979480237753,184.77318522549893,185.40738868468247,27669800,170.94015991210938,181.72532908121744
2019-09-16,184.18704223632812,184.57141465907694,183.63933169458554,183.82190676260262,20319000,171.08122711181642,181.77732416788737
2019-09-17,185.0711212158203,185.0711212158203,183.81231782414324,184.20629412240146,20953400,171.2016162109375,181.84852778116863
2019-09-18,184.99424743652344,185.07112193372407,182.67845269365492,184.68674944772098,29781300,171.3242453765869,181.91835454305013
2019-09-19,185.30169677734375,186.4547846992461,184.9461651225202,185.32091906369618,26039400,171.4425904083252,182.0450340270996
2019-09-20,183.34146118164062,185.75333777011406,182.72647993752778,185.5611588805118,29086100,171.53701026916505,182.12526982625326
2019-09-23,183.42230224609375,183.97113193483568,182.67128297130228,183.28750429143565,22485900,171.6633745574951,182.1954823811849
2019-09-24,180.9863739013672,184.66444225144585,180.19683221269815,184.26004822501088,40820700,171.77197662353515,182.22125218709309
2019-09-25,183.01791381835938,183.49933719813458,179.29170156029966,180.8033633330184,34704900,171.91702766418456,182.24052302042642
2019-09-26,182.34397888183594,182.94093935094796,180.9959841978062,182.77725711560691,26826000,172.05064514160156,182.23655014038087
2019-09-27,180.08123779296875,182.7772118007516,178.84879505087542,182.68092124295075,40773500,172.1703722381592,182.1719632466634
2019-09-30,181.79513549804688,182.08399252971552,180.4375177335195,180.81302746712507,26307700,172.29179763793945,182.1421875
2019-10-01,180.31234741210938,183.50899155719225,180.01386721663323,182.459491937009,32367600,172.405570602417,182.10915857950846
2019-10-02,177.21200561523438,179.11843869411956,176.22027431159992,179.08955445746074,48544300,172.52302360534668,182.0092425028483
2019-10-03,179.1569366455078,179.2917346290321,175.06483716266814,177.19272066629293,39392500,172.66761756896972,181.91131312052408
2019-10-04,181.79513549804688,182.05510829573655,179.93684788329807,180.12941434045084,31887600,172.82067878723146,181.8595962524414
2019-10-07,181.246337890625,182.69060849677842,180.92859659424562,181.27522212739765,21216000,172.98955741882324,181.78095575968425
2019-10-08,178.53109741210938,180.88044655381077,178.38667623203756,180.11016597904114,32379300,173.15554817199708,181.64713185628256
2019-10-09,180.2738494873047,181.09227535850673,179.50356890709335,180.04277559755735,20147400,173.35277427673338,181.5583689371745
2019-10-10,181.66995239257812,182.39208759282994,180.16791352675492,180.32197256219274,25177700,173.5744423675537,181.5080889383952
2019-10-11,184.00965881347656,185.47319011313274,183.63414913634045,183.74006287562895,40976700,173.76493347167968,181.49328079223633
2019-10-14,183.9904327392578,184.57777000662233,183.56677770156804,183.74972098528676,14975000,173.95250495910645,181.5007344563802
2019-10-15,186.3301544189453,186.7634326279307,184.4429678460117,184.5585047839067,23234200,174.15215789794922,181.52283986409506
2019-10-16,185.86795043945312,186.33975068751613,185.28061327018165,185.69464505764043,20457100,174.34332695007325,181.51706263224284
2019-10-17,186.35903930664062,187.27374101590027,185.6465272394059,186.9848839782711,19045200,174.5339845275879,181.4976895650228
2019-10-18,184.568115234375,186.47454788578938,183.6245294340414,186.02200869043125,27700800,174.73990074157715,181.47809524536132
2019-10-21,186.2049560546875,186.3301308494928,185.00139746425907,185.55022723359556,15801200,174.92332778930665,181.45391184488932
2019-10-22,184.72215270996094,187.19666118882716,184.66436956445943,186.93668845563394,22392300,175.09044052124023,181.41574529012044
2019-10-23,185.0784149169922,185.11692232495065,184.0481617786177,184.34665663077038,14828400,175.25249145507811,181.3969701131185
2019-10-24,186.87896728515625,186.99451891352024,185.5791326740632,186.3975437939635,18998500,175.41732429504395,181.4511240641276
2019-10-25,188.37135314941406,188.46764370912175,185.87758338687797,185.91609079563506,21507100,175.58741806030272,181.54536565144858
2019-10-28,190.2296905517578,190.48002548493113,189.2475824892051,189.2475824892051,18818700,175.7696266937256,181.71542154947917
2019-10-29,188.75650024414062,190.2007705974504,188.72761601242465,189.91192828029068,18569700,175.95126441955566,181.9669453938802
2019-10-30,189.6712188720703,189.98896011670584,188.03436736481856,189.12238907900584,21764300,176.1225936126709,182.19319585164388
2019-10-31,189.75784301757812,190.30665803619067,188.66019828847726,190.2200053530217,26801800,176.29449951171875,182.40503514607747
2019-11-01,191.4813232421875,191.49096111222462,190.287402707591,190.57624497120304,22131900,176.46889770507812,182.5813781738281
2019-11-04,192.66567993164062,193.0796970666634,191.48136760892285,192.75233263080187,19015900,176.6414656829834,182.8058074951172
2019-11-05,192.77157592773438,193.09894033344315,192.13609347532764,192.90637390019546,15048900,176.83040229797362,183.06627349853517
2019-11-06,192.33831787109375,192.56940644790797,191.40435507447103,192.55014539353684,19725500,177.0161675262451,183.25481770833332
2019-11-07,192.98338317871094,194.2254638174663,192.42494494589067,193.30112439579077,17832400,177.20013374328613,183.54427846272787
2019-11-08,193.75369262695312,193.77295368017536,192.12647888882643,192.63680130200342,15258800,177.37862022399904,183.8499407450358
2019-11-11,193.4937286376953,193.5707434644845,192.51162063953097,192.77159342854944,10147600,177.56556884765624,184.104345703125
2019-11-12,194.05215454101562,194.6972748821614,193.35891830104833,193.6573984843942,14778300,177.76267845153808,184.32081349690756
2019-11-13,194.10028076171875,194.28322400241683,193.25298557746737,193.3781456696218,15774600,177.94036178588868,184.56146494547525
2019-11-14,193.9462432861328,194.07141808406334,192.78120676896205,193.3685439634302,16945400,178.10540740966798,184.7729642232259
2019-11-15,195.37127685546875,195.37127685546875,194.49508261072606,195.12092724732602,18427900,178.2809758758545,185.01798324584962
2019-11-18,195.52536010742188,195.8334635277599,194.27365598732567,195.0631829390945,18365900,178.4473614501953,185.36086044311523
2019-11-19,195.81414794921875,196.2666871181067,195.06312862465498,196.2666871181067,16923300,178.6080130767822,185.6645085652669
2019-11-20,194.63949584960938,195.89119976371717,193.16634126121323,195.30386256435233,36629000,178.7652317047119,185.95482584635417
2019-11-21,194.2062225341797,194.56248588819105,193.59963895972027,194.42767321400208,17883600,178.9312424468994,186.22735163370768
2019-11-22,194.33140563964844,194.80320594383429,193.28190596882317,194.68765431700336,17189600,179.09629974365234,186.4566411336263
2019-11-25,196.6326141357422,196.67112155104513,195.14019835783736,195.16908259228438,17752800,179.27362907409668,186.7314910888672
2019-11-26,197.0081329345703,197.25846787524867,196.46894094426008,196.75779799389196,14780600,179.44092048645018,187.0417465209961
2019-11-27,198.38499450683594,198.39463237988602,197.27772630517123,197.51843806134875,16963100,179.6145220184326,187.3320302327474
2019-11-29,197.47991943359375,198.18279360800273,197.38362885983744,197.88431339798845,9854600,179.78259330749512,187.55197728474934
2019-12-02,195.45791625976562,197.55691540198117,194.28324189310058,197.48952376028853,28007000,179.93710914611816,187.74126637776692
2019-12-03,193.92701721191406,194.00404673470757,191.82800311845938,192.7716037537702,31104100,180.08234344482423,187.91144638061525
2019-12-04,194.90908813476562,195.37126521832522,194.62986900217453,194.9187260064299,15300100,180.2326318359375,188.10680338541667
2019-12-05,195.29425048828125,195.60235387543372,194.34102670964222,195.60235387543372,14962300,180.3878606414795,188.27991180419923
2019-12-06,197.3836212158203,197.52804237898303,196.56519544622293,196.71925448151535,16555300,180.54745918273926,188.47503128051758
2019-12-09,196.48817443847656,197.95169115207392,196.40150705142744,197.02736635315748,13984100,180.69956565856933,188.66627731323243
2019-12-10,196.32447814941406,197.2680786949307,195.88157680034757,196.58445092761787,21799800,180.84999244689942,188.86856791178386
2019-12-11,197.36436462402344,197.56656894889946,196.45928613607296,196.76740421362146,18780800,181.00614501953126,189.07345530192057
2019-12-12,198.8374481201172,199.61736621530486,196.89250854628028,197.16210442170072,32612000,181.1715771484375,189.3041753133138
2019-12-13,199.49221801757812,200.18546884435995,198.30792064344058,198.7315608670292,32519400,181.33454071044923,189.54068400065105
2019-12-16,201.4949951171875,201.745330047258,200.73433776232682,200.8017441041992,21296600,181.50737449645996,189.84324289957684
2019-12-17,201.61050415039062,201.91862219879607,201.2735018714318,201.75492530315745,15996100,181.68016395568847,190.14637959798176
2019-12-18,201.7645721435547,202.32302511220638,201.55274464882893,201.78383319540552,15443300,181.85846084594726,190.49268290201823
2019-12-19,203.0259246826172,203.09331633472368,201.831989080168,201.85125013443258,17865900,182.05325714111328,190.82614974975587
2019-12-20,203.8443145751953,204.6242181787235,203.4206596073832,203.98873572700532,27672600,182.25338958740235,191.18448867797852
2019-12-23,204.3827667236328,204.71084090811397,204.2090855872833,204.5661066278227,23774700,182.4391790008545,191.58951416015626
2019-12-24,204.48887634277344,204.6529134079316,204.02571199857812,204.56607285409416,7089000,182.62090507507324,191.96774317423504
2019-12-26,206.29330444335938,206.31260725265145,204.78800924062665,204.81695609270002,17067500,182.8053366088867,192.40075912475587
2019-12-27,206.11962890625,207.03631360207063,205.5696092545197,207.01701079225646,18134100,182.99033546447754,192.88255284627277
2019-12-30,204.7687530517578,206.138958250341,203.7555689001787,206.0135120559961,21815500,183.16073219299315,193.3094164530436
2019-12-31,205.15472412109375,205.29945840623915,203.7941629457993,204.1125930968511,18170900,183.33102592468262,193.6987429300944
2020-01-02,208.5802459716797,208.5802459716797,206.47668109608105,206.88195182101686,30969400,183.51557098388673,194.15430806477863
2020-01-03,206.6696319580078,207.9144055144495,205.80119693274173,205.82049974238066,27518900,183.68715942382812,194.62328364054363
2020-01-06,208.00125122070312,208.03019807401319,204.7976767566402,205.04855439323734,21655300,183.85193473815917,195.0854070027669
2020-01-07,207.9722900390625,208.56090055536444,207.31614177760017,208.0784334017966,22139300,184.03578895568847,195.523779296875
2020-01-08,209.53553771972656,210.49082825247464,207.61532733272767,207.94340155554627,26397300,184.2290895843506,195.94921061197917
2020-01-09,211.3109893798828,211.71626006069636,210.07587452681383,211.26273971517705,23547000,184.4272883605957,196.40455322265626
2020-01-10,210.77064514160156,212.16015323919683,210.39432125881387,212.14086514942605,21898500,184.62829849243164,196.81189473470053
2020-01-13,213.20228576660156,213.23123262518786,211.30136352619397,211.639096508011,22756900,184.8395011138916,197.267466990153
2020-01-14,212.36277770996094,213.45315836128472,212.03470352727763,213.0961225989704,24418100,185.04003456115723,197.70086263020832
2020-01-15,212.44960021972656,213.4434814510854,211.75484628972598,212.47854707316574,25742100,185.22959274291992,198.16555404663086
2020-01-16,214.48561096191406,214.52421658207058,213.05751221445357,213.51103254704745,18805000,185.4260230255127,198.63689829508465
2020-01-17,215.5470428466797,215.7207239647326,214.33121612538972,215.45054352083037,24325200,185.62272674560546,199.15064646402996
2020-01-21,215.45059204101562,215.99095305051117,214.85233731246458,214.94882193631264,21146300,185.81928382873537,199.656849416097
2020-01-22,216.0198516845703,217.25496649446433,215.74967124013912,216.540924487209,20736400,186.01413314819337,200.1425308227539
2020-01-23,216.714599609375,216.81109893274322,214.89087429805969,215.89441425566307,26496100,186.21020256042482,200.61491826375325
2020-01-24,214.890869140625,217.95936792059004,213.89698797344954,217.72777838430218,37436500,186.40026969909667,201.02593790690105
2020-01-27,210.4521942138672,211.59080971512762,209.564441627189,210.03726477403606,42264400,186.5633975982666,201.38753280639648
2020-01-28,213.68472290039062,214.17684887440697,211.3785302413386,211.9381939679523,26731900,186.74479721069335,201.78775787353516
2020-01-29,214.03208923339844,215.11281101105197,213.0864576779516,214.87157741970216,28924500,186.9240985107422,202.19232864379882
2020-01-30,214.79441833496094,214.89090294746305,211.98645550110226,212.6522626394122,39568100,187.10706756591796,202.58088022867838
2020-01-31,211.38816833496094,215.72071400417116,210.63550602029494,215.6917671524989,52015800,187.26993728637694,202.89292170206707
2020-02-03,214.5821533203125,215.07426464801958,212.27596029843875,212.42069459372524,25408600,187.44566101074219,203.25643132527668
2020-02-04,219.49362182617188,219.8699456406729,216.77249984152587,217.51550342739253,30691200,187.64479141235353,203.709019724528
2020-02-05,220.21731567382812,222.17613120098076,218.8953603430965,222.1375403059232,38534800,187.84499954223634,204.1629185994466
2020-02-06,222.11825561523438,222.176149324408,219.985744077045,220.76733859835025,22467100,188.04325492858888,204.63566131591796
2020-02-07,221.16293334960938,222.3594571536639,220.52607319307737,221.12434245696892,25884900,188.23961013793945,205.0968147277832
2020-02-10,223.8358154296875,223.84545947234676,220.37170475394197,220.429598457356,21478900,188.44563858032225,205.59320907592775
2020-02-11,223.87445068359375,225.8139784746463,223.28584004270567,225.07097477824246,30198000,188.65104515075683,206.0894452412923
2020-02-12,226.05519104003906,226.1613344153498,224.63673626258208,225.19639999388144,24471300,188.86558158874513,206.62459437052408
2020-02-13,225.7657012939453,226.69203006669883,224.2121563309873,224.4823367833513,22773200,189.08576538085939,207.13116811116535
2020-02-14,226.4121856689453,226.62447239481813,225.36041080585753,226.12270243150698,23438500,189.3121060180664,207.64594853719075
2020-02-18,226.49900817871094,226.92358159663237,225.07090963784344,225.312143195869,24394500,189.54281188964845,208.15736287434896
2020-02-19,228.670166015625,229.1429892053056,227.57980007934378,227.84998055238086,22230500,189.76999153137206,208.72454071044922
2020-02-20,226.54733276367188,228.6412389730281,223.74902845455117,228.16843046610646,42604000,189.99216621398926,209.2635592142741
2020-02-21,222.1954345703125,225.80427957833365,221.27874989215798,225.4183117318674,66017200,190.21031883239746,209.72795969645182
2020-02-24,213.62681579589844,216.38652863409405,212.53643526554671,213.90664027979352,84522600,190.38788139343262,210.01119639078777
2020-02-25,207.81793212890625,216.1356772739086,207.21003342483664,215.42162046543947,97743000,190.54119338989258,210.19135971069335
2020-02-26,208.8889617919922,212.5557148775158,207.36436391397925,209.1109072700183,79537700,190.69875816345214,210.36642583211264
2020-02-27,198.42909240722656,208.83108316911995,198.29400219176284,203.50464161533938,121822600,190.8348007965088,210.3822453816732
2020-02-28,198.58351135253906,199.90546682811066,191.2210568394317,191.67457720562786,148173700,190.9622193145752,210.4343386332194
2020-03-02,208.8311004638672,208.9758494576776,198.71859210440334,201.5555015878146,112933900,191.12865112304686,210.68274002075196
2020-03-03,202.13446044921875,211.90925094519767,200.33968181891154,209.49691486810363,131953500,191.2527791595459,210.80316289265951
2020-03-04,210.5679931640625,210.67413654065027,203.95818640798947,205.83982033147532,73086200,191.42813529968262,211.0577252705892
2020-03-05,204.17047119140625,208.77321251542494,202.73272832317946,205.23190494704355,78705500,191.58631683349608,211.17083943684895
2020-03-06,200.7256317138672,201.81599743088321,195.79481698689693,197.49309600786486,89828400,191.71826194763185,211.24146372477213
2020-03-09,186.7823486328125,194.10619679349955,185.373538007626,186.69549335154022,116424000,191.78437370300293,211.0824282328288
2020-03-10,196.95274353027344,197.13608340583323,186.8884709732532,194.05794058664512,100599200,191.91461639404298,211.07556788126627
2020-03-11,188.37449645996094,193.71058256261676,185.97180448155532,192.35968027981679,89168800,192.00239952087404,210.90118535359701
2020-03-12,171.1021728515625,184.09018147664887,170.7354930723059,175.70489928403467,137820700,192.00703285217284,210.42801793416342
2020-03-13,185.595458984375,187.6604177891488,171.88375088162442,180.51026584484305,134882000,192.0911318206787,210.16302566528321
2020-03-16,163.36338806152344,178.20406832166154,163.22829784175232,168.04331081509645,92054400,192.06052284240724,209.52557373046875
2020-03-17,175.75311279296875,177.92421472065797,163.8265256145802,169.31700351195508,121257100,192.10538131713867,209.092049407959
2020-03-18,170.40736389160156,172.93548646180741,160.9510069920394,165.59233754671985,114156300,192.1418719482422,208.54840672810872
2020-03-19,171.43023681640625,177.0558057342062,165.61168397711026,169.52931500602483,120896500,192.1605140686035,208.00817209879557
2020-03-20,164.7142791748047,176.4575276328836,164.13532743920163,175.3671619051533,118983900,192.13934410095214,207.34703063964844
2020-03-23,164.833251953125,168.45946731437274,159.4857794590389,165.2780594412442,124639800,192.1120574951172,206.68610356648762
2020-03-24,177.5975341796875,177.76192084536183,172.07601020978743,173.97131867334846,94881800,192.1321491241455,206.20784072875978
2020-03-25,176.2824249267578,183.2544202977152,174.03899919930456,178.33244069107238,88754900,192.13554985046386,205.71055399576824
2020-03-26,185.56552124023438,186.3584607471608,177.54917431919645,177.80058660536167,79887600,192.18416786193848,205.39050013224283
2020-03-27,179.18338012695312,184.2213934241935,178.56450666754816,180.75956493857885,58845000,192.20595657348633,204.95764439900717
2020-03-30,185.70089721679688,186.1360548585684,180.1890528904723,180.8852874111773,49356900,192.25515533447265,204.57632191975912
2020-03-31,184.1150360107422,188.80494712957645,182.9546500421454,185.3914709047743,62659300,192.30016418457032,204.20041198730468
2020-04-01,176.29208374023438,181.4654902272188,174.8899500841224,178.67088751079135,53715400,192.30078468322753,203.67192586263022
2020-04-02,179.8699493408203,183.82495283753354,174.99632231094873,175.25741395249258,56465300,192.3064948272705,203.20355351765951
2020-04-03,177.31707763671875,180.89495498438234,175.3057352362026,179.42512500802303,47487600,192.2960848236084,202.6665791829427
2020-04-06,189.9943389892578,191.12571639948365,182.94498289320208,184.19239447213582,64763500,192.340719833374,202.3113016764323
2020-04-07,189.91693115234375,195.9703012165904,189.53014084857205,195.68986570451727,69904500,192.38630996704103,201.96373977661133
2020-04-08,193.9492950439453,194.52948050098342,189.69452791681093,191.60916500871403,45940400,192.45203323364257,201.6428565979004
2020-04-09,194.22976684570312,196.5118656553786,192.46017196422903,195.67058840627598,68252600,192.5346774291992,201.34063975016275
2020-04-13,196.32809448242188,196.7052202149705,192.18937601826093,193.39811423221227,42853900,192.62368133544922,201.07194798787435
2020-04-14,204.86666870117188,205.48554221457852,199.60623645966132,200.3894966362266,63959600,192.7519669342041,200.91163228352863
2020-04-15,202.51686096191406,204.83764756079572,200.2831147423823,201.59822272188296,47036000,192.8673503112793,200.69446258544923
2020-04-16,206.21075439453125,207.2937791918744,202.76827007002805,204.70225135391578,64657400,192.98909576416017,200.54046529134115
2020-04-17,208.1834259033203,209.36315576375395,205.07939395070474,209.03438245972686,62863200,193.1171011352539,200.40985819498698
2020-04-20,205.71759033203125,208.75394029632267,205.55320369682732,206.3171197963169,38249100,193.22590682983397,200.22657470703126
2020-04-21,198.12673950195312,204.18977579882747,196.90833643604736,203.6482633250916,72932800,193.29863212585448,199.94717254638672
2020-04-22,204.0060272216797,205.34047909663883,201.453172388132,202.19775935148962,40089100,193.40719184875488,199.83973642985026
2020-04-23,203.57086181640625,207.36146313398052,203.164727541856,204.79892923405626,43278500,193.5090113067627,199.67117207845052
2020-04-24,206.78131103515625,207.2261332995007,202.58457446573186,204.00605213523187,34231900,193.61775436401368,199.5503257751465
2020-04-27,208.44448852539062,209.4791755356954,207.41948086422113,209.0536973166955,36451700,193.73548606872558,199.44449361165366
2020-04-28,204.51856994628906,210.1464639180439,204.2381490849467,210.1464639180439,46862800,193.82825508117676,199.3300003051758
2020-04-29,211.77093505859375,212.70891709291465,208.03835086416044,209.05369391477745,48716400,193.95430709838868,199.28314666748048
2020-04-30,211.6839599609375,212.7766495334856,210.17545667096348,212.68962390255064,43359500,194.08472877502442,199.15298563639323
2020-05-01,205.71759033203125,209.51785639581223,204.69256787794438,207.4194885157066,48795000,194.1898829650879,198.91132354736328
2020-05-04,208.11575317382812,208.3381569178671,204.15108514385525,204.47987321712668,32841000,194.305970993042,198.67794850667318
2020-05-05,210.47520446777344,212.87333733118777,209.6919443423713,210.26246532814477,37783100,194.44063095092773,198.49981969197592
2020-05-06,211.77093505859375,213.74358933127684,210.91031404056895,212.1577253849692,36455200,194.57446647644042,198.2987383524577
2020-05-07,214.4978485107422,215.3777986876288,213.14405290265455,214.4978485107422,38624800,194.71588279724122,198.14246164957683
2020-05-08,217.43751525878906,217.57289335778523,215.1360728207483,216.17075988494517,31852300,194.86546325683594,197.99883371988932
2020-05-11,219.38119506835938,220.40620294149713,215.88069314195872,216.1127762426178,35714100,195.03365036010743,197.8924252827962
2020-05-12,214.78799438476562,220.57061006272218,214.75898584082177,219.98074507734898,41054100,195.16931053161622,197.69868876139324
2020-05-13,212.0997314453125,217.19577644197017,209.5565559995538,215.31014757378958,65521200,195.2947484588623,197.45870081583658
2020-05-14,214.50759887695312,214.546272021743,208.86037541055657,210.77501331253208,51549300,195.43626182556153,197.22265803019206
2020-05-15,215.90003967285156,215.95805675993353,211.12310276832198,211.5582456765453,55747200,195.59761337280273,197.04520314534506
2020-05-18,219.9226837158203,221.1314220682709,218.0273902420376,218.8106503336085,42398100,195.78364250183105,197.00732396443684
2020-05-19,219.3715057373047,222.26281317551988,219.22646303768968,220.18377436536215,36237300,195.98036834716797,197.10306879679362
2020-05-20,223.7519989013672,224.10978077298142,221.90504294634235,221.92438689362402,37417000,196.2308029937744,197.36863657633464
2020-05-21,221.315185546875,224.47724967820952,220.8026815896846,223.80035905127022,43642900,196.45689796447755,197.57574030558268
2020-05-22,222.07908630371094,222.28214608657132,219.990382863648,220.90902107183743,28762400,196.6820559692383,197.96990687052408
2020-05-26,221.47955322265625,225.8600348619228,221.23780553697372,225.65696031370206,33055300,196.88495002746583,198.35150756835938
2020-05-27,222.6883087158203,222.8043576473141,216.54792588200723,221.14113226195565,55665600,197.10239196777343,198.58246103922525
2020-05-28,222.39817810058594,225.76330132819297,221.48920455658094,221.54722163298877,42784300,197.3286647796631,198.92018966674806
2020-05-29,225.65695190429688,225.88903498574203,221.20878875146198,222.77532372977902,50691800,197.55182121276854,199.17167231241862
2020-06-01,226.33383178710938,226.7109575547522,224.34183338596483,224.78665558233905,25776000,197.80541168212892,199.54106165568035
2020-06-02,227.85205078125,227.91006786941435,224.35153399254187,226.75934643712495,33383400,198.06760215759277,199.99316864013673
2020-06-03,228.8770294189453,229.63128097885252,227.5812654319362,228.46121574842326,37228700,198.32084014892578,200.69474665323892
2020-06-04,227.2718048095703,229.940693615642,225.96636156724597,228.52889556975194,38716100,198.55187873840333,201.2000643412272
2020-06-05,231.77798461914062,232.3678494889459,227.8520050534325,228.42252597936218,47365600,198.81246269226074,201.92345581054687
2020-06-08,233.57659912109375,233.7022978746306,230.0567536750361,231.63293843252703,32937300,199.07406425476074,202.9646962483724
2020-06-09,235.26885986328125,236.11980171670766,232.53227418366006,232.71600479278536,35046300,199.34705787658692,203.79258626302084
2020-06-10,238.09243774414062,239.63962867787012,236.4388772492784,236.96106046033228,58084400,199.66275642395019,205.03807042439777
2020-06-11,226.295166015625,235.5492592712308,226.23714893488562,234.1664696632523,72919400,199.90625595092774,205.88043797810872
2020-06-12,228.0937957763672,232.46458359073958,224.0904544343747,231.19782799716617,72034800,200.1606226348877,206.84187850952148
2020-06-15,230.8690185546875,231.54590906120876,223.8293277766536,224.76730989108535,45307400,200.42569435119628,207.83252487182617
2020-06-16,234.83370971679688,236.32286898067343,231.20749440155979,235.7330040325239,48890100,200.69699272155762,209.00118204752604
2020-06-17,235.57827758789062,237.3962248870717,234.7176564259585,236.3325291790173,34749300,200.97417602539062,210.18026580810547
2020-06-18,236.21652221679688,236.45826992782233,234.4856150981026,235.25919596929666,30578600,201.26329460144044,211.1572489420573
2020-06-19,236.1778106689453,238.8466996528226,234.44688907661762,238.5856080359422,49422100,201.53934379577638,212.15550537109374
2020-06-22,239.0102081298828,239.13612547770188,235.75546861736825,236.0460584821556,24068700,201.81297935485838,213.0462501525879
2020-06-23,241.0443878173828,243.28201824482744,240.05635281095584,240.60848828151623,32767400,202.09769844055177,214.0772669474284
2020-06-24,236.07513427734375,241.5190679090298,234.5736892463909,240.28884994138588,46032400,202.3594930267334,214.91683756510417
2020-06-25,238.32247924804688,238.62276533954574,233.5856716073336,236.16234384530514,36940800,202.63516708374024,215.82029495239257
2020-06-26,232.69448852539062,238.25467350406603,232.17139714448396,238.0803047835078,52824600,202.87410079956055,216.76033503214518
2020-06-29,235.23240661621094,235.2421028000898,229.91440449709287,232.45232150431107,34377800,203.121880569458,217.68304265340169
2020-06-30,239.8433074951172,240.38576170889522,234.98056759743204,235.1646177301286,38909200,203.39603004455566,218.725146484375
2020-07-01,242.6427001953125,243.64043136033214,239.33952450724018,239.88197856424915,34689200,203.68830833435058,219.60261917114258
2020-07-02,244.2894744873047,246.3043146844653,243.8245159128112,245.0934742857462,31956500,203.984400100708,220.50882822672526
2020-07-06,250.29531860351562,250.81838050502444,247.42802652286989,247.44740411281217,34589000,204.31090545654297,221.44792861938475
2020-07-07,248.57098388671875,252.7072335133425,248.27069783964012,250.0433846972024,36578200,204.62725189208984,222.35361557006837
2020-07-08,251.84510803222656,251.87416701948237,248.46445108149072,249.8980967630213,30426300,204.96977012634278,223.27889912923177
2020-07-09,253.96652221679688,254.63490853635005,249.55907463044298,253.76310929044368,40312900,205.3224912261963,224.09723002115885
2020-07-10,255.70042419433594,255.95228844806752,251.13798601027793,253.82119759695118,32885300,205.69606147766115,224.9836227416992
2020-07-13,250.44053649902344,261.3380995163329,249.61715915874262,258.54831865405663,64108100,206.03317459106447,225.72078577677408
2020-07-14,252.21324157714844,252.62009701403215,244.84164362678942,247.9123335256907,72230500,206.38252090454102,226.45461603800456
2020-07-15,252.72662353515625,254.46055541035847,249.42344710001478,253.62748177341237,54523900,206.74574783325195,227.23809992472331
2020-07-16,251.00238037109375,251.6417076841719,247.61202706817122,249.93683484929684,47594100,207.0917840576172,228.11936060587564
2020-07-17,251.29302978515625,252.15513292727434,249.11351668766693,251.4576875536162,35137900,207.4466874694824,228.90747731526693
2020-07-20,258.4223327636719,259.05196369470207,250.68265241066942,251.93221809237494,40610100,207.8527391052246,229.82166849772136
2020-07-21,255.7294921875,260.0013406611979,254.88675199990922,259.99164447831834,43243800,208.23560188293456,230.6374715169271
2020-07-22,256.63031005859375,257.5602566230333,254.3248655717379,256.2234843029889,29865500,208.6097777557373,231.44056854248046
2020-07-23,249.92713928222656,256.93062080320516,248.51285649821116,256.22350897272884,51363500,208.95318176269532,232.19737803141277
2020-07-24,247.55386352539062,248.88093970128128,243.44670288265817,246.08147765194605,54054500,209.2982955932617,232.79376017252605
2020-07-27,251.9710693359375,252.35853239805087,248.41605805008814,249.20068035836712,36445700,209.6567816925049,233.4652119954427
2020-07-28,248.7647705078125,251.70954304474122,248.474180596273,251.1864516424328,31302400,209.99225578308105,234.1826649983724
2020-07-29,251.63197326660156,252.49410573645636,249.8302571174893,250.3048970480883,27556900,210.33036735534668,234.90793533325194
2020-07-30,252.9494171142578,253.51123407380072,248.51288116822886,249.66560363707472,41774500,210.6751622772217,235.61583887736003
2020-07-31,257.46343994140625,257.6184310694604,252.67819602329848,257.5796758970631,53686300,211.030828704834,236.37738062540691
2020-08-03,260.9410095214844,261.68687672360056,259.47830454900173,259.6042367071015,32081600,211.40619400024414,237.15143330891928
2020-08-04,261.90960693359375,262.0064800706221,259.69133921022785,260.43720619843725,24911300,211.7839468383789,237.89263483683268
2020-08-05,262.55865478515625,263.0139320174484,261.5028053659122,262.39399702372083,21612100,212.1738995361328,238.61225916544598
2020-08-06,266.0361633300781,266.36550835066623,261.7255599540695,262.36488719222217,28048200,212.57305557250976,239.4663953145345
2020-08-07,262.9655456542969,266.26872268917197,260.81509135094717,265.49376689066605,44969400,212.96427253723144,240.31415888468425
2020-08-10,261.8417053222656,263.4594004418635,258.3157548920985,263.2559580535976,35088400,213.3480889892578,241.1030606587728
2020-08-11,256.88226318359375,261.96779381935687,256.3398089473688,260.6794428371685,43104300,213.69810546875,241.78609771728514
2020-08-12,263.3432922363281,264.29260193055796,258.9939621615096,259.04241352353876,38773400,214.07296516418458,242.5097745259603
2020-08-13,263.9438781738281,266.2202347679171,263.0042647207203,264.118232118973,31895700,214.44153610229492,243.25264739990234
2020-08-14,263.6338195800781,264.83496360319526,262.2389292996389,264.5637365798614,30799500,214.81592269897462,243.9173444112142
2020-08-17,266.69488525390625,267.19858424651596,263.67263217517814,265.3484164637549,24803000,215.2010410308838,244.6736727396647
2020-08-18,269.2618713378906,269.7365113597121,266.29773612438555,267.760440925066,23529500,215.59856117248535,245.46005249023438
2020-08-19,267.4504699707031,270.27897697672944,266.93707475348714,269.2231275511923,31999400,215.97840690612793,246.22623443603516
2020-08-20,271.1604919433594,271.6448282042784,266.2493151628709,266.65617062912025,27723400,216.37088096618652,247.03410415649415
2020-08-21,273.0397033691406,273.4949806108015,270.7051991777764,271.35422273732866,34748900,216.77222160339355,247.8781295776367
2020-08-24,274.7445373535156,277.04028604297747,272.4584552854992,276.31378179636124,36418500,217.18425270080567,248.69625600179037
2020-08-25,276.9046325683594,277.09837884113364,273.52397590762297,273.96955686116684,34866600,217.6038589477539,249.53910268147786
2020-08-26,282.8135681152344,283.0654323833306,276.87560194106163,278.15425652465717,42216700,218.04915832519532,250.45512797037762
2020-08-27,281.9320373535156,284.6443373020769,279.66534790974026,283.7919010200014,49482700,218.49134986877442,251.33937810262043
2020-08-28,283.36572265625,283.99535377431664,281.8158409768699,283.1719763607521,28021000,218.9379177093506,252.27427673339844
2020-08-31,285.64208984375,287.4535022977186,283.4528810068302,283.8887953623074,36321000,219.39562675476074,253.17201182047526
2020-09-01,290.5242614746094,290.6404974416695,286.523639426242,288.2962970469847,36216200,219.87851684570313,254.1211395263672
2020-09-02,293.2751770019531,293.99198490248807,287.5890764554297,293.7788758561768,50836800,220.36803634643556,255.0879114786784
2020-09-03,278.4060974121094,289.26490515458613,275.5000806360954,288.76120622222834,110083300,220.782440032959,255.75980580647786
2020-09-04,274.69610595703125,279.878509205039,263.28514627695944,276.6140879495929,123959000,221.17684982299804,256.56648813883464
2020-09-08,261.49310302734375,269.50401242314916,261.2121797790132,263.691978538295,99568600,221.5111178588867,257.12314325968424
2020-09-09,269.1746520996094,271.2766543474852,264.4475267451622,267.0048356988263,64837900,221.88596000671387,257.76157048543297
2020-09-10,263.8082580566406,273.3593840235426,262.08402223515424,272.1388472464492,69667500,222.23334426879882,258.2444796244303
2020-09-11,261.9774475097656,266.5980039529089,258.53864294835904,265.5615174490703,71809000,222.56006843566894,258.6844657897949
2020-09-14,266.5398864746094,268.53534914395794,264.4087954871818,265.76493086030206,38525200,222.90772720336915,259.1898551940918
2020-09-15,270.31768798828125,271.66415666642484,266.510812967776,270.28862900192365,41849900,223.26739067077636,259.75885314941405
2020-09-16,266.0070495605469,271.5769145201731,265.6583417699996,271.11197079944344,42321000,223.61002632141114,260.2088005065918
2020-09-17,261.8515319824219,265.80370239330125,258.3255502337287,259.16829049741744,81570800,223.9419944000244,260.55558624267576
2020-09-18,258.50958251953125,263.56605331431973,254.40242125963064,263.27546343707536,86251100,224.2649072265625,260.9294937133789
2020-09-21,259.1295166015625,259.2651153411882,251.96131848091713,254.2474003059607,57168600,224.5860093688965,261.2762776692708
2020-09-22,263.9438781738281,264.52505799097776,258.1899614917511,261.5318636865093,41128900,224.92925750732422,261.79710083007814
2020-09-23,255.88449096679688,263.80822367779336,255.00299558283015,263.624173566771,48837300,225.2217618560791,262.1413022359212
2020-09-24,257.075927734375,260.282230331333,253.0365516786492,253.20123895868878,70631700,225.52470062255858,262.4285125732422
2020-09-25,263.0527038574219,263.8663852166021,256.02013199098974,257.57971010057275,55242400,225.85834175109864,262.76867930094403
2020-09-28,268.51593017578125,268.51593017578125,263.15917440123667,267.915328614741,58438300,226.21409957885743,263.17245356241864
2020-09-29,267.3050842285156,269.0099270635529,266.74323784258996,267.95407799662104,27050000,226.55643775939942,263.4559496561686
2020-09-30,269.1359558105469,272.28414134147573,267.2276698601069,267.49889696954085,49380800,226.90465644836425,263.79869918823243
2020-10-01,273.4077453613281,274.0180136149203,271.0732416675465,272.96216439899547,50020200,227.26422019958497,264.15807647705077
2020-10-02,265.7164306640625,273.3979930123348,264.87369070091245,267.3728516109963,75497400,227.5847498321533,264.3539082845052
2020-10-05,271.3832702636719,271.702919156997,267.576394726391,267.68293450365394,28184600,227.9328433227539,264.61528905232746
2020-10-06,266.5398864746094,272.3809795429518,265.6583910916977,270.69549911932614,49704200,228.25041313171386,264.8836115519206
2020-10-07,271.1507873535156,271.94507624343674,268.59347806439814,269.1843835919814,27539700,228.58694549560548,265.19923731486
2020-10-08,272.5940856933594,273.6208760048687,271.52854021117037,273.5530618465626,25443300,228.9280020904541,265.53036168416344
2020-10-09,276.7593078613281,276.83681818670897,273.8532914516272,274.2407543939484,30201100,229.28935424804686,265.9596438090006
2020-10-12,285.3031005859375,288.1413038201041,280.4016202667601,281.4477735242741,79370700,229.68440322875978,266.52647832234703
2020-10-13,285.2933044433594,287.7440437442826,283.92747319575005,287.10474615406554,64240000,230.0802716064453,266.9743278503418
2020-10-14,282.910400390625,287.06601240619915,281.1668022550917,286.09734020611853,36949100,230.47097984313965,267.42734298706057
2020-10-15,281.0118103027344,281.60268615345586,277.56333964583695,278.20266684333313,42514200,230.85026527404784,267.8337013244629
2020-10-16,279.4716796875,284.0825401453745,279.12294225636333,282.65859055476477,40570700,231.20472244262695,268.3261103312174
2020-10-19,274.9091491699219,282.3485738792417,273.9308103830915,281.38956833207254,36756800,231.5459200286865,268.7820317586263
2020-10-20,275.5000915527344,278.60952134905114,274.0858382762635,275.6453864849861,32195400,231.8834142303467,269.17418212890624
2020-10-21,275.28704833984375,278.318998085002,274.80271207541693,275.7520217958477,29306100,232.21998802185058,269.61622009277346
2020-10-22,275.2772521972656,277.0208798529867,272.0225278716991,276.1199922615095,32196200,232.5486965942383,270.0103080749512
2020-10-23,275.81976318359375,275.98445049476885,272.952501224734,275.84882217244405,24658500,232.87124046325684,270.3914805094401
2020-10-26,271.68353271484375,276.36220711569626,268.0897666062739,273.5337004338927,38421100,233.17580490112306,270.62848205566405
2020-10-27,273.8049011230469,274.6282784460207,271.4219756705786,272.6812377681638,30559100,233.47881797790527,270.84288024902344
2020-10-28,263.13018798828125,269.9108948672063,262.87832370165825,269.3006265182573,53413500,233.73265502929686,270.86322326660155
2020-10-29,267.7314453125,270.7343068489857,263.9826573618565,264.44763087147834,43246300,234.00906425476074,270.9494364420573
2020-10-30,260.9410095214844,266.6174163286007,258.70337835359635,265.74561696838475,65838300,234.24134124755858,270.86451721191406
2020-11-02,261.5221862792969,264.95126530521964,258.6064728835072,263.3335989449673,39987400,234.4712169647217,270.8404612223307
2020-11-03,266.0458984375,268.14793078715525,262.35525854656015,263.4401670257865,43604100,234.7241934967041,270.91053110758463
2020-11-04,277.9217834472656,279.7234998025476,273.0396665969805,274.70578419723074,75728200,235.03370315551757,271.2611897786458
2020-11-05,285.16741943359375,286.13609162097805,282.8522787162113,284.3343459804481,52054200,235.37596725463868,271.6249252319336
2020-11-06,285.3805236816406,286.1070278851754,280.7502714069069,284.5087245497052,40959800,235.72841552734374,271.9822026570638
2020-11-09,279.5491638183594,289.768675355165,279.0938866087941,288.3253333801618,86537100,236.0739003753662,272.2474583943685
2020-11-10,274.54107666015625,277.67956499962037,271.82877687458836,276.2362529405631,69024900,236.37818214416504,272.3782282511393
2020-11-11,280.6824645996094,281.15710451532914,274.50233126749833,277.0693066711808,36102900,236.71143402099608,272.56857147216795
2020-11-12,279.3650207519531,282.9200602772555,278.25105377707416,281.65110222286347,34414600,237.03428703308106,272.7671473185221
2020-11-13,281.8157653808594,282.43572971092203,278.8516311363723,281.0795946908179,24806900,237.38642501831055,272.94473520914715
2020-11-16,284.0146789550781,284.314964948991,280.9052201486475,281.5154883174148,30168400,237.73358764648438,273.12765146891275
2020-11-17,283.1138610839844,284.5378106410221,282.4745337765864,284.20846558476273,21843500,238.05168884277344,273.2671401977539
2020-11-18,281.0215759277344,284.17945786263414,280.9343989466625,282.5617912779567,28069600,238.35571014404297,273.3357559204102
2020-11-19,283.220458984375,283.5304412667815,279.80104637821046,280.4694327414768,22718400,238.66122116088866,273.34253743489586
2020-11-20,281.2830810546875,283.8888120349206,281.19590409077864,283.14291540781056,25907300,238.96182189941408,273.331721496582
2020-11-23,281.29278564453125,283.57883826388525,279.0454586359381,282.2808208265603,26875600,239.2491067504883,273.2971725463867
2020-11-24,285.2449951171875,285.7390275568328,280.55662371756887,282.3583403960934,24516800,239.55595947265624,273.290554300944
2020-11-25,286.9981384277344,287.6374654938924,285.36108038594864,286.31038958627846,23326800,239.86067420959472,273.2317855834961
2020-11-27,289.6427307128906,290.766394193567,288.5674890254149,288.9646482388764,17163100,240.18005935668944,273.1712448120117
2020-11-30,290.23358154296875,290.5726227506342,285.54521129167284,289.9623544891428,27836200,240.49916633605957,273.368369547526
2020-12-01,293.9532775878906,295.5806694616717,291.405664798251,292.50996537111916,27521300,240.83643768310546,273.68932240804037
2020-12-02,294.3310241699219,294.67006531800195,290.9406718121741,292.7811428940747,23620000,241.16474197387694,274.23662109375
2020-12-03,294.7477111816406,296.29759332565214,294.02120669802986,294.64117138025176,22828700,241.5057438659668,274.6628387451172
2020-12-04,295.9487609863281,296.0940854857261,294.11798564616987,294.7960385433814,19332100,241.87451049804687,275.1985137939453
2020-12-07,297.62451171875,297.9926118577177,295.94869829296,296.1327483624438,20851000,242.29449897766114,275.7926315307617
2020-12-08,298.6319885253906,298.9322745703319,295.39662662456385,297.14992110433025,18341500,242.74856925964355,276.32749989827477
2020-12-09,291.87066650390625,298.69979481909945,290.8051209953174,298.4189011189299,48839300,243.16347778320312,276.6867162068685
2020-12-10,293.042724609375,294.1663879904616,288.75151354612245,289.8364217591628,27519500,243.63654594421388,277.13731079101564
2020-12-11,292.3937072753906,292.51963939028485,289.1195905342581,291.38627991776616,26760400,244.10559692382813,277.64634704589844
2020-12-14,294.51513671875,296.4621479554403,293.5174054242518,293.58519001902783,28804800,244.53401710510255,278.24643961588544
2020-12-15,297.663330078125,297.663330078125,294.58292958627936,296.77213852291385,25709000,245.01166145324706,278.8886698404948
2020-12-16,299.3003234863281,300.084945541769,297.01424190191807,298.0604243501908,25461900,245.4553231048584,279.4779439290365
2020-12-17,301.2571105957031,301.4895825075327,299.69756225128793,300.89870654445417,23730500,245.94075630187987,280.2341542561849
2020-12-18,300.3465576171875,302.2064216052526,297.9732984470397,301.8964393469859,41173400,246.43886093139648,280.95533142089846
2020-12-21,299.78460693359375,300.31833044507476,294.6219232768166,297.3973329206937,37095500,247.00387222290038,281.5675298055013
2020-12-22,300.599853515625,301.5217425512956,297.775903854654,300.68718850120734,26176300,247.52210777282716,282.10226186116535
2020-12-23,299.0859375,301.00736608946414,298.930665457852,300.64831244860926,21201300,248.07566497802733,282.63194274902344
2020-12-24,300.40570068359375,300.85208928826177,299.2703164650731,299.3479376773623,16785000,248.7221826171875,283.1531051635742
2020-12-28,303.4335021972656,303.90903218446454,301.18210151925376,303.0162251517632,22497700,249.31137283325197,283.6535344441732
2020-12-29,303.70513916015625,305.38399026476077,302.8026482260823,304.76290212833635,25871900,250.0130815887451,284.2866795857747
2020-12-30,303.71490478515625,305.18994493840177,303.0938165426629,304.86971667375934,18138100,250.65289054870607,284.82554016113284
2020-12-31,304.46209716796875,304.9473112092845,302.5406685180319,303.61782947449774,21611400,251.3231642150879,285.4575770060221
2021-01-04,300.1630859375,305.966256109057,296.15521351065706,305.79155655946084,45305900,251.96682846069336,285.9411153157552
2021-01-05,302.6376647949219,302.90941306806076,299.17325930886443,299.17325930886443,29323400,252.65644538879394,286.4418416341146
2021-01-06,298.44549560546875,302.6571504211006,296.93162998934736,297.9214560875442,52809600,253.32450660705567,286.8032780965169
2021-01-07,305.66546630859375,306.500020294038,301.07533054330065,301.10444220290645,30394800,253.96484626770018,287.1426508585612
2021-01-08,309.5956726074219,309.9450421199518,305.7624698029127,307.9556467648449,33955800,254.63141250610352,287.54769032796224
2021-01-11,305.1219787597656,307.81005360519407,304.4717789819677,306.63584404063437,32746400,255.22919479370117,287.9178833007812
2021-01-12,304.6368408203125,306.2477256093225,301.9972748689268,305.1608507378906,29266800,255.85646209716796,288.31163380940757
2021-01-13,306.694091796875,307.48982029708924,304.29713330858584,304.89879396623417,22898400,256.46142807006834,288.76534067789714
2021-01-14,305.0541076660156,308.14006220477734,304.57857771429786,307.1405223529727,23500100,257.0661234283447,289.267756652832
2021-01-15,302.6376647949219,305.8012695823882,301.39551812749977,304.8405553299224,35118700,257.6978513336182,289.72004954020184
2021-01-19,307.0531921386719,307.5578041442249,303.86047504948476,304.9570636604137,24537000,258.3337675476074,290.2494852701823
2021-01-20,314.1955261230469,315.1368426570693,307.150237563624,310.6728966508946,30728100,259.0181597900391,290.8981231689453
2021-01-21,316.7088928222656,317.45614139482274,314.15669185783963,315.5346831419662,25130600,259.6517325592041,291.5796086629232
2021-01-22,315.79669189453125,316.80591568878657,315.1076666936056,315.67053151647127,21609400,260.28113136291506,292.31482798258463
2021-01-25,318.40716552734375,320.55183305799704,311.90531470272447,319.1835258150633,39080600,260.903420715332,293.0581990559896
2021-01-26,318.8729248046875,320.00833856627617,317.5434432171333,319.1252455550653,25498100,261.52663650512693,293.98724466959635
2021-01-27,309.98388671875,316.6216123505864,307.97509314704274,316.6119282064327,55264000,262.0949154663086,294.6914520263672
2021-01-28,311.8180236816406,316.767213858765,310.5661629016049,311.18725121933835,42836300,262.6296722412109,295.5394022623698
2021-01-29,305.2578430175781,311.2356833198105,303.5110843851895,310.12938113488104,55259000,263.14337715148923,296.26832987467446
2021-02-01,312.88543701171875,313.9723117313327,306.67467355944177,308.70286470856337,35646000,263.6767505645752,297.0489888509115
2021-02-02,317.98992919921875,319.1447412126092,315.6900189320008,315.8550047689654,33930800,264.2257830810547,297.71679128011067
2021-02-03,316.728271484375,320.435313272342,316.67004817797635,320.0665459217439,24824500,264.7808364868164,298.24280548095703
2021-02-04,320.47418212890625,320.56151710841505,316.8059649139539,318.1257625951368,22350900,265.3925736999512,298.82769978841145
2021-02-05,321.5610046386719,322.57025804077796,319.78513444713775,321.4251601198931,22732000,265.98034858703613,299.52789713541665
2021-02-08,323.7154235839844,323.87069564867556,321.6096109896816,323.2496370050291,20462800,266.581071395874,300.3474695841471
2021-02-09,323.64752197265625,324.9090668003054,322.77411289107897,322.7838266500224,17597500,267.16540245056154,301.0635538736979
2021-02-10,322.9098815917969,325.539732891193,319.7559909376321,325.0836305966017,28068700,267.73772941589357,301.789301554362
2021-02-11,324.68585205078125,325.09344492282906,322.2986069862676,324.44324500233137,22046100,268.338565826416,302.5038029988607
2021-02-12,326.50054931640625,326.66550551057117,322.79350683015826,323.84155615786074,20346800,268.9122138977051,303.21190083821614
2021-02-16,325.6174621582031,328.18909077277544,324.45293655928316,327.29628386492135,27080800,269.4818814086914,303.9202941894531
2021-02-17,324.0550231933594,325.73387433759797,320.4062339586188,322.6382065694726,31360300,270.07356857299806,304.63751831054685
2021-02-18,322.63824462890625,323.99683810078176,318.64976957687827,320.46449507390537,32236200,270.64618103027345,305.2944814046224
2021-02-19,321.2310791015625,324.11325156462794,320.2121415057278,323.9870911810246,39157700,271.1999604034424,305.9602813720703
2021-02-22,312.9048767089844,318.10635773768337,312.7010950756149,316.84481290142816,47256900,271.70563011169435,306.48714955647785
2021-02-23,311.9732666015625,313.6424042805588,301.80316846266425,307.6257376291465,97241900,272.19300720214846,306.93262074788413
2021-02-24,314.54486083984375,314.8554049355701,306.6164503317963,309.3142392312998,58206300,272.6785439300537,307.39173278808596
2021-02-25,303.5789794921875,314.4477849841609,302.0360025194808,311.8858704531933,110182600,273.09953285217284,307.6240036010742
2021-02-26,304.850341796875,309.6733417234004,301.68673625485536,306.5097657965004,104739800,273.5498445892334,307.8676162719727
2021-03-01,314.0207214355469,314.3603770811993,308.5378104075192,309.82846632287186,49164500,274.0594495391846,308.2020736694336
2021-03-02,308.9842834472656,314.7389146435511,308.7319922939717,314.6612934306407,48370000,274.5318329620361,308.44629465738933
2021-03-03,300.017578125,308.82905292300126,299.9593548037117,307.8877364086836,86301100,274.9524206542969,308.53412577311195
2021-03-04,295.10711669921875,302.81231623897327,291.2350894185678,299.64871195408085,139131600,275.32834281921384,308.52009836832684
2021-03-05,299.5517578125,300.45424889515215,288.65386851150015,297.7273481302888,121523700,275.7292440795898,308.552219136556
2021-03-08,291.0702209472656,300.89094906211733,290.6529439514444,299.0083160866487,88409800,276.0658351898193,308.42618967692056
2021-03-09,302.5503234863281,304.4523836677571,297.84377143149953,298.37749497943514,80391100,276.4720108795166,308.60418395996095
2021-03-10,301.6866455078125,307.1113341886265,300.9976499562894,306.810503893661,76798100,276.87004867553713,308.7482493082682
2021-03-11,308.6349792480469,310.40113598574584,305.5393110589751,306.43208837867047,53484800,277.3058258056641,309.01893717447916
2021-03-12,306.1312255859375,308.8193302488684,302.1816059141172,304.57853477670074,69315600,277.72304039001466,309.21253865559896
2021-03-15,309.401611328125,309.56659715349844,304.81150487573177,306.4515309101118,42955700,278.15805755615236,309.4081766764323
2021-03-16,311.09979248046875,314.6127666863482,309.6635780067387,311.5947202329633,54925900,278.5852717590332,309.6048344930013
2021-03-17,312.38079833984375,314.27314497406195,306.34473439501846,308.0624110794946,78258700,279.01550659179685,309.79022928873695
2021-03-18,302.81231689453125,308.4796120275451,302.35621461698025,307.4994704148039,82718100,279.39030792236326,309.8313252766927
2021-03-19,303.8798828125,305.42286000553923,300.5027822145491,302.6474201176281,78446200,279.7653221893311,309.8995798746745
2021-03-22,309.5785827636719,311.6482099668909,306.27496598996237,306.27496598996237,56194800,280.1768560791016,310.04922536214195
2021-03-23,308.2279968261719,311.98829200966463,307.4118112528378,310.66685717260526,53455400,280.5591061401367,310.20159301757815
2021-03-24,303.0296325683594,309.6368954739455,302.8838904448759,309.5980210235108,64803700,280.90637130737304,310.24532521565754
2021-03-25,302.5050048828125,304.0208122934493,298.67671568016254,301.183569771648,78729000,281.2425520324707,310.22985026041664
2021-03-26,307.0426025390625,307.3632352477694,300.8920469973354,302.291201196941,63519600,281.5873028564453,310.2854746500651
2021-03-29,306.9551086425781,308.004481539224,303.6126177087931,306.508156265536,54608000,281.99060256958006,310.33947804768883
2021-03-30,305.41015625,305.98342829614194,302.7089605202478,304.9923523328563,44635700,282.37718437194826,310.3552790323893
2021-03-31,310.0838317871094,311.64817991889015,306.8579345762437,307.1980192817444,55032500,282.77325843811036,310.5206247965495
2021-04-01,315.3697204589844,315.5057365886994,313.65960006811355,313.9122395765443,55685600,283.1759384918213,310.7328257242838
2021-04-05,321.666015625,322.43363051799207,317.6142354184013,317.85714889633965,42172500,283.60637718200684,311.119834391276
2021-04-06,321.44244384765625,323.3954473760736,320.6651031936098,321.3549985839224,33537200,284.0325067901611,311.3827840169271
2021-04-07,322.2198486328125,323.05548637256453,320.0336274456141,320.9664068494458,32046400,284.4627169799805,311.5931869506836
2021-04-08,325.5817565917969,325.76637319412697,324.2797440007736,325.07650726845895,29940800,284.89557472229006,311.9341832478841
2021-04-09,327.55419921875,327.7582678671468,323.4829970654608,324.2214337918522,36664900,285.3281237792969,312.3161392211914
2021-04-12,327.1266784667969,327.54448245938073,325.241667834536,326.51453186474566,25833000,285.78338150024416,312.65668233235675
2021-04-13,330.9452819824219,331.41165681721344,328.4383986353373,328.6521636521234,30374000,286.246495513916,313.08820190429685
2021-04-14,326.97119140625,331.31448456932304,326.15500586820826,331.18816484572426,42564300,286.71787902832034,313.49376068115237
2021-04-15,331.9266357421875,332.3153209787676,326.6894372527501,329.84731205858145,36342800,287.2013501739502,313.9083180745443
2021-04-16,332.3153076171875,332.52907262770344,330.4399933489032,332.4513237225054,40860100,287.66371017456055,314.21031443277997
2021-04-19,329.2740783691406,331.89752610756847,327.3501929722745,330.7412852469159,34533100,288.0968670654297,314.4197341918945
2021-04-20,326.8741149902344,329.89594459802936,324.90165862095114,328.61338389596517,38081800,288.5097902679443,314.60435791015624
2021-04-21,329.6723937988281,329.8570103749385,324.5031889727736,325.5914363777287,36598100,288.9066756439209,314.79211171468097
2021-04-22,325.6983947753906,330.26515025266417,324.5421242776872,329.28379999053425,45936100,289.29231269836424,314.90586954752604
2021-04-23,329.7987365722656,331.1104454433761,326.32992548717107,326.32992548717107,36381900,289.6820808410645,315.23611704508465
2021-04-26,331.94610595703125,332.22789387321296,329.29348030009464,330.0416727341783,30812000,290.0719787597656,315.5715850830078
2021-04-27,330.5080261230469,332.4513336759121,329.55582439975575,332.2375686589961,33187200,290.4460167694092,315.99242146809894
2021-04-28,329.390625,331.1881903884685,328.7396039329799,330.1776621742586,33615700,290.84076721191406,316.2675079345703
2021-04-29,330.57611083984375,333.0829650048501,327.350212582063,332.6651609194367,37708900,291.23258155822754,316.47727762858074
2021-04-30,328.40936279296875,330.61503659788957,327.49600555835957,328.1276044511969,38263400,291.6109952545166,316.671962483724
2021-05-03,326.6603088378906,330.36230761871025,326.21335637146564,329.61414483224644,29729700,291.98928489685056,316.77506459554036
2021-05-04,320.7817077636719,324.42540846864324,316.96308688895255,324.1047462011989,65147000,292.33672828674315,316.76207631429037
2021-05-05,319.7032165527344,323.6967286893843,318.9259054517287,322.83194266093653,46219300,292.64313270568846,316.6952061971029
2021-05-06,322.11297607421875,322.2684442479287,317.1964099841654,319.4409279969062,46814300,292.9750501251221,316.6696304321289
2021-05-07,324.7266845703125,327.10721838902833,322.2878242481722,324.89184909704045,53324500,293.31553199768064,316.6999104817708
2021-05-10,316.5259704589844,323.5218604492282,316.3219017988669,323.3469698712897,60700500,293.64852615356443,316.5639124552409
2021-05-11,316.08868408203125,316.8854472863445,309.9769735943418,310.63772069079556,71963600,293.99120025634767,316.39038136800133
2021-05-12,307.9073791503906,313.4749363063745,307.0425930569889,311.1526992022475,91164900,294.27088180541995,316.09521331787107
2021-05-13,310.287841796875,313.26109929436404,307.9170047573393,310.85141746255044,69877800,294.57849716186524,315.8657602945963
2021-05-14,317.1381530761719,318.05148052642306,312.95029719076473,313.4555762321036,44370000,294.90602806091306,315.77409210205076
2021-05-17,315.2142333984375,317.118666668083,312.3381462653472,315.42799843449626,39395000,295.217352142334,315.673811340332
2021-05-18,313.0863342285156,317.39075407292347,312.8142723109859,316.1664902703025,36528500,295.4954666137695,315.67683563232424
2021-05-19,313.44586181640625,313.7470721856597,307.33414982416423,307.68396068516864,66319100,295.75799087524416,315.70137888590494
2021-05-20,319.5089111328125,320.3639712349336,314.7089685641255,314.93242996409725,46466100,296.0459873962402,315.7841130574544
2021-05-21,317.7405090332031,321.4813523282385,317.38100188246113,321.0635483234583,50330400,296.3218966674805,316.0201385498047
2021-05-24,323.084716796875,324.2118391199597,317.6337218340922,320.0337086658911,32475800,296.6071394348144,316.3240447998047
2021-05-25,323.53155517578125,325.31939454429215,322.35586242335415,324.6003802473149,31280300,296.9099694824219,316.48255869547523
2021-05-26,324.6586608886719,325.1250356947649,323.5121166203355,324.20198245602694,25444900,297.2240542602539,316.7437983194987
2021-05-27,323.4440612792969,325.0570098443517,323.2400223221107,324.21167594063655,27931700,297.5568632507324,317.1342397054037
2021-05-28,324.46441650390625,326.0579433138199,324.1437837276577,324.64903313804325,29927400,297.86246887207034,317.6235280354818
2021-06-01,323.3858337402344,326.2716467918246,322.0352206878219,325.7955162529955,31145400,298.15967864990233,318.02076263427733
2021-06-02,324.0173645019531,324.8626984869255,322.29754810675115,323.8035994992287,22047900,298.4615963745117,318.5698816935221
2021-06-03,320.645751953125,322.4530137763782,318.9745062416927,321.18014967870533,37057800,298.7313507080078,318.87147216796876
2021-06-04,326.0869445800781,326.5338969203385,322.37522081972816,322.4432436863478,38736500,299.0154760742187,319.2781438191732
2021-06-07,327.0586242675781,327.1169211143318,324.86267753147115,325.5525433197331,32611900,299.31351684570313,319.58520456949867
2021-06-08,327.2142028808594,329.67248625730105,325.53323082523895,328.80769998430077,27282800,299.59378540039063,319.93658752441405
2021-06-09,327.29180908203125,329.36143608306577,327.1071925179238,328.5841250307831,21485300,299.86504592895506,320.23475748697916
2021-06-10,330.7023620605469,330.80922974058655,327.18498020530035,327.6319326307272,33702100,300.14483505249024,320.5614669799805
2021-06-11,331.5671081542969,331.57683418036817,330.06105673917364,330.7120481305423,21222800,300.41814743041994,320.88123881022136
2021-06-14,334.7444152832031,334.75411165619005,330.8092001288667,331.99461879216443,27827700,300.67780166625977,321.41344045003257
2021-06-15,332.5582275390625,334.7055740598569,331.8391835882948,334.3946377380395,35963800,300.9309326171875,321.8914128621419
2021-06-16,331.3436584472656,334.09342554312184,327.8845734311439,333.0246004757765,55399500,301.1708222961426,322.25416412353513
2021-06-17,335.5508728027344,336.5614009161053,330.28452654871006,330.3330973709085,59722700,301.4203662109375,322.7095453898112
2021-06-18,332.917724609375,335.0359226391547,332.1695322543703,333.8893783462485,55414900,301.6323335266113,323.2076802571615
2021-06-21,334.98681640625,335.3078507278584,330.8914171304185,333.1093563944914,32992600,301.8408917236328,323.74904378255206
2021-06-22,338.1094665527344,338.5569374570642,334.4809830868212,334.7825427926649,28941600,302.13940856933596,324.2668248494466
2021-06-23,338.2748107910156,339.42271478156215,337.43823349115786,338.0510901901736,27188500,302.45730209350586,324.78881988525393
2021-06-24,340.3663024902344,341.8935458475752,339.66589909768425,340.2106539933438,32581600,302.85166809082034,325.3714223225912
2021-06-25,339.947998046875,341.17371145561236,339.3448786511206,340.93051623558773,28682800,303.20553482055664,325.8691584269206
2021-06-28,344.08233642578125,344.2185400064888,341.1737309280916,341.2320954092753,39130300,303.60690521240235,326.3477020263672
2021-06-29,345.3275146484375,345.35669689070363,343.07068531037567,343.90726271328515,29426000,304.0236555480957,326.7420603434245
2021-06-30,344.78277587890625,345.5610185207941,344.19910131922063,345.1718823563895,32724000,304.4148699951172,327.1310658772787
2021-07-01,344.9189758300781,345.4248112767706,343.0804054395295,344.43258531663196,29290000,304.78787643432617,327.50938466389977
2021-07-02,348.8781433105469,349.19914793342,346.5823650343377,346.81582294188183,32727200,305.20223190307615,327.8976577758789
2021-07-06,350.3859558105469,350.6680705847408,346.7866545948441,349.48127669565827,38842400,305.6449040222168,328.27818705240884
2021-07-07,351.1252746582031,352.8860056968473,349.16997556649414,352.5844459954386,35265200,306.10798248291013,328.67816365559895
2021-07-08,349.0046691894531,349.86072131871686,344.77309509785744,346.05714360482943,50890000,306.5573582458496,328.9791534423828
2021-07-09,351.18359375,351.66024682541456,347.83722554080236,348.42089993764625,35184500,306.99355682373044,329.3826934814453
2021-07-12,352.5552673339844,353.0124755451014,351.00851957633114,352.58444957354857,25717700,307.4769107055664,329.7265040079753
2021-07-13,352.5552673339844,355.52223720837264,351.69921539087875,352.1758685327328,39723000,307.9543074035644,330.0638366699219
2021-07-14,353.1876220703125,355.54173558078384,352.36075224248384,354.8996965269494,35336400,308.4049819946289,330.46239573160807
2021-07-15,350.70697021484375,353.30430836032497,348.7030438738913,353.1000326773512,53391600,308.81593719482424,330.85960998535154
2021-07-16,347.86651611328125,352.54559067889255,347.5162994913408,351.56307229966563,47262000,309.21874435424803,331.16284535725913
2021-07-19,345.0161437988281,345.5122417685382,342.45772580890423,344.41299482805437,64404600,309.59814529418946,331.4848078409831
2021-07-20,349.02410888671875,350.47354310009524,344.16991143194593,345.95011731510454,42183700,309.9762271118164,331.80523071289065
2021-07-21,351.7186279296875,351.7186279296875,348.3722595622353,348.59600983623227,30259900,310.4062380981445,332.1347727457682
2021-07-22,354.0435791015625,354.05328672232565,351.92289442505717,351.92289442505717,30252200,310.819539642334,332.5270319620768
2021-07-23,358.1779479980469,358.4600330913524,354.01444683189067,355.36659687870036,31960800,311.27772994995115,333.00682067871094
2021-07-26,358.46002197265625,358.84915807961875,356.62148152100133,357.48724107908396,28438100,311.7142761230469,333.4715525309245
2021-07-27,354.5105895996094,358.1974380776466,350.3568252189499,358.1974380776466,57933100,312.1238586425781,333.90657297770184
2021-07-28,355.8724060058594,357.4483359230241,353.35290716174416,355.64868540953734,42066200,312.5194241333008,334.39344126383463
2021-07-29,356.5047302246094,357.67204941160026,355.30819911320157,355.30819911320157,25672500,312.8754322814941,334.9888249715169
2021-07-30,354.6466979980469,355.2303724065707,352.54548793950926,352.5746701755898,36484600,313.2221992492676,335.5712163289388
2021-08-02,354.6759338378906,356.8938731759574,353.9657930700533,356.3101986792202,27334100,313.5810269165039,336.1139322916667
2021-08-03,356.82574462890625,356.94247358211703,352.14667107057375,355.3373911016371,35558500,313.9600965881348,336.64891662597654
2021-08-04,357.3413391113281,358.29467509894044,355.67789205269503,356.78684686281116,29602200,314.3494448852539,337.3291727701823
2021-08-05,359.60797119140625,359.8414291353956,357.44839614874303,358.1585072906841,21443900,314.7729389953613,338.0544942220052
2021-08-06,358.03204345703125,359.31612153159466,356.923088528578,358.34334050909285,33332100,315.1855987548828,338.88990529378253
2021-08-09,358.6935119628906,359.21879227433755,357.3899891192531,358.48920659929973,25960200,315.60263107299807,339.69666646321616
2021-08-10,356.8548889160156,359.50085375942217,355.668095206394,359.20903140743025,35130800,316.0105192565918,340.3586120605469
2021-08-11,356.24200439453125,358.6155916279116,354.9092996132706,358.1194936683722,34249800,316.41263046264646,341.0424082438151
2021-08-12,357.52618408203125,357.8861082863585,354.3840909023711,355.7362706828641,25969200,316.8418437194824,341.78307240804037
2021-08-13,358.7810974121094,359.1118393914003,357.38029038986537,357.8764182022619,19336200,317.26672470092774,342.5386596679688
2021-08-16,358.9366455078125,358.97553536255134,353.8003644256474,357.66230512268396,34856900,317.7457569885254,343.19578857421874
2021-08-17,355.7751770019531,357.1565092853994,353.3432246989245,356.18372836418797,44793900,318.1859756469727,343.82969970703124
2021-08-18,352.3509216308594,356.6408884771561,352.02017972469156,355.24008176461376,38541900,318.64302520751954,344.31746978759764
2021-08-19,354.05328369140625,355.72646781724535,350.1621605789352,350.4150930810581,48499400,319.1056806945801,344.82616526285807
2021-08-20,357.7207336425781,358.11957737690517,354.81209854334776,355.123395558469,39486000,319.56405487060545,345.37719980875653
2021-08-23,363.07098388671875,363.7616499332812,358.75183481668364,358.7615424374541,34034700,319.98980087280273,346.0376485188802
2021-08-24,364.17999267578125,364.78311210357003,363.19747443488257,363.6644199694214,21732900,320.38486373901367,346.69957478841144
2021-08-25,364.59820556640625,365.1721723213324,363.6837893056617,364.4328494670508,20441900,320.7809521484375,347.386447652181
2021-08-26,362.2830505371094,364.4231505554869,361.8452872879175,363.7422217851957,29133300,321.19462158203123,348.02420908610026
2021-08-27,365.8045349121094,366.31037028862073,362.4289840296502,362.91537447561313,27104700,321.650938873291,348.77685546875
2021-08-30,369.90966796875,370.39605841011763,366.5730069789112,366.5924815961925,27295700,322.0970748901367,349.50723419189455
2021-08-31,369.60809326171875,370.2209202559476,368.06134559649036,370.15284815897684,29628200,322.54829025268555,350.2163920084635
2021-09-01,370.22088623046875,372.29291398603317,370.0166105845,370.66838675180776,28138300,322.9903158569336,350.9331700642904
2021-09-02,370.04583740234375,371.90385242844053,368.82986131355653,371.57311049472037,25453400,323.42047164916994,351.64573720296227
2021-09-03,371.1840515136719,371.5828952841884,368.8785653046424,368.89801023725784,24605400,323.8608226013184,352.32043202718097
2021-09-07,371.7093505859375,372.3611269478608,370.1334500440866,371.2910618617517,23970200,324.3142614746094,352.9894694010417
2021-09-08,370.4154968261719,371.53418888426035,368.1489304715028,371.53418888426035,32949200,324.7502366638184,353.5839874267578
2021-09-09,369.14117431640625,371.74822003890034,368.8979790881083,370.6392652350587,29399000,325.189527130127,354.19370320638023
2021-09-10,366.33953857421875,371.57310432334236,366.00879664599177,370.8532559905493,40249400,325.6147608947754,354.77696787516277
2021-09-13,366.0865478515625,369.1021739596268,364.03399482381553,368.6741480765771,48741800,326.01896865844725,355.2858957926432
2021-09-14,365.0457763671875,368.30456868919237,364.0924403813574,367.57498300153435,41826600,326.40920684814455,355.8213633219401
2021-09-15,367.7597961425781,368.110012693083,363.2071887944287,365.5029670855358,34097900,326.79979217529296,356.3675796508789
2021-09-16,368.01275634765625,368.58669354187094,364.50103139146495,366.42711865989975,35193100,327.1886880493164,356.8659678141276
2021-09-17,363.6546630859375,367.58470615107257,362.6138101070301,367.5360789818689,60912300,327.53719497680663,357.2889653523763
2021-09-20,356.140380859375,359.5975697093395,351.4950526781873,357.8543531283974,76203200,327.8462417602539,357.55186665852864
2021-09-21,356.57861328125,359.1690828510137,355.448932811139,357.97122509015963,41927500,328.15539627075196,357.82904357910155
2021-09-22,359.90924072265625,361.3700298840732,356.3935926865338,357.4940586099743,46972900,328.4751986694336,358.0928253173828
2021-09-23,363.23004150390625,364.2623299533164,360.4253220489707,361.06807273404564,44652000,328.80322631835935,358.391200764974
2021-09-24,363.5708923339844,363.98967443496014,360.5908851474939,360.9609564498394,36056800,329.12792083740237,358.70433603922527
2021-09-27,360.6688232421875,361.54529073029505,358.1173164506575,360.52275028080777,43338100,329.47191162109374,358.9668334960937
2021-09-28,350.4627380371094,360.6200833019486,349.9563419053026,356.11113975261696,97701600,329.7590116882324,358.9932434082031
2021-09-29,349.88818359375,353.8712647405764,349.2649290684883,351.7287920176929,58076600,330.0464840698242,358.98494720458984
2021-09-30,348.6026611328125,353.19927814411255,347.76515641372004,351.53398708928967,61384600,330.31692169189455,358.9429036458333
2021-10-01,350.7646484375,351.8066850595702,345.11627617776213,349.2259637636525,56375500,330.5824282836914,358.9722366333008
2021-10-04,343.40228271484375,349.47915560995733,341.1624180751223,349.1480469939881,76766000,330.802938079834,358.8425481160482
2021-10-05,348.03790283203125,350.28751583459336,344.23985683548693,344.4638254933371,47232900,331.03684204101563,358.7672587076823
2021-10-06,350.2680358886719,350.5407153415428,343.91845335494315,344.8241354962824,56806500,331.28644943237305,358.72913818359376
2021-10-07,353.48175048828125,356.1306492666676,352.78057052577225,353.31618131220625,39411200,331.5549351501465,358.7340403238932
2021-10-08,351.7190856933594,354.7964851494315,351.18344515914026,354.5627386698424,41822300,331.81053131103516,358.7509089152018
2021-10-11,349.0214538574219,353.70571478081246,348.9337803657016,350.1803190989979,34847200,332.0602088928223,358.77015787760416
2021-10-12,347.80413818359375,350.9107221290782,347.16138745423643,350.4725032589448,43905100,332.2972010803223,358.8166244506836
2021-10-13,350.58935546875,351.26132077765135,348.08652988167273,350.1121739119291,40120800,332.53298034667966,358.8427118937174
2021-10-14,357.04608154296875,357.26033180274175,353.5207152211108,354.18293248956167,43433900,332.79968505859375,358.9315027872721
2021-10-15,359.29571533203125,359.41257371328817,357.23113801027205,358.26342667115165,40419900,333.0775891113281,359.01903839111327
2021-10-18,362.90869140625,363.12294165828496,357.3966437582866,358.00043181770434,34513500,333.36982208251953,359.09788411458334
2021-10-19,365.655029296875,365.7037103841604,362.95744916889333,363.9799897605548,29091000,333.6972817993164,359.2178009033203
2021-10-20,365.1777648925781,366.72619758724636,363.69747976069897,366.11266148335716,31390300,334.0099822998047,359.3955871582031
2021-10-21,367.40789794921875,367.6026817027361,364.07731569080005,364.37920970487227,25469300,334.35479431152345,359.58784535725914
2021-10-22,364.3207702636719,367.11574170095486,362.6554791813564,366.1516305037976,36275800,334.6480708312988,359.7181126912435
2021-10-25,368.0506286621094,368.96605875818085,363.7948683855996,365.7425869355685,32597800,334.94034561157224,359.9415115356445
2021-10-26,369.2095642089844,372.70571582455597,368.0312026781242,370.29056357749243,47191300,335.2607835388184,360.1837387084961
2021-10-27,370.06658935546875,373.1342406653701,369.39462396036834,369.65755531156043,45760500,335.58793228149415,360.40441945393883
2021-10-28,374.17626953125,374.42948249214265,371.1962620677873,371.9656193352318,38007000,335.925343170166,360.68500162760415
2021-10-29,376.016845703125,376.1824148809479,370.7482924040099,371.09886752905,37310100,336.28015686035155,360.95848286946614
2021-11-01,377.3023986816406,377.4290051784343,374.3711016428478,376.45514562751055,30765300,336.65348052978516,361.27965545654297
2021-11-02,378.8799743652344,379.357185663946,376.640109711893,376.68879079224985,25135300,337.01261444091796,361.61609649658203
2021-11-03,382.9019775390625,383.3207298890065,378.324856839096,379.3668636624734,33748900,337.35614669799804,362.0502146402995
2021-11-04,387.810302734375,388.7646956732678,383.62271908053157,384.1680779828043,40265300,337.7116537475586,362.57635294596355
2021-11-05,388.1803894042969,390.5078980755992,386.7780293945405,389.58274941405324,43383800,338.0735722351074,363.0872563680013
2021-11-08,387.6544494628906,389.17366766730487,387.0116987272032,388.1511272404283,29256300,338.41980865478513,363.56847890218097
2021-11-09,384.986083984375,389.12498620692725,383.62268684326466,388.7257003084898,50490700,338.7503744506836,364.0026362101237
2021-11-10,379.3280029296875,385.0250569220518,377.399750524378,382.2106185729141,54937400,339.09709503173826,364.3951833089193
2021-11-11,380.37969970703125,382.4832393574643,380.0388430087052,382.3079518165517,32243000,339.43990341186526,364.8623296101888
2021-11-12,384.38232421875,384.91793501078206,379.93177954519547,381.52889353659543,34730600,339.8355258178711,365.3678136189779
2021-11-15,384.29461669921875,385.88201216540347,381.85024998560954,385.5606516625978,33716900,340.1925717163086,365.8107116699219
2021-11-16,387.0312194824219,387.5278675716309,383.3694985934705,383.5642526434129,27872900,340.5377781677246,366.21004892985025
2021-11-17,387.2357482910156,389.2711110299696,386.2716369198881,387.35260667299076,28703300,340.8903155517578,366.5943115234375
2021-11-18,391.2479553222656,391.75435143524425,387.0603724176988,389.28077032818334,45721500,341.2441844177246,367.0384740193685
2021-11-19,393.42938232421875,394.705135542819,392.0562372382805,392.884023530916,45191700,341.60352630615233,367.5575795491537
2021-11-22,388.8620910644531,398.0261126342941,388.75498078370543,394.96820922241557,61715400,341.9292596435547,367.94187215169273
2021-11-23,387.0896301269531,389.7677433739756,382.64883381129494,387.7031365607054,70098700,342.2464701843262,368.2282048543294
2021-11-24,388.336181640625,388.61857946673734,382.2787750183622,384.6062835167824,46954400,342.5736016845703,368.5403396606445
2021-11-26,380.973876953125,387.1481430813084,379.58123517626666,385.75550130445004,51533300,342.855041809082,368.7195561726888
2021-11-29,389.2418518066406,390.25467386735625,384.8108035857325,385.5411981091676,54447100,343.1687483215332,369.03948974609375
2021-11-30,383.5252685546875,390.7026066888546,381.5093727135258,388.35560225906863,81332700,343.45828735351563,369.2451766967773
2021-12-01,377.00048828125,390.01126677277836,376.5330547377322,387.86876396554305,77766500,343.72301467895505,369.33336232503257
2021-12-02,379.717529296875,381.4996789553622,374.2931252050254,375.7149516339704,84416600,344.00841110229493,369.4883961995443
2021-12-03,373.1147155761719,382.08395134060004,368.9952800688155,381.08087745788833,105349100,344.267829284668,369.554621887207
2021-12-06,376.1044921875,377.4678893311039,369.3848389086152,373.6016665297025,67588800,344.58382736206056,369.71737111409504
2021-12-07,387.4305419921875,388.0440782801602,382.71706521135025,382.7560279159391,56005300,344.9611137390137,370.0731043497721
2021-12-08,389.1639099121094,389.3684417682752,385.86254226048624,387.76157982882177,39204000,345.334208984375,370.4750732421875
2021-12-09,383.437744140625,389.7386168285839,383.24296033617856,387.93697065688,49973700,345.7335028076172,370.73637237548826
2021-12-10,387.6057434082031,387.8686747159307,383.077273958552,386.2520647369728,52545800,346.1472798156738,371.06292215983075
2021-12-13,382.0060729980469,387.9173765858877,381.6360016948569,387.59601608143913,50166400,346.48720657348633,371.36877899169923
2021-12-14,378.05224609375,379.89282497907953,373.60170132492505,377.17574882281724,75199200,346.8325463867188,371.73397674560545
2021-12-15,386.6708984375,387.0312514132929,373.8451856032461,377.7990527532284,73858000,347.26581298828125,372.23551483154296
2021-12-16,376.7277526855469,388.0634899444793,375.1403571675507,387.63498944686694,82591400,347.6739161682129,372.5158233642578
2021-12-17,374.8482666015625,379.0163841049065,371.790333482465,373.3095519365919,80492500,348.0503987121582,372.70946044921874
2021-12-20,371.2120361328125,372.0018673368365,368.07220266773135,370.11992532022566,65336800,348.45110778808595,372.8368128458659
2021-12-21,379.51995849609375,379.8319987033657,370.7342977336719,374.4884217455541,48899500,348.8359559631348,373.15099843343097
2021-12-22,384.14190673828125,384.34667007234117,378.56431540085174,379.2273784163325,37042200,349.2482322692871,373.7123179117838
2021-12-23,387.0379638671875,388.5103494206365,384.32717824113536,384.49292911590464,29595500,349.6402471923828,374.33148091634115
2021-12-27,393.43463134765625,393.43463134765625,388.30557923435623,388.33483113866913,32820700,350.0767642211914,375.07868041992185
2021-12-28,391.6112060546875,394.5072639278634,390.7336190720442,394.33175248289274,33113700,350.48781219482424,375.75945638020835
2021-12-29,391.552734375,393.0153893853777,389.17347984416216,391.7477669461673,32248500,350.89007690429685,376.5619639078776
2021-12-30,390.382568359375,393.52240182382957,389.7975004933809,391.3381504413039,23850100,351.2800857543945,377.26770833333336
2021-12-31,387.94488525390625,391.0749587680494,387.4475730081644,389.70981998912356,34752900,351.7057485961914,377.8956558227539
2022-01-03,391.6794128417969,391.93294917467404,386.9989297839432,389.1148868831875,40575900,352.1447462463379,378.53228352864585
2022-01-04,386.59918212890625,392.2645295635358,383.4983609725823,392.2255171018178,58027200,352.52984924316405,379.1136184692383
2022-01-05,374.7224426269531,386.0336464702579,374.4689062551625,384.9122539075164,75739800,352.862321472168,379.5419682820638
2022-01-06,374.4591369628906,377.706247429034,370.666000818644,372.8989955790771,70814300,353.21946899414064,379.98621826171876
2022-01-07,370.40264892578125,376.15578101647236,368.62798390140586,374.4688419422933,72652300,353.5589572143555,380.3164398193359
2022-01-10,370.646484375,371.1633176681869,360.1153811127312,365.4882095760822,91770500,353.87697662353514,380.54311319986977
2022-01-11,376.2143249511719,376.38007583133276,367.8284314531936,369.9151368337182,68295700,354.2232727050781,380.8250900268555
2022-01-12,377.7062072753906,380.48525717627774,375.42446949845413,378.7885574771817,54576400,354.5847529602051,381.07171529134115
2022-01-13,368.2574768066406,379.77344317810594,367.32138607006556,379.0908590373564,77994000,354.87562118530275,381.1150894165039
2022-01-14,370.5489807128906,370.8805122336766,365.5271753703041,365.7319684702098,80121200,355.1515174865723,381.2046096801758
2022-01-18,361.32452392578125,366.8533728528349,360.5639445252238,364.727654753558,75450900,355.34981002807615,381.1032201131185
2022-01-19,357.35577392578125,365.36136157695313,357.0924770591794,362.8845915154545,81791500,355.5293766784668,380.9871368408203
2022-01-20,352.71429443359375,364.56179114405677,352.1779996318426,360.58338359048287,88610700,355.6818489074707,380.73153127034504
2022-01-21,342.9339904785156,353.1628118444406,342.65120226476904,350.5202909385259,143388900,355.7686100769043,380.2936050415039
2022-01-24,344.5039978027344,345.167090689248,325.8307748104291,337.2979996007993,198685800,355.8533590698242,379.86756184895836
2022-01-25,336.5178527832031,342.290476850048,333.17325593202776,338.03904116012035,124398400,355.90031494140624,379.2399215698242
2022-01-26,335.99139404296875,347.99491481512257,332.29574373279866,344.12375303045445,146559500,355.925545501709,378.57283070882164
2022-01-27,332.60772705078125,342.52451051417944,331.5838507758371,340.70107218408737,95255700,355.95372817993166,377.827919514974
2022-01-28,343.04132080078125,343.2558447119424,329.5361642262604,334.4896757779031,108167900,356.0093016052246,377.2306086222331
2022-01-31,354.0111999511719,354.5962678146219,342.7682614012825,344.4064573705001,94326400,356.1177810668945,376.7490956624349
2022-02-01,356.4197082519531,357.07304048443206,350.1985748796091,355.3568493429369,74433000,356.2535092163086,376.22591908772785
2022-02-02,359.3158264160156,360.8857582944778,355.22041017223074,360.554226724109,78777100,356.4157177734375,375.7448430379232
2022-02-03,344.7477111816406,352.91908044423076,343.68485230550283,349.6037356434528,95384800,356.49109436035155,375.0297307332357
2022-02-04,349.0967102050781,352.4022946173832,343.2070784765598,345.26453196869426,86318300,356.6080859375,374.43157450358075
2022-02-07,346.2884521484375,352.0610472277513,345.03056051400165,349.69155326537543,58198100,356.6905345153809,373.88091532389325
2022-02-08,350.17913818359375,351.2712492613369,344.0164773788487,345.1476009258813,64720900,356.78169967651365,373.37757263183596
2022-02-09,357.5996398925781,357.67763506227124,353.1043982561765,354.7035819338976,55766400,356.91715774536135,372.93119455973306
2022-02-10,349.5062561035156,357.36558603815007,347.66332640686704,350.5691150913439,112468500,357.0177359008789,372.3513885498047
2022-02-11,338.4193115234375,351.10541357716863,337.1906719787039,349.5062300581321,101569100,357.05695190429685,371.5411900838216
2022-02-14,338.83868408203125,342.24181531528825,335.32833551215225,337.86358064422143,80254400,357.1090985107422,370.7345723470052
2022-02-15,347.2635498046875,347.49756507878647,343.0608568798403,344.1237159267621,55128800,357.21211471557615,370.00149892171225
2022-02-16,347.17572021484375,348.19956657899394,341.97840396522776,345.010990116602,58947100,357.34408477783205,369.23060455322263
2022-02-17,336.84942626953125,344.6599829891484,336.4301092602764,343.9579074658108,61801400,357.429815826416,368.3637268066406
2022-02-18,333.007568359375,338.17560442508847,330.6965780855033,337.78556902050906,80001500,357.4842887878418,367.46235911051434
2022-02-22,329.6629638671875,335.4746019003647,326.0258470151611,330.06275985575746,85967100,357.5089701843262,366.4844721476237
2022-02-23,321.218505859375,333.6608023252314,320.9064656967874,332.8222278657884,86215400,357.5324328613281,365.4885492960612
2022-02-24,332.01287841796875,332.5492030316279,310.33635336792406,310.9019001294283,130614100,357.6120538330078,364.53473307291665
2022-02-25,337.1614990234375,337.36629216737293,328.9901573554691,332.8125460998036,78842100,357.75832443237306,363.7620035807292
2022-02-28,338.165771484375,339.8624712556977,332.82222509405494,333.9826002608115,77515500,357.89771408081054,363.11475830078126
2022-03-01,332.988037109375,339.4139646851909,330.4625229762001,337.14198694828144,67407000,357.9769635009766,362.3359334309896
2022-03-02,338.5753173828125,339.91120393884023,331.7690866739732,334.5383760527154,70609000,358.0937689208984,361.7602767944336
2022-03-03,333.7388610839844,341.3251634791002,331.8764102317942,341.2178866433013,71089400,358.1970315551758,361.05418294270834
2022-03-04,328.9023742675781,332.81254853523853,326.58165310614714,331.3791453061751,76936300,358.27431411743163,360.0787134806315
2022-03-07,316.77203369140625,330.0529652120573,316.56727033709245,328.89258994129545,89933800,358.2606297302246,358.87218221028644
2022-03-08,315.29962158203125,324.9141247255901,311.9745161422242,315.9821759585055,116153900,358.24842529296876,357.7365468343099
2022-03-09,326.6498107910156,328.0052185200381,320.89670787410046,323.49048595183797,64723400,358.2662507629395,356.7206146240234
2022-03-10,323.02239990234375,324.2315480066354,318.57593205504054,322.5836213529435,69362700,358.2637049865723,355.73755340576173
2022-03-11,316.32342529296875,326.30850081785456,315.8358737651566,325.9964606981867,66228400,358.22202880859373,354.70873972574867
2022-03-14,310.2486267089844,318.4589797420882,309.54655115024326,315.0851306926503,79802600,358.1560516357422,353.4350351969401
2022-03-15,319.9801330566406,320.7602335296496,311.2822285265704,312.8911429753278,76471000,358.13363021850586,352.48924153645834
2022-03-16,331.8471374511719,331.9641450771997,320.22389388851906,323.90005210036475,105243000,358.17593673706057,351.7725560506185
2022-03-17,335.86456298828125,335.92306680216643,328.6488049504747,329.94567916864935,67810000,358.2351727294922,351.18343149820964
2022-03-18,342.73895263671875,343.0315013988047,333.04642619036866,334.2068011704094,85446300,358.3456387329102,350.5704147338867
2022-03-21,341.7861633300781,344.12932822908505,337.39277383630923,341.903345410692,73799100,358.4241348266602,349.86448567708334
2022-03-22,348.50311279296875,349.37204175654097,341.90328685517403,342.2840317195784,63345900,358.5313572692871,349.2222381591797
2022-03-23,343.4946594238281,349.1865555416698,343.4360832883594,345.6230349259692,70615500,358.61275955200193,348.38990529378253
2022-03-24,351.12939453125,351.1782278397328,343.26034931867883,345.4179830590096,53555300,358.73194747924805,347.71520843505857
2022-03-25,350.8365478515625,352.1252825250059,346.53102277977075,351.07085241234205,57584200,358.83261840820313,347.0366053263346
2022-03-28,356.26483154296875,356.36246837743397,349.5868832307335,350.8267846241636,56833900,358.9561070251465,346.46797637939454
2022-03-29,362.39605712890625,363.0208792526786,357.3875883383796,360.1603016882618,68073000,359.094365234375,346.0421625773112
2022-03-30,358.3931579589844,362.19101311240286,356.90917945750704,360.53127640062945,68757700,359.2235398864746,345.48739166259764
2022-03-31,353.9508972167969,358.8910159169848,353.1112564010846,358.5395293585604,67011400,359.3365760803223,344.94325358072916
2022-04-01,353.27728271484375,354.9955656384224,350.0945070558753,354.21453065448435,54527800,359.42520812988283,344.5858342488607
2022-04-04,360.5508728027344,360.56064542621647,353.8534079024474,354.11700058520995,45950200,359.5633738708496,344.3540298461914
2022-04-05,352.54510498046875,359.80884465763893,351.40281060290806,359.0961285250943,62738700,359.6511653137207,344.05640411376953
2022-04-06,344.8908386230469,348.32743469763415,342.25479307972796,347.2242010427976,90077100,359.6850721740723,343.62714335123695
2022-04-07,345.7109069824219,347.90760149612674,340.4290734874535,343.8949573579129,63777400,359.7222526550293,343.11875305175784
2022-04-08,340.8782043457031,344.72486331984715,340.24360959805165,343.97311628580826,61956100,359.7248121643066,342.5049530029297
2022-04-11,332.8138427734375,337.5586881228803,332.47212881497694,336.6409556833911,66107400,359.68914138793946,341.91422576904296
2022-04-12,331.40802001953125,339.452794656007,330.03142109457684,337.5685259026367,72790200,359.6257698059082,341.2618764241536
2022-04-13,338.1445617675781,339.19896217109505,331.027262211453,331.7497211954445,61367800,359.5898550415039,340.8755437215169
2022-04-14,330.4120788574219,338.7497617988124,330.19728979540946,338.23231948504224,73519400,359.5180015563965,340.4264821370443
2022-04-18,330.666015625,332.960347165177,327.8347261857636,329.35776546465155,58560600,359.4467367553711,340.0590108235677
2022-04-19,338.05670166015625,338.63272028879857,328.9965569993193,330.0216693428287,56515700,359.39262954711916,339.9777226765951
2022-04-20,333.1262512207031,339.3258168297637,331.9058654628004,338.8669505930093,65500000,359.30633102416994,339.78809356689453
2022-04-21,326.2335510253906,339.6285077815151,325.3060756232651,337.01200757707994,75801000,359.1818724060059,339.61668853759767
2022-04-22,317.69085693359375,327.6101572728887,317.2612787059196,326.3897713521277,82562100,359.0253033447266,339.31167958577475
2022-04-25,321.7718505859375,322.08427656175553,314.79124842111077,316.0604677749035,101755900,358.87824462890626,339.131081644694
2022-04-26,309.62652587890625,319.8972816969581,309.35313086619607,319.71178067809,105819600,358.66360092163086,338.5741683959961
2022-04-27,309.25555419921875,315.230558692566,307.5372413482148,309.7241633079819,111204200,358.44710235595704,337.8282409667969
2022-04-28,320.239013671875,322.0744787230799,309.99751554990206,314.22494874020236,99450000,358.28235931396483,337.22522939046223
2022-04-29,305.8287353515625,319.47754326903953,305.194140582694,316.0311743545466,91977900,358.05796813964844,336.3337778727213
2022-05-02,310.934814453125,311.16911901360544,302.3139916989888,305.418646303666,115511800,357.87330963134764,335.77022959391275
2022-05-03,311.2667541503906,313.56108560786106,308.49404095301827,310.9543282083994,78185500,357.70456268310545,335.13973032633464
2022-05-04,321.7913818359375,322.4650372818678,306.4535791498154,311.7451560851586,116083400,357.5683990478516,334.73144582112633
2022-05-05,305.5846252441406,317.5444069030567,302.2846970478543,317.46631531612263,154607400,357.33772903442383,333.9882039388021
2022-05-06,301.9234619140625,307.62510107946713,297.8815296423368,303.5831986023181,139572800,357.07712844848635,333.06026763916014
2022-05-09,290.110107421875,302.0210847889585,288.7139932125377,296.2901578194416,113387300,356.73678924560545,332.07033182779946
2022-05-10,293.6346740722656,298.51621856850846,289.5439374008475,297.29583244444774,124124600,356.4126625061035,331.3239212036133
2022-05-11,284.9259338378906,296.8857156817509,284.0570345685375,291.3695773616615,140326100,356.0647392272949,330.4253753662109
2022-05-12,284.25225830078125,288.7432840625286,278.1893899094389,280.639934162205,120910900,355.70663848876956,329.37518717447915
2022-05-13,294.78668212890625,295.8215670757037,287.11287945019643,288.7140401872521,83684900,355.398048248291,328.5020365397135
2022-05-16,291.36956787109375,295.09907421815444,290.09060587056706,293.03904738876395,59190400,355.08166259765625,327.74403889973956
2022-05-17,298.91650390625,299.2972488775498,293.4296229547157,297.2372514352094,62715300,354.80286544799804,327.1758544921875
2022-05-18,284.2425842285156,295.0893616832822,282.98313741929485,294.3961907146152,79477100,354.4399496459961,326.4188481648763
2022-05-19,282.719482421875,287.4155550483948,280.7668648686497,282.4363743287545,79920700,354.0668403625488,325.7771977742513
2022-05-20,281.8408203125,286.8395166559795,273.5714834943717,286.185406437798,91764200,353.6780046081543,324.94099680582684
2022-05-23,286.527099609375,286.90784452461907,280.4837461279902,282.8854572848029,63648400,353.320479888916,324.09709014892576
2022-05-24,280.4349365234375,282.0165520480936,275.5631650354643,281.3038656764981,73491100,352.92918701171874,323.1349095662435
2022-05-25,284.3596496582031,286.4391917235015,278.73610264157367,278.9411191031376,67144500,352.5667108154297,322.3244364420573
2022-05-26,292.23846435546875,293.790821377387,283.275957815159,283.55909567511236,59462200,352.2466931152344,321.5521555582682
2022-05-27,301.777099609375,301.923539991602,295.2553630344685,295.37251534025006,66985600,351.9679476928711,321.0194595336914
2022-05-31,300.97650146484375,303.9542316421927,297.1200694565291,301.74779382542323,60968300,351.6789247131348,320.5540283203125
2022-06-01,298.7504577636719,305.24290456334614,296.53424777362943,303.1145587796497,65341700,351.37799377441405,320.25366872151693
2022-06-02,306.931884765625,307.10761315281087,296.2120062287022,297.62766553503485,59291300,351.13377731323243,320.1142064412435
2022-06-03,298.9457092285156,303.11453628011947,297.69603539561643,301.7086494937861,60914700,350.8667512512207,319.65247141520183
2022-06-06,299.9415588378906,304.9500272165213,298.3794589650576,303.3879273436883,51785000,350.5961926269531,319.2677907307943
2022-06-07,302.52880859375,303.3098735247105,295.51891843289565,296.6123795416597,44900300,350.32023300170897,319.037880452474
2022-06-08,300.35162353515625,304.334949931698,299.5022099365459,301.72819258643807,38342100,350.0066361999512,318.87293039957683
2022-06-09,292.306884765625,301.7282598871753,292.1409289341484,298.6626653707561,55900500,349.6472706604004,318.4117095947266
2022-06-10,281.99700927734375,287.8841497124189,281.547915605173,286.693051873079,85963500,349.23426467895507,317.5808741251628
2022-06-13,268.88519287109375,275.65100526877563,268.026036415278,273.12236921493223,94442000,348.767275390625,316.4645512898763
2022-06-14,269.37335205078125,272.0582011258689,266.8642314008186,271.0818923712916,64697500,348.28511947631836,315.2417912801107
2022-06-15,276.10015869140625,280.0346825616994,270.05680391720585,272.80025947324475,86051400,347.81607192993164,314.1470245361328
2022-06-16,264.96044921875,269.5197944522944,262.90042223776317,269.0609281423744,81910300,347.2928337097168,312.75464680989586
2022-06-17,268.1822509765625,270.62302283386526,264.1012875818511,265.7317064975655,82703400,346.78264053344725,311.4994400024414
2022-06-21,274.9483337402344,277.2666581686188,272.5615888744379,272.66917493745404,51633700,346.3071530151367,310.22975565592446
2022-06-22,274.5473327636719,278.9589289945945,271.847531276866,272.44421009285753,67472900,345.8239694213867,308.958268737793
2022-06-23,278.6361389160156,279.48715550416625,274.19516849475104,277.0319004058705,57457800,345.3586033630371,307.6644571940104
2022-06-24,288.1831970214844,288.60383944644434,281.228312899196,281.4630678512849,58422300,344.9474418640137,306.42757619222004
2022-06-27,286.07037353515625,290.1102547457504,284.9356747248623,289.54292026653025,54151500,344.5320878601074,305.2221964518229
2022-06-28,277.3547668457031,289.20058070782466,277.1689091845329,286.60839471236744,61609800,344.0871640014648,303.9455942789713
2022-06-29,277.6090087890625,279.1154226864243,274.71358831967274,277.217740593499,57302700,343.6447763061523,302.68445638020836
2022-06-30,274.16583251953125,277.745995054914,269.76399774105533,274.6255809015795,79313600,343.19037658691406,301.24470570882164
2022-07-01,275.9754943847656,276.3667626349435,270.98674210239966,272.8648714958489,56675100,342.731455078125,299.9685455322266
2022-07-05,280.7000427246094,280.8174201832247,270.7127792628073,272.23874592849876,61829300,342.2948915100098,298.89869893391926
2022-07-06,282.49993896484375,284.6030615113066,279.35997210727135,281.0815880088725,63194700,341.8891178894043,297.84518280029295
2022-07-07,288.5451354980469,289.2494301690379,283.3118377200295,283.3118377200295,56620100,341.5511416625977,296.9729649861654
2022-07-08,288.90704345703125,290.27649694994716,284.76930876058265,285.7083583197468,59895500,341.21278381347656,296.2411849975586
2022-07-11,282.7347106933594,286.7159025039574,281.85434982141885,286.4909389716613,55273900,340.82691116333007,295.4299631754557
2022-07-12,279.99578857421875,285.9040369435178,278.4013415433576,283.9868018548288,55797100,340.41073989868164,294.46081695556643
2022-07-13,279.41876220703125,281.7664021096707,273.91157148696044,274.47893595664704,73939400,339.9899792480469,293.6109283447266
2022-07-14,280.4164123535156,281.2869818073733,273.69625380521563,276.81666751477024,63741800,339.58871719360354,292.77343495686847
2022-07-15,285.50299072265625,285.61060664821235,281.7956594020621,283.40968932244186,63818100,339.26391845703125,291.89753977457684
2022-07-18,283.0868835449219,289.69942721335235,281.91307883192053,288.2908376762683,59519600,338.9299119567871,291.0635503133138
2022-07-19,291.79266357421875,292.0861370758545,285.1116710980115,286.71587946993753,55172600,338.64586196899415,290.4895355224609
2022-07-20,296.4195861816406,297.60318241911676,291.4308335669895,292.21339997132344,67769400,338.37413665771487,290.13501434326173
2022-07-21,300.6746520996094,300.73334083918394,294.2186220797438,296.87928773057956,55049400,338.16049850463867,289.7833943684896
2022-07-22,295.4022216796875,301.81911599965474,293.5730196199814,299.74536757149906,57127700,337.89732009887695,289.54632263183595
2022-07-25,293.7197265625,295.9010908050179,291.71445838373495,295.4315510547604,40582400,337.6145785522461,289.287392171224
2022-07-26,287.94842529296875,292.2720178037585,287.13654456306267,292.0176800525801,50074100,337.2869119262695,288.7492156982422
2022-07-27,300.1170959472656,301.80936763757944,291.94924091362884,292.51660523027056,69304400,337.0289019775391,288.65402170817055
2022-07-28,303.0516052246094,303.62873100713216,296.1456189431014,299.90184715853945,55139900,336.799052734375,288.5226348876953
2022-07-29,308.5783996582031,309.4881348906429,303.16903485870444,304.59720722918473,57501000,336.60292404174805,288.4778289794922
2022-08-01,308.392578125,311.8553636732484,305.7123590053185,306.80792215345525,46358800,336.3919401550293,288.2545155843099
2022-08-02,307.4730224609375,311.6009662955933,305.0373502184947,306.0938072321731,48676500,336.14407485961914,288.2859888712565
2022-08-03,315.8463439941406,316.6680162672213,309.0968398726681,309.15552861704145,53735700,335.9268280029297,288.5180369059245
2022-08-04,317.3232727050781,317.63629913331874,313.7724556550721,315.9244750344222,38973700,335.69890090942386,288.97158966064455
2022-08-05,314.7311706542969,316.7657832691667,311.4444818490799,312.2270182736027,53894000,335.44428161621096,289.32319793701174
2022-08-08,313.71380615234375,319.3481631577194,312.24652816984775,315.6506238359034,43878500,335.1869618225098,289.80299580891926
2022-08-09,310.1629638671875,312.0704370327074,308.5392026326373,311.8160993168129,39764200,334.9007371520996,290.23484090169273
2022-08-10,318.8199462890625,319.11341980731413,315.0343737332161,317.50918149271314,51459600,334.67323303222656,290.63539530436196
2022-08-11,317.0103454589844,323.1533492388953,316.30605070101393,321.1480808935425,45897700,334.41803161621095,291.06274159749347
2022-08-12,323.18267822265625,323.37829738524425,318.0080692648529,319.06449632800343,40928400,334.1878971862793,291.46717783610023
2022-08-15,325.7945556640625,326.2934399677739,322.2143921032434,322.2339749241646,38266600,333.96653701782225,292.1597106933594
2022-08-16,325.03143310546875,327.12476412329613,321.97949953153403,324.8162311302888,41186900,333.7208128356934,292.8649098714193
2022-08-17,321.3241271972656,324.19999479301384,319.2405874236265,321.89149147226397,47842200,333.44734924316407,293.5229649861654
2022-08-18,322.0968933105469,323.2804893080499,319.66122117182294,321.27522114148155,41937200,333.17132171630857,294.1157948811849
2022-08-19,315.8169250488281,319.71011370146965,315.05394162816316,319.05474619815266,51770600,332.85600646972654,294.7054946899414
2022-08-22,307.5023498535156,311.78680670742614,306.6904691014755,311.5520517626145,51098900,332.4790083312988,295.0912063598633
2022-08-23,307.248046875,310.084778627086,306.4948249952328,307.2675998367647,39497100,332.07619705200193,295.3413660685221
2022-08-24,308.13818359375,309.9575940568266,306.16223003707927,306.76870019143814,38057100,331.67598602294925,295.44738413492837
2022-08-25,313.5867614746094,313.60634429398016,308.8719290443683,309.9185650656464,38098300,331.30564758300784,295.6575551350912
2022-08-26,300.7333679199219,314.49644577468706,300.6453348026327,313.2932668013605,69047700,330.8843840026855,295.6906036376953
2022-08-29,297.7694396972656,300.5181384539001,296.6640853502917,297.9748502855104,48321900,330.4765911865234,295.5378962198893
2022-08-30,294.453369140625,300.038829472428,291.92966385105143,299.4225678715721,51184500,330.0469595336914,295.46302388509116
2022-08-31,292.74151611328125,298.25849576274845,292.63393005470994,297.3585521146494,50044000,329.58875549316406,295.34302317301433
2022-09-01,292.8687438964844,293.24045917695395,286.559465092028,290.2472138209721,57990700,329.1316261291504,295.18202209472656
2022-09-02,288.7310485839844,297.1238676616353,287.1170185077955,295.7446224221192,64666800,328.6401252746582,294.9883458455404
2022-09-06,286.6572265625,290.12980272881055,284.5247895026237,289.2103060421024,57005400,328.1372326660156,294.8941848754883
2022-09-07,292.4481201171875,293.4458585804801,286.8724508266732,287.136580016848,49260400,327.6432334899902,295.06837005615233
2022-09-08,293.96435546875,295.2849121325558,289.00497666304324,290.37443067104766,55649800,327.1459083557129,295.4863560994466
2022-09-09,300.3909606933594,300.8898448162096,293.9642752414733,296.2238812009647,56125200,326.70355270385744,296.00331624348956
2022-09-12,303.9613342285156,304.2939136960637,301.4571818889825,301.7702083943868,45905700,326.28791122436525,296.4676691691081
2022-09-13,287.2931213378906,296.40978840050246,286.4029688637667,295.2164007799232,79562200,325.7826959228516,296.8398803710937
2022-09-14,289.572265625,290.4526266449247,286.6670533629508,288.4375668108412,54907200,325.32568786621096,297.1963806152344
2022-09-15,284.749755859375,290.0612950429128,283.14551758745165,287.654967486875,65299400,324.8032273864746,297.35973765055337
2022-09-16,283.00860595703125,283.39987414509164,279.3893080508119,281.44350335294047,79920400,324.30064407348635,297.5007588704427
2022-09-19,285.2124938964844,285.3692884177583,280.30299815473745,280.36179236202804,52613800,323.8417041015625,297.61036478678386
2022-09-20,282.9390869140625,285.232151029439,280.6362137942929,282.7038801471384,51271100,323.3578118896484,297.52296295166013
2022-09-21,277.87274169921875,288.0543677449017,277.7355651772439,283.7817990686382,82931000,322.8816020202637,297.3863357543945
2022-09-22,274.4527893066406,277.35341375740364,273.2278599044853,276.3440731262478,62757100,322.3733435058594,297.33796946207684
2022-09-23,269.9841613769531,272.27722488287793,266.564139263398,271.9832239787379,74815200,321.7861116027832,297.210888671875
2022-09-26,268.8670349121094,273.8843397574687,268.0732832419527,269.51380107029183,71176700,321.1846272277832,297.122575378418
2022-09-27,268.9748229980469,274.5898784508138,266.65233247015317,272.23802072833854,69780100,320.6123126220703,297.00589752197266
2022-09-28,274.32525634765625,275.6089793345175,267.4754640843519,268.955157735447,79652100,320.04591018676757,296.8996510823568
2022-09-29,266.41717529296875,270.70933165301625,263.44794834472293,270.3271394183976,81216000,319.4679656982422,296.63160502115886
2022-09-30,261.899658203125,269.6706014623193,261.74286368510326,265.59403371024285,78482400,318.88720275878904,296.18751373291013
2022-10-03,268.04388427734375,269.64119660919016,262.1642245952563,263.6733456205309,61267400,318.2940676879883,295.8397944132487
2022-10-04,276.4714660644531,277.17702658481915,273.394429101731,273.394429101731,66696900,317.7927862548828,295.7354070027669
2022-10-05,276.32440185546875,278.11768480207223,269.89597668018337,272.69859995415806,55766300,317.3001669311523,295.6742172241211
2022-10-06,274.1489562988281,278.4802890818558,273.8255582519906,275.3248703546536,53489400,316.8148515319824,295.586387125651
2022-10-07,263.7027893066406,269.631435237861,262.3700506590773,269.5040378040313,71354700,316.23576568603517,295.3078267415365
2022-10-10,261.0667419433594,264.29076431482383,258.3523093129113,263.898763004657,60393000,315.62038986206056,294.90055592854816
2022-10-11,257.4801025390625,262.26223063656084,255.79459886380482,259.39100393970506,66522500,314.97260055541994,294.47377624511716
2022-10-12,257.3919372558594,260.03776649485417,256.69618581479585,258.1170858027284,50580200,314.2923870849609,293.90043080647786
2022-10-13,263.4284362792969,264.7513660729402,249.1604454148233,250.04240359483623,112894100,313.651473236084,293.35057830810547
2022-10-14,255.5104217529297,266.35840191000744,254.92247966216505,265.7606508158974,77244300,312.97126167297364,292.5978411356608
2022-10-17,263.9477233886719,264.81985734029354,261.39005592604997,261.48805623327024,64576500,312.3390874481201,292.07359949747723
2022-10-18,266.03497314453125,271.6500281704402,263.34990861800145,270.98367401573574,69781000,311.72953788757326,291.6121869405111
2022-10-19,265.0648193359375,268.1908404507295,262.6933736039871,264.51605355141214,53115400,311.09646492004396,291.2307935078939
2022-10-20,263.71258544921875,269.32767256641716,262.54648017729903,264.17316009833104,60605500,310.4820319366455,290.6240516662598
2022-10-21,269.8959655761719,270.43492236653367,261.46844819142547,262.6051858763906,77897700,309.9578995513916,290.07145767211915
2022-10-24,272.865234375,273.79616260261975,266.5151907800213,270.16058119288914,63963600,309.4499300384521,289.4762382507324
2022-10-25,278.5096435546875,278.89183575054,272.32620446488806,273.80592824037956,59014500,308.99046501159665,288.9781893412272
2022-10-26,272.35565185546875,278.2843271482742,271.8656801736913,272.87502064193285,63492400,308.49901084899903,288.39289983113605
2022-10-27,267.39715576171875,272.6986532432841,266.8777869462493,271.23854711980397,57760300,307.95492500305176,287.5854133605957
2022-10-28,275.57965087890625,276.0500344201058,266.60336682977663,266.7699703460856,62651300,307.44429222106936,286.8896863301595
2022-10-31,272.3752746582031,274.14896978502844,270.45456409985746,273.3258209338083,47742000,306.9648812103271,286.1837547302246
2022-11-01,269.5921630859375,276.41258938321,269.22958888185565,275.8540145742492,45895900,306.4600971221924,285.44839401245116
2022-11-02,260.3513488769531,272.63003817817383,260.28274566333494,269.56281062737315,79803100,305.95523124694824,284.6182004292806
2022-11-03,255.26539611816406,259.1949779433197,254.88323381874503,257.7348721363837,70038900,305.44477935791014,283.5589579264323
2022-11-04,259.371337890625,261.262620935391,253.8836504361232,260.2042955239362,78313200,304.97806457519533,282.59830780029296
2022-11-07,262.22308349609375,262.7620703765629,258.28372130314244,260.41999100404877,47333800,304.5745100402832,281.58231455485026
2022-11-08,264.13397216796875,267.3775826721657,260.19458026576467,263.7420007597473,63213800,304.1726599121094,280.5546381632487
2022-11-09,258.0386962890625,263.1735899964773,257.7545043372061,262.3896472598714,64862100,303.7802641296387,279.4380925496419
2022-11-10,277.0790100097656,277.37298108205846,268.3575193009032,270.47420073791375,99256700,303.48570220947266,278.70067392985027
2022-11-11,282.1844482421875,282.8508323764569,275.55024324455786,276.8927607043084,66961800,303.2335858154297,278.03546651204425
2022-11-14,279.7150573730469,283.4094333688271,278.7351139349141,280.12661686998234,55290700,302.91695449829103,277.4337687174479
2022-11-15,283.5858154296875,287.3781913426912,280.23439607313935,286.3492328999672,73985400,302.5648275756836,277.03515981038413
2022-11-16,279.7150573730469,283.67403723664324,278.8919084736754,281.62595903960585,48859800,302.1813043212891,276.57627665201824
2022-11-17,279.09765625,280.5773802418302,275.0896916358312,275.2464861566308,55462100,301.780213470459,276.09226786295574
2022-11-18,279.1075134277344,282.2139175598534,276.65765469019476,282.1159471347535,53588600,301.45201248168945,275.5176137288411
2022-11-21,276.2362060546875,278.8722257787584,275.40324834438576,277.71589996730086,40083500,301.0877099609375,275.1093276977539
2022-11-22,280.21484375,280.3716083864238,274.8349338303634,276.9712332967761,41873400,300.7573419189453,274.81675109863284
2022-11-23,283.0272216796875,283.6543698199924,280.0579947755605,280.234377386381,46390000,300.4215823364258,274.6263153076172
2022-11-25,281.1654052734375,282.13553977935584,280.675433518044,281.42997925536906,15498800,300.0394111633301,274.4333801269531
2022-11-28,277.0397644042969,281.20452346589997,276.1088362044129,279.18584264259795,38714200,299.677078704834,274.16956380208336
2022-11-29,274.9426574707031,277.6668982383984,273.57074303831916,277.26511795721956,35618900,299.3596954345703,273.93975728352865
2022-11-30,287.4761047363281,287.5839140324113,274.3546816635539,275.20722740911276,74718100,299.1028825378418,273.95340525309246
2022-12-01,287.82891845703125,289.81820196065985,285.0458833523066,287.7995213571941,51547300,298.8057093811035,273.8764185587565
2022-12-02,286.6824645996094,287.5644376913528,282.57649886143685,282.75291142308726,53583200,298.50324310302733,273.7550537109375
2022-12-05,281.8708801269531,285.82982917530705,280.41074440392526,284.5559149606723,41482100,298.2283503723145,273.4463857014974
2022-12-06,276.03045654296875,281.8513228749803,274.63895362772695,281.71414634645646,53937600,297.9434648132324,272.98087107340496
2022-12-07,274.9035339355469,276.9026269405661,273.1886329036409,274.8447397211787,45614300,297.6696676635742,272.77437795003254
2022-12-08,278.156982421875,279.127116965823,274.17841400455825,276.25588954398427,42594900,297.45436004638674,272.5841232299805
2022-12-09,276.3831787109375,279.9109800870673,275.94219232436177,277.13772418223095,47860500,297.17621154785155,272.4446802775065
2022-12-12,279.8521728515625,279.91099695807793,275.52084054701044,276.55957797238233,35732500,296.88966491699216,272.392073059082
2022-12-13,282.86065673828125,290.9256016950821,280.1756213891042,290.7002039468558,80667700,296.6131393432617,272.352875773112
2022-12-14,280.76361083984375,285.56532782207256,277.51019136900254,282.2727022392149,64984400,296.3520172119141,272.3166178385417
2022-12-15,271.3365478515625,277.33379679560437,270.1410156832372,276.6674125419887,60554100,296.0158233642578,272.2076812744141
2022-12-16,268.7494812011719,272.1988712513383,267.14235964810024,270.6603828200437,68300400,295.69087646484377,272.1126261393229
2022-12-19,264.9725341796875,269.1079636689438,263.7348400900163,269.01956123069436,44167900,295.3712272644043,272.0290990193685
2022-12-20,264.76629638671875,266.51477034022,262.2221704080176,263.80364197163163,51064200,295.1111985778809,271.96075337727865
2022-12-21,268.60699462890625,269.91342607935576,264.9626801012188,265.8074644041287,46394700,294.8777354431152,271.95462290445965
2022-12-22,262.0355529785156,265.7191385524282,257.8116902008382,265.59143612286385,60278400,294.5546641540527,271.749794514974
2022-12-23,262.62493896484375,263.29291869044044,258.8627829022796,260.76842716724326,39373600,294.25267684936523,271.68659057617185
2022-12-27,258.9117736816406,262.12387854521467,258.3715266134447,262.015811145323,38009000,293.9656185913086,271.6367925008138
2022-12-28,255.4934844970703,260.7683738935606,255.13004220749377,258.50912021521793,47139000,293.691842880249,271.42761917114257
2022-12-29,261.72119140625,262.6641808412472,257.60539640207793,258.3028134858815,45893600,293.40054817199706,271.1817812601725
2022-12-30,261.5640563964844,261.69175883247533,257.6447307412725,258.9511626339772,37858300,293.04913276672363,270.9357755025228
2023-01-03,259.7958984375,265.36546227249795,257.48751246640285,263.89202824546896,42335300,292.66878944396973,270.69655787150066
2023-01-04,261.0335693359375,262.7133057533719,257.8804288307471,261.91765375652096,47754900,292.26026252746584,270.65207087198894
2023-01-05,256.947265625,259.5306917199179,256.63295577810726,259.36371929767733,45396700,291.8360680389404,270.5834129333496
2023-01-06,264.0393981933594,265.1592225809144,255.7292376503453,258.68593855497437,54659700,291.4137494659424,270.6927345275879
2023-01-09,265.7485656738281,270.4144400254255,265.1395510811122,266.03340799810394,45568700,291.0250189971924,270.83201166788734
2023-01-10,267.9980773925781,268.10614484433734,264.2064536565697,264.71723349305375,35247800,290.60936241149903,270.90817235310874
2023-01-11,272.6343994140625,272.7424668315669,268.28286475115624,269.06871422407676,44077000,290.2183516693115,271.1935719807943
2023-01-12,274.10784912109375,275.139270992559,268.89189472834795,273.1943271601256,60600000,289.80756675720215,271.36290740966797
2023-01-13,275.9938659667969,276.2394383275184,271.2690561446822,271.60303095801214,44802900,289.3755558013916,271.5288889567057
2023-01-17,276.55377197265625,277.8405687159556,274.62846312405304,275.79738993317136,36269700,288.96635887146,271.720371500651
2023-01-18,272.95855712890625,279.6479449041405,272.7522847682458,278.09591101359615,47754500,288.56139717102053,271.8744710286458
2023-01-19,270.2769775390625,272.4674941395841,269.0393130270576,271.32803460593385,44150400,288.1463956451416,271.88082122802734
2023-01-20,277.6735534667969,278.0075282572097,270.82699532060246,271.88788463329513,60613600,287.7320090484619,271.96095987955727
2023-01-23,283.8423156738281,285.0701773331729,277.72267234899215,278.5183243060803,52799900,287.3884951019287,272.04983774820965
2023-01-24,283.2628173828125,284.4219117944799,281.7009806802241,282.2215929144203,44875100,287.08035499572753,272.231623840332
2023-01-25,282.6341552734375,283.2529724484398,276.2001413661606,278.74426745370937,50872000,286.76497123718264,272.485573832194
2023-01-26,288.1447448730469,288.321549755741,283.4101031669652,286.0622963157405,51596300,286.5013039398193,272.6949920654297
2023-01-27,291.0130920410156,292.97767100846545,286.7106593059651,286.8285292476767,56441900,286.2923001861572,273.0056223551432
2023-01-30,285.1291198730469,289.16634470436463,284.75587509944233,287.74201315083116,49405800,286.0609056854248,273.26457163492836
2023-01-31,289.402099609375,289.50033454526135,285.0603972278785,285.16843467338794,46705100,285.8171933746338,273.7487508138021
2023-02-01,295.5905456542969,298.05607171572416,287.1231856674667,289.19583193314384,67562200,285.6430857086182,274.4208366394043
2023-02-02,306.19921875,308.1244973652682,301.29760478441443,302.1227241909579,83070600,285.52075172424315,275.2013013203939
2023-02-03,300.75738525390625,306.85742449730367,299.14644609767777,299.53935589355575,76170800,285.33425514221193,275.84353968302406
2023-02-06,298.2132263183594,300.4921448518524,296.8674946774453,298.13465635865975,40802300,285.1596900177002,276.4115272521973
2023-02-07,304.3918151855469,305.5214418929414,296.96571042435426,298.0855046460118,67584000,285.05048133850096,277.18407923380533
2023-02-08,298.9793701171875,304.01851869676693,298.29178563789054,303.07552942331165,56720900,284.95692390441894,277.5490852355957
2023-02-09,296.3370056152344,303.5175374375631,294.8832367504567,303.37020004952325,49137800,284.82974967956545,277.7849611918131
2023-02-10,294.3921203613281,296.22899658819284,291.98549954330554,294.17601551245633,50050100,284.75357765197754,278.0295789082845
2023-02-13,299.10711669921875,299.6964963236013,294.61804703077416,295.7968062795393,39636700,284.7028354644775,278.2882672627767
2023-02-14,301.31732177734375,302.27014384724765,295.58075435852487,297.52569847422205,64079100,284.6082270050049,278.6483050028483
2023-02-15,303.62567138671875,303.79264380406374,298.8124591342652,299.50004375484735,43100600,284.59721168518064,279.05710525512694
2023-02-16,297.92840576171875,302.9675559028306,297.7810683260045,298.9892952530569,59498600,284.53217964172364,279.3707867940267
2023-02-17,295.8262634277344,296.5826154333962,292.82046042318797,295.7378609837291,58230700,284.4549771881104,279.69728775024413
2023-02-21,288.8225402832031,293.43931228140923,288.68503536043335,291.9953457183186,46526700,284.2901329803467,279.8407493591309
2023-02-22,289.03863525390625,291.11125135049537,287.3785638886052,289.40207750954767,51389200,284.2074030303955,279.94093958536786
2023-02-23,291.5631408691406,292.84993755834523,287.36874603259605,292.69276766034636,69294400,284.1556014251709,280.11423517862954
2023-02-24,286.6811828613281,287.78134225238307,284.9130438596226,286.59278040780714,74332000,284.1384568023682,280.27492548624673
2023-02-27,288.734130859375,291.2389566843378,288.14475126023916,289.8441226093777,48995000,284.1139540863037,280.50478337605796
2023-02-28,288.3608703613281,290.8755287965995,287.77149073307226,288.1054655277622,48243100,284.1311287689209,280.51952946980794
2023-03-01,286.04266357421875,288.7242942474746,285.06037424872636,288.06617718656577,58287000,284.1400807952881,280.4897585550944
2023-03-02,288.40997314453125,289.2154576380953,283.26278633831913,283.5476586547441,53565900,284.10819725036623,280.5185503641764
2023-03-03,294.37249755859375,294.60826741292226,289.6476876641079,290.15849736757355,60511500,284.12321189880373,280.7269106547038
2023-03-06,294.7063903808594,298.61591212743696,294.50995053018556,295.610109620637,56736300,284.1021613311768,281.03817621866864
2023-03-07,291.09161376953125,295.678918088232,290.4825991868843,294.755563728383,65955800,284.13640647888184,281.30797754923503
2023-03-08,292.5454406738281,293.14462282777646,289.65750739650804,291.51401880216014,50876300,284.1855362701416,281.54778518676756
2023-03-09,287.4767761230469,295.6494298951968,286.6614592566164,293.04633939540435,71456700,284.2137160491943,281.7326784769694
2023-03-10,283.4396057128906,289.1369024469611,282.29034385610817,287.6438033139176,98593600,284.19827857971194,281.7924690246582
2023-03-13,285.54168701171875,289.25473947061863,280.13909571042,281.6518296683692,97123600,284.22381233215333,281.8371528625488
2023-03-14,292.10333251953125,292.65341206943197,288.25277567022636,289.09752998718557,73602500,284.26253074645996,282.02614822387693
2023-03-15,293.6357727050781,293.9697475146975,288.04654343898625,289.4905101030698,83631500,284.269517288208,282.39780197143557
2023-03-16,301.3762512207031,301.73969355398833,291.9266306468959,292.72228277573595,98198100,284.26751304626464,282.9415814717611
2023-03-17,299.951904296875,303.6747898578038,297.9971578043189,301.28783359145183,89923700,284.2623900604248,283.5245709737142
2023-03-20,301.016357421875,301.34100152288244,297.12047809228824,299.33405066965565,56359500,284.2737195587158,284.12873865763345
2023-03-21,305.31561279296875,305.7681570175095,301.4393987245314,302.9544746352989,49757000,284.2656381988525,284.74054896036785
2023-03-22,301.1639709472656,310.1461627973051,300.9967400279125,305.24677723632783,75791900,284.2767295074463,285.39268925984703
2023-03-23,304.7351989746094,309.06395770110566,302.0395687267942,304.90245991320177,74576000,284.30069770812986,286.09452692667645
2023-03-24,305.8567199707031,305.9550769566184,301.98050598303996,304.3121309910328,57195200,284.31733726501466,286.8769426981608
2023-03-27,303.76123046875,307.63744484819614,302.9053204449769,306.55524768224615,50287400,284.3343852996826,287.68140513102213
2023-03-28,302.14776611328125,303.21029788017563,299.83580627406957,303.18078477684537,48585900,284.3835897064209,288.35518137613934
2023-03-29,307.6570739746094,308.27687909765626,305.0302879825297,305.8468671210992,53274300,284.51189002990725,289.12339833577477
2023-03-30,310.56915283203125,311.1988056823133,307.7456227608923,310.1362740033374,58354800,284.72030982971194,289.96961924235023
2023-03-31,315.7341613769531,315.9702962118408,310.49046686740064,310.7954455899421,62138100,284.95211387634276,290.8812957763672
2023-04-03,314.966796875,315.23244481650516,312.28101452245835,313.6091341359782,47126800,285.14644706726074,291.84828796386716
2023-04-04,313.904296875,316.42284833764353,312.6843519308902,315.40952513215416,45875400,285.391166305542,292.6793696085612
2023-04-05,310.8052673339844,313.8944151110671,308.98521283558773,312.9499659209174,62795700,285.6042813873291,293.4303146362305
2023-04-06,312.90081787109375,313.39272296444466,307.75550980968626,309.1525034616404,46916500,285.79404380798337,294.17869364420574
2023-04-10,312.7237243652344,312.7729328863309,308.17852632267164,309.96906798292446,45134700,285.9849257659912,294.8468490600586
2023-04-11,310.7167663574219,312.74344301780025,310.2051958551303,312.68438678339635,40113600,286.1453289031982,295.4569976806641
2023-04-12,307.97198486328125,313.26488908352934,307.5095928211237,312.6745968985505,62813300,286.2442728424072,295.9899663289388
2023-04-13,314.0026550292969,314.4748646204521,308.55233915122227,309.7328931526092,54613800,286.38393424987794,296.61411437988284
2023-04-14,313.412353515625,315.1733517684207,310.50025434878785,312.44820892374673,56278300,286.5642221832275,297.28834431966146
2023-04-17,313.67803955078125,314.03222683385826,310.92338300909137,312.99920811309613,43007000,286.74456733703613,298.0116953531901
2023-04-18,313.6976623535156,316.21624373703116,312.49744289892294,315.7931825919775,46746900,286.94222648620604,298.6120971679687
2023-04-19,313.5500183105469,314.6125497258632,311.1593676613246,311.28726774126943,38960100,287.130099105835,299.1072255452474
2023-04-20,311.15948486328125,314.101067716023,309.87069591969515,310.5790404555482,62462100,287.2823963165283,299.5721700032552
2023-04-21,311.48406982421875,312.26128813113644,309.0147271391236,310.7954208380183,59002300,287.4273169708252,300.0530019124349
2023-04-24,310.8348388671875,312.5958374752224,308.6605967490596,311.25787003960903,44043100,287.5387654876709,300.4311701456706
2023-04-25,304.9712219238281,309.8706060444131,304.87286495242125,309.20162251666926,57121600,287.6190863800049,300.66380564371747
2023-04-26,306.8208312988281,309.84113531671335,306.2994131803903,308.3654202618704,55400500,287.7395169830322,301.0253341674805
2023-04-27,315.16351318359375,315.665235825713,309.9493026049632,310.58880307035366,65430400,287.9153556060791,301.4546910603841
2023-04-28,317.3377685546875,317.42630785671025,313.7960463562758,314.9274219134559,59712600,288.1049506378174,301.8171447753906
2023-05-01,316.9737548828125,318.3904437230442,315.89155784881615,316.87536787544934,41013400,288.2877373504639,301.99672037760416
2023-05-02,314.20928955078125,317.22959390769427,312.4679263755595,316.90491974602446,56519400,288.4312688446045,302.2209187825521
2023-05-03,312.153076171875,317.24920464975605,312.0448414621296,314.5732403099791,59882100,288.5765998077393,302.45324961344403
2023-05-04,311.0513000488281,313.077946762573,310.01828127190566,311.9268755593751,50224500,288.6728929901123,302.56424102783205
2023-05-05,317.66241455078125,318.5183244180284,311.090541155538,313.3139612877414,51806100,288.779107131958,302.87562510172523
2023-05-08,318.44952392578125,318.79386349819623,316.11789857102104,317.20009578853757,36465800,288.86798149108887,303.2441670735677
2023-05-09,316.43267822265625,317.65259307455085,316.11785180168346,316.78683542862564,31768800,288.97313377380374,303.6115097045898
2023-05-10,319.8760070800781,320.7319170011194,316.39331117258314,318.87250163596127,60446600,289.1039151763916,303.95765787760416
2023-05-11,320.9188537597656,321.4599372836662,318.87251202066807,320.4269487294922,44278500,289.26876731872557,304.2843500773112
2023-05-12,319.7677917480469,321.8731597479526,317.711632266649,321.4500985921904,48432800,289.3670207977295,304.5533854166667
2023-05-15,321.49932861328125,321.73543344270627,318.7151290644636,320.24005281717564,33375600,289.45925941467283,304.94623413085935
2023-05-16,321.86334228515625,323.57516239186424,320.7417842679999,320.7811450818047,40019200,289.5256841278076,305.3801854451497
2023-05-17,325.7591552734375,326.33959955792614,321.74522377154244,322.9257777316302,47486100,289.6125170135498,305.99579569498695
2023-05-18,331.80963134765625,332.0260707769426,326.1330577126718,326.15272310678785,64213500,289.7342000579834,306.7086456298828
2023-05-19,331.0619812011719,332.73444053308907,329.99944936818474,332.0260959855992,61554900,289.81027824401855,307.36695963541666
2023-05-22,332.1736755371094,333.1869987970139,330.79631729968287,330.80616500876556,43015900,289.8845302581787,308.1251678466797
2023-05-23,327.9629211425781,331.6030305288364,327.60876391719165,330.45198952282885,48216700,289.9506890106201,308.7789810180664
2023-05-24,326.2806091308594,327.52021944717154,324.22444965322325,326.0051435076235,62891200,290.0135230255127,309.41097666422525
2023-05-25,334.219970703125,335.48909414755377,331.2193618866053,333.6493740514875,66862800,290.1338080596924,310.2139317830404
2023-05-26,342.7593688964844,343.5956133301905,335.1446897504578,335.2430767468049,63007000,290.2535051727295,311.1197550455729
2023-05-30,344.3138732910156,348.19990521349973,342.88733662134945,346.99965567771557,72652200,290.39002281188965,311.95211130777994
2023-05-31,342.3560791015625,344.9238391648621,340.90005931752535,342.72993175643774,65105400,290.48588981628416,312.74627278645835
2023-06-01,346.3110046386719,347.6391242615058,341.0476145726759,342.10029859057545,50488600,290.58847206115723,313.6665959676107
2023-06-02,348.90826416015625,350.0691529330705,346.3110209728989,348.0720195268355,53372100,290.7078562164307,314.60597635904946
2023-06-05,349.1542053222656,351.7121176370537,348.12121670643876,348.69181336527123,47266200,290.8470066070557,315.63393351236977
2023-06-06,349.09515380859375,350.05929846403603,347.2160730142063,348.5442225836268,41390400,290.9819979095459,316.72819264729816
2023-06-07,343.172607421875,351.338218317684,342.5429546179051,349.3804460479306,69225900,291.11877632141113,317.68870798746747
2023-06-08,347.4325256347656,347.89491757581766,343.24151508717813,343.4677721917667,47153900,291.3184272003174,318.61086120605466
2023-06-09,348.7607116699219,351.8695554670356,347.31450949252246,348.8886117981313,53196900,291.525990524292,319.5296101888021
2023-06-12,354.6537170410156,354.7521040622906,349.44938288116003,350.423345337724,44606500,291.7585681915283,320.417567952474
2023-06-13,357.37884521484375,358.2150597311599,354.2011279729432,357.4083583151432,57097800,291.9775286102295,321.3746836344401
2023-06-14,359.9761047363281,360.2614180680653,354.5848446759908,357.38867940442117,69525600,292.27374229431155,322.357346089681
2023-06-15,364.2655334472656,365.7510662668436,358.08720728442455,358.70698242124115,71138800,292.6062227630615,323.3398447672526
2023-06-16,361.97320556640625,366.81356396968573,361.5305090811511,366.6856638661125,80932000,292.94382194519045,324.3533320109049
2023-06-20,361.4550476074219,362.8539874538742,358.48973768510257,360.51916403560494,49204700,293.2873896026611,325.29866282145184
2023-06-21,356.52923583984375,360.74571751962696,355.6031834558307,360.31224491159173,53378300,293.60569206237795,326.14320475260416
2023-06-22,360.7359313964844,360.8935304875478,354.8742193047937,355.2781383792763,47603000,293.96571647644043,327.09278310139973
2023-06-23,357.1597595214844,359.4650293113664,355.46528385567143,356.8346400266191,48922900,294.31822914123535,328.0096496582031
2023-06-26,352.37188720703125,359.4256337248402,352.28322644860583,356.62778399956727,52685500,294.6178479766846,328.75489654541013
2023-06-27,358.4306335449219,359.1596721529209,353.18960689065034,353.91861543396186,49428100,294.9401793670654,329.552587890625
2023-06-28,359.130126953125,361.0807239258555,356.5292909032333,356.6081205157872,46498000,295.2338751983643,330.2758539835612
2023-06-29,358.4108581542969,359.47484719964973,356.76565870417534,358.83446950352044,46151000,295.5061228179932,330.9999216715495
2023-06-30,363.9376525878906,364.9917504525924,361.7801507777104,362.0953789831637,58712500,295.88934547424316,331.833810933431
2023-07-03,364.7947692871094,365.4252558192242,363.494351354722,364.5780329650448,19432900,296.2654579925537,332.73363596598307
2023-07-05,364.7848815917969,366.48921845817017,363.1889279109318,363.22834271154244,34460900,296.6656336212158,333.59837036132814
2023-07-06,362.0067138671875,362.45004768326476,359.11034243267966,361.07083034889985,49374700,297.0606241607666,334.419753519694
2023-07-07,360.8048095703125,364.98190633957466,360.57824212425305,361.7801379298685,47133700,297.43858573913576,335.2545542399088
2023-07-10,360.923095703125,361.60285830589964,358.0168926072731,360.5290378333962,48498800,297.828505783081,336.13707275390624
2023-07-11,362.70623779296875,363.1594028091388,359.2089030330662,361.3467126797724,38214100,298.2526732635498,336.9487991333008
2023-07-12,367.2872314453125,368.63689536838575,364.80460986214194,366.81434398549743,61975400,298.71684547424314,337.84671376546225
2023-07-13,373.5232849121094,374.35081543167655,369.88804330473624,370.4692839054553,46960000,299.23454109191897,338.84413452148436
2023-07-14,373.4444274902344,377.17816043474403,372.56762108397237,373.9566996187592,55148500,299.75742805480957,339.8399139404297
2023-07-17,376.931884765625,377.80869120494543,373.68087024397227,374.1635888076031,40868900,300.2972133636475,340.89627838134766
2023-07-18,380.0154724121094,381.3848587517647,374.3606656620196,376.2915701510062,55262000,300.82566444396974,342.04387817382815
2023-07-19,379.92681884765625,382.22225770365327,378.5968472867821,381.07946888433037,54093000,301.3932126617432,343.18459065755206
2023-07-20,371.168701171875,378.3997682616013,370.1441268783706,376.9318601692175,71941700,301.9395578765869,344.1901550292969
2023-07-21,370.0555419921875,374.28188551268835,369.6220693201008,373.55284689253097,60499600,302.44961616516116,345.27489369710287
2023-07-24,370.64666748046875,371.97660910526355,368.7847011022521,371.03086415338794,40380100,302.9204921722412,346.3386576334635
2023-07-25,373.15875244140625,374.8236745721694,371.3362011667305,371.3559236001478,38894400,303.4046639251709,347.3052449544271
2023-07-26,371.9174499511719,373.61192570486145,369.61218004173713,372.11449390159294,47075700,303.89350639343263,348.2149063110352
2023-07-27,371.0308532714844,379.00079189164916,369.74029642837957,377.38514556560875,63940200,304.4301467132568,349.11585795084636
2023-07-28,377.7890319824219,378.8135763679888,374.5774019148181,375.0896741076016,56902900,305.01375816345217,350.175520324707
2023-07-31,377.98602294921875,379.168226478944,376.66591271101356,378.0944061373745,44019900,305.61628776550293,351.27273610432945
2023-08-01,377.1092529296875,377.86781500087017,375.04041175001595,376.6363654968615,41060600,306.21487434387205,352.3737019856771
2023-08-02,368.83392333984375,373.6316458629854,367.5926126020604,373.6316458629854,72687100,306.7419017791748,353.2265604654948
2023-08-03,368.2428283691406,370.3707767884127,366.2527866651259,366.4202770315307,47666400,307.30556381225585,354.0564488728841
2023-08-04,366.5187683105469,372.4888327932019,366.0163273181001,370.1737018320144,61702800,307.81841903686524,354.89121704101564
2023-08-07,369.62200927734375,369.7205312440297,365.9966293948918,368.33145268840195,37230400,308.3363542175293,355.7203170776367
2023-08-08,366.4793701171875,367.1295790590286,363.3465698139682,367.1098866903734,44726500,308.8434269714355,356.4796590169271
2023-08-09,362.4500427246094,366.92267536492295,361.69148071725726,366.76504623391156,51150900,309.3371142578125,357.19102986653644
2023-08-10,363.11993408203125,368.8042935359375,361.59294889306045,365.46461848678524,72035300,309.8032341003418,357.88470662434895
2023-08-11,360.8048095703125,362.53869992980555,359.27782435463325,360.5585196926428,48707200,310.24293197631835,358.5337310791016
2023-08-14,364.85382080078125,364.9720351284761,359.28767573081944,360.0068229125234,42130800,310.67465286254884,359.1853088378906
2023-08-15,360.9822082519531,364.67655689923794,360.31227684808397,363.878549931913,45539900,311.11778564453124,359.67151845296223
2023-08-16,357.1597595214844,361.9771741931818,357.0612375513833,360.4403276665938,53190500,311.56659866333007,360.10648142496746
2023-08-17,353.258544921875,358.9035207130956,352.84479469238767,358.5587088120644,62604300,311.9549931335449,360.45789591471356
2023-08-18,352.8152160644531,354.0762191631118,349.4459569685998,349.98781279310265,61191400,312.35719284057615,360.8721008300781
2023-08-21,358.49957275390625,359.17933528370077,353.82006464963996,354.28309086464947,50696500,312.80172988891604,361.4090835571289
2023-08-22,357.9873046875,361.12010503873574,357.2976809330937,361.11024382191454,44530200,313.28990966796874,361.8052057902018
2023-08-23,363.6322326660156,364.7257754169815,358.95272473149464,359.1694610384177,51770600,313.831743850708,362.15308685302733
2023-08-24,355.8593444824219,367.20837201410944,355.6524693888543,367.1098801079145,66842500,314.314183883667,362.3455113728841
2023-08-25,358.6177673339844,360.3122429567423,353.25849699524684,356.69672425690334,69960500,314.79615730285644,362.6165395100912
2023-08-28,361.3171691894531,362.2530528345494,358.8444088039,361.54373667152595,40910000,315.28207328796384,362.86664225260415
2023-08-29,369.2082824707031,369.5629555891602,360.79504044961345,361.12012991556895,58492400,315.83792121887205,363.2049758911133
2023-08-30,371.2672119140625,371.8484825028727,368.3117332773397,369.31661525522287,41731500,316.30886222839354,363.5735260009766
2023-08-31,372.38043212890625,374.08476889792274,371.27705829230825,371.3460266732662,35730700,316.75984214782716,363.96161397298175
2023-09-01,371.9864196777344,375.17832724616864,370.4988190213584,374.75471582239464,39801200,317.2211989593506,364.4418441772461
2023-09-05,372.4593200683594,373.6809084267045,370.25254198480724,371.17859447087113,32344200,317.66556648254397,364.858957417806
2023-09-06,369.1787109375,372.02583670551144,367.1690069344536,371.6810248213159,42998700,318.1128847503662,365.199257405599
2023-09-07,366.5384826660156,367.3167671772476,363.6716645886593,364.7159313717215,52060700,318.5500888824463,365.3973368326823
2023-09-08,367.0507507324219,369.28708226699547,366.08531356531296,366.48923260928746,35800100,318.9898050689697,365.5585352579753
2023-09-11,371.3756103515625,371.8878825130161,368.11473452694946,370.0850536990267,39936600,319.4655020904541,365.74852701822914
2023-09-12,367.25762939453125,371.35589664472434,366.97192471288514,369.700805786122,41391000,319.90071601867675,365.7983952840169
2023-09-13,368.656494140625,370.26230878815267,366.3610859453863,367.4940132531596,46300700,320.32886238098143,365.90978342692057
2023-09-14,371.671142578125,372.6563021545594,368.34132846411154,370.4101395228763,48039400,320.7813910675049,366.0800516764323
2023-09-15,365.3070068359375,370.7352455252118,364.3710932465167,370.3313265058135,69811200,321.2227272796631,366.2263478597005
2023-09-18,365.6878967285156,366.8027435013154,364.0797570550582,364.3658753677382,36903500,321.67645347595214,366.3088806152344
2023-09-19,364.9084777832031,365.7076098566791,361.8796522113721,364.36586764726064,37621700,322.0636153411865,366.4380259195963
2023-09-20,359.64996337890625,366.32913780083436,359.5710196614612,365.97398139695105,45514200,322.4227205657959,366.5593271891276
2023-09-21,353.0595397949219,356.7493907409862,352.891837088586,355.96010412579864,69734800,322.75460594177247,366.4698089599609
2023-09-22,353.10888671875,356.9466893835174,352.7931720730554,354.80581530410115,51589700,323.11079597473145,366.3694549560547
2023-09-25,354.78607177734375,354.87489098622916,351.1554436001717,352.1420293075471,39168000,323.50457405090333,366.30904184977214
2023-09-26,349.4585266113281,352.7438739868409,348.47194087111296,352.2012337647981,53657700,323.87734901428223,366.0677230834961
2023-09-27,350.27740478515625,352.19138350332275,346.64674642920926,350.61284031919894,56066000,324.2379511260986,365.8257670084635
2023-09-28,353.2075500488281,355.3385787373545,348.50151707108864,349.3598417980911,56453300,324.6220729827881,365.6328114827474
2023-09-29,353.46405029296875,358.08129428246383,352.23081815961984,356.6902048230615,64829600,324.99013236999514,365.4904337565104
2023-10-02,356.4139404296875,357.8148751876751,353.1187479820633,353.7304262658217,51625100,325.35789878845213,365.41725260416666
2023-10-03,350.1589660644531,356.16726861244763,348.5409512670307,353.96717193786543,60478500,325.7048755645752,365.2378504435221
2023-10-04,354.9241943359375,355.77264355913144,350.5338760666792,350.997572535324,54786700,326.1228137969971,365.10814971923827
2023-10-05,353.8784484863281,355.31885526491055,350.3760810833604,354.91435149052757,45897400,326.54845863342285,364.8846700032552
2023-10-06,359.8078308105469,361.0015911236225,350.08995526640047,350.87921181377783,75049100,327.02263511657713,364.6560791015625
2023-10-09,361.6428527832031,362.18546287642084,355.94038862576537,357.4399880549572,45304800,327.5070178985596,364.4593861897786
2023-10-10,363.64556884765625,366.29948641928246,361.4750986752042,361.97823683847247,46968800,327.9822107696533,364.2379475911458
2023-10-11,366.24029541015625,366.42774907655473,363.2509423462777,364.9774670886413,38215100,328.50323448181155,364.0083613077799
2023-10-12,364.96759033203125,368.72647892085024,362.57019463835024,366.7434624115076,49587900,329.01494773864744,363.75904083251953
2023-10-13,360.3799743652344,366.1811023109661,358.9790096138235,365.59902043997624,52469900,329.5222887420654,363.5792287190755
2023-10-16,364.4546203613281,365.5102742669237,361.5540560479042,361.7020378785472,44201100,330.06709442138674,363.48588002522786
2023-10-17,363.2608337402344,364.95776219420605,358.7817266393666,360.90287967978037,50999100,330.57479263305663,363.36278279622394
2023-10-18,358.49566650390625,362.9747743309581,357.163769692481,360.7648318403143,54280500,331.05945068359375,363.11839803059894
2023-10-19,355.1412658691406,361.11009748289064,354.34213383776466,359.91633718178207,72274200,331.53617752075195,362.8387949625651
2023-10-20,349.84326171875,355.21028982112387,349.6163361905404,354.6380533093616,72559700,331.980225982666,362.4856684366862
2023-10-23,350.89892578125,354.44076459522245,346.40994308049073,348.5212507897234,60665200,332.4499842834473,362.0375
2023-10-24,354.3125,355.0820355824691,351.01730762849365,352.71423610627215,47082100,332.90134979248046,361.6429412841797
2023-10-25,345.64044189453125,352.0927210150706,345.05835992536896,351.9151428091988,71190500,333.30080917358396,361.1184611002604
2023-10-26,339.04998779296875,345.37400467078936,337.75756315374093,344.43673637140995,78621400,333.65606872558595,360.62206217447914
2023-10-27,340.6778869628906,344.1605330884445,339.4643757795305,341.7828580689399,63476700,333.99628616333007,360.162646484375
2023-10-30,344.5157165527344,345.8377376935948,341.80260605044055,343.1640689388819,55298500,334.3483255004883,359.7959289550781
2023-10-31,346.1632995605469,346.538206922003,341.97031057999595,344.5453147631418,47671900,334.69917266845704,359.40495045979816
2023-11-01,352.17156982421875,352.7339308142085,346.9032065953184,347.0018711720502,58992700,335.07726165771487,359.166487121582
2023-11-02,358.564697265625,358.8014681911074,355.4668038189394,356.6901905197439,58162400,335.50529235839844,359.1017313639323
2023-11-03,362.7774353027344,364.0698602180295,359.6302243723939,359.8571499323478,53280500,335.9677946472168,359.096023050944
2023-11-06,364.2572937011719,364.8196547697104,361.9881586604035,363.5469508009669,38848700,336.40071334838865,359.153564453125
2023-11-07,367.7004699707031,368.56864001916324,364.09940839705934,365.30304404912414,50777400,336.82000411987303,359.20100860595704
2023-11-08,367.9372863769531,368.7758902732475,365.6484002460484,368.0753927235694,35663400,337.2433764648438,359.31692657470705
2023-11-09,365.1057434082031,369.7722740677285,364.6124506038928,368.62786125694754,53859400,337.6557344055176,359.4493596394857
2023-11-10,373.3141784667969,373.4621603005488,366.29953846489246,366.83230317460567,58309800,338.08158157348635,359.7836201985677
2023-11-13,372.14996337890625,373.20561724689395,370.2063884504877,371.73561426786733,40733500,338.4872659301758,360.10586598714195
2023-11-14,380.1610412597656,381.0785888109654,378.0398881004686,378.5627772988833,67792600,338.96242553710937,360.4668904622396
2023-11-15,380.44720458984375,382.54863712365847,379.08571139282526,382.055344232461,54141400,339.4176510620117,360.8412221272786
2023-11-16,380.77276611328125,381.0095370486171,378.4148118188048,379.6776403209401,45343500,339.84356216430666,361.1268976847331
2023-11-17,380.861572265625,381.8777543862122,379.13504719902096,380.04268923058214,46571900,340.2168739318848,361.54360148111977
2023-11-20,385.49847412109375,386.15949976599205,380.87138493142095,380.87138493142095,44429600,340.6405793762207,361.99161326090496
2023-11-21,383.2589416503906,384.00875640443104,381.5126958296553,383.791706349746,43337000,341.06580795288085,362.35730946858723
2023-11-22,384.82757568359375,387.79720796616436,383.82126921327625,385.33074397285407,44121000,341.4679867553711,362.6176310221354
2023-11-24,384.28497314453125,385.01503686616735,383.28851203717113,384.42307947458505,15718800,341.89451477050784,362.8345937093099
2023-11-27,383.9495544433594,385.9029747803666,383.07147875426443,383.79169712481854,34139700,342.33257751464845,363.0274124145508
2023-11-28,384.9558410644531,385.53792296059737,382.84453340991314,383.1997198853083,35491100,342.78539611816404,363.24356943766276
2023-11-29,384.58099365234375,388.85292686435287,384.2356826138443,387.4223654655157,38811700,343.2127655029297,363.4455973307292
2023-11-30,383.6141357421875,385.31106448878995,380.6445330167896,384.8473679676774,52834400,343.6242495727539,363.6861877441406
2023-12-01,384.7091979980469,385.30115539003594,380.89111647661264,382.5485730876191,40490100,344.02966720581054,363.98903299967446
2023-12-04,381.13775634765625,381.41399911142213,377.5268494374432,380.9108308206259,51186900,344.4457139587402,364.2238164265951
2023-12-05,382.0947265625,383.2884866491804,379.0560262041478,379.23363448560076,42933000,344.8770562744141,364.40246836344403
2023-12-06,379.88482666015625,385.1334700162449,379.5395457381617,385.03480542072907,41994100,345.33236770629884,364.61292165120443
2023-12-07,385.192626953125,386.02135528366534,381.76917355352117,382.8642992780169,49593500,345.8131376647949,364.8885238647461
2023-12-08,386.9093322753906,387.35327778127146,383.2688285861351,383.45628228024253,46687500,346.28986862182614,365.1424936930338
2023-12-11,390.2143859863281,390.48078340875367,386.2779184685151,386.48509304624,41198000,346.80753463745117,365.55761667887367
2023-12-12,393.3221130371094,393.44049849740657,389.11924854733235,390.25381601945304,39221200,347.33047454833985,366.01818695068357
2023-12-13,398.3240966796875,398.9357749899192,393.48983282234684,394.25936845589735,55408100,347.88029067993165,366.5751139322917
2023-12-14,397.9787292480469,400.8496664853402,394.96962548410613,399.5473965404543,55447800,348.4399710083008,367.2139266967773
2023-12-15,399.9026184082031,401.08653321564685,398.15637267001773,398.7581754565287,62896600,348.99743423461916,367.9946446736654
2023-12-18,402.42144775390625,403.32103752310854,399.9698476665642,400.2960579410329,46610000,349.5376789855957,368.81652069091797
2023-12-19,404.47772216796875,404.59634410373195,402.6884375774002,402.87626569847384,35711900,350.08653564453124,369.6447148640951
2023-12-20,398.46728515625,405.77273115288443,398.2893522514773,403.6769964921938,54042400,350.6234140014648,370.46152750651044
2023-12-21,403.1035461425781,403.46933727374613,399.8413227877144,402.40167969584627,45568900,351.17620452880857,371.34196319580076
2023-12-22,403.7066345214844,405.27843544904323,401.8283835483958,404.31953461254375,34314000,351.7573538208008,372.1836146036784
2023-12-26,406.1780090332031,406.85022006300187,404.46779580870526,404.56665747034475,22722500,352.37104583740233,373.0621805826823
2023-12-27,407.0048828125,407.2917233807638,405.60038123595757,406.46090294074895,31980500,352.9783618164063,373.9053629557292
2023-12-28,406.8070373535156,408.4093661852089,406.45098440261324,408.1620971301231,27029200,353.5518803405762,374.84949747721356
2023-12-29,405.0464782714844,407.14334518944673,403.1276680111543,406.78726205839257,42662100,354.1089338684082,375.6848688761393
2024-01-02,398.19219970703125,401.65396654587965,395.8678645069622,401.4066974859619,58026900,354.5930136108398,376.4234313964844
2024-01-03,393.9787292480469,396.61957611570585,393.543563467669,395.56125728435336,47002800,355.0631477355957,376.9929463704427
2024-01-04,391.9511413574219,395.22498138209505,391.73354337160316,392.10939718203656,39432800,355.51782165527345,377.4980845133463
2024-01-05,392.416015625,395.1953175679347,391.02141444263924,392.1193048135244,44922800,355.9533236694336,377.9775919596354
2024-01-08,400.5264892578125,400.8132996733028,393.494140551083,393.6424959701668,42473800,356.4501362609863,378.549028523763
2024-01-09,401.31768798828125,402.2474220769775,397.3218114911748,397.51963881463803,39132900,356.9330487060547,379.1548634847005
2024-01-10,404.03765869140625,405.04650562647345,400.7440479738248,401.634210585262,33962800,357.4239533996582,379.88249155680336
2024-01-11,404.8783874511719,406.708184634018,399.82419188723105,405.3135834357692,54536200,357.92953918457033,380.5562210083008
2024-01-12,405.0860900878906,406.75763146231475,403.6914888721999,405.916910564091,39595000,358.44423080444335,381.25330861409503
2024-01-16,405.0464782714844,406.62900624283634,402.3858608543528,403.84970451009025,43903000,358.93117782592776,382.02915547688804
2024-01-17,402.76171875,403.13757254275214,398.5186035024624,401.7331012147119,54386000,359.39214065551755,382.822829691569
2024-01-18,408.4785461425781,409.06209744413445,404.6903978005401,406.0355268649665,59562500,359.8558625793457,383.8000844319661
2024-01-19,416.5791320800781,416.73738790383584,410.10069464862477,410.6842460201119,70325100,360.3639242553711,384.8947545369466
2024-01-22,417.1231384277344,420.09036718235046,416.51978621850566,418.7847792861086,44880600,360.8800184631348,385.9415985107422
2024-01-23,418.8540344238281,419.071632413058,415.97581882346543,417.8154862180531,33003800,361.42026229858396,387.16182505289714
2024-01-24,421.1783142089844,425.15441993814665,420.68377609813024,422.77074262172437,46948000,361.96164978027343,388.53063049316404
2024-01-25,421.6926574707031,424.3532749490194,419.34855163077793,423.68068017138546,44367200,362.5064944458008,389.88087666829426
2024-01-26,419.180419921875,421.55419698030596,418.52762594856927,419.80354281385837,37137000,363.048812713623,391.12528839111326
2024-01-29,423.4729919433594,423.6708192677647,418.9825773004216,419.6353712499051,38694700,363.6263177490234,392.41378326416014
2024-01-30,420.6540832519531,423.0080893672837,419.7441500782244,422.43443846942944,36739000,364.1595748901367,393.55515848795574
2024-01-31,412.41510009765625,418.25064358105004,412.23707362768994,416.25272054382725,64010600,364.6545886230469,394.4526652018229
2024-02-01,417.2714538574219,417.7659919358185,413.2459066550631,414.2152121550357,51008600,365.17255569458007,395.36089884440105
2024-02-02,424.3236083984375,425.54015285865825,418.1715529635228,419.1704994430535,59602400,365.7256854248047,396.3620040893555
2024-02-05,423.7697448730469,424.9170467974545,420.35741962826177,424.3829673380894,39889200,366.2767840576172,397.2964920043945
2024-02-06,422.91912841796875,425.52040389751744,420.5750224334973,424.9170516631162,35846100,366.8355822753906,398.2128560384115
2024-02-07,427.27105712890625,428.1018775909272,424.4027419229312,425.70832987076966,37712700,367.4145172119141,399.24894460042316
2024-02-08,428.06231689453125,428.8238947375223,426.7072872671858,427.38972210735005,29889900,368.00065460205076,400.1614135742187
2024-02-09,432.2757568359375,433.0670359352017,428.4084953155892,429.1997442306421,36943900,368.63717727661134,401.16351013183595
2024-02-12,430.5845031738281,434.34301148931104,429.90203806398085,432.16703140223063,33203300,369.2559956359863,402.003901163737
2024-02-13,423.8686218261719,426.5589104777303,420.68379504149027,422.61250583435543,64491700,369.79952117919925,402.7275914510091
2024-02-14,428.4876403808594,428.9129359501023,424.1950528160093,426.5490592641366,45092700,370.3552705383301,403.52283935546876
2024-02-15,429.7635498046875,430.2284168698464,426.61826425240173,429.17999841382215,38796100,370.91921951293943,404.33787231445314
2024-02-16,425.8665466308594,430.2382465312156,425.1544105595702,430.13936305859477,53716500,371.47750579833985,405.0106735229492
2024-02-20,422.6520690917969,425.38189900812085,418.87379058422897,423.86861355765257,53999500,372.03000076293944,405.66722564697267
2024-02-21,420.9607238769531,421.04976730062936,417.0242197609672,419.91230547764127,49779000,372.5795478820801,406.2694447835286
2024-02-22,433.28460693359375,434.323124842958,428.9722191177197,429.7436973263299,53887800,373.1576588439941,407.0861053466797
2024-02-23,432.0087585449219,435.7771369504059,431.02958263641136,434.8474027847481,39853900,373.72545501708987,407.8870920817057
2024-02-26,431.78125,433.8088745410654,431.59332308682286,432.8197982334862,33043200,374.30219787597656,408.66751556396486
2024-02-27,432.8197937011719,433.2055177612976,430.2778603731003,432.88903628618857,33713200,374.86691680908206,409.47149556477865
2024-02-28,430.5152282714844,431.8999592325404,429.55582305749084,430.6734841008683,32938800,375.41489868164064,410.25318044026693
2024-02-29,434.2044372558594,435.2825266556424,430.2679032454021,433.4428594736849,42495200,375.98708190917966,411.0781010945638
2024-03-01,440.7422180175781,441.70162311070044,435.03525937791375,435.09460153342985,43853000,376.5832963562012,412.0715087890625
2024-03-04,439.1695861816406,441.1675393449397,438.92231714136767,440.74221365567143,34325700,377.1698275756836,413.0227564493815
2024-03-05,431.2866516113281,436.1331489889594,428.91287484151013,436.123248568318,57917100,377.69746505737305,413.87945353190105
2024-03-06,433.9967346191406,437.1617602054548,432.11749596098394,435.5100199293236,46234500,378.20840057373044,414.6928553263346
2024-03-07,440.5840148925781,441.84013082742956,436.04412847428506,437.58711514912994,44526700,378.7560107421875,415.58743336995445
2024-03-08,434.2242431640625,443.7391820165276,433.5516785602011,440.94007933389213,72096000,379.2662635803223,416.32093098958336
2024-03-11,432.6120910644531,433.86820708089914,430.6833802337702,432.7307753892559,45860000,379.7895094299316,416.97576395670575
2024-03-12,438.8135681152344,439.169621073095,431.69220711590737,434.92650573753195,55300900,380.3521742248535,417.6505884806315
2024-03-13,435.4408264160156,437.8344042624904,434.32316540516723,437.8146034192605,37928700,380.858278503418,418.2749567667643
2024-03-14,434.3429260253906,437.2013404756641,431.62296654384335,436.6771313102252,52195200,381.3161962890625,418.84896189371744
2024-03-15,429.17999267578125,434.07590215099276,428.01285972544184,431.3065006408254,73069800,381.74052688598636,419.2949376424154
2024-03-18,433.2732238769531,436.7989886672768,433.03551115320687,434.5112039360309,47323800,382.19511260986326,419.7748626708984
2024-03-19,434.3527526855469,434.75881378474264,429.1631195603212,431.2627591956044,43004100,382.6353213500977,420.3729537963867
2024-03-20,439.5027770996094,439.83950409423727,433.8476918891389,435.55115388933837,43653500,383.0882939147949,420.97960764567057
2024-03-21,441.5825500488281,445.01918405535713,441.38449136499906,444.563615836014,39345700,383.55043563842776,421.61087290445965
2024-03-22,442.087646484375,443.1869582956942,440.2158060824554,441.06755210012795,28253900,384.0153981018066,422.20936686197916
2024-03-25,440.4831848144531,441.96876077163023,438.28453118886614,439.28479844763035,27789200,384.5019509887695,422.76733856201173
2024-03-26,439.0570983886719,442.9295039517245,438.8292991588011,442.0084237433776,34142000,384.96007385253904,423.3048395792643
2024-03-27,440.55255126953125,442.2461298625254,437.6804433893789,442.1470854064944,41359200,385.4190330505371,423.8966074625651
2024-03-28,439.7404479980469,441.35477889519336,439.3838940102981,440.50303286410514,36839600,385.84446670532225,424.58907826741535
2024-04-01,440.6714172363281,443.2265949148535,438.75995295363714,440.69121403763677,38729000,386.2609295654297,425.3672897338867
2024-04-02,436.86834716796875,437.18527735648325,433.81797721986425,435.8482526807904,44259700,386.64539077758786,426.11590983072915
2024-04-03,437.84881591796875,439.7305396599772,434.7291120530437,434.7389953416227,39949800,387.01330718994143,426.8731231689453
2024-04-04,431.15380859375,442.65218366133433,430.9260093710551,442.0381201337382,57267700,387.3592102050781,427.3835784912109
2024-04-05,436.2344970703125,438.90854629943993,431.7678549915394,432.5799772284299,54744600,387.7331074523926,427.9655253092448
2024-04-08,436.36322021484375,438.2449438725227,434.9766885841394,437.1654288806128,28144900,388.1322773742676,428.50428466796876
2024-04-09,437.9775695800781,438.9778369644632,433.23362129829235,438.7005306265955,39443600,388.51848556518553,429.0559377034505
2024-04-10,434.1546936035156,435.01632297538475,432.08479436356697,432.79787215823893,61502200,388.90346023559573,429.54041442871096
2024-04-11,441.0873107910156,442.03807095435207,433.7485618314873,436.02646313263415,45474600,389.34703735351565,430.14109497070314
2024-04-12,434.05560302734375,437.98742888142436,432.67898492607605,436.8584067905544,53665000,389.72516220092774,430.66265970865885
2024-04-15,426.9149475097656,437.898303031709,426.0731150198092,437.80917209382505,63453600,390.06408630371095,430.9699330647787
2024-04-16,426.9545593261719,429.5889844602073,425.56802773565903,426.75647043147495,47619000,390.4068048095703,431.1428568522135
2024-04-17,421.7451171875,428.95511146869296,420.81415381342356,428.9353146694585,56880500,390.6958421325684,431.21988983154296
2024-04-18,419.33856201171875,424.1221042195833,418.7641222717654,422.3889319346268,46549400,390.9685610961914,431.22796529134115
2024-04-19,410.66278076171875,418.684898402186,409.09798710711,418.15999601291765,75231000,391.197950592041,431.0527064005534
2024-04-22,414.7926330566406,417.12992478299293,409.959554313332,413.2971435488054,47807700,391.4618801879883,430.93770599365234
2024-04-23,420.98260498046875,422.18096135938487,414.8422110574605,416.7239349293094,44384700,391.76276916503906,430.96774241129555
2024-04-24,422.40875244140625,425.5977906054682,420.1209674785059,424.0825040686884,48440300,392.0701974487305,430.95000508626305
2024-04-25,420.3685302734375,421.2301595778061,414.11920921453924,415.2086075113914,57392200,392.3585089111328,430.9452458699544
2024-04-26,426.8555603027344,428.3906436155652,422.8148063483676,423.5080571053355,41874900,392.6563505554199,431.1859202067057
2024-04-29,428.58868408203125,429.58898161261294,425.8453312309826,428.9650348449876,30022200,392.93167755126956,431.3745407104492
2024-04-30,420.5072021484375,428.4005650240207,420.4279847151419,427.0041197471969,43665900,393.16699142456054,431.3109339396159
2024-05-01,417.4666748046875,426.003810722956,416.6149590273703,419.08100564564097,52251700,393.36966537475587,431.2058827718099
2024-05-02,422.7949523925781,423.6962055209441,416.58525516971946,421.21033183967234,36559000,393.5835627746582,431.20381317138674
2024-05-03,431.29248046875,432.2828645726998,428.4599662149089,430.2624725378874,48515300,393.8403910827637,431.27083689371744
2024-05-06,436.0166015625,436.1057325049194,432.32245797578884,433.0949563675479,30227200,394.1646305847168,431.40340830485025
