Date,Close,High,Low,Open,Volume,MA5,MA20,MA200,RSI,CCI,Vol_ROC,VIX,US10Y
2016-12-23,3.9021196365356445,3.90529754531397,3.808682298906143,3.8201236797810125,1362000,3.799097394943237,3.4794668316841135,2.2743786835670474,69.21955319569882,-1154.7142578498315,-55.750487329434705,11.4399995803833,2.5429999828338623
2016-12-27,4.04449987411499,4.06738218078873,3.9091109607571597,3.9129249058543367,4866000,3.871863842010498,3.5086089015007027,2.2871118408441546,72.48528969340661,-1052.7109508326016,257.26872246696036,11.989999771118164,2.562999963760376
2016-12-28,3.8093183040618896,4.1264971059520645,3.803597611964474,4.123954323555113,8050500,3.8769488811492923,3.526992869377137,2.2987115585803988,60.977005712030994,-980.2369617414028,65.4438964241677,12.949999809265137,2.50600004196167
2016-12-29,3.808683395385742,3.8105901412016694,3.687913734312091,3.7711806512314925,5998500,3.8819069385528566,3.5484391093254093,2.3101018357276923,60.94887251893077,-962.4184081507326,-25.48910005589715,13.369999885559082,2.4769999980926514
2016-12-30,3.6294360160827637,3.906569039297642,3.597653966775307,3.8900430010561906,5214000,3.838811445236206,3.5859177589416507,2.3204290390014655,53.45104615524755,-1064.9554311255583,-13.078269567391843,14.039999961853027,2.446000099182129
2017-01-03,3.6351561546325684,3.7921557770415038,3.539812061117699,3.7266867571887428,6211500,3.785418748855591,3.61810109615326,2.330472410321236,53.64701445793936,-1278.2204623859886,19.131185270425767,12.850000381469727,2.450000047683716
2017-01-04,3.668208360671997,3.7158804091516373,3.6141807210165124,3.6840994981350597,3565500,3.710160446166992,3.6464770197868357,2.340641606450081,54.830332235060474,-1541.9984681791993,-42.598406182081625,11.850000381469727,2.4519999027252197
2017-01-05,3.567143440246582,3.727957690055882,3.5493464671678097,3.677742634084608,3568500,3.661725473403931,3.663368952274323,2.350326715111733,50.578516501385586,-1796.2757866505206,0.08413967185527671,11.670000076293945,2.368000030517578
2017-01-06,3.6529531478881836,3.681556376100503,3.517564443422572,3.5919329731655525,4870500,3.630579423904419,3.674329030513764,2.360768473148346,53.85071190659141,-1951.7528875742091,36.48591845313156,11.319999694824219,2.4179999828338623
2017-01-09,3.770545721054077,3.814404056925254,3.6860067316612,3.686642768231329,5397000,3.6588013648986815,3.686770367622376,2.3718163937330243,57.95868766300821,-2012.106536117721,10.809978441638446,11.5600004196167,2.375999927520752
2017-01-10,3.827751874923706,3.851269313822147,3.7622819400998186,3.7692733407992507,3775500,3.697320508956909,3.7042863726615907,2.3831594473123547,59.83191931018761,-2079.452912430364,-30.04446914952752,11.489999771118164,2.378999948501587
2017-01-11,3.863982677459717,3.863982677459717,3.7794436969796874,3.816310400376681,3205500,3.736475372314453,3.7275572180747987,2.3943863821029656,61.0166357775928,-2282.4846777874245,-15.097338100913781,11.260000228881836,2.369999885559082
2017-01-12,3.764188528060913,3.8385570607507273,3.5932049611600263,3.8385570607507273,5007000,3.7758843898773193,3.7401053309440617,2.404871679544449,56.107905063954384,-2557.542370399411,56.200280767430975,11.539999961853027,2.3610000610351562
2017-01-13,3.8353796005249023,3.8671609701855783,3.764825005341859,3.7756303527808877,4092000,3.8123696804046627,3.7566073656082155,2.415855498313904,58.66276730012828,-2823.4675149108625,-18.274415817855004,11.229999542236328,2.380000114440918
2017-01-17,3.65104603767395,3.799782854983469,3.6141802493549307,3.799782854983469,4072500,3.788469743728638,3.7546713471412665,2.4257568824291234,50.47085321393903,-2885.643596907429,-0.4765395894428148,11.869999885559082,2.3269999027252197
2017-01-18,3.8035974502563477,3.810589987891535,3.6612170997240345,3.6618531362736673,3651000,3.7836388587951664,3.766368877887726,2.436651560068131,55.952831803699844,-3138.2979242019624,-10.349907918968693,12.479999542236328,2.3889999389648438
2017-01-19,3.7514760494232178,3.877330336492025,3.7425765404595013,3.7489330403101375,2694000,3.7611375331878665,3.7699092984199525,2.4474312323331833,53.76332093779205,-3315.841465522248,-26.211996713229258,12.779999732971191,2.4590001106262207
2017-01-20,3.8970353603363037,3.963141340396445,3.846185165996624,3.851905858323498,4134000,3.787706899642944,3.7755664110183718,2.4586960297822955,58.631869669023196,-3067.438722184589,53.4521158129176,11.539999961853027,2.4670000076293945
2017-01-23,3.820124626159668,3.876695053519928,3.731771920687428,3.83982812010298,4033500,3.7846559047698975,3.7773779869079593,2.4699615103006365,55.31745581881847,-3039.8479253917744,-2.431059506531208,11.770000457763672,2.4030001163482666
2017-01-24,4.047041893005371,4.061025143362512,3.862709128413468,3.862709128413468,4725000,3.863855075836182,3.7874844074249268,2.4822432756423956,62.12102068921171,-2821.8325015304445,17.143919672740804,11.069999694824219,2.4709999561309814
2017-01-25,4.22501802444458,4.251714277513136,4.112511866928282,4.204042461981638,5010000,3.9481391906738286,3.8036293268203734,2.495427058339119,66.43751917977787,-2370.435658801063,6.0317460317460325,10.8100004196167,2.5230000019073486
2017-01-26,4.151286602020264,4.250444658426684,4.095350845170744,4.2409100200938,3685500,4.028101301193238,3.808968663215637,2.5082664477825167,63.2232258307844,-2193.7566847884905,-26.437125748503,10.630000114440918,2.507999897003174
2017-01-27,4.308921813964844,4.31019388710679,4.210399794584751,4.218027232434084,3610500,4.1104785919189455,3.833948838710785,2.5213540738821036,66.9092946016451,-1825.5767397823959,-2.0350020350020315,10.579999923706055,2.4809999465942383
2017-01-30,4.240273952484131,4.245359971855162,4.07946081224255,4.242181152918696,7095000,4.194508457183838,3.855528366565705,2.5343047326803205,63.90539254317822,-1578.398401821154,96.51017864561695,11.880000114440918,2.4830000400543213
2017-01-31,4.075011253356934,4.180525582205351,3.9980999298090283,4.169084198230517,6417000,4.20010232925415,3.877807128429414,2.546650509238243,57.2426702228692,-1490.106836633083,-9.55602536997886,11.989999771118164,2.4509999752044678
2017-02-01,4.2688775062561035,4.2803188905681075,4.143659224680417,4.234553353320091,5668500,4.208874225616456,3.9094931960105903,2.5599534875154495,62.218904429919,-1393.6932966377005,-11.664329125759698,11.8100004196167,2.4739999771118164
2017-02-02,4.258070945739746,4.306378797015085,4.11060506485143,4.182431259998864,4839000,4.230231094360351,3.9389863252639774,2.5735088008642197,61.7872274381459,-1332.2943045129234,-14.633500926170939,11.930000305175781,2.4700000286102295
2017-02-03,4.331803798675537,4.352144690080141,4.281589652484191,4.317184507555392,2787000,4.23480749130249,3.9772193431854252,2.587205275297165,63.64079797244605,-1292.127059793877,-42.40545567265964,10.970000267028809,2.490999937057495
2017-02-06,4.37693452835083,4.383926384252615,4.27650485408331,4.362314779977484,4750500,4.26213960647583,4.013418412208558,2.6012669402360915,64.76732643228013,-1286.4461257018434,70.45209903121636,11.369999885559082,2.4130001068115234
2017-02-07,4.4252400398254395,4.47100510184413,4.351507566194321,4.448758379813587,4060500,4.332185363769531,4.046153128147125,2.6155276638269425,65.98223235190942,-1242.826651819989,-14.524786864540573,11.289999961853027,2.3889999389648438
2017-02-08,4.446853160858154,4.502152876035979,4.378841353469311,4.47482058206816,3667500,4.367780494689941,4.0771081924438475,2.6300390231609345,66.53820290955184,-1214.5912021484114,-9.678611008496496,11.449999809265137,2.3510000705718994
2017-02-09,4.330532073974609,4.470370512773716,4.312099294325958,4.470370512773716,5070000,4.382272720336914,4.100435662269592,2.6436593741178513,60.78066168786169,-1227.077604956327,38.24130879345604,10.880000114440918,2.3949999809265137
2017-02-10,4.320362091064453,4.422062903331205,4.191329898711959,4.422062903331205,5946000,4.379984378814697,4.128244340419769,2.656971037387848,60.2894667453721,-1309.6152562433128,17.278106508875734,10.850000381469727,2.4089999198913574
2017-02-13,4.350872993469238,4.438589657049591,4.327990227444265,4.366127867728198,4624500,4.374772071838379,4.154019010066986,2.671102595329285,61.29992818889675,-1386.174254936587,-22.225025227043393,11.069999694824219,2.434000015258789
2017-02-14,4.305107593536377,4.347694758387289,4.233917882570092,4.335617339768643,3199500,4.350745582580567,4.186722087860108,2.685590760111809,58.87975248984891,-1611.8426717955933,-30.81414206941291,10.739999771118164,2.4700000286102295
2017-02-15,4.412528038024902,4.4258766184425395,4.279682361951387,4.327989301895382,3541500,4.343880558013916,4.217168617248535,2.7004704248905185,62.61108661746943,-1844.7154607663829,10.689170182841078,11.970000267028809,2.502000093460083
2017-02-16,4.429055690765381,4.45511727938442,4.348966906815726,4.427148944853228,2700000,4.363585281372071,4.251047599315643,2.7156723630428314,63.16491978116913,-2110.5009548681887,-23.761118170266837,11.760000228881836,2.450000047683716
2017-02-17,4.500246047973633,4.500246047973633,4.314007357644319,4.375027769414128,3577500,4.399562072753907,4.28120813369751,2.7314789927005765,65.53319319762008,-2333.8698594735256,32.49999999999999,11.489999771118164,2.424999952316284
2017-02-21,4.693476676940918,4.695383422399019,4.564443565606521,4.588597947924943,4737000,4.4680828094482425,4.324875736236573,2.7482002037763595,70.98597035451759,-2616.7370098168653,32.41090146750525,11.569999694824219,2.427000045776367
2017-02-22,4.694112300872803,4.714452739791031,4.635634675574254,4.696655083055853,2751000,4.545883750915528,4.357229256629944,2.764897293448448,71.00222173957376,-2618.357910444345,-41.92526915769474,11.739999771118164,2.4179999828338623
2017-02-23,4.460835933685303,4.661058711354617,4.372483260573189,4.647710586794848,7501500,4.555545330047607,4.369020152091981,2.78045833826065,58.13280668099882,-2624.127688812221,172.6826608505998,11.710000038146973,2.388000011444092
2017-02-24,4.4532084465026855,4.454479155212008,4.200863882286849,4.2447222001686455,5176500,4.5603758811950685,4.384116244316101,2.795729477405548,57.76413433287718,-2885.769723338917,-30.99380123975205,11.470000267028809,2.316999912261963
2017-02-27,4.581605434417725,4.586690998018965,4.426512566129422,4.462107419609841,3328500,4.576647758483887,4.397750425338746,2.811706301569939,62.11921565434562,-2784.760745236713,-35.699797160243406,12.09000015258789,2.36899995803833
2017-02-28,4.404265403747559,4.60194636501555,4.374391237811278,4.60194636501555,4711500,4.518805503845216,4.405949997901916,2.827163459658623,53.85869663745725,-2904.921020150994,41.550247859396116,12.920000076293945,2.3580000400543213
2017-03-01,4.610846042633057,4.627372084109578,4.433505932626262,4.570165611676311,4848000,4.502152252197266,4.432741737365723,2.843574652075768,60.45551877308008,-3127.5193121912434,2.8971665074816855,12.539999961853027,2.4630000591278076
2017-03-02,4.46782922744751,4.673136745652098,4.454481097225389,4.647076521794394,4126500,4.503550910949707,4.442689323425294,2.858961359858513,54.63213684858005,-3204.776002150993,-14.882425742574256,11.8100004196167,2.489000082015991
2017-03-03,4.459565162658691,4.481812801145683,4.378205228193011,4.474820491348402,3142500,4.504822254180908,4.452764034271241,2.8744432491064074,54.30661261102425,-3578.1256349307437,-23.845874227553622,10.960000038146973,2.492000102996826
2017-03-06,4.466557025909424,4.4907104958476145,4.309556516174348,4.388374561910687,3381000,4.481812572479249,4.459501695632935,2.8896294587850573,54.55334206067493,-3749.365918131812,7.589498806682582,11.239999771118164,2.49399995803833
2017-03-07,4.497702121734619,4.5841480619536465,4.403630109552733,4.441767743550373,4263000,4.50049991607666,4.4655400753021235,2.9051109319925312,55.70082104777999,-3806.629080029394,26.086956521739136,11.449999809265137,2.510999917984009
2017-03-08,4.530755996704102,4.638177520453868,4.500881829082648,4.562537364647759,4267500,4.48448190689087,4.470815873146057,2.9201055049896243,56.9433330414835,-3625.591880369082,0.1055594651653724,11.859999656677246,2.552000045776367
2017-03-09,4.552366733551025,4.576520659519971,4.443674521327232,4.518678171694774,2389500,4.501389408111573,4.476091551780701,2.9350412964820864,57.77717562766527,-3513.0320154944598,-44.00702987697716,12.300000190734863,2.5980000495910645
2017-03-10,4.709367275238037,4.739877479625488,4.632456864324141,4.632456864324141,4827000,4.551349830627442,4.495033311843872,2.9501948535442355,63.33285328024444,-3263.390358802643,102.00878844946644,11.65999984741211,2.5820000171661377
2017-03-13,4.818694591522217,4.821872500393552,4.726528414706547,4.748776049988209,4614000,4.621777343750001,4.519949936866761,2.965746414065361,66.62599420202761,-3073.7339073762405,-4.41267868241143,11.350000381469727,2.6080000400543213
2017-03-14,4.7742018699646,4.777380689200648,4.65279752592609,4.771659996630969,4156500,4.677077293395996,4.541116380691529,2.9809905773401257,64.10277490776195,-2938.2220386066633,-9.915474642392718,12.300000190734863,2.5950000286102295
2017-03-15,4.889884948730469,4.914038418791835,4.7227142210683715,4.808524120992372,4375500,4.74890308380127,4.570355248451233,2.9966554176807403,67.54442097176673,-2738.0263188111667,5.268856008661138,11.630000114440918,2.507999897003174
2017-03-16,4.870818138122559,4.954085290731439,4.841579092822588,4.954085290731439,2938500,4.8125933647155765,4.593269753456116,3.012082359790802,66.41421072326479,-2434.9973697879586,-32.84196091875214,11.210000038146973,2.5220000743865967
2017-03-17,4.8975138664245605,4.927388490467552,4.86128342304963,4.91658314296668,2268000,4.8502226829528805,4.616692662239076,3.027488077878952,67.24072886915246,-2223.6693988182615,-22.817764165390507,11.279999732971191,2.500999927520752
2017-03-20,5.006841659545898,5.060234178725964,4.894335474546105,4.923574516491162,3282000,4.8878520965576175,4.642022442817689,3.043446500897408,70.44814342403072,-2029.816805357075,44.708994708994695,11.34000015258789,2.4730000495910645
2017-03-21,4.658517360687256,5.078031859183314,4.627371120967194,5.069768385528386,8511000,4.864715194702149,4.640274477005005,3.057578372359276,52.73310549239482,-1936.62850064641,159.3235831809872,12.470000267028809,2.436000108718872
2017-03-22,4.807254314422607,4.81996686210064,4.6191088815696695,4.664873962283273,4558500,4.848189067840576,4.645931577682495,3.072523695230484,57.63232562980507,-1893.8679818119028,-46.43990130419458,12.8100004196167,2.3959999084472656
2017-03-23,4.770388126373291,4.837764815033594,4.731615353689152,4.8053478619398104,3840000,4.8281030654907235,4.661409187316894,3.0870177495479587,56.08073337244588,-1898.0948966056765,-15.761763738071732,13.119999885559082,2.4179999828338623
2017-03-24,4.870818138122559,5.0475226646542115,4.817425612816189,4.969340168065652,5841000,4.822763919830322,4.682289671897888,3.102038223147393,59.2956673628436,-1955.0229339567104,52.10937499999999,12.960000038146973,2.4000000953674316
2017-03-27,4.896242141723633,4.930565838554511,4.670594648053876,4.709367418320612,7363500,4.80064401626587,4.698021507263184,3.1171494174003604,60.092085469947875,-1995.21926300788,26.06574216743709,12.5,2.372999906539917
2017-03-28,4.94518518447876,4.997942111741879,4.853019002584138,4.924844293398985,4147500,4.85797758102417,4.725067496299744,3.132975494861603,61.64777441496406,-2064.758232819692,-43.67488286820126,11.529999732971191,2.4089999198913574
2017-03-29,4.90386962890625,4.945186091177479,4.862554075908162,4.945186091177479,3456000,4.877300643920899,4.739718675613403,3.1487163305282593,59.537862682688896,-2126.965081155079,-16.672694394213384,11.420000076293945,2.385999917984009
2017-03-30,4.987771987915039,5.014468700026384,4.895606705148256,4.895606705148256,5355000,4.920777416229249,4.76571581363678,3.1649009412527085,62.35555182077034,-2201.203594080688,54.94791666666667,11.539999961853027,2.4159998893737793
2017-03-31,4.978237628936768,5.053242198309692,4.926116734226473,4.999849230612828,3334500,4.94226131439209,4.791649436950685,3.18103484749794,61.82864238015835,-2419.0151150785737,-37.73109243697479,12.369999885559082,2.3959999084472656
2017-04-03,4.891793251037598,5.027816866962077,4.791999166415445,5.006841300877731,4821000,4.941371536254883,4.812911248207093,3.196745630502701,57.11615947712641,-2754.4794218438756,44.57939721097617,12.380000114440918,2.3499999046325684
2017-04-04,4.8167877197265625,4.910225057637412,4.767844741937837,4.80089681187774,3976500,4.9156920433044435,4.82886552810669,3.2122997879982,53.31880037520369,-3266.1461986461527,-17.517112632233978,11.789999961853027,2.3499999046325684
2017-04-05,4.712544918060303,4.951540474411389,4.703645409770029,4.870816137604011,5608500,4.877427101135254,4.8379549741745,3.2270445650815964,48.493304817883036,-3776.9790470537946,41.04111655978875,12.890000343322754,2.3570001125335693
2017-04-06,4.730342864990234,4.762760269873106,4.590505753553657,4.709367298274747,5905500,4.825941276550293,4.846853780746461,3.241787331104279,49.33637995955316,-4189.14726926091,5.295533565124355,12.390000343322754,2.3429999351501465
2017-04-07,4.79326868057251,4.835220256919104,4.702374583533815,4.732248743184151,2850000,4.788947486877442,4.851048851013184,3.256884161829949,52.308634411383856,-4406.737944542471,-51.73990347980696,12.869999885559082,2.372999906539917
2017-04-10,4.68203592300415,4.806618614405988,4.647076190430222,4.797083976563442,3631500,4.7469960212707525,4.844215917587281,3.270733221173287,47.05364795288129,-4203.974794645999,27.421052631578945,14.050000190734863,2.3610000610351562
2017-04-11,4.568258285522461,4.624829623400457,4.357865664644088,4.624829623400457,7803000,4.697290134429932,4.833918738365174,3.2856271350383763,42.36532371492517,-3685.7559367143954,114.86988847583643,15.069999694824219,2.2980000972747803
2017-04-12,4.327355861663818,4.546011499607014,4.300023565943494,4.5390196438562045,8232000,4.620252323150635,4.805792284011841,3.3002629423141485,34.52216055239778,-2888.3285888996015,5.497885428681282,15.770000457763672,2.2960000038146973
2017-04-13,4.244086265563965,4.437317192470843,4.240908357123529,4.2612483350515165,4864500,4.523001003265382,4.7744556903839115,3.313921233415604,32.296465365496225,-2385.240523765012,-40.90743440233236,15.960000038146973,2.2320001125335693
2017-04-17,4.409985542297363,4.411257615129678,4.283496584682407,4.283496584682407,5293500,4.446344375610352,4.750079274177551,3.3279540181159977,40.52370826580708,-2033.8562001546707,8.818994757940168,14.65999984741211,2.252000093460083
2017-04-18,4.462743759155273,4.473549104973288,4.319091807984993,4.348965972738718,3120000,4.402485942840577,4.72287437915802,3.3418137907981875,42.90005057194432,-1863.9603151408264,-41.05979030886937,14.420000076293945,2.178999900817871
2017-04-19,4.535840034484863,4.659152452740468,4.512957725461909,4.568893016356608,3657000,4.396002292633057,4.7167405128479,3.3563120466470724,46.11254660133655,-1784.022914483003,17.211538461538467,14.930000305175781,2.2019999027252197
2017-04-20,4.753225803375244,4.773566698193792,4.569529896903904,4.63499892702293,5005500,4.481176280975342,4.714039087295532,3.372309768795967,54.339966248239904,-1787.2757338095007,36.874487284659565,14.149999618530273,2.240999937057495
2017-04-21,4.6864848136901855,4.7157243108194296,4.569530007629284,4.706825709001619,5757000,4.569655990600586,4.709843921661378,3.3879404151439667,51.72868503723722,-1785.5375004144312,15.013485166317043,14.630000114440918,2.236999988555908
2017-04-24,4.887979507446289,4.932472968993226,4.826323061135916,4.890521380451305,7372500,4.665254783630371,4.710701990127564,3.404293403625488,58.25144481458506,-1798.4775337904587,28.06149035956227,10.84000015258789,2.2730000019073486
2017-04-25,5.040530681610107,5.06023463246807,4.921668212019429,4.982688174462972,4311000,4.780812168121338,4.717916417121887,3.4207296752929683,62.39458187871241,-1719.9177047233463,-41.525940996948115,10.760000228881836,2.3269999027252197
2017-04-26,4.910861968994141,5.037986981252191,4.857469000116498,5.022732107079453,5542500,4.8558165550231935,4.716200256347656,3.4362294369935986,57.198490870961834,-1718.4487252309534,28.566457898399445,10.850000381469727,2.311000108718872
2017-04-27,5.119983196258545,5.139052017199233,4.981416794465455,5.016375617568553,5331000,4.929168033599853,4.727005934715271,3.452404736280441,62.60689355145892,-1641.9474453269293,-3.8159675236806523,10.359999656677246,2.2960000038146973
2017-04-28,4.858740329742432,5.080574777147404,4.814881996702762,5.080574777147404,7579500,4.963619136810303,4.720554351806641,3.4672495490312576,53.51030827466034,-1662.1452977640056,42.177827799662346,10.819999694824219,2.2820000648498535
2017-05-01,5.000485420227051,5.005570075236861,4.8199665282827375,4.913403883636025,5449500,4.986120319366456,4.721666741371155,3.482596821188926,57.148383831833044,-1680.9238442153994,-28.102117553928363,10.109999656677246,2.325000047683716
2017-05-02,4.839670658111572,4.957897052790618,4.760852152385941,4.957897052790618,4305000,4.945948314666749,4.719060611724854,3.4971612560749055,52.16109711838745,-1703.468737796573,-21.001926782273607,10.59000015258789,2.2960000038146973
2017-05-03,4.893062591552734,4.914038151770101,4.765301575856785,4.779920409738256,2863500,4.942388439178467,4.722874355316162,3.511558879613876,53.60864151300784,-1692.0196576410888,-33.48432055749129,10.680000305175781,2.309000015258789
2017-05-04,4.880988121032715,4.932474362044639,4.823146968395188,4.9134055354376365,2571000,4.894589424133302,4.731296515464783,3.5260144293308255,53.21647194409204,-1653.5225803999847,-10.214772132006289,10.460000038146973,2.3559999465942383
2017-05-05,4.933108329772949,4.938829021346621,4.804076569652293,4.919124619097994,2940000,4.909463024139404,4.741434788703919,3.540251314640045,54.7550924911871,-1605.9708881508177,14.352392065344223,10.569999694824219,2.3519999980926514
2017-05-08,4.878444671630859,4.955355080670939,4.847934922623289,4.921031385719152,1861500,4.885054874420167,4.745693588256836,3.5544332838058468,52.793990082346916,-1565.758623529495,-36.683673469387756,9.770000457763672,2.375999927520752
2017-05-09,5.026547908782959,5.063414856692307,4.878446808166299,4.878446808166299,4875000,4.922430324554444,4.762919187545776,3.5691950011253355,57.26038298985711,-1507.1629677073397,161.88557614826752,9.960000038146973,2.4070000648498535
2017-05-10,5.344994068145752,5.371054737379331,5.194350288261128,5.196893069793932,6981000,5.012816619873047,4.801755976676941,3.585382113456726,64.94127845524307,-1491.237269657688,43.199999999999996,10.210000038146973,2.4140000343322754
2017-05-11,5.399024486541748,5.472121411268087,5.196894879525799,5.3062222483243024,3789000,5.116423892974854,4.855339407920838,3.6005532383918766,66.05591265272723,-1589.6356400079271,-45.72410829394069,10.600000381469727,2.4000000953674316
2017-05-12,5.4479660987854,5.467670496367722,5.355799473551238,5.419998684058603,3030000,5.219395446777344,4.91553339958191,3.616041867733002,67.07699411697963,-1722.08032407465,-20.031670625494858,10.399999618530273,2.3350000381469727
2017-05-15,5.697769641876221,5.709211026715373,5.469579800252103,5.485469804285847,3984000,5.383260440826416,4.979922604560852,3.6329645502567294,71.74836960456479,-1589.9587009466643,31.485148514851492,10.420000076293945,2.3380000591278076
2017-05-16,5.952020168304443,5.953290877329544,5.697768341250661,5.7606954888650534,4143000,5.568354892730713,5.054386425018311,3.6513344240188603,75.55077445378272,-1353.768819026067,3.990963855421681,10.649999618530273,2.3289999961853027
2017-05-17,5.170833587646484,5.7753156442783204,5.170833587646484,5.7174740519297975,14551500,5.5335227966308596,5.086136102676392,3.6657376956939705,52.27194656941615,-1332.7417227683447,251.23099203475743,15.59000015258789,2.2160000801086426
2017-05-18,5.467036724090576,5.507717150818645,5.148586984808183,5.224862273457158,12283500,5.547125244140625,5.121826648712157,3.68217101931572,57.60587764632029,-1311.5237172341053,-15.586022059581484,14.65999984741211,2.2330000400543213
2017-05-19,5.646919250488281,5.700946894667596,5.599882097964773,5.618950918953296,6928500,5.586915874481201,5.169848370552064,3.699427921772004,60.49341230880032,-1252.5206109255025,-43.59506655269264,12.039999961853027,2.244999885559082
2017-05-22,5.827437877655029,5.833794606649278,5.7111177386645124,5.728279815821134,5236500,5.612849521636963,5.2168212890625005,3.7173022842407235,63.20211966463503,-1166.1493971829266,-24.4208703182507,10.930000305175781,2.253999948501587
2017-05-23,5.760060787200928,5.847777458166151,5.613866487137746,5.840149565757945,4482000,5.57445764541626,5.252797794342042,3.7344090247154247,61.507031662928696,-1109.0880019225378,-14.40847894586078,10.720000267028809,2.2850000858306885
2017-05-24,5.867481708526611,5.900534695734319,5.790570386982291,5.8541335791158895,3240000,5.713787269592285,5.300628781318665,3.7521014046669015,63.20156925621633,-1080.2207955639262,-27.710843373493976,10.020000457763672,2.2660000324249268
2017-05-25,5.966005325317383,6.021941094889116,5.847778874628541,5.950115318633851,3831000,5.8135809898376465,5.342929887771607,3.7699861001968387,64.73495156094043,-1035.7078576526364,18.240740740740733,9.989999771118164,2.255000114440918
2017-05-26,6.037829875946045,6.041643821725408,5.831250769370234,5.964732506736651,4323000,5.8917631149292,5.401884365081788,3.7885059487819674,65.85207888002597,-1031.7752337726065,12.842599843382917,9.8100004196167,2.25
2017-05-30,6.158598899841309,6.202457232487644,6.031473884383122,6.034016666566943,4041000,5.9579953193664545,5.459790039062501,3.8074628150463106,67.70461214229732,-993.318736504396,-6.523247744621785,10.380000114440918,2.2170000076293945
2017-05-31,6.156692028045654,6.323862790677435,6.0651614186707565,6.290809805420745,6340500,6.037321567535401,5.525641107559204,3.826258478164673,67.64221421226856,-983.9249751671462,56.9042316258352,10.40999984741211,2.196000099182129
2017-06-01,6.171945571899414,6.216439930566575,6.061346620877611,6.184022988807833,3088500,6.098214340209961,5.589585256576537,3.8446329402923585,67.89709098495149,-1013.6754551616732,-51.2893304944405,9.890000343322754,2.2170000076293945
2017-06-02,6.355642795562744,6.38488228540233,6.148428585918087,6.278731489538355,5817000,6.176141834259034,5.663317990303039,3.8641928219795223,70.87265243030105,-1058.3207463527035,88.34385624089364,9.75,2.1589999198913574
2017-06-05,6.410943031311035,6.505016417148382,6.337210537392057,6.356914483565412,4200000,6.250764465332032,5.737209725379943,3.8840352702140803,71.72237383279541,-1094.6291372697901,-27.797833935018048,10.069999694824219,2.181999921798706
2017-06-06,6.474506378173828,6.598453931932746,6.306700494210718,6.325133277175181,5025000,6.313945960998535,5.817012810707092,3.9039255690574644,72.70791942730199,-1155.957551633586,19.64285714285714,10.449999809265137,2.1470000743865967
2017-06-07,6.626420974731445,6.689348125123318,6.512008056680135,6.548874986949384,6444000,6.407891750335694,5.897006464004516,3.9242508685588837,74.95458977404934,-1188.3369447898262,28.23880597014925,10.390000343322754,2.177999973297119
2017-06-08,6.973474502563477,6.978559157706471,6.600361107890029,6.754818873772143,7707000,6.568197536468506,5.9784304857254025,3.9462962722778316,79.17269514574089,-1131.1847523297524,19.599627560521405,10.15999984741211,2.194000005722046
2017-06-09,6.094400882720947,7.187681261671449,5.685056606633014,7.119033418636923,32179500,6.515949153900147,6.013199305534362,3.9637400412559507,54.24970587888255,-1168.825688917651,317.53600622810427,10.699999809265137,2.1989998817443848
2017-06-12,5.992064952850342,5.992064952850342,5.4778414824561255,5.842691846693426,22534500,6.432173538208008,6.040404248237611,3.9810088324546813,52.190025707411834,-1238.476908690658,-29.972498018925087,11.460000038146973,2.2130000591278076
2017-06-13,6.1077494621276855,6.29271698460649,5.884007805583428,6.289539075018545,14511000,6.35882215499878,6.060903239250184,3.9987013423442836,54.302198569057495,-1308.7752360350312,-35.60540504559675,10.420000076293945,2.2070000171661377
2017-06-14,5.910702228546143,6.223430687990233,5.717471761390747,6.180844442833716,11181000,6.215678405761719,6.058837342262269,4.015229645967484,50.23151762338232,-1327.8462910213648,-22.948108331610506,10.640000343322754,2.138000011444092
2017-06-15,5.7683234214782715,5.829979405873259,5.596703596108881,5.602424287263628,8821500,5.974648189544677,6.088711833953859,4.030912592411041,47.46289618584339,-1416.5461835817703,-21.10276361685002,10.899999618530273,2.1619999408721924
2017-06-16,5.701582431793213,5.90752595321216,5.650096665097604,5.786121182349656,8154000,5.896084499359131,6.10043911933899,4.046377097368241,46.17803933907995,-1522.7122145429876,-7.566740350280565,10.380000114440918,2.1570000648498535
2017-06-19,6.026388645172119,6.054356066137449,5.875109248082395,5.87828670281168,11425500,5.902949237823487,6.119412589073183,4.063456535339356,52.865426390495415,-1625.0765879465305,40.12141280353201,10.369999885559082,2.190000057220459
2017-06-20,5.826166152954102,6.14397936081074,5.818538261345045,6.0956715022571695,8809500,5.846632575988769,6.119349002838136,4.079192091226578,48.837139597412985,-1668.9188071345413,-22.896153341210447,10.859999656677246,2.1530001163482666
2017-06-21,6.024481296539307,6.032108732890344,5.8318859145158255,5.905618405424498,6385500,5.869388389587402,6.132570028305055,4.095992025136948,52.68300022806827,-1743.8966583343963,-27.515750042567678,10.75,2.1549999713897705
2017-06-22,5.9793524742126465,6.06071332602926,5.8954492946802635,6.055627761324578,7081500,5.911594200134277,6.138163566589357,4.112678550481796,51.730062475149985,-1789.2026145054808,10.899694620624857,10.479999542236328,2.1530001163482666
2017-06-23,6.034651756286621,6.1338098116687805,5.925324390012465,5.956469723165503,5433000,5.978208065032959,6.141595888137818,4.129932773113251,52.85538320571534,-1821.067692016167,-23.27896632069477,10.020000457763672,2.1440000534057617
2017-06-26,5.8846435546875,6.236146252228435,5.784214797065645,6.181481663620354,11284500,5.9498590469360355,6.133936572074891,4.146494584083557,49.485188395227766,-1820.4795852519742,107.70292655991165,9.899999618530273,2.13700008392334
2017-06-27,5.409194469451904,5.789300220906858,5.402838649742503,5.765146742101326,13833000,5.866464710235595,6.096466350555421,4.162095729112625,40.64023271885477,-1636.7618971237282,22.584075501794487,11.0600004196167,2.197999954223633
2017-06-28,5.685693264007568,5.707940908651091,5.34436070258714,5.521701276690411,9801000,5.798707103729249,6.072916412353516,4.178393833637238,46.61614575070271,-1532.9752731400142,-29.147690305790498,10.029999732971191,2.2209999561309814
2017-06-29,5.259185314178467,5.607509179734386,5.03099551333004,5.566829667363785,18418500,5.654673671722413,6.027278399467469,4.1929112613201145,39.93719541797004,-1403.7709904050846,87.9247015610652,11.4399995803833,2.2669999599456787
2017-06-30,5.180365562438965,5.391394584138672,5.107269125761794,5.31130538534848,8343000,5.483816432952882,5.96851453781128,4.206697888374329,38.82998121821322,-1334.8681046156821,-54.70315172245297,11.180000305175781,2.302000045776367
2017-07-03,4.95789909362793,5.324021173609317,4.95789909362793,5.273806100530325,6811500,5.298467540740967,5.895862340927124,4.218534977436066,35.812126199927924,-1209.5204128083008,-18.35670622078389,11.220000267028809,2.3459999561309814
2017-07-05,5.272534370422363,5.2916031919127855,5.021461326813515,5.021461326813515,9180000,5.271135520935058,5.8357637405395515,4.2319391763210294,42.60610834121196,-1145.2968185065972,34.7720766351024,11.069999694824219,2.3340001106262207
2017-07-06,5.2026143074035645,5.334824412655839,5.0468849480663724,5.089472110517013,8092500,5.174519729614258,5.764573407173157,4.244930078983306,41.553520579639134,-1134.956803321318,-11.846405228758172,12.539999961853027,2.369999885559082
2017-07-07,5.458137512207031,5.52233537287754,5.246473291618479,5.308128824806148,7816500,5.214310169219972,5.688806557655335,4.2593623995780945,46.7326934185621,-1220.4957144429875,-3.4105653382761836,11.1899995803833,2.3929998874664307
2017-07-10,5.653910160064697,5.688870344126941,5.420634345883734,5.51788564271917,6774000,5.309019088745118,5.666782021522522,4.274270040988921,50.36199236161624,-1303.6304866651371,-13.337171368259447,11.109999656677246,2.371000051498413
2017-07-11,5.786755561828613,5.795655070445607,5.587168793941724,5.642468499210074,7659000,5.474790382385254,5.6565165519714355,4.289687210321426,52.71624547716596,-1322.562221499112,13.064658990256861,10.890000343322754,2.361999988555908
2017-07-12,6.062620162963867,6.100121770518132,5.889728691231675,5.943121665794701,14623500,5.6328075408935545,5.654260087013245,4.3069144415855405,57.250481964150694,-1337.8211347134632,90.9322365844105,10.300000190734863,2.3269999027252197
2017-07-13,6.011768817901611,6.204999798495553,5.949477248798061,6.099485480138323,13311000,5.794638442993164,5.659313416481019,4.324293882846832,56.18100153127058,-1316.7817171277677,-8.975279515847777,9.899999618530273,2.3480000495910645
2017-07-14,6.252036094665527,6.255850040524108,6.0568988213747055,6.101392280117808,9894000,5.953418159484864,5.683499050140383,4.342192153930663,59.98462446711417,-1232.7714557290224,-25.670498084291182,9.510000228881836,2.319000005722046
2017-07-17,6.171945571899414,6.314961919316395,6.104569816071182,6.2965291396764576,8266500,6.057025241851807,5.707017207145692,4.3596020066738115,58.17194999620367,-1161.3282130710688,-16.44936325045482,9.819999694824219,2.309000015258789
2017-07-18,6.229790210723877,6.229790210723877,5.989522954940455,6.060077553125017,5998500,6.14563217163086,5.71718728542328,4.37680664896965,59.13251001820724,-1137.1013566441598,-27.436037016875336,9.890000343322754,2.263000011444092
2017-07-19,6.3969597816467285,6.401409764404456,6.267927557862336,6.324498441038345,6400500,6.2125000953674325,5.7457269668579105,4.394198001623152,61.85855389331453,-1074.6323116084916,6.701675418854713,9.789999961853027,2.2679998874664307
2017-07-20,6.4522576332092285,6.478953884935153,6.244407400446853,6.419205564059454,5653500,6.300597858428955,5.767115783691406,4.4121691751480085,62.74385001946468,-1016.6078205979827,-11.670963205999529,9.579999923706055,2.2660000324249268
2017-07-21,6.286994934082031,6.3225897869577405,6.1859301568405884,6.306063751398597,6243000,6.307589626312256,5.782497906684876,4.429423239231109,58.382458688001606,-981.5490163096006,10.42716901034757,9.359999656677246,2.2320001125335693
2017-07-24,6.225339889526367,6.305429116132805,6.194194559073539,6.304157952381511,5100000,6.3182684898376476,5.792032313346863,4.446038393974304,56.79627953407576,-957.3530170205026,-18.308505526189332,9.430000305175781,2.253999948501587
2017-07-25,6.2215256690979,6.260299344257122,6.021938875219448,6.19673615849543,6889500,6.316615581512451,5.808876419067383,4.462382705211639,56.69366090361242,-935.5996967078881,35.088235294117645,9.430000305175781,2.3259999752044678
2017-07-26,6.407129287719727,6.503109422090431,6.307971698707847,6.357550720532047,7546500,6.318649482727051,5.858773159980774,4.479739974737167,60.43937641701557,-912.5626972607186,9.536250816459834,9.600000381469727,2.2820000648498535
2017-07-27,6.117919445037842,6.5024742231097665,5.8992629069429094,6.473870764743701,19879500,6.251781845092774,5.880384469032287,4.495869591236114,52.77891254520535,-921.7798463430515,163.42675412442853,10.109999656677246,2.309999942779541
2017-07-28,6.058170318603516,6.12681816538116,5.9628262132558305,6.0244822044383,4975500,6.206016921997071,5.92033371925354,4.512604401111601,51.33140310882259,-1000.5643855696643,-74.97170451973139,10.289999961853027,2.2890000343322754
2017-07-31,5.922144889831543,6.1522432531200035,5.863667721836888,6.070246828573698,6486000,6.145377922058105,5.957422685623168,4.528810749053954,48.09729282533372,-1139.3037834325671,30.358757913777513,10.260000228881836,2.2920000553131104
2017-08-01,6.021303653717041,6.021303653717041,5.873202606540897,5.964733224531704,4021500,6.105333518981934,6.010592913627624,4.545998231172561,50.543486671209024,-1398.83667469116,-37.99722479185939,10.09000015258789,2.250999927520752
2017-08-02,5.89290714263916,6.162412962488662,5.76514608823836,6.1204613747084,8943000,6.002489089965821,6.041611552238464,4.562228257656097,47.42654181445496,-1693.9222562542234,122.37970906378214,10.279999732971191,2.26200008392334
2017-08-03,5.822986602783203,5.935492761561638,5.7365415702278,5.887820490858872,5614500,5.943502521514892,6.072630167007447,4.578333154916763,45.77118246192472,-2026.8378146978644,-37.219054008721905,10.4399995803833,2.2279999256134033
2017-08-04,5.829343318939209,5.968546196317684,5.780400335584619,5.852226083360109,3673500,5.897737121582032,6.091190457344055,4.593993601799011,45.955867667478536,-2295.7808440926374,-34.571199572535406,10.029999732971191,2.2669999599456787
2017-08-07,6.132538318634033,6.138259009916185,5.868752301715092,5.869388338201123,6843000,5.93981580734253,6.115121865272522,4.61137021780014,54.00243599245364,-2650.3812970550466,86.28011433238056,9.930000305175781,2.256999969482422
2017-08-08,6.06834077835083,6.290174329726552,6.006684784730007,6.129361190041188,6391500,5.949223232269287,6.129201126098634,4.628140712976454,52.22923937967616,-3054.8657499053797,-6.597983340640068,10.960000038146973,2.2829999923706055
2017-08-09,6.008591651916504,6.028931183375456,5.847777599708971,5.912611504291996,4788000,5.972360134124756,6.1264997005462645,4.644721664190291,50.56509046647954,-2984.8684783875196,-25.088007509974187,11.109999656677246,2.240999937057495
2017-08-10,5.507081985473633,5.908798478316743,5.498183382244772,5.883374287351415,10722000,5.909179210662843,6.101265358924866,4.658045830726623,39.25823811589236,-2545.5116190424255,123.93483709273183,16.040000915527344,2.2119998931884766
2017-08-11,5.5979743003845215,5.631663317349474,5.393937544973415,5.444788633994212,5586000,5.862905406951905,6.068562269210816,4.6718578255176535,41.79838319152371,-2209.411476141515,-47.90151091214325,15.510000228881836,2.188999891281128
2017-08-14,6.031473636627197,6.04927129263669,5.796926653836754,5.796926653836754,6805500,5.842692470550538,6.061538672447205,4.687919216156006,52.08921301885525,-2236.125173483031,21.831364124597208,12.329999923706055,2.2190001010894775
2017-08-15,6.0759687423706055,6.109020824163591,5.943758142015598,6.088681291354037,3964500,5.844218063354493,6.053847599029542,4.704391150474549,53.007653398672204,-2301.211660807288,-41.74564690324003,12.039999961853027,2.2660000324249268
2017-08-16,6.103297710418701,6.176395520029725,6.011767575903553,6.1280872165658105,4659000,5.863159275054932,6.039164495468141,4.721239366531372,53.59604750164493,-2467.901484109623,17.51797200151344,11.739999771118164,2.2260000705718994
2017-08-17,5.617043495178223,6.068974907223732,5.617043495178223,5.987614977870061,8376000,5.88515157699585,5.99740378856659,4.735440944433213,43.225416240606805,-2526.234752526312,79.78106889890535,15.550000190734863,2.1989998817443848
2017-08-18,5.668529510498047,5.7937486830974105,5.573821449344969,5.7270080420651714,5275500,5.899262619018555,5.9664805173873905,4.750291250944139,44.45104490427282,-2502.188574569289,-37.01647564469914,14.260000228881836,2.194000005722046
2017-08-21,5.547124862670898,5.691412403397612,5.425084505878095,5.6888705305612515,6723000,5.802392864227295,5.932569766044617,4.764804503917696,42.14089873820434,-2317.1772762780192,27.43815752061416,13.1899995803833,2.180000066757202
2017-08-22,5.810276031494141,5.844600187171989,5.657089404211814,5.681878920655831,4810500,5.7492543220520025,5.912007284164428,4.780721477270128,48.40064116288715,-2295.877448881941,-28.447121820615795,11.350000381469727,2.2149999141693115
2017-08-23,5.8871870040893555,5.931680469009215,5.609417229545071,5.667259279504799,4038000,5.706032180786132,5.88601016998291,4.797253541946413,50.099878591418985,-2517.2665312627114,-16.058621764889303,12.25,2.1710000038146973
2017-08-24,5.880194664001465,5.974903649543299,5.776587985720457,5.974903649543299,3655500,5.758662414550781,5.874123930931091,4.8126343739032755,49.93886322099523,-2746.424522791303,-9.472511144130758,12.229999542236328,2.194000005722046
2017-08-25,5.792476654052734,5.974902272303834,5.758788544998195,5.927865126716287,3156000,5.7834518432617195,5.860839247703552,4.827485613822938,47.86078729553392,-2885.316307677129,-13.664341403364787,11.279999732971191,2.1689999103546143
2017-08-28,5.837606430053711,5.859853156628897,5.747983032689569,5.8096381034550495,2274000,5.841548156738281,5.856612324714661,4.842786965370179,49.03581189810397,-2964.362721788056,-27.9467680608365,11.319999694824219,2.1589999198913574
2017-08-29,5.878922462463379,5.917696137356107,5.613865739102182,5.617043648318341,3357000,5.855277442932129,5.849493265151977,4.859165468215943,50.1435671254999,-3052.6602892883066,47.62532981530343,11.699999809265137,2.135999917984009
2017-08-30,6.178303241729736,6.19737206065398,5.905618631012886,5.924051868103306,6849000,5.913500690460205,5.863763070106506,4.875572738647462,57.37370063964687,-2866.0272939726483,104.02144772117961,11.220000267028809,2.1429998874664307
2017-08-31,6.3594584465026855,6.37979797828861,6.203729956611323,6.257757605116931,6339000,6.009353446960449,5.890586662292481,4.893128449916841,61.05412708263212,-2444.4854600595754,-7.446342531756455,10.59000015258789,2.121000051498413
2017-09-01,6.442724227905273,6.541882272832529,6.389331714259229,6.435732827404176,4966500,6.139402961730958,5.921255707740785,4.910278455018998,62.65039912049064,-2058.102000999906,-21.651680075721725,10.130000114440918,2.1570000648498535
2017-09-05,6.170039653778076,6.395688022136546,6.00668375961304,6.311784856722301,7698000,6.2058896064758295,5.923130774497987,4.9255433011055,54.737922085006154,-1978.3602589330362,54.99848988221081,12.229999542236328,2.069999933242798
2017-09-06,6.206906795501709,6.287631599947391,6.109655499205967,6.2558497799350015,3603000,6.271486473083496,5.93005907535553,4.940482881069183,55.55520627325858,-1936.8531614355222,-53.19563522992985,11.630000114440918,2.1080000400543213
2017-09-07,6.235510349273682,6.30606494119319,6.15224366471448,6.2609358984627255,2992500,6.2829278945922855,5.941405010223389,4.955234843492509,56.21578020840355,-1808.808871190661,-16.94421315570358,11.550000190734863,2.061000108718872
2017-09-08,6.004775524139404,6.2291517808929004,5.943119551671967,6.198006913075815,4530000,6.21199131011963,5.966289687156678,4.968614733219146,49.78744893019133,-1890.0848612554248,51.37844611528821,12.119999885559082,2.061000108718872
2017-09-11,6.35691499710083,6.395688674653846,6.147793553324685,6.159234936560884,6217500,6.194829463958741,6.004236721992493,4.983087977170944,57.73151633565691,-1937.7280735335644,37.25165562913908,10.729999542236328,2.125
2017-09-12,6.442089557647705,6.496117198540526,6.327040602175801,6.441453521147212,4447500,6.249239444732666,6.024767518043519,4.997917330265046,59.40448780393415,-1792.7770807669817,-28.468033775633295,10.579999923706055,2.1710000038146973
2017-09-13,6.468150615692139,6.521543590909153,6.327677003558787,6.386154634346062,3481500,6.301488208770752,6.044376611709595,5.012804187536239,59.927111787986064,-1665.0069948167188,-21.720067453625635,10.5,2.194999933242798
2017-09-14,6.558409214019775,6.667736568669857,6.356914760388744,6.378526362282711,4311000,6.366067981719971,6.067132186889649,5.028287941217422,61.76312147018292,-1545.9513862745441,23.825937096079276,10.4399995803833,2.197000026702881
2017-09-15,6.890841484069824,6.915630992813639,6.599724106416468,6.610529451652029,6129000,6.543281173706055,6.13082208633423,5.045533953905105,67.64326913687825,-1452.4051408164062,42.17118997912317,10.170000076293945,2.2019999027252197
2017-09-18,7.1641621589660645,7.295101111566616,7.014789514342575,7.018603005406759,7929000,6.704730606079102,6.205603718757629,5.064455971717835,71.52105395902485,-1355.0916535792658,29.36857562408224,10.149999618530273,2.2290000915527344
2017-09-19,7.238531589508057,7.314170839345053,7.091701708658363,7.2353536798931515,4869000,6.8640190124511715,6.290174055099488,5.086249314546587,72.48723812137423,-1283.2585687741102,-38.592508513053346,10.180000305175781,2.243000030517578
2017-09-20,6.933430194854736,7.255057843884079,6.653118554500121,7.255057843884079,12088500,6.957074928283691,6.346331763267517,5.105959018468858,63.03845307831914,-1245.8621811258815,148.27479975354282,9.779999732971191,2.2769999504089355
2017-09-21,6.848890781402588,6.92580209933658,6.665830015076943,6.916903498359332,4734000,7.015171241760254,6.394416952133179,5.124700022935867,60.678261447746266,-1242.4529391025198,-60.838813748604046,9.670000076293945,2.2780001163482666
2017-09-22,6.94677734375,6.977287545831298,6.738291493270402,6.7554531125489605,3871500,7.026358413696289,6.447746086120606,5.143287385702133,62.43216773462539,-1248.18089747336,-18.219264892268694,9.59000015258789,2.26200008392334
2017-09-25,6.54251766204834,6.850796658014015,6.44844428133813,6.838720603797774,10708500,6.902029514312745,6.4852481365203865,5.158831216096878,52.09718079565164,-1320.4845642166997,176.59821774506005,10.210000038146973,2.2200000286102295
2017-09-26,6.531076431274414,6.766894106390419,6.459885812295892,6.752274815359986,7134000,6.760538482666016,6.519921636581421,5.173878003358842,51.835647465141506,-1428.0670043530652,-33.38002521361535,10.170000076293945,2.2290000915527344
2017-09-27,6.988729953765869,7.065641279423177,6.720495278111291,6.738292481852954,7663500,6.771598434448243,6.575412011146545,5.191434494256974,60.39938745515917,-1493.4144612899095,7.422203532380145,9.869999885559082,2.309000015258789
2017-09-28,7.145730495452881,7.1463656227598795,6.906097917259166,6.970297149199939,4728000,6.830966377258301,6.623783373832702,5.2101703178882595,62.84033560438732,-1482.631063670769,-38.304952045410054,9.550000190734863,2.309000015258789
2017-09-29,7.326247215270996,7.343409288654352,7.115219043921319,7.194036192136073,6090000,6.906860351562501,6.672122812271119,5.229235422611236,65.47537203408179,-1388.5958173121744,28.807106598984777,9.510000228881836,2.3259999752044678
2017-10-02,7.453372955322266,7.559523308784044,7.302729144099397,7.391081387038306,6615000,7.089031410217285,6.722655248641968,5.248975592851638,67.2373274161917,-1280.0147360513658,8.62068965517242,9.449999809265137,2.3369998931884766
2017-10-03,7.527106761932373,7.588761842371621,7.416507329584267,7.499774467472161,4030500,7.288237476348877,6.790508604049683,5.268162294626235,68.24945424885166,-1263.1400640810373,-39.0702947845805,9.510000228881836,2.3340001106262207
2017-10-04,7.576686859130859,7.576686859130859,7.366293311417601,7.500411111236111,4509000,7.405828857421875,6.85899760723114,5.288197494745253,68.94419662084233,-1272.2692228016344,11.871976181615175,9.630000114440918,2.3299999237060547
2017-10-05,7.592574596405029,7.6872835573575085,7.46799192739455,7.659951721824616,4539000,7.495197677612305,6.926850819587708,5.307757029533385,69.17694551460488,-1277.8068197659325,0.6653359946773074,9.1899995803833,2.3499999046325684
2017-10-06,7.691097259521484,7.691097259521484,7.468627259854569,7.468627259854569,2910000,7.568167686462402,7.011166906356811,5.327293050289153,70.64610637364684,-1311.881767229137,-35.88896232650364,9.649999618530273,2.369999885559082
2017-10-09,7.8519134521484375,7.881788533211385,7.748940987297706,7.769917011312836,4219500,7.647875785827637,7.085916829109192,5.347633152008055,72.91541795896497,-1295.4899932862018,44.99999999999999,10.329999923706055,2.3610000610351562
2017-10-10,8.004462242126465,8.044506625939665,7.760380629654166,8.03942197121025,5818500,7.743346881866455,7.164035463333131,5.368430895805357,74.89786988791762,-1269.3722943319208,37.895485247067185,10.079999923706055,2.3450000286102295
2017-10-11,8.161463737487793,8.16527722898344,7.913568604808273,7.921195587799565,4752000,7.8603022575378425,7.248701119422913,5.389727616310119,76.78149505332726,-1249.4890172471005,-18.32946635730859,9.850000381469727,2.3450000286102295
2017-10-12,8.07883071899414,8.244093817140884,8.059761445340701,8.136036721408429,4723500,7.957553482055665,7.324722194671631,5.409899270534515,73.6490354221984,-1216.636175713761,-0.5997474747474696,9.90999984741211,2.322999954223633
2017-10-13,8.237739562988281,8.317192763327483,8.125233373034282,8.150658469884682,4167000,8.066881942749024,7.392067098617554,5.4320413768291465,75.70198746670081,-1163.7817789283265,-11.781517942203878,9.609999656677246,2.2799999713897705
2017-10-16,8.355962753295898,8.357233916718625,8.183707379696633,8.32672326675466,4827000,8.167691802978517,7.451657128334046,5.454777773618697,77.12955354550675,-1092.6292567898815,15.83873290136788,9.90999984741211,2.306999921798706
2017-10-17,8.337531089782715,8.351513889303327,8.204048910537988,8.3502436349835,2974500,8.234305572509767,7.506607103347778,5.478318248987197,76.37614637033936,-1039.241651528807,-38.37787445618397,10.3100004196167,2.2980000972747803
2017-10-18,8.419527053833008,8.457665600776968,8.083279714933933,8.380753834331188,6814500,8.285918235778809,7.580911946296691,5.502240103483199,77.43225763761293,-1028.3820637746273,129.09732728189613,10.069999694824219,2.3389999866485596
2017-10-19,8.345796585083008,8.351516823260098,7.955521037529986,8.196424808452958,7495500,8.339311408996583,7.655757236480713,5.525628044605255,74.21922916346801,-1052.791010998648,9.993396434074398,10.050000190734863,2.321000099182129
2017-10-20,8.46592903137207,8.597504499967531,8.434784605852862,8.507881078102344,4353000,8.384949302673341,7.731714820861817,5.550121972560882,75.96892988996133,-1046.8690650901094,-41.925155093055835,9.970000267028809,2.38100004196167
2017-10-23,8.601951599121094,8.738610768340976,8.471647338139528,8.586695818548412,7243500,8.43414707183838,7.834686517715454,5.574866964817047,77.80566036869003,-1103.2917928165343,66.40248104755342,11.069999694824219,2.375999927520752
2017-10-24,8.777385711669922,8.80662429349685,8.563814765716119,8.673143020571333,5085000,8.52211799621582,7.947001981735229,5.5999011647701264,79.93568408134789,-1191.0262022420866,-29.799130254711127,11.15999984741211,2.4059998989105225
2017-10-25,8.434782028198242,8.70492337516749,8.169725335388765,8.61339323538114,12625500,8.525168991088869,8.01930458545685,5.622936315536498,66.51114709568729,-1301.6131392346676,148.2890855457227,11.229999542236328,2.444000005722046
2017-10-26,8.586060523986816,8.63182604868986,8.444315786743948,8.478004348498851,5766000,8.573221778869629,8.091321086883545,5.646546704769134,68.98777836457866,-1425.8155564508565,-54.330521563502444,11.300000190734863,2.4519999027252197
2017-10-27,9.112361907958984,9.152406293972232,8.63945443976701,8.80344638434965,9070500,8.702508354187012,8.180626821517944,5.673287571668624,75.71627917756199,-1490.7426419610435,57.310093652445374,9.800000190734863,2.427999973297119
2017-10-30,9.19817066192627,9.306863332439004,8.803445270093098,8.803445270093098,7716000,8.821752166748047,8.267866706848144,5.70010152697563,76.60741798711024,-1518.6712902100442,-14.933024640317516,10.5,2.369999885559082
2017-10-31,9.404748916625977,9.492465557337116,9.18990684144548,9.280164899718608,5248500,8.947224807739259,8.361748814582825,5.72887004137039,78.63966236718218,-1474.0742283592083,-31.979004665629862,10.180000305175781,2.375999927520752
2017-11-01,9.317034721374512,9.648832101499737,9.064054949453128,9.640568627844809,7902000,9.123675346374512,8.448766207695007,5.756437227725982,75.63503415674738,-1415.5034010613595,50.55730208631037,10.199999809265137,2.375999927520752
2017-11-02,9.440345764160156,9.515349880915986,9.135244642145828,9.328476080173356,6831000,9.29453239440918,8.541154766082764,5.784881576299666,76.96735750145814,-1385.980139160984,-13.553530751708431,9.930000305175781,2.3469998836517334
2017-11-03,9.943761825561523,9.94694064383518,9.346907779401722,9.542681522211948,11805000,9.460812377929688,8.653787994384766,5.815115208625793,81.43143688847519,-1295.1170866026741,72.8151075977163,9.140000343322754,2.3429999351501465
2017-11-06,10.36709213256836,10.376626770602645,10.011140799170917,10.199922267738744,10276500,9.694596672058106,8.779546928405763,5.847850046157835,84.20395005992937,-1134.6364327354818,-12.947903430749685,9.399999618530273,2.319999933242798
2017-11-07,10.338488578796387,10.40268780468483,10.123010862592274,10.325140449966383,8470500,9.881344604492188,8.896248245239258,5.879307279586792,83.29892617945681,-1022.9398575327699,-17.574076777112836,9.890000343322754,2.306999921798706
2017-11-08,10.442730903625488,10.459256939836207,10.178944450421463,10.265390850125755,5565000,10.106483840942383,9.010311603546143,5.9103958439826965,83.97491078776584,-952.7804274177661,-34.30139897290597,9.779999732971191,2.325000047683716
2017-11-09,9.807101249694824,10.164324539435729,9.428901944989484,10.136356216392203,17956500,10.179834938049316,9.096725130081177,5.938674917221069,66.34194526288785,-950.0413006893672,222.66846361185983,10.5,2.3310000896453857
2017-11-10,9.993340492248535,10.021308818291713,9.8134590285754,9.884648734056675,6489000,10.189750671386719,9.18450517654419,5.967097010612488,68.43343104768516,-948.6745235187827,-63.86266811461031,11.289999961853027,2.4000000953674316
2017-11-13,10.074701309204102,10.118560088898334,9.788669505618026,9.840155266634437,5070000,10.131272506713868,9.2704421043396,5.996269147396088,69.3300496904148,-954.0625732777601,-21.86777623670828,11.5,2.4000000953674316
2017-11-14,10.046731948852539,10.139535062174264,9.821720565374351,10.000331756100929,6117000,10.072921180725098,9.35590214729309,6.026127750873567,68.6085920966641,-985.4079362704214,20.650887573964493,11.59000015258789,2.38100004196167
2017-11-15,9.780405044555664,9.911979551791784,9.534416736323564,9.783582953118653,8970000,9.940456008911134,9.423946046829224,6.053685388565063,61.9932694783627,-1058.4431089632646,46.640510053948006,13.130000114440918,2.3350000381469727
2017-11-16,10.220897674560547,10.341667324333015,9.91579564073354,9.91579564073354,7363500,10.02321529388428,9.517701101303102,6.083499522209168,67.56395568370817,-1102.6558875679693,-17.90969899665552,11.760000228881836,2.3610000610351562
2017-11-17,10.085508346557617,10.404594078795423,10.036564906641384,10.37217667637854,6295500,10.041648864746096,9.598680067062379,6.112268044948579,64.43773988991207,-1155.301679782133,-14.503972295783251,11.430000305175781,2.3540000915527344
2017-11-20,10.441462516784668,10.494855044370203,10.164964329865354,10.171321059435355,6471000,10.115001106262207,9.690655612945557,6.142590684890748,68.55702499050393,-1219.100119288614,2.7877055039313703,10.649999618530273,2.371999979019165
2017-11-21,10.815844535827637,10.841270537606475,10.581934048483438,10.678548854441681,9874500,10.268823623657227,9.792578554153442,6.174543707370758,72.20390789545462,-1283.0012408860787,52.59619842373666,9.729999542236328,2.36299991607666
2017-11-22,10.604816436767578,10.920086845218497,10.556507671595487,10.909917535995952,6756000,10.433705902099609,9.90108027458191,6.205333523750306,67.45470806404285,-1400.8353517385933,-31.58134589093119,9.880000114440918,2.322000026702881
2017-11-24,10.888304710388184,10.90991630860073,10.691259818001445,10.695073308530873,6757500,10.567187309265137,10.016192483901978,6.238122386932374,70.28252411261434,-1538.4305051922686,0.022202486678501998,9.670000076293945,2.3399999141693115
2017-11-27,10.478326797485352,10.694441009018192,10.42429869923869,10.693804517849161,10698000,10.645750999450685,10.084490728378297,6.268912210464479,61.90528766202922,-1661.8554898109155,58.31298557158713,9.869999885559082,2.328000068664551
2017-11-28,10.468792915344238,10.606725107993853,10.29081724181459,10.58765583119338,9736500,10.651217079162597,10.148021841049195,6.299501810073854,61.72104901986338,-1823.8447377998298,-8.987661245092537,10.029999732971191,2.3380000591278076
2017-11-29,9.092658996582031,10.428113053371987,8.793278076274508,10.408409103694796,36519000,10.306579971313479,10.132417345046997,6.323439567089082,42.19883580007967,-1846.5676027605111,275.07317824680325,10.699999809265137,2.375999927520752
2017-11-30,9.261099815368652,9.528063322194662,9.077403906749389,9.404115752421442,14869500,10.037836647033693,10.129620599746701,6.3476824259758,44.512305220552456,-1831.04237334919,-59.28283907007311,11.279999732971191,2.4170000553131104
2017-12-01,8.943920135498047,9.108547648064452,8.263162902900289,8.980786609019786,19072500,9.648959732055665,10.104799318313598,6.3702567481994645,41.17067876486322,-1676.396730021265,28.26591344698881,11.430000305175781,2.361999988555908
2017-12-04,8.29494571685791,9.276990781304393,8.120148855003631,9.254744503138127,23742000,9.212283515930176,10.022358512878418,6.389230246543885,35.32694061461019,-1431.9074445484018,24.482894219425866,11.680000305175781,2.378999948501587
2017-12-05,8.305750846862793,8.771030453134834,7.949799513754648,8.197693737532685,16374000,8.779675102233886,9.91929144859314,6.407291617393494,35.49111649268478,-1189.0224997023042,-31.033611321708364,11.329999923706055,2.3559999465942383
2017-12-06,8.38965129852295,8.43287540587601,7.9637815004246,8.073745331689713,10795500,8.639073562622071,9.82184958457947,6.425769312381745,36.83203327202078,-1018.5202354237815,-34.069256137779405,11.020000457763672,2.3299999237060547
2017-12-07,8.635005950927734,8.713822646962692,8.470377521391741,8.591147166035471,9966000,8.513854789733887,9.73146333694458,6.446640162467957,40.71313870617334,-935.2193900853003,-7.68375712102265,10.15999984741211,2.375999927520752
2017-12-08,8.5015230178833,8.948368845514581,8.480547000046396,8.908324464503817,9871500,8.425375366210938,9.666184425354004,6.466881735324859,39.298483942487,-850.8800862970154,-0.9482239614689969,9.579999923706055,2.382999897003174
2017-12-11,8.64962387084961,8.72272214485095,8.463385668301738,8.542838851211867,5599500,8.496310997009278,9.598998594284058,6.487221827507018,41.71820499369503,-794.9906192896182,-43.276097857468464,9.34000015258789,2.384999990463257
2017-12-12,8.390291213989258,8.58097946468311,8.365501695935391,8.58097946468311,5977500,8.513219070434571,9.514778089523316,6.507151956558228,38.80146184904048,-751.3679386092329,6.750602732386812,9.920000076293945,2.4030001163482666
2017-12-13,8.389017105102539,8.621657325776301,8.371855486810016,8.471013524217884,4125000,8.51309223175049,9.431892347335816,6.5260428118705756,38.787113760276505,-725.4580147818778,-30.99121706398996,10.180000305175781,2.3489999771118164
2017-12-14,8.369951248168945,8.532671152957304,8.30257409990447,8.378212904972333,5094000,8.460081291198732,9.36136965751648,6.545553421974183,38.55734680102238,-695.8050585755833,23.490909090909096,10.489999771118164,2.3459999561309814
2017-12-15,8.742426872253418,8.819337734768364,8.358508141553692,8.453851787717076,10255500,8.508262062072754,9.287446117401123,6.5669677305221565,45.36639183365339,-702.8242077690163,101.32508833922262,9.420000076293945,2.3550000190734863
2017-12-18,9.331653594970703,9.337374741424217,8.94201460660129,9.073590063754699,15397500,8.644668006896973,9.249753379821778,6.5912932133674635,54.042784767551275,-741.3734319230431,50.13894983179756,9.529999732971191,2.3919999599456787
2017-12-19,9.298001289367676,9.393423576629678,9.138962930566937,9.295455954888606,8127000,8.826210021972656,9.19258031845093,6.615294709205628,53.52001242057444,-801.3201946570251,-47.218704335119334,10.029999732971191,2.4630000591278076
2017-12-20,9.492664337158203,9.621802991136544,9.243293425689968,9.558823929587607,8721000,9.04693946838379,9.126421308517457,6.6401042509079,56.161702954934384,-879.8150568888252,7.3089700996677776,9.720000267028809,2.496999979019165
2017-12-21,9.185402870178223,9.549918086124329,9.145324542490004,9.549918086124329,6909000,9.210029792785646,9.05545063018799,6.6632694315910355,51.21389319963616,-984.826775644897,-20.77743378052975,9.619999885559082,2.4809999465942383
2017-12-22,9.161230087280273,9.177769759197014,8.970384568929827,9.040996910206724,3942000,9.293790435791017,8.969096899032595,6.685528745651246,50.8344610007306,-1157.6035132533132,-42.943986105080334,9.899999618530273,2.484999895095825
2017-12-26,8.896589279174805,8.914402072372194,8.658032169747166,8.842517523468127,4524000,9.206777572631838,8.890010023117066,6.705918219089509,46.75079479929994,-1378.805019812255,14.764079147640796,10.25,2.4670000076293945
2017-12-27,8.986286163330078,9.120514571561502,8.843152268976938,8.8463337097578,2980500,9.144434547424316,8.815884685516357,6.726978640556336,48.26770198860327,-1725.244978877105,-34.11803713527851,10.470000267028809,2.4140000343322754
2017-12-28,9.043540954589844,9.123695795917406,9.002191321526245,9.095705303075068,3168000,9.054609870910646,8.813428783416748,6.747746920585633,49.26128578260636,-1839.8891788732478,6.290890790135872,10.180000305175781,2.431999921798706
2017-12-29,8.772539138793945,9.100793577814978,8.771267836497607,9.068350343622583,4132500,8.97203712463379,8.789000749588013,6.76725552558899,44.86859854993902,-1975.7292940882994,30.445075757575758,11.039999961853027,2.4049999713897705
2018-01-02,9.495842933654785,9.495842933654785,8.878139371365787,8.92203432866701,9237000,9.038959693908692,8.81659688949585,6.790247170925141,56.1162427302945,-1831.739896256531,123.52087114337569,9.770000457763672,2.4649999141693115
2018-01-03,9.968507766723633,9.985047439696132,9.56900391012837,9.590633343262363,9871500,9.253343391418458,8.900274991989136,6.81505550146103,61.625826630538405,-1647.5552348876859,6.869113348489764,9.149999618530273,2.447000026702881
2018-01-04,10.143447875976562,10.247140458770444,9.894076064331983,10.175891109722533,8502000,9.484775733947755,8.992159843444826,6.842480154037477,63.45463454004192,-1519.366172408873,-13.873271539279742,9.220000267028809,2.453000068664551
2018-01-05,10.326659202575684,10.437349863211987,10.093191864417228,10.254138551145031,7713000,9.741399383544923,9.089010238647463,6.870077178478241,65.31874430249643,-1424.8634709788794,-9.280169371912494,9.220000267028809,2.4760000705718994
2018-01-08,10.558855056762695,10.655550470370496,10.23250894585946,10.315845220484402,6538500,10.098662567138673,9.185202693939209,6.899019513130187,67.57605748396755,-1276.1250391415801,-15.227537922987167,9.520000457763672,2.4800000190734863
2018-01-09,10.25540828704834,10.618015128910658,10.201336542327365,10.611017962308624,9009000,10.250575637817382,9.272896957397462,6.925942463874817,61.90534183120064,-1191.3719190928987,37.78389538885065,10.079999923706055,2.5460000038146973
2018-01-10,9.876263618469238,10.01621697395128,9.635161200546422,9.902981895331687,13269000,10.232126808166505,9.334228944778443,6.950842571258545,55.62449477735062,-1188.1708503427787,47.286047286047285,9.819999694824219,2.549999952316284
2018-01-11,10.051204681396484,10.064563819895614,9.845727844943196,9.999676445753686,5524500,10.213678169250489,9.417274618148804,6.976372668743133,57.75431963539782,-1184.1859029650518,-58.3653628758761,9.880000114440918,2.5309998989105225
2018-01-12,10.207062721252441,10.27258620286465,9.962780676495719,10.04675305595416,5019000,10.18975887298584,9.5081768989563,7.002888634204864,59.61406242293206,-1190.1183941004886,-9.150149334781432,10.15999984741211,2.552000045776367
2018-01-16,10.31648063659668,10.669545032994575,10.124999943766843,10.436713800029409,9804000,10.141283988952638,9.605503368377686,7.029532177448272,60.91490764562324,-1199.5590688798034,95.3377166766288,11.65999984741211,2.5439999103546143
2018-01-17,11.203913688659668,11.25289841422378,10.547404795212726,10.583665577237465,11496000,10.330985069274902,9.728577709197998,7.060660557746887,69.49664028087147,-1158.4009730434448,17.25826193390454,11.90999984741211,2.578000068664551
2018-01-18,11.3635892868042,11.530260951262525,11.097677769150916,11.123123838686894,9171000,10.628450202941895,9.830174493789674,7.09301953792572,70.74145357873122,-1077.8333011412462,-20.22442588726514,12.220000267028809,2.6110000610351562
2018-01-19,11.394123077392578,11.548071679535294,11.179738933387238,11.496543443446585,9315000,10.897033882141114,9.934980583190917,7.125906214714051,70.98529170132953,-1014.6512184678195,1.5701668302257055,11.270000457763672,2.63700008392334
2018-01-22,11.658127784729004,11.658127784729004,11.269439560425353,11.439291761599685,5620500,11.187246894836427,10.043253755569458,7.160634129047394,73.07470770755017,-950.004899923709,-39.66183574879227,11.029999732971191,2.6649999618530273
2018-01-23,11.922769546508789,11.92404175918879,11.674033767100818,11.806989092394819,6738000,11.508504676818848,10.180122089385986,7.196596262454987,75.01686763629087,-899.8850246600389,19.882572724846547,11.100000381469727,2.624000072479248
2018-01-24,11.102131843566895,11.675940642346205,10.850215563609328,11.583062758027111,18628500,11.488148307800294,10.277167177200317,7.228140578269959,60.45452767302423,-908.9002019824912,176.4692787177204,11.470000267028809,2.6540000438690186
2018-01-25,10.524503707885742,11.541711246675131,10.52386851170073,11.527079893863354,13167000,11.320331192016603,10.358562898635864,7.257352917194367,52.69985896257972,-977.3834328817062,-29.31798051372896,11.579999923706055,2.621000051498413
2018-01-26,11.522624969482422,11.530259153161984,10.878203040470849,10.941819114413335,12733500,11.34603157043457,10.48537983894348,7.292124750614167,61.814719918715255,-1006.592138735708,-3.2923217133743465,11.079999923706055,2.6619999408721924
2018-01-29,11.485726356506348,11.715377000030411,11.060776613072015,11.370582981748315,9184500,11.31155128479004,10.607489109039305,7.3279166030883784,61.34409836024205,-1037.2178507957642,-27.871362940275645,13.84000015258789,2.6989998817443848
2018-01-30,10.786595344543457,11.182282408239853,10.75224288952293,10.884562951441117,11923500,11.084316444396974,10.708191919326781,7.360629148483276,53.09565324004499,-1166.676497034038,29.821982688224736,14.789999961853027,2.7260000705718994
2018-01-31,11.063322067260742,11.28915609586255,10.870568283392048,11.148566648286991,6891000,11.076554489135743,10.78656587600708,7.393895831108093,55.63829262931563,-1302.7384067707117,-42.20656686375644,13.539999961853027,2.7200000286102295
2018-02-01,10.899831771850586,11.381398668413741,10.693718835943246,10.75097293481919,6895500,11.151620101928712,10.833132076263427,7.42608127117157,53.78328968441138,-1431.984295551016,0.06530256856769334,13.470000267028809,2.7730000019073486
2018-02-02,9.989500999450684,10.649190513611252,9.987592680666832,10.562673691913867,13788000,10.844995307922362,10.825434732437133,7.453349575996398,44.82228455445762,-1453.5305376821389,99.9564933652382,17.309999465942383,2.8540000915527344
2018-02-05,8.652942657470703,10.231872748050687,8.524440117920918,9.733129137097361,16929000,10.278438568115234,10.741748905181886,7.472848160266876,35.476368066602156,-1268.2032707454252,22.78067885117494,37.31999969482422,2.7939999103546143
2018-02-06,9.542282104492188,9.563275423609594,8.128752577773412,8.13638585016306,20614500,10.02957592010498,10.690920257568362,7.497127146720886,43.8639046491114,-1094.5094045875285,21.770334928229662,29.979999542236328,2.7679998874664307
2018-02-07,8.907403945922852,9.590631055239582,8.90613082366875,9.408691055854163,12523500,9.598392295837403,10.623520040512087,7.517224268913269,39.878587373012564,-976.2211459246646,-39.249072254966165,27.729999542236328,2.8440001010894775
2018-02-08,7.780139923095703,9.091886087782658,7.762328954548731,9.065803920935899,17155500,8.974453926086426,10.51871385574341,7.530922315120697,33.97593770245406,-852.5479421165379,36.98646544496347,33.459999084472656,2.8510000705718994
2018-02-09,8.488815307617188,8.622407604121301,7.462701961109339,8.356495223363078,20676000,8.674316787719727,10.440594387054446,7.548812081813812,39.9896140012147,-745.8684222727439,20.521115677188085,29.059999465942383,2.8289999961853027
2018-02-12,8.936664581298828,9.103973208362724,8.540342311877705,8.725462817895327,14100000,8.731061172485353,10.377074480056764,7.567895488739014,43.49240206765875,-682.8343038425891,-31.804991294254204,25.610000610351562,2.8570001125335693
2018-02-13,8.923307418823242,8.96593017257235,8.672028189662147,8.707651955451214,7440000,8.607266235351563,10.307415819168092,7.588218324184418,43.411015187415515,-620.662793426775,-47.23404255319149,24.969999313354492,2.8399999141693115
2018-02-14,9.522564888000488,9.575366260382888,8.71528776150426,8.71528776150426,11127000,8.73029842376709,10.223348379135134,7.610828721523285,48.10310495730817,-599.5717286482137,49.55645161290323,19.260000228881836,2.9130001068115234
2018-02-15,9.87435531616211,9.87435531616211,9.192400356029145,9.785294991616853,12339000,9.149141502380372,10.14888668060303,7.636002144813538,50.68799637571859,-604.9252659097214,10.892423833917508,19.1299991607666,2.8910000324249268
2018-02-16,9.762395858764648,10.119276994950543,9.687329850758616,9.692418701461381,7677000,9.403857612609864,10.06730031967163,7.660348811149598,49.83721852422377,-626.6753325597837,-37.78264040846098,19.459999084472656,2.877000093460083
2018-02-20,10.268135070800781,10.546769620414613,9.627528775148791,9.637708294888492,11586000,9.670151710510254,9.99780068397522,7.687284545898438,53.62387602184891,-666.2686907984499,50.918327471668626,20.600000381469727,2.8929998874664307
2018-02-21,9.920156478881836,10.465975500725586,9.901072387710842,10.452616363899006,9901500,9.869521522521973,9.897670030593872,7.712219786643983,50.78330309924294,-725.4554730934022,-14.539098912480576,20.020000457763672,2.943000078201294
2018-02-22,9.846366882324219,10.151719722155708,9.756668621101637,10.041664240935061,5809500,9.93428192138672,9.834881782531738,7.7370593976974495,50.176323810001826,-777.3574788109133,-41.327071655809725,18.719999313354492,2.9170000553131104
2018-02-23,10.485696792602539,10.485696792602539,10.07347091603562,10.102732706873725,8178000,10.056550216674806,9.832941436767578,7.764355142116547,55.175339571638375,-797.5497890283442,40.769429382907305,16.489999771118164,2.871000051498413
2018-02-26,11.153018951416016,11.164469769910255,10.630738592978995,10.719162790756124,8653500,10.334674835205078,9.814461135864256,7.793395266532899,59.71842014876757,-810.4951281859052,5.814380044020551,15.800000190734863,2.8589999675750732
2018-02-27,11.049962997436523,11.6129578072406,11.042965830830337,11.114214259117265,10837500,10.491040420532226,9.792672967910768,7.821649959087373,58.728490134311855,-818.149449875296,25.238342867048026,18.59000015258789,2.9079999923706055
2018-02-28,10.745882987976074,11.383943803619413,10.717255484027538,11.25989401657813,10170000,10.656185722351074,9.790637350082399,7.8481395435333265,55.78982148630311,-816.6297741487386,-6.159169550173016,19.850000381469727,2.868000030517578
2018-03-01,10.22741985321045,10.880748165601695,9.860359317934556,10.765603856602075,14397000,10.732396316528321,9.748842239379883,7.8707877945899964,51.09523960063416,-850.9439675516637,41.56342182890855,22.469999313354492,2.803999900817871
2018-03-02,10.756064414978027,10.812681511584493,9.788476732435159,9.788476732435159,9610500,10.786469841003417,9.741653871536256,7.894808015823365,55.2318242464812,-876.904901467948,-33.24650968951865,19.59000015258789,2.8570001125335693
2018-03-05,11.049330711364746,11.202643243924701,10.432899139726523,10.597026388985155,8790000,10.765732192993164,9.794645357131959,7.924200501441955,57.385268367772,-843.5494218579647,-8.53753706883097,18.729999542236328,2.88100004196167
2018-03-06,11.5487060546875,11.632678420553317,11.18037427376971,11.310785109753462,12933000,10.86548080444336,9.9394335269928,7.95460884809494,60.83957750852691,-818.0065527376927,47.133105802047794,18.360000610351562,2.877000093460083
2018-03-07,11.639678955078125,11.695660851862664,11.196280164379592,11.212820745941693,9990000,11.04423999786377,10.044303369522098,7.984572646617891,61.45258576512941,-802.1142150425552,-22.75574112734864,17.760000228881836,2.882999897003174
2018-03-08,11.68929672241211,11.877597776802592,11.476185710280445,11.768815444393633,8625000,11.336615371704102,10.18339800834656,8.013881940841676,61.803781461631665,-794.138985565557,-13.66366366366366,16.540000915527344,2.865999937057495
2018-03-09,12.417693138122559,12.420874579171663,11.869965654438955,11.890958979256398,12120000,11.668941116333007,10.415275669097904,8.047170102596285,66.61272980076565,-819.7119856590111,40.521739130434774,14.640000343322754,2.8940000534057617
2018-03-12,12.804472923278809,13.00422481650369,12.564007506026867,12.67215283266197,12079500,12.019969558715822,10.631058549880983,8.081855058670044,68.85505193686836,-811.2300553724502,-0.3341584158415789,15.779999732971191,2.869999885559082
2018-03-13,12.206487655639648,13.29558040539453,12.034090172577407,13.039846658079147,22048500,12.15152587890625,10.794549703598022,8.113057470321657,61.929906237653334,-815.0207284009904,82.52825034148765,16.350000381469727,2.8480000495910645
2018-03-14,12.201399803161621,12.385883316457184,11.864875098392218,12.356620615180905,13102500,12.26387004852295,10.95845432281494,8.143875319957735,61.87288689659002,-867.9428313054038,-40.57418872032111,17.229999542236328,2.816999912261963
2018-03-15,12.165775299072266,12.417055417921732,11.981290873200802,12.296186154415762,7572000,12.359165763854982,11.09061484336853,8.173911201953889,61.44629122279184,-894.2855631906247,-42.209502003434466,16.59000015258789,2.8259999752044678
2018-03-16,12.156232833862305,12.370616068183836,12.101524067069954,12.219847996419595,4693500,12.306873703002932,11.204708719253539,8.20390890598297,61.32432339948349,-920.8540944046346,-38.015055467511885,15.800000190734863,2.8480000495910645
2018-03-19,11.452012062072754,11.970476759468838,10.943726882419504,11.840064997475737,17712000,12.03638153076172,11.289189529418945,8.230309238433838,52.96831803785434,-1001.6478793783467,277.37296260786195,19.020000457763672,2.8450000286102295
2018-03-20,11.719833374023438,11.819073219713617,11.46728101647405,11.514356514562605,8823000,11.939050674438477,11.361774444580078,8.25713019132614,55.4542715098566,-1073.2903955147328,-50.18631436314362,18.200000762939453,2.878999948501587
2018-03-21,11.799347877502441,12.235749327623477,11.527075415681853,11.637766043114805,9939000,11.85864028930664,11.45573401451111,8.284072215557098,56.19458587668231,-1175.7844896622819,12.648758925535542,17.860000610351562,2.9070000648498535
2018-03-22,10.83049201965332,11.59069343280516,10.813315334404068,11.242717905266403,15714000,11.591583633422854,11.504940271377565,8.305852143764495,46.133896312487764,-1307.3594842485497,58.10443706610322,23.34000015258789,2.8320000171661377
2018-03-23,9.747125625610352,10.838762963044108,9.747125625610352,10.768149719477723,16557000,11.109762191772463,11.468011713027956,8.321455667018892,37.95176995716483,-1280.628674346419,5.364642993508983,24.8700008392334,2.8299999237060547
2018-03-26,10.972989082336426,10.980622355260468,10.052477157233273,10.478063063530655,18847500,11.013957595825195,11.459010219573974,8.341453239917756,48.978582456270956,-1245.0718811701033,13.834027903605728,21.030000686645508,2.8429999351501465
2018-03-27,9.749671936035156,11.308881416843318,9.4793076312923,11.29806760907324,23146500,10.61992530822754,11.393995666503907,8.359729595184325,41.124387417744636,-1127.5771362553683,22.80939116593712,22.5,2.7860000133514404
2018-03-28,9.131328582763672,9.831096256859746,8.990103017743962,9.630708274187617,20061000,10.086321449279787,11.313267946243286,8.375425913333892,37.822788374038915,-976.1280870543263,-13.330309118009199,22.8700008392334,2.7750000953674316
2018-03-29,9.721678733825684,9.97677550546648,9.10651948351697,9.340623841770839,17752500,9.86455879211426,11.287980890274047,8.393495559692383,42.56384267972381,-920.2476284221882,-11.507402422611035,19.969999313354492,2.740999937057495
2018-04-02,8.59568977355957,9.669514320332008,8.324688529716878,9.427776689829487,19338000,9.634271621704102,11.179962158203123,8.406920497417449,36.80013166571586,-817.2332515393706,8.931136459653576,23.6200008392334,2.7320001125335693
2018-04-03,9.088069915771484,9.147232328724085,8.628768585386956,8.962747923294073,15993000,9.257287788391114,11.081899118423461,8.423519229888916,40.58875231208967,-716.711129403373,-17.297548867514735,21.100000381469727,2.7839999198913574
2018-04-04,9.434775352478027,9.504752501091128,8.285884636877608,8.30878537221948,16759500,9.194308471679689,10.976202583312986,8.442185194492339,43.1720345721673,-641.8575763657637,4.792721815794421,20.059999465942383,2.7880001068115234
2018-04-05,9.14469051361084,9.665063685380295,8.944938576039595,9.631347321579444,13840500,9.196980857849121,10.851453161239624,8.457776703834535,41.54437173831783,-595.4489274695597,-17.416987380291772,18.940000534057617,2.8320000171661377
2018-04-06,8.31005859375,9.064535227129472,8.19555127558358,8.750912087198857,13326000,8.914656829833985,10.68249125480652,8.470196166038516,37.19881272982155,-550.6199797007108,-3.7173512517611362,21.489999771118164,2.7750000953674316
2018-04-09,8.46209716796875,9.182857290634763,8.44873802910334,8.63194933640698,16462500,8.887938308715821,10.484711456298829,8.482384245395663,38.46157989257508,-532.6999542832782,23.536695182350286,21.770000457763672,2.7860000133514404
2018-04-10,9.275736808776855,9.418234604750854,8.87686910925912,9.063261872176772,18669000,8.925471687316897,10.30827465057373,8.498866167068481,44.85224761184458,-549.3118965754354,13.403189066059218,20.469999313354492,2.796999931335449
2018-04-11,9.279553413391113,9.523836388517362,9.042905532519397,9.13641951173222,10633500,8.894427299499512,10.161927938461305,8.515090675354005,44.881163044497875,-580.6526246474845,-43.041941185923186,20.239999771118164,2.7899999618530273
2018-04-12,9.808197975158691,9.884536186656167,9.455132609453795,9.532106927212585,13927500,9.027128791809082,10.042267847061158,8.53470844745636,48.879404890006086,-627.3099635430175,30.977570884468886,18.489999771118164,2.8340001106262207
2018-04-13,9.57790756225586,10.188614052940595,9.462765069759532,10.169529958556469,14283000,9.280698585510255,9.912874460220337,8.55555201292038,47.2707664871781,-693.8836256033005,2.5525040387722076,17.40999984741211,2.8289999961853027
2018-04-16,9.639615058898926,9.785294282542129,9.394060802960965,9.75984730734342,8299500,9.516202163696288,9.787043571472168,8.575321621894838,47.76681684688446,-798.2369920560666,-41.892459567317786,16.559999465942383,2.8320000171661377
2018-04-17,10.182889938354492,10.245869002061072,9.7967461755425,9.825372774493717,12387000,9.697632789611816,9.723587465286254,8.599940145015719,52.04423323559737,-891.7155182789725,49.24995481655521,15.25,2.813999891281128
2018-04-18,9.86735725402832,10.043571388672943,9.586814436062854,9.988225606406038,12802500,9.815193557739258,9.630963659286497,8.623375103473665,49.50838528637088,-1043.344978189948,3.3543230806490687,15.600000381469727,2.867000102996826
2018-04-19,8.593146324157715,9.351440542339379,8.498996221947197,9.348895207125596,33981000,9.572183227539062,9.47065358161926,8.641551339626314,40.85185202004497,-1185.1360987126675,165.42472173403632,15.960000038146973,2.9140000343322754
2018-04-20,8.284610748291016,8.715285539193253,8.167558120110996,8.58805521293069,16249500,9.313523864746095,9.343359518051145,8.656611721515658,39.070448751433375,-1248.813567718098,-52.180630352255676,16.8799991607666,2.9509999752044678
2018-04-23,7.951268672943115,8.434107879325937,7.88828960645739,8.411842341371045,16278000,8.975854587554933,9.253566670417785,8.670354993343356,37.18387117974988,-1207.4383755593788,0.17539001200037596,16.34000015258789,2.9730000495910645
2018-04-24,7.757877826690674,8.381306519812377,7.544130664187161,8.153565020325546,21633000,8.490852165222169,9.092811107635496,8.681853694915773,36.09493362107545,-1190.966000516975,32.897161813490605,18.020000457763672,2.9830000400543213
2018-04-25,7.730522155761719,7.902283568955444,7.3577379893553125,7.874293076293359,20535000,8.06348514556885,8.991853618621827,8.692236754894257,35.934624722715625,-1113.182809314726,-5.075578976563588,17.84000015258789,3.0239999294281006
2018-04-26,8.202547073364258,8.222904290533542,7.942360543399821,8.074044528793838,17655000,7.985365295410157,8.945414543151855,8.704315712451935,40.81886384857587,-1044.7072935627125,-14.024835646457268,16.239999771118164,2.990000009536743
2018-04-27,8.021244049072266,8.52316820853871,7.90609973427068,8.496449929862877,13656000,7.932691955566407,8.860392808914185,8.714108831882477,39.57097723408563,-1021.8744526266553,-22.650807136788444,15.40999984741211,2.9570000171661377
2018-04-30,7.755330562591553,8.161832370981417,7.655455539710593,8.015517055001038,11466000,7.893504333496094,8.818374848365783,8.722826640605927,37.748212553557806,-934.0847719902928,-16.036906854130052,15.930000305175781,2.936000108718872
2018-05-01,8.138933181762695,8.16501626848046,7.678994685133979,7.697443586712,13552500,7.969715404510499,8.770918011665346,8.732261126041411,41.90554177547006,-880.5798151197423,18.197278911564617,15.489999771118164,2.9760000705718994
2018-05-02,8.026970863342285,8.23880973335521,7.9290032121619145,8.140842082174839,10189500,8.029005146026611,8.700527787208557,8.741536252498626,41.04397875790676,-852.2104529315569,-24.81460985058107,15.970000267028809,2.9639999866485596
2018-05-03,8.172012329101562,8.27634102173119,7.64782262121338,7.8246728777542485,15442500,8.022898197174072,8.651893877983094,8.751247363090517,42.68784805795143,-846.8636159168368,51.55306933608126,15.899999618530273,2.946000099182129
2018-05-04,8.761088371276855,8.788443666381214,7.929001447756151,7.997706373564167,19219500,8.17086706161499,8.674445366859436,8.763068006038669,48.91764502001017,-844.5222375332926,24.45847498785818,14.770000457763672,2.944000005722046
2018-05-07,9.000919342041016,9.122424729599516,8.850787354699504,8.908040554265526,14211000,8.419984817504883,8.70138647556305,8.775811314582826,51.24143401088969,-825.6187284512507,-26.059470849918053,14.75,2.950000047683716
2018-05-08,9.192400932312012,9.192400932312012,8.8692362249135,8.903587780527225,10398000,8.630678367614747,8.697219681739808,8.790338344573977,53.076788470361336,-832.0486640136539,-26.831327844627406,14.710000038146973,2.9690001010894775
2018-05-09,9.589360237121582,9.591269465949956,9.189857289865639,9.274464883698087,12400500,8.943156242370605,8.712710022926332,8.807158446311954,56.71439841758331,-820.9416830619444,19.258511252163867,13.420000076293945,3.003999948501587
2018-05-10,10.101463317871094,10.101463317871094,9.708320549984498,9.708320549984498,12277500,9.329046440124513,8.72737329006195,8.82655813455582,60.92306899533194,-805.3127119050303,-0.9918954880851594,13.229999542236328,2.9709999561309814
2018-05-11,9.860360145568848,10.146628856735378,9.805015267886992,9.902982899666965,11790000,9.548900794982911,8.7414959192276,8.843824288845065,58.06077321189099,-794.2012406206526,-3.9706780696395882,12.649999618530273,2.9709999561309814
2018-05-14,10.2484130859375,10.58112118698996,10.176528537851768,10.225511443529085,13374000,9.798399543762208,8.771935820579529,8.864476757049562,61.21887335333502,-754.7566532343607,13.435114503816802,12.930000305175781,2.994999885559082
2018-05-15,9.885805130004883,10.114820619868263,9.673330219034993,10.011127133809856,10774500,9.937080383300781,8.75708158016205,8.883614931106566,56.90666583645652,-764.6557041118964,-19.436967249887836,14.630000114440918,3.0799999237060547
2018-05-16,10.284672737121582,10.330476016901633,9.915068698416414,9.915068698416414,10854000,10.076142883300781,8.777947354316712,8.905427570343017,60.225567846164395,-746.8729869048229,0.7378532646526548,13.420000076293945,3.0950000286102295
2018-05-17,10.164443016052246,10.432262863975058,9.943697761786245,10.17016797243445,8755500,10.088738822937012,8.85651218891144,8.926143267154693,58.75661169665738,-685.1450463948245,-19.3338861249309,13.430000305175781,3.1089999675750732
2018-05-18,9.736945152282715,9.954508886704618,9.632616482329501,9.916975900560114,9588000,10.064055824279786,8.929128909111023,8.94536345720291,53.737655179446065,-671.4606665844776,9.508309062874766,13.420000076293945,3.066999912261963
2018-05-21,10.041027069091797,10.32983926959102,9.77129805229247,10.18161653260143,13068000,10.022578620910645,9.033616828918456,8.966453659534455,56.578839718097825,-672.565740990493,36.2953692115144,13.079999923706055,3.065000057220459
2018-05-22,10.21024227142334,10.42971524597066,10.090010033995467,10.3094820985198,12891000,10.087466049194337,9.15623505115509,8.988358154296874,58.120219522976846,-682.5159635277946,-1.354453627180896,13.220000267028809,3.065000057220459
2018-05-23,10.373733520507812,10.375006642690197,9.834913450044127,9.923337655259076,9612000,10.105278205871583,9.288395619392395,9.009564130306241,59.6119850480361,-718.8193218118544,-25.43635094251804,12.579999923706055,3.003000020980835
2018-05-24,10.481245994567871,10.556947185185095,10.095737412892811,10.347653677545786,10362000,10.168638801574707,9.402330565452576,9.031628656387326,60.60573740708925,-747.7038368232305,7.802746566791519,12.529999732971191,2.9809999465942383
2018-05-25,10.739522933959961,10.765604195962784,10.409359273641751,10.464705058445926,9672000,10.369154357910157,9.538244509696963,9.055283312797544,62.96333151405813,-787.7160530768037,-6.658946149392008,13.220000267028809,2.930999994277954
2018-05-29,10.534045219421387,10.814588051338962,10.315209234006408,10.544859933965938,10375500,10.467757987976075,9.677180242538453,9.080418128967283,59.89239041094123,-875.8571613409715,7.273573200992556,17.020000457763672,2.7679998874664307
2018-05-30,10.742703437805176,10.974898560873996,10.586846512185536,10.68099568167386,12159000,10.574250221252441,9.807368755340578,9.106141774654386,61.92333530243883,-999.470976704441,17.18953303455255,14.9399995803833,2.8420000076293945
2018-05-31,10.509871482849121,10.834309282708384,10.45516271339154,10.669545048134006,9567000,10.601477813720704,9.931513786315918,9.128533763885494,58.37141390257267,-1189.6525081778952,-21.31754256106587,15.430000305175781,2.822000026702881
2018-06-01,11.214093208312988,11.219182058123554,10.665094403999944,10.743340929976686,17115000,10.748047256469729,10.08361783027649,9.154224386215208,64.92473547422938,-1412.7478714054334,78.89620570711821,13.460000038146973,2.8949999809265137
2018-06-04,11.488272666931152,11.526441762787469,11.181647687887713,11.323509357650234,11950500,10.897797203063964,10.219977045059204,9.18114926099777,67.09654390768128,-1561.3588217105134,-30.175284837861525,12.739999771118164,2.937000036239624
2018-06-05,11.640951156616211,11.748461296576554,11.447561217957732,11.577972091556997,9339000,11.11917839050293,10.351978635787964,9.211268799304959,68.27457207020274,-1518.3811000306412,-21.852642148864064,12.399999618530273,2.9189999103546143
2018-06-06,11.865513801574707,11.869331349115523,11.514357669307735,11.664489665277623,8950500,11.343740463256836,10.4856342792511,9.242253720760342,69.9771626718178,-1445.8500930999949,-4.15997430131706,11.640000343322754,2.9749999046325684
2018-06-07,11.550618171691895,11.946304462001121,11.294249157602847,11.895412322925681,9597000,11.551889801025391,10.583697175979616,9.27227118730545,64.73114405188525,-1405.4931711102056,7.223060164236639,12.130000114440918,2.933000087738037
2018-06-08,11.24590015411377,11.309516235835442,10.955179592971461,11.139027029669613,9820500,11.558251190185546,10.64091901779175,9.299449307918549,60.0404849251792,-1388.623612337581,2.328852766489531,12.180000305175781,2.937000036239624
2018-06-11,11.162564277648926,11.348320934663073,11.056327264198758,11.171469764269936,6118500,11.493109512329102,10.706029224395753,9.325826194286345,58.785865339855725,-1383.009508595738,-37.69665495646861,12.350000381469727,2.9570000171661377
2018-06-12,11.333686828613281,11.364858756785424,11.048691282592888,11.2389006519754,7593000,11.431656646728516,10.760292911529541,9.353093655109404,60.60621775095524,-1346.0333811618432,24.099043883304727,12.34000015258789,2.9570000171661377
2018-06-13,11.294885635375977,11.650494514364237,11.259260044823419,11.335598255947662,8608500,11.31753101348877,10.830746936798096,9.380605700016021,59.959536788781726,-1367.5374774736208,13.374160410904778,12.9399995803833,2.9769999980926514
2018-06-14,11.488272666931152,11.661941461562424,11.29233742885491,11.46600713350921,8094000,11.305061912536623,10.890926933288574,9.408859031200409,62.128500774702125,-1367.5985483156549,-5.976650984492071,12.119999885559082,2.946000099182129
2018-06-15,11.4660062789917,11.488271810754275,11.148566609943078,11.202003158154893,10308000,11.349083137512208,10.956005096435547,9.43679445028305,61.71398226614133,-1415.604756835007,27.353595255744988,11.979999542236328,2.9240000247955322
2018-06-18,11.113577842712402,11.196277087704841,10.802500149900325,11.196277087704841,12819000,11.339285850524902,11.024836730957032,9.461470823287963,55.41218817762065,-1630.9571876875063,24.359720605355072,12.3100004196167,2.9260001182556152
2018-06-19,10.746480941772461,10.759866974131025,10.253108080867399,10.645129163119735,14991000,11.221844673156738,11.060109424591063,9.48340593576431,49.717330234568756,-1764.1411485845802,16.94359934472267,13.350000381469727,2.8929998874664307
2018-06-20,10.915400505065918,11.072845950169098,10.772615864795037,11.005278405868282,7033500,11.145947647094728,11.095367336273192,9.505769317150115,52.15405590451546,-1951.2973312551655,-53.08184910946567,12.789999961853027,2.927999973297119
2018-06-21,10.506170272827148,11.14742787603339,10.464100009918594,11.140415709621037,9858000,10.949527168273926,11.10198917388916,9.52744997024536,46.300180943379665,-2099.8342007848014,40.1578161654937,14.640000343322754,2.8970000743865967
2018-06-22,10.262667655944824,10.697397241987177,10.18872624938296,10.64194095910204,5146500,10.708859443664553,11.091060256958007,9.547728774547577,43.193515329915826,-2101.7001277673826,-47.793670115642115,13.770000457763672,2.9000000953674316
2018-06-25,9.356239318847656,9.896783352129672,8.969318243411378,9.880209474524335,16000500,10.357391738891602,11.021896076202392,9.563332419395445,34.03787396462224,-1755.4326103242302,210.90061206645294,17.329999923706055,2.875
2018-06-26,9.4544038772583,9.591452041491713,9.306519227797404,9.500299364844105,7869000,10.098976325988769,10.967914009094239,9.58058056116104,35.62922104943872,-1505.3371350159032,-50.82028686603544,15.920000076293945,2.880000114440918
2018-06-27,8.758968353271484,9.683244948246335,8.754505733423251,9.59400531725588,12337500,9.667689895629884,10.868727254867553,9.592590827941896,30.090747545015123,-1220.6559978017674,56.78612276019825,17.90999984741211,2.8269999027252197
2018-06-28,8.980154037475586,9.02796168283535,8.656975303172773,8.7111577267795,10029000,9.362486648559571,10.792241382598876,9.605281150341034,33.62481107051594,-1017.419601519079,-18.7112462006079,16.850000381469727,2.8469998836517334
2018-06-29,9.019679069519043,9.34859444128635,9.019679069519043,9.182224594568241,8799000,9.113888931274415,10.682520675659179,9.61803879261017,34.26431145394882,-891.1325107711491,-12.264433143882735,16.09000015258789,2.8489999771118164
2018-07-02,9.186047554016113,9.194334494925288,8.585585371980827,8.782552498407762,8422500,9.079850578308106,10.567409420013425,9.631176984310152,37.01508658162894,-803.6865018858781,-4.278895329014665,15.600000381469727,2.865999937057495
2018-07-03,8.666539192199707,9.336481046642485,8.652514858903581,9.272100420632105,7272000,8.922277641296388,10.4186888217926,9.6400554728508,32.44884135034584,-741.9515603804718,-13.659839715048971,16.139999389648438,2.8380000591278076
2018-07-05,9.36771297454834,9.37791207318008,8.939358126855597,8.966768489383098,10789500,9.044026565551759,10.293798780441282,9.651073226928713,42.71963590352195,-721.0222619163444,48.37046204620461,14.970000267028809,2.8399999141693115
2018-07-06,9.721487045288086,9.759732977075872,9.216003906198551,9.328191243292107,14602500,9.192293167114258,10.202342224121093,9.663488004207613,47.09071016759736,-727.0500379273926,35.33991380508827,13.369999885559082,2.8310000896453857
2018-07-09,9.903158187866211,10.017259534781351,9.553844716574108,10.017259534781351,10915500,9.368988990783693,10.135205125808715,9.67833664417267,49.233143516213474,-745.8623157088576,-25.249101181304567,12.6899995803833,2.859999895095825
2018-07-10,10.212947845458984,10.281154596152238,9.909530844484006,9.94395154535525,11608500,9.574369049072265,10.087724304199217,9.695156929492951,52.74689761462943,-788.7183354581719,6.348770097567669,12.640000343322754,2.872999906539917
2018-07-11,9.419984817504883,9.899334326721254,9.402773550728787,9.701729835172605,16504500,9.725058174133302,9.992039203643799,9.707522966861726,44.29561645354965,-823.2416960797492,42.1759917301977,13.630000114440918,2.8420000076293945
2018-07-12,9.622049331665039,9.654558790409732,9.163735446725035,9.383011983040316,13414500,9.775925445556641,9.908397388458251,9.72292062520981,46.64173071398031,-885.9893657779171,-18.722166681814045,12.579999923706055,2.8529999256134033
2018-07-13,9.499027252197266,9.67495878808148,9.451220503068853,9.637987615360577,6973500,9.731433486938476,9.808935117721557,9.737760379314423,45.38835317285356,-997.3835162340317,-48.01520742480152,12.180000305175781,2.8310000896453857
2018-07-16,9.460142135620117,9.652646605105977,9.440381323362093,9.511774107955775,6094500,9.642830276489258,9.708641910552979,9.750117440223693,44.97693625628402,-1150.8553671220584,-12.604861260486121,12.829999923706055,2.8580000400543213
2018-07-17,9.8795747756958,9.880211250643432,9.23512930153513,9.263814443229396,10303500,9.576155662536623,9.646941757202148,9.763786661624911,50.218590941793884,-1361.680693167051,69.06226925916809,12.0600004196167,2.864000082015991
2018-07-18,10.093113899230957,10.149844971852648,9.896147700199837,9.99494903718779,9042000,9.710781478881836,9.614273405075073,9.777620995044709,52.68963155519274,-1468.1129711616013,-12.24341243266851,12.100000381469727,2.875
2018-07-19,10.019170761108398,10.14920676466826,9.819654137074988,9.969450951772851,7416000,9.790205764770509,9.569461917877197,9.79044998407364,51.73204627587295,-1697.444796732916,-17.982747179827474,12.869999885559082,2.8469998836517334
2018-07-20,9.872560501098633,10.050405075378489,9.720852429990416,9.937579418244447,6780000,9.864912414550782,9.53778142929077,9.802177252769471,49.799506215108124,-1924.4533008110598,-8.576051779935279,12.859999656677246,2.8949999809265137
2018-07-23,9.913994789123535,9.9643519904266,9.34094214833935,9.753362383844264,8800500,9.955682945251464,9.520347785949706,9.813863792419435,50.363854355510966,-2114.9184207394787,29.800884955752217,12.619999885559082,2.9649999141693115
2018-07-24,9.594001770019531,10.24992001894047,9.551930605648707,10.08036332378113,10236000,9.898568344116212,9.5322359085083,9.823870928287507,46.057545219881646,-2073.2886032594092,16.31157320606784,12.40999984741211,2.9489998817443848
2018-07-25,9.744438171386719,9.744438171386719,9.206445393075226,9.548746738249873,14748000,9.828833198547363,9.546737623214721,9.834137632846833,48.295798327334985,-2091.0263495370154,44.07971864009379,12.289999961853027,2.936000108718872
2018-07-26,10.274144172668457,10.286893731952524,9.901883850116322,9.91208295043046,16359000,9.879827880859375,9.622496414184571,9.846248786449433,55.32505157769009,-2105.8094942664657,10.923515052888533,12.140000343322754,2.9749999046325684
2018-07-27,10.126259803771973,10.560988563902134,9.899971097484046,10.294542669249246,12807000,9.930567741394043,9.679801702499391,9.85685777425766,53.15245666645916,-2147.508554432496,-21.71281863194572,13.029999732971191,2.9600000381469727
2018-07-30,9.838139533996582,10.207850268886805,9.681968848084313,10.106498487350008,10194000,9.915396690368652,9.720724725723267,9.865241153240206,49.10640610705948,-2267.840841234391,-20.402904661513233,14.260000228881836,2.9749999046325684
2018-07-31,10.021718978881836,10.426489602176853,9.963713144974799,10.008332947068286,7806000,10.000940132141114,9.762508296966553,9.874955594539644,51.632760029446885,-2433.5232492217615,-23.425544437904655,12.829999923706055,2.9639999866485596
2018-08-01,9.966900825500488,10.292629143807885,9.854075170696488,10.08992557955919,6054000,10.045432662963869,9.82752637863159,9.883601400852205,50.821493556092136,-2805.137293930828,-22.444273635664867,13.149999618530273,3.003000020980835
2018-08-02,10.276056289672852,10.310477911142225,9.60611537163076,9.709379324183697,7603500,10.045815086364746,9.872943544387818,9.89320186853409,55.10566587387386,-3052.6702779561847,25.59464816650148,12.1899995803833,2.9860000610351562
2018-08-03,10.326414108276367,10.364660049305513,10.135184403130634,10.279243840783872,4069500,10.085845947265625,9.903189897537231,9.90314628362656,55.78139294623624,-3002.160794777337,-46.47859538370487,11.640000343322754,2.953000068664551
2018-08-06,10.51254653930664,10.516370860515078,10.102676691910172,10.283707328417371,5463000,10.220727348327639,9.933659315109253,9.913611381053926,58.280900936368596,-2766.465579215871,34.24253593807593,11.270000457763672,2.937999963760376
2018-08-07,10.77006721496582,10.787915867906406,10.538041109724325,10.627919025619997,5655000,10.370396995544434,9.961515283584594,9.92573273420334,61.521617275293835,-2483.1964697826597,3.5145524437122377,10.930000305175781,2.9730000495910645
2018-08-08,10.852296829223633,10.900741871784644,10.63620629803356,10.716523415068204,4932000,10.547476196289063,10.033130884170532,9.937664573192597,62.52271180713196,-2329.7989446049824,-12.785145888594162,10.850000381469727,2.9709999561309814
2018-08-09,10.51636791229248,10.731182728151012,10.503619266649734,10.72353317602334,6726000,10.595538520812987,10.077846813201903,9.947236654758454,56.10124026984653,-2347.3528962478345,36.37469586374695,11.270000457763672,2.934999942779541
2018-08-10,9.724039077758789,10.00195974277959,9.585078745248389,9.927380026941638,16897500,10.475063514709474,10.08909740447998,9.951969921588898,44.49374592625771,-2439.5383564536073,151.2265834076717,13.15999984741211,2.8570001125335693
2018-08-13,9.762284278869629,10.030644123030804,9.739974833956946,9.774395537241666,9745500,10.325011062622071,10.104204511642457,9.958607432842253,45.08437943845022,-2569.9934816427217,-42.325787838437634,14.779999732971191,2.877000093460083
2018-08-14,9.732962608337402,9.997498155684623,9.687068029325063,9.937579245242153,5463000,10.117590141296386,10.096873903274536,9.964341943264007,44.69173466461188,-2628.9354314221387,-43.943358473141444,13.3100004196167,2.8949999809265137
2018-08-15,9.332018852233887,9.586354409011015,9.019676540465845,9.523885946657408,12493500,9.813534545898438,10.058819150924684,9.965440227985379,39.61159674868005,-2334.2215785945027,128.69302580999448,14.640000343322754,2.8519999980926514
2018-08-16,9.267000198364258,9.550019963644266,9.198156961282022,9.531534836857714,8014500,9.563661003112793,10.021210622787477,9.965784375667571,38.840563657816105,-2091.6831338749735,-35.850642334013685,13.449999809265137,2.871000051498413
2018-08-17,9.055374145507812,9.130590353238748,8.656340797218949,8.994817835356985,12708000,9.429928016662597,9.980351305007936,9.96403750181198,36.359786074695904,-1814.3603896464128,58.562605277933756,12.640000343322754,2.872999906539917
2018-08-20,9.034337043762207,9.194332970783472,8.727732135067383,9.115290631462228,8164500,9.284338569641115,9.93636841773987,9.96262401342392,36.11286073655076,-1637.082717958836,-35.75306893295562,12.489999771118164,2.822999954223633
2018-08-21,9.569144248962402,9.632250099364725,9.099992929081232,9.140789330361468,10276500,9.251574897766114,9.935125541687013,9.963268005847931,46.128903668929766,-1562.3205789808562,25.868087451772915,12.859999656677246,2.8440001010894775
2018-08-22,9.694718360900879,9.726590437752577,9.317995391243523,9.481816571426782,8587500,9.324114799499512,9.93263955116272,9.962022788524626,48.183098921664765,-1565.0364138015013,-16.435556853014155,12.25,2.822999954223633
2018-08-23,9.727862358093262,9.940764996975455,9.64945833039528,9.69280335739624,7741500,9.416287231445313,9.905325460433959,9.958826639652251,48.73870239765005,-1582.3676200749928,-9.851528384279472,12.40999984741211,2.821000099182129
2018-08-24,10.146021842956543,10.153671397310504,9.841966419107997,9.844515966607542,8875500,9.63441677093506,9.906313562393189,9.957864305973052,55.25708102395533,-1609.937974198061,14.64832396822322,11.989999771118164,2.8259999752044678
2018-08-27,10.62154483795166,10.852295231057932,10.306652107677829,10.345535430985072,16623000,9.95185832977295,9.945483827590943,9.958758375644683,61.28591400444404,-1488.909862645215,87.29085685313503,12.15999984741211,2.8480000495910645
2018-08-28,10.7445707321167,10.874606759163367,10.43222931248216,10.764968933630197,11250000,10.18694362640381,9.981626415252684,9.963445723056791,62.68673263636649,-1405.226785881055,-32.322685435841905,12.5,2.884000062942505
2018-08-29,10.833809852600098,10.919226056477664,10.627918439510616,10.743294554937947,7524000,10.414761924743653,10.024971866607666,9.96764806985855,63.71241847224559,-1304.3831737477299,-33.120000000000005,12.25,2.884000062942505
2018-08-30,10.529117584228516,10.876517983891365,10.490871643572373,10.731183774140082,9526500,10.575012969970704,10.037624931335449,9.969920151233673,57.86385413701064,-1238.2185392466763,26.61483253588517,13.529999732971191,2.859999895095825
2018-08-31,10.708873748779297,10.749031850944915,10.453900803103766,10.453900803103766,4807500,10.687583351135254,10.056747913360596,9.973230860233308,60.185891576531255,-1199.5110866249986,-49.535506219492994,12.859999656677246,2.8529999256134033
2018-09-04,10.954922676086426,10.977870424214041,10.508082621808114,10.566726765705887,8767500,10.754258918762208,10.078866720199585,9.979103448390962,63.17715152670751,-1154.6169429864044,82.37129485179406,13.15999984741211,2.9019999504089355
2018-09-05,10.797476768493652,11.020577618618644,10.518917803446127,10.900102411829971,6303000,10.7648401260376,10.080237197875977,9.981986343860626,60.06723054483397,-1146.229996616424,-28.10949529512404,13.90999984741211,2.9019999504089355
2018-09-06,9.931205749511719,10.714610585998688,9.904433682789504,10.701224552637582,13224000,10.584319305419923,10.03418264389038,9.981214830875397,46.503430063164906,-1210.0105476784088,109.80485483103286,14.649999618530273,2.878999948501587
2018-09-07,9.810730934143066,10.246735395756076,9.73678859837006,9.816468326875633,8241000,10.440641975402833,9.998900794982909,9.978061172962187,44.98214326707907,-1267.6946330891196,-37.68148820326679,14.880000114440918,2.941999912261963
2018-09-10,10.130721092224121,10.13199677750763,9.843239623305221,10.051679668532033,5392500,10.325011444091796,10.019234895706177,9.97463555574417,49.689823781927544,-1292.1188847407034,-34.56497997815799,14.15999984741211,2.937000036239624
2018-09-11,9.82794189453125,10.044667977279774,9.667308580847653,9.960526544044528,8391000,10.099615287780763,10.022517776489257,9.97075118303299,45.70472990185819,-1292.6200010983184,55.60500695410293,13.220000267028809,2.9769999980926514
2018-09-12,9.490740776062012,9.501577264855447,8.847570910819758,9.501577264855447,19008000,9.838268089294434,10.010406684875488,9.963763363361357,41.694261977874184,-1226.338694713523,126.52842331069003,13.140000343322754,2.9630000591278076
2018-09-13,9.824752807617188,10.172790546126796,9.703641134803744,9.789693805544207,13285500,9.81697750091553,10.035043382644654,9.960495493412017,46.68475126817822,-1300.879689445517,-30.10574494949495,12.369999885559082,2.9630000591278076
2018-09-14,10.143470764160156,10.249921641469045,9.891683860263544,9.994947803965607,9342000,9.883525466918947,10.07886691093445,9.958868882656095,50.9949908454279,-1393.0701004674954,-29.682736818335776,12.069999694824219,2.99399995803833
2018-09-17,9.688981056213379,10.103312548948866,9.66603330872683,9.960526969857076,6747000,9.795177459716797,10.110547256469728,9.961850492954252,45.363092256345595,-1525.6356362881354,-27.77777777777778,13.680000305175781,3.000999927520752
2018-09-18,9.961169242858887,10.13518866689897,9.823483614860017,9.823483614860017,6496500,9.821822929382325,10.156888866424561,9.965350840091704,48.996055275006505,-1687.132593438304,-3.7127612272120913,12.789999961853027,3.0480000972747803
2018-09-19,10.01789665222168,10.141558808327995,9.87447459372314,9.956702960960039,4318500,9.927254104614258,10.179326486587525,9.970720722675322,49.74604186902786,-1796.6886704092226,-33.52574463172478,11.75,3.0829999446868896
2018-09-20,10.362747192382812,10.486408421765148,10.177891367241536,10.177891367241536,9111000,10.034852981567383,10.212727928161623,9.98105973005295,54.158968981036345,-1876.589786595868,110.97603334491141,11.800000190734863,3.078000068664551
2018-09-21,10.269680976867676,10.504893056622397,10.191276038427791,10.360195349417182,5826000,10.060095024108886,10.239818859100344,9.990879380702973,52.81116100355187,-1954.5717421242862,-36.055317747777416,11.680000305175781,3.068000078201294
2018-09-24,10.378683090209961,10.39461867042544,9.954153433870989,10.022995760463344,5310000,10.198035430908202,10.251451921463016,10.000824539661407,54.2473174261553,-2007.5780014890377,-8.856848609680746,12.199999809265137,3.078000068664551
2018-09-25,9.861054420471191,10.304663361612457,9.799690376213762,10.277178516922627,10809000,10.178012466430665,10.21342740058899,10.006954782009124,46.941227954505074,-2049.7921863568163,103.5593220338983,12.420000076293945,3.1019999980926514
2018-09-26,9.582999229431152,9.92305674715702,9.551677588823393,9.760698836751448,5340000,10.091032981872559,10.155348825454713,10.012362163066864,43.54829524580282,-2072.360351166818,-50.59672495142937,12.890000343322754,3.061000108718872
2018-09-27,9.707003593444824,9.799050106615876,9.579163144426987,9.658423692469782,3802500,9.95988426208496,10.099008512496951,10.01764906167984,45.44224282326065,-2188.4407731298384,-28.792134831460668,12.40999984741211,3.055999994277954
2018-09-28,9.882786750793457,9.965884103070485,9.574049962385304,9.640528209964389,7743000,9.882505416870119,10.066691970825197,10.025111539363863,48.10039546382874,-2338.0927860186407,103.62919132149901,12.119999885559082,3.055999994277954
2018-10-01,9.96524429321289,10.211338699409286,9.889817794226035,9.964605132088947,6400500,9.799817657470703,10.029510498046879,10.032992675304413,49.34710558111536,-2659.8486817798566,-17.338240991863618,12.0,3.0799999237060547
2018-10-02,9.981223106384277,10.371139694074081,9.882784989286016,9.899405005415263,8142000,9.823851394653321,9.98082551956177,10.04104903459549,49.59976344814049,-3177.906118236171,27.208811811577217,12.050000190734863,3.055999994277954
2018-10-03,9.997842788696289,10.19216238997048,9.715952631903217,10.10650840332428,7701000,9.906820106506348,9.940843820571901,10.047326114177704,49.87979327667398,-3839.2891704699537,-5.416359616801769,11.609999656677246,3.1610000133514404
2018-10-04,9.460268020629883,9.84379294353796,9.204585348286741,9.818223761910282,15123000,9.85747299194336,9.91729693412781,10.047969186306,41.79144334878443,-3507.9015921862397,96.37709388391119,14.220000267028809,3.197000026702881
2018-10-05,8.792296409606934,9.489671314362894,8.530860372546595,9.35863417254677,22242000,9.639374923706056,9.866375207901003,10.045440661907199,34.34001429178428,-2682.3492552720454,47.073993255306476,14.819999694824219,3.2249999046325684
2018-10-08,8.480366706848145,8.808280164290991,8.258560405350915,8.629301319149917,12891000,9.342399406433106,9.783857488632203,10.040379173755648,31.51421027344345,-2037.7354703634448,-42.042082546533585,15.6899995803833,3.2330000400543213
2018-10-09,8.4733304977417,8.585192799827329,8.30010600571811,8.416441519736571,7024500,9.040820884704589,9.716126918792725,10.036818811893465,31.45133970228402,-1591.7668011497883,-45.50849429834768,15.949999809265137,3.2079999446868896
2018-10-10,7.348968505859375,8.157565845802848,7.338101395202733,8.15628752355976,26956500,8.511046028137207,9.609038305282592,10.02775750398636,23.413223362709935,-1224.6451851208028,283.74973307708734,22.959999084472656,3.2249999046325684
2018-10-11,7.115017890930176,7.771483386842449,6.948184510967612,7.331709033648245,20209500,8.041996002197266,9.473551559448241,10.018849647045137,22.14500609917957,-925.2735382136543,-25.029213733236876,24.979999542236328,3.132999897003174
2018-10-12,7.511326313018799,7.8194234393899595,7.191083297436638,7.70948041935128,13690500,7.785801982879639,9.341944336891173,10.011474847793579,29.146453636084903,-772.5768769843529,-32.257106806205,21.309999465942383,3.1410000324249268
2018-10-15,7.3106160163879395,7.555432096772202,7.223683246845358,7.405857423224017,8487000,7.551851844787597,9.223026084899901,10.00281022310257,27.783714567570094,-664.8725160714727,-38.00810781198641,21.299999237060547,3.1630001068115234
2018-10-16,8.026524543762207,8.056567847626326,7.525386763775311,7.587389025313973,10891500,7.4624906539917,9.126293849945068,9.99908015012741,38.77885972499525,-618.9106786726206,28.331565924354905,17.6200008392334,3.1559998989105225
2018-10-17,7.924893856048584,8.250889803584537,7.759978398908241,8.181216669087208,9156000,7.577675724029541,9.021643710136415,9.991225404739378,37.89675557710617,-595.3141205110696,-15.934444291419913,17.399999618530273,3.178999900817871
2018-10-18,7.331710338592529,7.830292169659083,7.244138400364659,7.825177965906273,15177000,7.621014213562011,8.8700918674469,9.978041417598723,33.1561118359011,-576.0103523637247,65.76015727391875,20.059999465942383,3.174999952316284
2018-10-19,6.985898494720459,7.591867627713919,6.903440760811223,7.480645355372704,14745000,7.515928649902343,8.70590274333954,9.962253670692442,30.7417655171677,-556.3558531819804,-2.846412334453452,19.889999389648438,3.197999954223633
2018-10-22,7.122049808502197,7.247334996794397,6.9315656100264125,7.127163097773989,8202000,7.478215408325195,8.543071079254151,9.946230623722075,32.816049269059114,-550.1560958280942,-44.37436419125127,19.639999389648438,3.196000099182129
2018-10-23,7.007630825042725,7.12716171085663,6.338380758967046,6.561463047533225,20764500,7.274436664581299,8.400399899482728,9.928474502563475,31.950027289497967,-542.1892162799454,153.16386247256764,20.709999084472656,3.1659998893737793
2018-10-24,5.621828556060791,6.679717314712541,5.593064024060105,6.657983553960468,29644500,6.813823604583741,8.20234136581421,9.905306603908539,23.76852974761833,-509.32410083160585,42.76529653976739,25.229999542236328,3.124000072479248
2018-10-25,6.00407600402832,6.138949066596662,5.714514968614648,5.7535069996015675,15933000,6.548296737670899,8.017194986343386,9.885945665836335,29.157242547760085,-494.95900198053084,-46.253099225826034,24.219999313354492,3.135999917984009
2018-10-26,5.6844706535339355,5.995763977998163,5.393630479231459,5.598816229281578,19084500,6.288011169433594,7.807279181480408,9.864111995697021,27.412416282285466,-490.5578029677997,19.779702504236486,24.15999984741211,3.0769999027252197
2018-10-29,5.516998767852783,6.10698644682359,5.1929203590032005,6.00918795357322,15058500,5.967000961303711,7.584866905212403,9.840661675930024,26.516964709116564,-495.34017350165954,-21.09565354083156,24.700000762939453,3.0869998931884766
2018-10-30,6.203506946563721,6.210538174779923,5.458191726482435,5.485677021148763,18321000,5.806176185607911,7.395981097221375,9.820096807479858,35.77814091526353,-518.1001905063233,21.665504532323943,23.350000381469727,3.109999895095825
2018-10-31,6.426591873168945,6.571051879148616,6.254005579142461,6.487955451945893,14517000,5.967128849029541,7.217418551445007,9.796210198402406,38.49099812045822,-553.0083270543544,-20.763058785000823,21.229999542236328,3.1589999198913574
2018-11-01,7.311253547668457,7.375174682041936,6.509687524357438,6.514801727167673,19780500,6.228564357757569,7.109967827796937,9.775948519706729,47.89137644521065,-615.0206991734649,36.25749121719364,19.34000015258789,3.1440000534057617
2018-11-02,6.983340740203857,7.36303032603634,6.719348458451816,7.304223389534247,18301500,6.488338375091553,7.019520044326782,9.753894608020785,45.13770586487572,-674.3164096290336,-7.477060741639496,19.510000228881836,3.2139999866485596
2018-11-05,6.803722858428955,6.963524992235885,6.461107880897943,6.9481837569632825,12534000,6.745683193206787,6.935687851905823,9.729622583389283,43.6569484510084,-710.8120757083924,-31.513810343414473,19.959999084472656,3.2009999752044678
2018-11-06,7.05045747756958,7.11821358194805,6.757061050423033,6.757061050423033,7428000,6.9150732994079585,6.864544200897218,9.705261023044587,46.2647177616453,-774.4636286694963,-40.73719483006223,19.90999984741211,3.2139999866485596
2018-11-07,7.303583145141602,7.358555567493409,7.042147987420619,7.341935551380924,13149000,7.09047155380249,6.862274932861329,9.686268279552461,48.87880789554598,-792.7746383034394,77.01938610662357,16.360000610351562,3.2130000591278076
2018-11-08,7.207703590393066,7.364309966739571,7.003157382326132,7.094563831896992,8494500,7.069761562347413,6.866909217834474,9.669684278964997,47.92771646843823,-797.1827105197342,-35.39812913529546,16.719999313354492,3.2339999675750732
2018-11-09,6.805640697479248,6.9769486524047615,6.617713641634734,6.903439191522787,8788500,7.034221553802491,6.831624937057495,9.646099357604983,44.05636180579738,-831.5846023027285,3.4610630407911014,17.360000610351562,3.188999891281128
2018-11-12,5.913948059082031,6.479646391135036,5.823179856816369,6.477089289230699,15409500,6.856266593933105,6.7617915391922,9.61824046611786,36.93146430087839,-793.2092433441036,75.33708824031405,20.450000762939453,3.186000108718872
2018-11-13,6.132555961608887,6.4924297195373235,6.009188725917672,6.009188725917672,10953000,6.672686290740967,6.667093110084534,9.59497026920319,39.51407917114871,-802.1779149127831,-28.92047113793439,20.020000457763672,3.1449999809265137
2018-11-14,6.204146385192871,6.49242856250014,6.037951728034501,6.359473934045518,10629000,6.452798938751221,6.5810557365417495,9.570674390792849,40.375167747605694,-846.3702100237272,-2.958093672966311,21.25,3.119999885559082
2018-11-15,6.831848621368408,6.9034401519530775,6.104431158737997,6.135113177960457,14431500,6.37762794494629,6.556062650680543,9.550334475040438,47.4404368099062,-908.9128129449024,35.77476714648602,19.979999542236328,3.118000030517578
2018-11-16,6.587670803070068,6.676520122478144,6.089089122201592,6.12680190584846,12009000,6.334033966064454,6.536151266098023,9.533325324058536,45.196830109255,-957.3952340133479,-16.786196861033154,18.139999389648438,3.0739998817443848
2018-11-19,5.821261882781982,6.555711505156204,5.813591492108956,6.426592271567199,13630500,6.315496730804443,6.471111869812013,9.519166920185091,38.96752136239466,-977.832833598385,13.502373220084941,20.100000381469727,3.056999921798706
2018-11-20,5.848747730255127,6.0839759250554595,5.327793957528488,5.343135195109222,21753000,6.258735084533692,6.413167715072633,9.500699248313907,39.29068351175956,-943.0218939137694,59.59062396830637,22.479999542236328,3.0480000972747803
2018-11-21,5.918421268463135,6.180496035118956,5.908193777617386,6.059046295813431,10492500,6.201590061187745,6.427997350692749,9.485754334926607,40.15570255797309,-947.023585379689,-51.76527375534409,20.799999237060547,3.061000108718872
2018-11-23,5.915865898132324,6.072471368602183,5.752867901115876,5.816789051810002,5686500,6.018393516540528,6.42358684539795,9.476432964801791,40.13311632121464,-942.7174434802167,-45.80414581844175,21.520000457763672,3.053999900817871
2018-11-26,6.250170707702637,6.25272689487833,5.985538812887487,6.168351229831983,10636500,5.9508934974670415,6.451871848106385,9.465239741802218,44.52890537895345,-996.7767434836381,87.04827222368768,18.899999618530273,3.072000026702881
2018-11-27,6.290440559387207,6.436818507100907,6.052655260795832,6.142144214012912,7797000,6.044729232788086,6.490543937683106,9.45200862169266,45.0522910989739,-1074.6199169513543,-26.69581159215908,19.020000457763672,3.055000066757202
2018-11-28,6.7225446701049805,6.723184288446179,6.11785525101616,6.479006443418513,11701500,6.2194886207580575,6.516495823860169,9.441004807949065,50.45428718771353,-1133.5379057494533,50.076952674105435,18.489999771118164,3.0439999103546143
2018-11-29,6.562741756439209,6.7608953771370475,6.5128835421747935,6.6260232657445535,6813000,6.348352718353272,6.523303318023682,9.42620569229126,48.55319377016116,-1126.5727349562978,-41.776695295474944,18.790000915527344,3.0350000858306885
2018-11-30,6.832488059997559,6.845911357329989,6.363309985667715,6.580001597853913,9060000,6.531677150726319,6.499365043640138,9.410996356010436,51.85116354993055,-1183.0470804796696,32.98106560986349,18.06999969482422,3.013000011444092
2018-12-03,7.384763717651367,7.5375337392201445,7.171907522281893,7.476169700389942,18288000,6.758595752716065,6.519436192512512,9.399108195304871,57.81386510060901,-1131.7095935945126,101.85430463576157,16.440000534057617,2.992000102996826
2018-12-04,6.307698726654053,7.2409410426177345,6.296192913668264,7.213454832219077,18252000,6.762047386169433,6.494634985923767,9.379306013584138,45.88064868357541,-1150.8046623826908,-0.19685039370078705,20.739999771118164,2.9240000247955322
2018-12-06,6.204146385192871,6.204146385192871,5.695337209575493,5.789940350246978,21013500,6.658367729187011,6.452319431304932,9.360725963115692,44.920642201292424,-1159.7789289284442,15.129848783694943,21.190000534057617,2.875999927520752
2018-12-07,5.509327411651611,6.2067023061793725,5.424312603762654,6.162596999845129,19045500,6.447684860229493,6.362606644630432,9.339040765762329,39.02083754616475,-1181.7985620533047,-9.365407952030836,23.229999542236328,2.8499999046325684
2018-12-10,5.742639541625977,5.802725258774135,5.424953605673845,5.479925119476907,14008500,6.2297151565551765,6.289353442192079,9.315325479507447,41.78568879910205,-1242.1466427999328,-26.44719225013783,22.639999389648438,2.8559999465942383
2018-12-11,5.844273567199707,6.241861050068006,5.742639632530935,6.012385745651949,23953500,5.921617126464844,6.2412850856781015,9.288781752586365,42.99814428683012,-1310.5281730078718,70.99261162865402,21.760000228881836,2.878999948501587
2018-12-12,6.103150844573975,6.354359385164893,5.972113706217055,6.124244527461429,17592000,5.880707550048829,6.2507452249526985,9.264047691822052,46.078745728483284,-1323.1485382030387,-26.55770555451187,21.459999084472656,2.9059998989105225
2018-12-13,6.035395622253418,6.303862898286909,5.967639527954023,6.217569763633876,13446000,5.846957397460938,6.245887207984924,9.24049525499344,45.38736853495312,-1302.8619488467377,-23.5675306957708,20.649999618530273,2.9110000133514404
2018-12-14,5.777796268463135,6.145979598167381,5.773960844471647,5.83276778342803,10413000,5.900651168823242,6.224569702148437,9.218247137069705,42.76046857476227,-1245.8989843507932,-22.556894243641235,21.6299991607666,2.8910000324249268
2018-12-17,5.561103820800781,6.0168580643838405,5.456912350633774,5.720905954274503,15946500,5.8643440246582035,6.161032462120056,9.192272334098819,40.63016821981634,-1259.8876602550442,53.14030538749639,24.520000457763672,2.8570001125335693
2018-12-18,5.7809929847717285,6.045624937556596,5.699814021801628,5.701092344267889,13204500,5.851687908172607,6.120698571205139,9.165930645465853,43.69555849523976,-1283.2514914195795,-17.194995767096234,25.579999923706055,2.825000047683716
2018-12-19,5.050376892089844,5.874315783082842,4.967919178328954,5.7253798379910315,29062500,5.641133117675781,6.082154321670533,9.133438999652864,36.881595821111134,-1164.8171477455855,120.09542201522207,25.579999923706055,2.7780001163482666
2018-12-20,4.921257972717285,5.279853380386659,4.732691290706965,5.0248093775045914,19387500,5.418305587768555,6.035779833793641,9.099846894741058,35.81854095696579,-1053.8413419293538,-33.29032258064516,28.3799991607666,2.7890000343322754
2018-12-21,4.69561767578125,5.191643273656592,4.638728222131583,5.016499870537045,19287000,5.201869869232178,5.974639654159547,9.064878499507905,33.97554706278485,-913.2726762779646,-0.5183752417795007,30.110000610351562,2.7920000553131104
2018-12-24,4.287802696228027,4.720545763879359,4.282689408449281,4.572250359968534,13795500,4.947209644317628,5.893236494064332,9.024229047298434,30.882673994709467,-770.0717905890157,-28.4725462746928,36.06999969482422,2.749000072479248
2018-12-26,5.02480936050415,5.028644783970858,4.243058252883281,4.461028628309074,17737500,4.795972919464112,5.831968426704406,8.98533072948456,41.285145847698196,-691.8178993091815,28.57453517451343,30.40999984741211,2.796999931335449
2018-12-27,5.137267112731934,5.139832535265783,4.622128340770908,4.769677991476897,12370500,4.81335096359253,5.774309754371641,8.94998462677002,42.702212064005664,-649.7161113079662,-30.25792811839323,29.959999084472656,2.743000030517578
2018-12-28,5.245683670043945,5.529876179590026,5.11353158355249,5.248891939914047,17269500,4.878236103057861,5.700466704368591,8.915206046104432,44.10284004328406,-654.133896448631,39.60227961683036,28.34000015258789,2.7360000610351562
2018-12-31,5.345118999481201,5.476629147134657,5.187305812830062,5.425308304158351,12660000,5.008136367797852,5.639585566520691,8.881102764606476,45.42062127410919,-677.4402423242575,-26.69156605576305,25.420000076293945,2.686000108718872
2019-01-02,5.486893653869629,5.60236657464145,4.978811976546139,4.985227597659839,13147500,5.247954559326172,5.572305846214295,8.847756068706515,47.32731778922817,-707.5490396593449,3.8507109004739304,23.219999313354492,2.6610000133514404
2019-01-03,4.5117878913879395,5.185380819974414,4.496391686107044,5.1148131201840865,28599000,5.14535026550293,5.428657054901123,8.81305494785309,37.59847787030211,-754.3435023090769,117.52424415288077,25.450000762939453,2.553999900817871
2019-01-04,5.094926834106445,5.15458816445488,4.702318535817865,4.736318758219027,17604000,5.136882209777832,5.368018460273743,8.779930415153505,44.89395074276857,-810.4906408847207,-38.44540018881779,21.3799991607666,2.6589999198913574
2019-01-07,5.3938751220703125,5.536934073916774,5.081456924572389,5.195005476618181,16641000,5.166520500183105,5.327504897117616,8.747903051376342,48.23514679241426,-875.9152588304834,-5.470347648261765,21.399999618530273,2.681999921798706
2019-01-08,5.3111186027526855,5.564518713216671,5.098777191369081,5.557461161412338,14445000,5.159720420837402,5.31759445667267,8.720306184291838,47.37874597376408,-918.7188102531087,-13.196322336398048,20.469999313354492,2.7160000801086426
2019-01-09,5.721689701080322,5.794822379183111,5.4586680057002726,5.463799769262896,17928000,5.206679630279541,5.3165469646453865,8.700179004669188,51.93792674086724,-918.1663129190223,24.11214953271028,19.979999542236328,2.7279999256134033
2019-01-10,5.882710933685303,5.90580524893114,5.540140439627089,5.543348709921716,12975000,5.480864238739015,5.318468832969666,8.674727613925933,53.634603277994586,-941.1256179804031,-27.627175368139223,19.5,2.7309999465942383
2019-01-11,6.046938896179199,6.207959456576985,5.741577384275095,5.791615752100798,12399000,5.671266651153565,5.315658235549927,8.656213948726652,55.365287890494166,-958.3882333792127,-4.439306358381501,18.190000534057617,2.7009999752044678
2019-01-14,5.76082181930542,5.88720019780982,5.668443205130398,5.821765632882895,10731000,5.744655990600586,5.301929545402527,8.63936141490936,51.741643824895554,-997.5127284612289,-13.452697798209535,19.06999969482422,2.7100000381469727
2019-01-15,5.798671245574951,6.007805278937421,5.727462983905969,5.801237586021211,14590500,5.84216651916504,5.302973294258117,8.619746377468108,52.18745406944459,-1003.9516469521027,35.96589320659771,18.600000381469727,2.7109999656677246
2019-01-16,5.656896114349365,5.94621990866575,5.649198010814403,5.8698794260093825,10257000,5.829207801818848,5.307762908935548,8.605052409172059,50.312549009860206,-995.4213187142074,-29.700832733628047,19.040000915527344,2.7309999465942383
2019-01-17,5.852559566497803,5.94301379310996,5.44134759430778,5.57542456964297,15876000,5.823177528381348,5.311341238021851,8.58887485742569,52.83116886041388,-1006.9446901475407,54.782100029248326,18.059999465942383,2.749000072479248
2019-01-18,6.254149436950684,6.3664155042220925,5.928900458426786,6.027052337839216,15720000,5.864619636535645,5.371529865264893,8.572971727848056,57.583517331045606,-908.8528122145127,-0.9826152683295564,17.799999237060547,2.7839999198913574
2019-01-22,5.728105545043945,6.083505422195012,5.594027663258944,6.077089799795949,18655500,5.858076381683349,5.411872243881226,8.555888803005221,50.417781243343946,-898.8622234507856,18.673664122137403,20.799999237060547,2.7300000190734863
2019-01-23,5.608783721923828,5.894899761491304,5.447121221775496,5.8384462264275,15681000,5.820098876953126,5.457530546188354,8.54238242864609,48.93039445859025,-941.2710540028588,-15.944359572244116,19.520000457763672,2.755000114440918
2019-01-24,6.5678510665893555,6.639701271634354,5.9590519472246015,5.9590519472246015,32491500,6.002289867401124,5.571532964706421,8.532911198139193,59.31878010306019,-989.8296405954411,107.20298450353934,18.889999389648438,2.7119998931884766
2019-01-25,6.987401485443115,7.065025366415801,6.5113965089267225,6.6345679987966415,17100000,6.229258251190186,5.66966257095337,8.521469521522524,62.87636888539777,-989.9443935710303,-47.37085083791145,17.420000076293945,2.753000020980835
2019-01-28,6.561435222625732,6.730795800891647,6.165618610742401,6.209883281263682,14305500,6.2907154083251955,5.740870976448059,8.507878930568697,57.3889768378067,-1009.2852483539759,-16.34210526315789,18.8700008392334,2.74399995803833
2019-01-29,6.277885437011719,6.646116572923587,6.2515833113427375,6.598643626692846,9061500,6.40067138671875,5.792481064796447,8.490227367877962,54.00995385630187,-1002.5504637838766,-36.657229736814514,19.1299991607666,2.7119998931884766
2019-01-30,6.8225321769714355,6.896306777361583,6.405546601947167,6.616605041572607,14400000,6.643421077728272,5.866351723670959,8.476450490951539,59.00319913997499,-929.1645721647106,58.91408707167687,17.65999984741211,2.694999933242798
2019-01-31,6.827664852142334,6.9995917858919565,6.639700697791569,6.799438316063256,10894500,6.695383834838867,5.933390283584595,8.462390739917755,59.04832279844239,-859.3265494917617,-24.343749999999996,16.56999969482422,2.634999990463257
2019-02-01,7.066308975219727,7.159971466015507,6.838571353263942,6.838571353263942,10723500,6.71116533279419,6.061116337776184,8.446807835102081,61.1873638669831,-855.6905562970111,-1.5695993391160679,16.139999389648438,2.690999984741211
2019-02-04,7.172800540924072,7.1740834817460755,6.896307063290635,7.0823467890918135,4450500,6.833438396453857,6.165010023117066,8.43333505153656,62.137756210885755,-849.9755847970233,-58.49769198489299,15.729999542236328,2.7239999771118164
2019-02-05,7.272877216339111,7.367822178089295,7.1298187621559155,7.184989805607097,9172500,7.032436752319336,6.258960127830505,8.426733705997465,63.05335896413443,-826.506931599963,106.10043815301653,15.569999694824219,2.7019999027252197
2019-02-06,7.857299327850342,8.022170087220216,7.530767914568635,7.537824089773581,17931000,7.239390182495117,6.386269164085388,8.424597148895263,67.93055916425419,-788.4600047674969,95.48650858544563,15.380000114440918,2.7019999027252197
2019-02-07,7.3325395584106445,7.66676956712149,7.14265097352731,7.569901092500103,18687000,7.3403651237487795,6.466811656951904,8.4215035033226,60.240922614195696,-773.9989427558103,4.216161954157593,16.3700008392334,2.6519999504089355
2019-02-08,7.30238676071167,7.33702891391477,6.913627725251487,6.998948790968507,10705500,7.387580680847168,6.537795448303223,8.419226047992705,59.821885504103655,-773.5384954896739,-42.711510675870926,15.720000267028809,2.631999969482422
2019-02-11,7.406955242156982,7.4563526033298935,7.208085609478971,7.415295276866739,8164500,7.43441162109375,6.6057962656021125,8.417608213424682,60.83923439450157,-757.8759932475946,-23.73546307972537,15.970000267028809,2.6610000133514404
2019-02-12,7.873978614807129,7.924658447952516,7.6379000678359406,7.685373007782114,13083000,7.554631900787354,6.711454105377198,8.415965371131897,65.09074653181428,-753.8802184788667,60.24251331986037,15.430000305175781,2.684000015258789
2019-02-13,7.94262170791626,8.123530155542237,7.866282129437697,8.017679263083995,12480000,7.571696376800537,6.818651628494264,8.415572259426115,65.68050748998792,-753.3360051369622,-4.609034625085995,15.649999618530273,2.7079999446868896
2019-02-14,8.004851341247559,8.179343280878575,7.829074624974558,7.829074624974558,11575500,7.7061587333679205,6.936049389839173,8.416819863319395,66.23738113449475,-768.1022171707806,-7.247596153846159,16.219999313354492,2.6570000648498535
2019-02-15,8.134434700012207,8.253757384093477,7.9817546338809295,8.210776109623914,10102500,7.872568321228028,7.050143146514893,8.416797370910643,67.42278525252974,-792.1723243265175,-12.725152261241412,14.90999984741211,2.6659998893737793
2019-02-19,8.081832885742188,8.25119305123898,7.987529367616292,7.991379108846313,7548000,8.007543849945069,7.141527318954468,8.417071681022643,66.40358850422982,-795.3529194608119,-25.285820341499633,14.880000114440918,2.6470000743865967
2019-02-20,8.304436683654785,8.448136153916165,8.1498303807441,8.152397180148402,9694500,8.0936354637146,7.27034387588501,8.417733802795409,68.5689329704132,-828.1332521038262,28.437996820349753,14.020000457763672,2.6540000438690186
2019-02-21,8.121603012084961,8.365379185449315,8.043979592240646,8.326247658043966,11476500,8.12943172454834,7.3959848403930675,8.41453637599945,64.87072646503938,-895.9121441442313,18.38155655268452,14.460000038146973,2.687999963760376
2019-02-22,8.375003814697266,8.404514210222938,8.203719264419416,8.316626329528418,12757500,8.203462219238283,7.4863424777984635,8.41140679836273,67.48797115513594,-895.2501425400918,11.161939615736504,13.510000228881836,2.6549999713897705
2019-02-25,8.585423469543457,8.872823413113373,8.563611633161978,8.789425808988511,12519000,8.293659973144532,7.566243577003481,8.40837191104889,69.51878639629442,-857.8378009035358,-1.869488536155206,14.850000381469727,2.6730000972747803
2019-02-26,8.407724380493164,8.611726747106086,8.336515626310357,8.496253761345812,8319000,8.358838272094728,7.658558034896852,8.402463731765748,65.7818475535873,-897.2823671475923,-33.54900551162233,15.170000076293945,2.635999917984009
2019-02-27,8.110700607299805,8.289683742918433,7.843188109720538,8.289683742918433,15036000,8.320091056823731,7.750198793411256,8.392509918212891,59.978237787771164,-1012.9552845900212,80.74287774972953,14.699999809265137,2.693000078201294
2019-02-28,8.130587577819824,8.196022167761829,7.9291511254763085,8.009982845273255,7447500,8.321887969970705,7.815601563453675,8.383861055374146,60.2312237743729,-1146.055091965904,-50.46887470071828,14.779999732971191,2.7109999656677246
2019-03-01,8.342926025390625,8.450700377515984,8.083753669891342,8.374360823225281,10362000,8.315472412109376,7.891364622116089,8.374333620071413,62.92595191855182,-1271.3710520371285,39.13393756294059,13.569999694824219,2.755000114440918
2019-03-04,8.346776008605957,8.590552193107097,8.033716433483399,8.530250305644902,14767500,8.267742919921876,7.9553879737854,8.366638474464418,62.974939206119856,-1420.3966614613523,42.51592356687899,14.630000114440918,2.7219998836517334
2019-03-05,8.227458000183105,8.382063446918037,8.129305644255174,8.32496796773135,7974000,8.231689643859864,8.008120846748351,8.356352400779723,60.31500675323117,-1649.5809788960898,-46.003047232097515,14.739999771118164,2.7219998836517334
2019-03-06,7.825222969055176,8.23322750418586,7.813675584315885,8.2024350900126,14940000,8.174594116210937,8.035738134384156,8.34465630054474,52.295850746532054,-1911.6053524396968,87.35891647855532,15.739999771118164,2.691999912261963
2019-03-07,7.558994770050049,7.737336886563695,7.420427038908559,7.698204430579488,15607500,8.060275554656982,8.020822906494141,8.333766548633575,47.76888477135089,-1818.4538561546492,4.467871485943764,16.59000015258789,2.635999917984009
2019-03-08,7.5468058586120605,7.56540941955253,7.101592783434413,7.161895594847162,12711000,7.9010515213012695,8.031536221504211,8.321295442581176,47.56586843841267,-1827.8989666283103,-18.55838539163863,16.049999237060547,2.625
2019-03-11,8.085039138793945,8.191530583618851,7.646883125722651,7.6872985204081,12825000,7.848704147338868,8.070668840408326,8.31066942691803,56.38138993077859,-2194.678132261819,0.8968609865470878,14.329999923706055,2.6429998874664307
2019-03-12,8.179340362548828,8.307002148030733,7.943903291512363,8.138924974602347,10372500,7.839080619812012,8.109288096427917,8.299697461128236,57.72253073466418,-2630.0975967782847,-19.122807017543863,13.770000457763672,2.6050000190734863
2019-03-13,8.279417991638184,8.470589955582565,8.243492892522266,8.309568938874332,8331000,7.929919624328614,8.12956006526947,8.288688321113586,59.15774463763912,-2713.6919108716806,-19.68185104844541,13.40999984741211,2.6110000610351562
2019-03-14,8.138285636901855,8.396817574438444,8.123531812297905,8.285193424677821,6633000,8.045777797698975,8.139343261718752,8.275682134628296,56.257324020821436,-2775.723917897324,-20.381706877925822,13.5,2.630000114440918
2019-03-15,8.839460372924805,9.030633217517202,8.39104048558789,8.434663221826236,22909500,8.304308700561524,8.181073713302613,8.267209210395814,65.34743387174376,-2529.457055755635,245.38670284938942,12.880000114440918,2.5929999351501465
2019-03-18,8.781725883483887,9.030634772356077,8.623912222512157,8.895274412558383,10273500,8.443646049499511,8.213438272476196,8.257404322624208,64.16505647712238,-2268.7191677140513,-55.15615792575132,13.100000381469727,2.6019999980926514
2019-03-19,9.137307167053223,9.215067704338933,8.981783334494333,9.025484565228439,13689000,8.635239410400391,8.266211986541748,8.250541501045225,68.00478768509291,-1987.412352313879,33.24572930354797,13.5600004196167,2.614000082015991
2019-03-20,8.877031326293945,9.281905768457394,8.709297865225182,9.125096696915081,13167000,8.754762077331543,8.294841718673705,8.238856191635131,62.70817845586954,-1781.3581428530854,-3.8132807363576604,13.90999984741211,2.5350000858306885
2019-03-21,9.797320365905762,9.975980122322728,8.90402618046893,8.90402618046893,21321000,9.086569023132325,8.378627586364747,8.230401430130007,71.23819171234453,-1469.0352898158642,61.92754613807245,13.630000114440918,2.5369999408721924
2019-03-22,8.963790893554688,9.711201952090725,8.939368910211584,9.65079190324982,18607500,9.1114351272583,8.408066940307618,8.217015628814698,58.24352477791964,-1306.1958394936169,-12.726888982693119,16.479999542236328,2.4549999237060547
2019-03-25,8.621896743774414,9.016488507913257,8.40724806150369,8.815336499095174,23959500,9.079469299316408,8.409890604019164,8.200797543525699,53.90042462223016,-1305.3144822035815,28.762595727529217,16.329999923706055,2.4200000762939453
2019-03-26,8.884099006652832,9.110315571681506,8.678449673283914,8.983711077635743,17310000,9.028827667236328,8.43370933532715,8.187464947700503,56.574806417889214,-1231.9271281039303,-27.7530833281162,14.680000305175781,2.4140000343322754
2019-03-27,8.494649887084961,8.981784059291847,8.299281393833603,8.900808621415054,19968000,8.952351379394532,8.452906799316407,8.173708696365356,51.7707316365543,-1254.9551405419147,15.355285961871745,15.149999618530273,2.374000072479248
2019-03-28,8.45030403137207,8.764563783156522,8.278071418488086,8.570481477669473,11520000,8.682948112487793,8.468892621994021,8.160147395133972,51.23720134842723,-1306.5216833135491,-42.307692307692314,14.430000305175781,2.3889999389648438
2019-03-29,8.83911418914795,8.883457114777825,8.674593789804218,8.74721436293273,12793500,8.658012771606446,8.493702030181886,8.147674531936644,55.56138869473689,-1295.5464359035984,11.054687500000004,13.710000038146973,2.4140000343322754
2019-04-01,9.490128517150879,9.513906051754839,9.115458593889207,9.232422110555538,18229500,8.831659126281739,8.550869655609132,8.13865074634552,61.68761084959325,-1219.75327550179,42.490327119240234,13.399999618530273,2.496999979019165
2019-04-02,9.520332336425781,9.590381550953564,9.346814449045448,9.475345876982995,8290500,8.95890579223633,8.615513372421265,8.128811044692995,61.94969838432123,-1174.4055236431088,-54.52151732082613,13.359999656677246,2.4809999465942383
2019-04-03,10.168774604797363,10.419411366410394,9.8461598707905,9.868010490861725,30327000,9.293730735778809,8.732690954208376,8.122324886322021,67.14595008644623,-1127.8322397398747,265.8042337615343,13.739999771118164,2.5169999599456787
2019-04-04,10.207334518432617,10.406557795376223,10.055666312529084,10.060165510597251,14100000,9.645136833190918,8.865107941627503,8.117793669700623,67.43078211650557,-1119.3636625117822,-53.5067761400732,13.579999923706055,2.51200008392334
2019-04-05,10.440616607666016,10.456682804601604,10.218900148101472,10.403985936065045,7863000,9.965437316894532,9.009798479080201,8.11626434803009,69.17208413936994,-1096.634869069741,-44.234042553191486,12.819999694824219,2.500999927520752
2019-04-08,10.515811920166016,10.539590379399026,10.234327916230198,10.298593649564184,7659000,10.17057399749756,9.131337118148807,8.114266405105592,69.73380259242558,-1046.1448239173565,-2.594429607020221,13.180000305175781,2.5190000534057617
2019-04-09,10.161062240600586,10.34678975120274,10.019035050337367,10.34678975120274,16965000,10.29871997833252,9.230423212051393,8.11254086494446,63.825226691058916,-1029.6451460322708,121.50411280846063,14.279999732971191,2.499000072479248
2019-04-10,10.421978950500488,10.507452661879572,10.141138594627575,10.159775235807656,13528500,10.349360847473145,9.337551259994507,8.113337421417238,66.10032206860417,-1004.0879258255666,-20.256410256410252,13.300000190734863,2.4769999980926514
2019-04-11,10.39627456665039,10.60899356949668,10.295377260077435,10.475321255164047,9259500,10.387148857116701,9.450450706481934,8.11853759765625,65.66219591359908,-1005.4300167778109,-31.555604834238828,13.020000457763672,2.503999948501587
2019-04-12,10.82878589630127,10.834570318026906,10.579435214631548,10.693828313764188,12208500,10.46478271484375,9.549916982650757,8.125409507751465,69.34419217519655,-958.8104715208692,31.8483719423295,12.010000228881836,2.559999942779541
2019-04-15,10.598069190979004,10.860916461138965,10.407198967332073,10.824926558888544,9196500,10.481234169006347,9.640734148025512,8.134605011940002,65.32048417674714,-932.4197978141905,-24.671335544907237,12.319999694824219,2.552999973297119
2019-04-16,11.607684135437012,11.613467635965318,10.77030110543939,10.796007390890432,19468500,10.770558547973634,9.764252996444702,8.14774266242981,72.7672712468126,-866.7468237582141,111.69466644919264,12.180000305175781,2.5920000076293945
2019-04-17,12.13594913482666,12.592237115366212,11.859607004822925,12.274763270712013,16183500,11.113352584838868,9.927198886871338,8.163324012756348,75.70670142407403,-806.3279595340764,-16.873410894521925,12.600000381469727,2.5920000076293945
2019-04-18,12.159082412719727,12.26576412650425,11.973997550131005,12.147514493891785,9463500,11.465914154052735,10.045286989212036,8.178189187049865,75.8297349364363,-752.3261151197823,-41.523774214477704,12.09000015258789,2.559999942779541
2019-04-22,12.164225578308105,12.245201019140982,11.850608351444139,11.985566806612757,4671000,11.733002090454102,10.205308723449706,8.195677618980406,75.8590081269938,-744.6927067787495,-50.64194008559202,12.420000076293945,2.5899999141693115
2019-04-23,12.529255867004395,12.64814905669196,12.237490144529694,12.317822063927874,8796000,12.119239425659181,10.400676679611207,8.211485333442688,77.90440430272581,-743.6129354983096,88.31085420680796,12.279999732971191,2.569999933242798
2019-04-24,12.892359733581543,13.26638710183099,12.50033832903661,12.50033832903661,11011500,12.376174545288087,10.601089715957642,8.227339696884156,79.74299174655377,-696.5486916722347,25.18758526603002,13.140000343322754,2.5220000743865967
2019-04-25,12.190577507019043,12.78503618174081,11.858323554675138,12.78503618174081,12978000,12.387100219726564,10.785886096954343,8.23877679347992,67.97080452358514,-696.2548628643558,17.858602370249276,13.25,2.5339999198913574
2019-04-26,11.8853120803833,11.889167747303016,11.12633314859723,11.499075197380765,13794000,12.332346153259277,10.957636499404906,8.247138614654544,63.57431291018445,-734.7462357793025,6.287563569116972,12.729999542236328,2.505000114440918
2019-04-29,11.82297420501709,11.96885796880293,11.666166051622485,11.925799344204275,4995000,12.264095878601076,11.106829500198364,8.259153561592106,62.68267116486336,-781.4258890579,-63.788603740756855,13.109999656677246,2.5360000133514404
2019-04-30,12.085177421569824,12.166152852561838,11.75035222862382,11.769632399588778,6696000,12.175280189514162,11.236581945419312,8.271469202041628,64.91182577298885,-824.2341959936897,34.05405405405406,13.119999885559082,2.509000062942505
2019-05-01,11.788914680480957,12.63465267003856,11.76963542389119,12.468204407075248,12915000,11.954591178894043,11.350011062622071,8.282918639183045,60.513327922234645,-888.8521170032243,92.8763440860215,14.800000190734863,2.510999917984009
2019-05-02,12.181577682495117,12.551105750011153,11.699584391069115,11.727217589528134,13312500,11.952791213989258,11.450651216506959,8.296525816917422,63.9956077942011,-928.8570320284389,3.077816492450647,14.420000076293945,2.552000045776367
2019-05-03,12.425788879394531,12.443140301660991,12.002277747616484,12.400081672610755,8863500,12.060886573791505,11.561573934555053,8.309256887435915,66.00366251874746,-982.7523382234609,-33.41971830985916,12.869999885559082,2.5309998989105225
2019-05-06,11.815262794494629,11.842254301423164,11.06785086811934,11.188028346328432,17829000,12.059344291687012,11.630306243896484,8.317867631912232,57.3866923543227,-1091.8222878616764,101.15078693518362,15.4399995803833,2.5
2019-05-07,10.9528169631958,11.432238932751746,10.565293911056878,11.376328081131135,24256500,11.832872200012206,11.652156496047974,8.322535862922669,47.87774344322935,-1150.1509137329806,36.05081608615177,19.31999969482422,2.447999954223633
2019-05-08,10.68996810913086,11.182245030790076,10.626988538142939,10.724671869753625,12007500,11.613082885742188,11.678601789474488,8.32662290096283,45.40821143029999,-1224.7111173560686,-50.497804712139015,19.399999618530273,2.4820001125335693
2019-05-09,10.309517860412598,10.457328571620318,9.596809528940824,10.186127297865543,18993000,11.238670921325683,11.672978734970096,8.328600516319275,42.02906376278072,-1199.0233337175437,58.17613991255466,19.100000381469727,2.4570000171661377
2019-05-10,10.339720726013184,10.529947428868313,9.614802899348389,10.101937117611943,20788500,10.821457290649414,11.670151042938235,8.332329111099243,42.395555115219516,-1167.5938054628002,9.453482862107098,16.040000915527344,2.4549999237060547
2019-05-13,8.880244255065918,9.503623026771802,8.752355445027607,9.314681561841757,24391500,10.234453582763672,11.572723960876466,8.328008141517639,31.90050336411951,-997.461445911676,17.33169781369508,20.549999237060547,2.4049999713897705
2019-05-14,9.515833854675293,9.64693573716736,9.085895690252674,9.209286238086005,17139000,9.947056961059571,11.518612194061284,8.324216589927673,38.98436049014519,-898.6623276776711,-29.733718713486258,18.059999465942383,2.4189999103546143
2019-05-15,9.749116897583008,9.93998619333966,9.170725510136746,9.179080374165089,14703000,9.75888671875,11.425683832168582,8.322330875396727,41.39403714335396,-786.5917384329624,-14.213197969543145,16.440000534057617,2.378999948501587
2019-05-16,9.254271507263184,9.577527893247638,9.078182265327673,9.31853721777687,21981000,9.547837448120118,11.281599950790406,8.31941153526306,37.96862008009955,-707.1011248195196,49.50010201999593,15.289999961853027,2.4049999713897705
2019-05-17,8.70737075805664,9.36545151492032,8.596833357311743,8.825618573898783,24265500,9.22136745452881,11.10901436805725,8.312839794158933,34.56432337774462,-641.5951444722009,10.393066739456813,15.960000038146973,2.3929998874664307
2019-05-20,7.663694381713867,8.071781941369153,7.499817022404721,7.927826909675445,26760000,8.978057479858398,10.88398780822754,8.30132376194,29.18628990565441,-565.1891382511966,10.280027199109853,16.309999465942383,2.4159998893737793
2019-05-21,8.145687103271484,8.266506281854175,7.948390757204625,8.161754221799647,19236000,8.704028129577637,10.664809370040896,8.290671916007994,34.27258228611341,-521.7081829636106,-28.116591928251122,14.949999809265137,2.4260001182556152
2019-05-22,7.636058330535889,7.884125069955059,7.553798590918648,7.694540539302415,15225000,8.281416416168215,10.401994299888612,8.277220137119292,31.681463346404236,-495.76684088723016,-20.851528384279472,14.75,2.3929998874664307
2019-05-23,7.249822616577148,7.282598085255074,6.897003335656417,7.202265252021845,20860500,7.880526638031006,10.154956555366516,8.260906517505644,29.84016200093886,-468.28340861802815,37.014778325123146,16.920000076293945,2.2960000038146973
2019-05-24,7.061523914337158,7.525523244963049,7.047386007387631,7.434908624786372,13459500,7.55135726928711,9.91376714706421,8.2423638010025,28.956580740427004,-436.0365689888242,-35.478535989070245,15.850000381469727,2.3239998817443848
2019-05-28,6.869368553161621,7.262032014157915,6.839806141275656,7.188769285104369,13249500,7.392492103576661,9.666086864471437,8.222449159622192,28.04399218155773,-417.9682406313848,-1.5602362643486023,17.5,2.2679998874664307
2019-05-29,6.962554931640625,7.0589535068788365,6.654721182750808,6.700350255395093,20284500,7.155865669250488,9.409955739974976,8.204680094718933,29.209162475176424,-408.968386101012,53.09634325823615,17.899999618530273,2.2360000610351562
2019-05-30,7.1212897300720215,7.299306344726835,6.966409874263081,7.033246028943965,19113000,7.052911949157715,9.176574492454531,8.191666347980501,31.251328505386713,-405.85818625703854,-5.775345707313462,17.299999237060547,2.2269999980926514
2019-05-31,6.812173366546631,7.1630643894201125,6.794178412948603,6.855873689387248,18478500,6.965382099151611,8.908104276657106,8.176915793418885,29.46851164293287,-407.99257419886817,-3.3197300266834096,18.709999084472656,2.1419999599456787
2019-06-03,6.877723693847656,7.262032305811765,6.757546667648725,7.067949936426733,23410500,6.928622055053711,8.630701017379762,8.162639598846438,30.375574587279235,-417.442551783784,26.690478123224292,18.860000610351562,2.0810000896453857
2019-06-04,7.750452995300293,7.76523397263599,7.0628093486114,7.262032616028505,32151000,7.104838943481446,8.427460527420044,8.15473176956177,41.21508459691991,-444.0445981610821,37.33581085410393,16.969999313354492,2.11899995803833
2019-06-05,7.596214294433594,8.011371425536868,7.29673544160138,8.00558792532147,25533000,7.231570816040039,8.259630393981933,8.146377840042115,40.02898518346464,-482.53436895984186,-20.584118689931884,16.09000015258789,2.122999906539917
2019-06-06,7.911759376525879,7.993377435790491,7.544802633093969,7.593644302879739,14176500,7.38966474533081,8.120719957351685,8.140659766197203,43.60468198671781,-547.8413632923967,-44.477734696275405,15.930000305175781,2.124000072479248
2019-06-07,8.159825325012207,8.231159754984805,7.931038302223451,7.967669893540926,14091000,7.659195137023927,8.013235330581665,8.136287207603452,46.314657920828964,-618.3875859288612,-0.6031107819278403,16.299999237060547,2.0840001106262207
2019-06-10,8.79605770111084,9.08461036145973,8.470871604915024,8.532566878109447,21726000,8.042861938476562,7.9360521793365475,8.132421774864195,52.60517829231987,-678.9682097358381,54.18352139663616,15.9399995803833,2.1429998874664307
2019-06-11,8.862250328063965,9.318538304938537,8.670096704572922,9.290903264763713,18606000,8.265221405029298,7.93515248298645,8.128259434700013,53.219330219447336,-683.5196554059919,-14.360673847003591,15.989999771118164,2.140000104904175
2019-06-12,8.236946105957031,8.624468276674143,8.210596286237076,8.600689821330601,11925000,8.393367767333986,7.871208095550538,8.120804853439331,47.02064056035955,-741.8235388559704,-35.90777168655273,15.90999984741211,2.127000093460083
2019-06-13,8.393107414245605,8.4862924352052,8.193883314957212,8.452874827897913,11455500,8.48963737487793,7.803407621383668,8.112040281295776,48.62983387778033,-825.9314617439994,-3.9371069182389973,15.819999694824219,2.0910000801086426
2019-06-14,7.727962017059326,7.8500664434532785,7.569225067618824,7.647628706016708,14856000,8.403264713287355,7.727092146873475,8.097572367191313,42.68301824809646,-948.2902321996982,29.684431059316484,15.279999732971191,2.0929999351501465
2019-06-17,7.572436332702637,7.818575274507352,7.556370592649382,7.7440259381988925,8601000,8.158540439605714,7.670345425605775,8.081711695194246,41.40794372896745,-1061.9558746001787,-42.10420032310178,15.350000381469727,2.0859999656677246
2019-06-18,8.560202598571777,8.714440334150282,7.802508757246484,7.851350890712228,26061000,8.098130893707275,7.715170836448671,8.070343658924104,51.34855215032042,-995.8440874619697,202.99965120334846,15.149999618530273,2.059999942779541
2019-06-19,8.576910018920898,8.754283569917632,8.440023729043778,8.701585777413124,13185000,8.16612367630005,7.736731982231142,8.060582621097565,51.49844116902956,-946.0935561770652,-49.4071601243237,14.329999923706055,2.0290000438690186
2019-06-20,8.814693450927734,9.208642584355953,8.686162027872928,9.130237588896193,19162500,8.250440883636475,7.795663738250732,8.05111171960831,53.68543958570995,-854.5128969888694,45.33560864618884,14.75,2.000999927520752
2019-06-21,8.632822036743164,8.913664296642242,8.602617469434076,8.686163366964072,12225000,8.431412887573243,7.864813709259033,8.03950121641159,51.762884563953385,-836.4948744928333,-36.20352250489237,15.399999618530273,2.068000078201294
2019-06-24,8.690020561218262,8.804413657403174,8.605832037649138,8.689377949857482,9433500,8.654929733276367,7.946238541603088,8.028963935375213,52.34094435568842,-834.0821390004769,-22.834355828220854,15.260000228881836,2.0209999084472656
2019-06-25,8.320858001708984,8.853099535829156,8.289965593317225,8.71279893108931,12205500,8.607060813903809,8.018813014030457,8.020912196636202,48.31651301150238,-883.2057273680231,29.38463984735251,16.280000686645508,1.99399995803833
2019-06-26,9.102810859680176,9.261775844500969,8.825428165480641,8.870479261627079,19284000,8.712240982055665,8.125825810432433,8.017372596263886,56.028735198311594,-932.0351954590445,57.99434681086395,16.209999084472656,2.0490000247955322
2019-06-27,9.504406929016113,9.655005062283314,9.270787314476149,9.270787314476149,13567500,8.85018367767334,8.244981670379639,8.014241025447847,59.38108700433819,-956.7265762136897,-29.643746110765402,15.819999694824219,2.005000114440918
2019-06-28,9.543663024902344,9.805600859329108,9.48445417750765,9.775352901231821,11226000,9.032351875305176,8.381556153297426,8.0128196310997,59.70448673822506,-1026.626876877941,-17.258153676064126,15.079999923706055,2.0
2019-07-01,10.315962791442871,11.043852839017468,10.078481051945475,10.792856874072962,21082500,9.357540321350099,8.553468108177187,8.016945741176606,65.5206193289536,-1003.3834882955824,87.80064136825227,14.0600004196167,2.0339999198913574
2019-07-02,9.883472442626953,10.19432252363277,9.753469308423657,10.19432252363277,12142500,9.670063209533692,8.660119080543518,8.017239339351654,60.27396370550254,-992.4975199576013,-42.40483813589469,12.930000305175781,1.9759999513626099
2019-07-03,9.729658126831055,9.921445184819007,9.534653396892816,9.921445184819007,9478500,9.795432662963867,8.766791272163392,8.01517027616501,58.48038752359195,-994.1592041421679,-21.939468807906117,12.569999694824219,1.9529999494552612
2019-07-05,9.57455825805664,9.606736828831341,9.256629154594812,9.412375573053154,9699000,9.809462928771973,8.849931216239929,8.014598162174225,56.64981096580588,-1014.2152659743708,2.3263174552935695,13.279999732971191,2.0480000972747803
2019-07-08,9.342867851257324,9.440048925087378,9.187121455851713,9.310688364595313,8194500,9.76930389404297,8.909083342552185,8.011506655216218,53.93386870219846,-1044.552191411152,-15.511908444169498,13.960000038146973,2.0339999198913574
2019-07-09,9.558466911315918,9.584854588286545,9.131129613437933,9.205785140810347,9168000,9.61780471801758,8.947203803062438,8.00920950651169,56.04564297285231,-1014.5158672082529,11.879919458173172,14.09000015258789,2.053999900817871
2019-07-10,9.759264945983887,10.166009161808173,9.71099617227932,9.876397440231052,16626000,9.592963218688965,8.992054533958434,8.006192095279694,57.9777974385495,-945.9082197364339,81.34816753926701,13.029999732971191,2.061000108718872
2019-07-11,9.833274841308594,9.954267596334752,9.660794730191416,9.904712684775427,8664000,9.613686561584473,9.071870970726014,8.004010064601898,58.69844240497377,-950.1349609748393,-47.888848791050165,12.930000305175781,2.119999885559082
2019-07-12,10.395120620727539,10.40541901232878,9.913079295704243,9.938821592107095,12400500,9.777799034118653,9.171971631050111,8.004092252254486,63.77698559689774,-941.7579256096222,43.126731301939046,12.390000343322754,2.1059999465942383
2019-07-15,10.63710880279541,10.779983576616308,10.458192417484389,10.554729949353993,8479500,10.03664722442627,9.317428970336913,8.007972524166107,65.73146022269995,-1003.5344027059698,-31.619692754324426,12.680000305175781,2.0920000076293945
2019-07-16,10.292793273925781,10.554087621910586,10.13575980371782,10.483293301023249,9934500,10.183512496948241,9.453446817398072,8.01152149438858,60.71189210108403,-1123.9476345887558,17.159030603219527,12.859999656677246,2.121999979019165
2019-07-17,10.379032135009766,10.547006593110229,10.282494603343912,10.518689236313625,7201500,10.307465934753418,9.544388294219972,8.014881637096405,61.5048143003648,-1160.6556753482023,-27.510191756001813,13.970000267028809,2.061000108718872
2019-07-18,10.854640007019043,10.911274725484692,10.401558576693008,10.422152601294055,13081500,10.511738967895509,9.658274793624878,8.019740903377532,65.62522098576993,-1163.639024575742,81.64965632159966,13.529999732971191,2.0380001068115234
2019-07-19,10.782557487487793,11.10177358147422,10.764537602772075,11.00137484505065,9180000,10.589226341247558,9.756667995452881,8.023827469348907,64.49841712015632,-1140.9823132881356,-29.824561403508774,14.449999809265137,2.0480000972747803
2019-07-22,11.413911819458008,11.468616858650652,10.94731613419609,10.971128753494604,13075500,10.744586944580078,9.895722484588623,8.030990912914277,69.44678868739835,-1116.565467123593,42.434640522875824,13.529999732971191,2.0429999828338623
2019-07-23,11.848328590393066,11.848328590393066,11.46282379239172,11.652036751523083,10419000,11.055694007873536,10.053637886047364,8.040243341922759,72.30702729968097,-1057.0927412400658,-20.316622691292874,12.609999656677246,2.0739998817443848
2019-07-24,12.928258895874023,13.00741916718154,12.07937516492078,12.099325656055468,23553000,11.565539360046387,10.284007930755616,8.057583296298981,77.85664077401077,-990.185931198476,126.0581629714944,12.069999694824219,2.049999952316284
2019-07-25,12.27245044708252,12.691420894626416,12.173337841787333,12.688203221917236,14809500,11.849101448059082,10.442489910125731,8.074984066486358,68.83531392663889,-927.1661028890414,-37.12265953381735,12.739999771118164,2.0739998817443848
2019-07-26,12.26343822479248,12.54082276698181,12.24606187278419,12.520226901199388,8842500,12.145277595520021,10.58044147491455,8.09389942407608,68.71747696580142,-855.4858709000475,-40.29170464904285,12.15999984741211,2.0810000896453857
2019-07-29,12.358044624328613,12.417897012342758,11.895309278634901,12.163683405599008,7939500,12.334104156494142,10.721160554885863,8.113322994709014,69.31138718272216,-810.2323056308588,-10.212044105173879,12.829999923706055,2.055000066757202
2019-07-30,12.27437973022461,12.361263328577389,11.895953840828149,12.02466994185072,5961000,12.419314384460451,10.819081401824949,8.13795005083084,68.08041384950947,-748.729294086645,-24.91970527111279,13.9399995803833,2.061000108718872
2019-07-31,11.088902473449707,12.077443214727538,10.724635270233096,12.077443214727538,21309000,12.051443099975588,10.879352903366087,8.157819473743439,53.56420095538042,-761.8804360584228,257.47357825868147,16.1200008392334,2.0209999084472656
2019-08-01,10.423439025878906,11.88629964587239,10.142838668241964,10.97048382436218,25618500,11.681640815734863,10.91404194831848,8.17238003730774,47.448212457463036,-807.4734082141999,20.223849077854418,17.8700008392334,1.8940000534057617
2019-08-02,9.934962272644043,10.364231096952908,9.685896001930589,10.091352207845382,16612500,11.215945625305176,10.932062149047853,8.18550176858902,43.5200802612536,-829.7352722618758,-35.15428303764857,17.610000610351562,1.8550000190734863
2019-08-05,8.636856079101562,9.103452496124609,8.400661506005234,9.061620005976993,22728000,10.471707916259767,10.896761560440066,8.188553426265717,35.18399117071953,-805.7777029710148,36.81264108352145,24.59000015258789,1.7350000143051147
2019-08-06,8.983749389648438,9.33128381350038,8.694137676655236,9.091227021188777,20334000,9.813581848144533,10.868025684356692,8.193847703933717,38.570262146119504,-788.2034440475992,-10.533262935586063,20.170000076293945,1.7389999628067017
2019-08-07,9.172961235046387,9.23989342116856,8.559628712334723,8.579579200956166,19701000,9.430393600463868,10.838710498809814,8.203053958415985,40.39932112407107,-751.5488909430212,-3.113012688108585,19.489999771118164,1.684000015258789
2019-08-08,9.922735214233398,9.922735214233398,9.228309908193562,9.452276493679149,18787500,9.330252838134767,10.843183517456055,8.21773814201355,47.1185457984019,-745.9387441684896,-4.636820465966196,16.90999984741211,1.715999960899353
2019-08-09,9.367965698242188,9.721935378764133,9.176821260588314,9.602872314210373,17550000,9.216853523254395,10.791825771331785,8.22896772146225,43.23465621500819,-713.0956161737739,-6.586826347305386,17.969999313354492,1.7339999675750732
2019-08-12,9.032015800476074,9.367965594321237,8.883992770360786,9.13563219775178,12654000,9.295885467529297,10.711571121215819,8.239089646339417,41.02912186652156,-656.1669917445652,-27.897435897435898,21.09000015258789,1.6390000581741333
2019-08-13,9.829414367675781,10.05080587244758,8.817704546923478,8.997263549943225,19845000,9.465018463134767,10.68840217590332,8.260127575397492,47.831708075657986,-628.4261352321987,56.82788051209104,17.520000457763672,1.6799999475479126
2019-08-14,8.907805442810059,9.384698520642642,8.760425930833913,9.15172248471958,27957000,9.4119873046875,10.614840841293336,8.2746462225914,41.82630860823382,-584.2913408669855,40.87679516250944,22.100000381469727,1.5809999704360962
2019-08-15,8.83443832397461,9.145288517472835,8.619483061067884,9.145288517472835,14976000,9.194327926635744,10.513830757141116,8.290396060943603,41.380893086972996,-541.966887115806,-46.432020603069,21.18000030517578,1.5290000438690186
2019-08-16,9.55717658996582,9.63183209193283,9.151720524146672,9.214791488177427,16189500,9.232170104980469,10.452561712265018,8.310596950054169,47.331127789959,-526.204355655592,8.102964743589736,18.469999313354492,1.5390000343322754
2019-08-19,10.106154441833496,10.343636149431326,9.956198944514114,10.224573068078005,15972000,9.446997833251954,10.387173843383792,8.330110187530519,51.3691200695891,-538.8198908777829,-1.3434633558788156,16.8799991607666,1.5980000495910645
2019-08-20,9.945903778076172,10.1602164337036,9.785008172555964,10.033430921192345,8716500,9.470295715332032,10.292052602767948,8.347706747055055,50.160192296285906,-567.6261225331323,-45.426371149511645,17.5,1.5609999895095825
2019-08-21,10.227791786193848,10.361655241084435,10.070757407907367,10.265118626553157,9754500,9.734292984008789,10.157029247283939,8.362289438247682,52.28731963933571,-648.9177446546262,11.908449492342111,15.800000190734863,1.5770000219345093
2019-08-22,10.216850280761719,10.382894148434744,9.891198810996897,10.284426005788472,9760500,10.010775375366212,10.054249238967897,8.378456985950471,52.19420358388072,-741.3529144228287,0.06151007227432892,16.68000030517578,1.6100000143051147
2019-08-23,8.8930025100708,10.075261706197983,8.791316712919636,9.821046292670031,31515000,9.87794055938721,9.88572745323181,8.388903384208682,42.36384770668277,-829.9800338537024,222.88304902412784,19.8700008392334,1.527999997138977
2019-08-26,9.113109588623047,9.350591336557146,9.002413357080686,9.33385851713981,11319000,9.679331588745118,9.723480701446531,8.39921664476395,44.2441096876577,-950.4601135450856,-64.08376963350786,19.31999969482422,1.5449999570846558
2019-08-27,9.017858505249023,9.428463871734232,8.86211211829782,9.341580275178348,11251500,9.493722534179689,9.560654640197754,8.407788021564487,43.58151747067174,-1150.4340104947753,-0.5963424330771239,20.309999465942383,1.4900000095367432
2019-08-28,9.183258056640625,9.221872882897962,8.688987728156663,8.876270049797283,10600500,9.284815788269045,9.4653724193573,8.417665793895724,45.118489666765306,-1338.2250718993707,-5.78589521397147,19.350000381469727,1.465999960899353
2019-08-29,9.80495548248291,9.989662709658186,9.589355847965319,9.589355847965319,18906000,9.202436828613282,9.4344482421875,8.432662367820742,50.56940994318626,-1525.9873035071334,78.35007782651762,17.8799991607666,1.5160000324249268
2019-08-30,9.972289085388184,10.23165280427097,9.817829768466996,10.079124090713776,10582500,9.418294143676759,9.436314582824707,8.452954072952274,51.952663728709624,-1523.355492455427,-44.02570612503966,18.979999542236328,1.50600004196167
2019-09-03,9.453561782836914,9.752826425200833,9.290734706090225,9.654358306206582,12528000,9.486384582519532,9.477149868011475,8.469559102058414,47.51384997326692,-1652.3461107927642,18.384124734231033,19.65999984741211,1.465999960899353
2019-09-04,10.226505279541016,10.24002042594821,9.8963481134291,9.910506794396145,19119000,9.72811393737793,9.539287662506105,8.489670896530153,53.84229016338586,-1610.8228955045709,52.610153256704976,17.329999923706055,1.4589999914169312
2019-09-05,11.181577682495117,11.536834447088264,10.837261002627791,10.879737955340058,17769000,10.127777862548829,9.63971848487854,8.511419541835787,60.22411710214377,-1400.7716006960125,-7.061038757257176,16.270000457763672,1.565000057220459
2019-09-06,11.226630210876465,11.346336849932744,11.005883118290164,11.23692860551502,7131000,10.41211280822754,9.704913234710693,8.53461433887482,60.50154392383086,-1193.1545955065642,-59.868309978051656,15.0,1.5499999523162842
2019-09-09,11.384305953979492,11.666194278681822,11.243360870978245,11.44287126764477,9319500,10.6945161819458,9.805730247497557,8.562429559230807,61.51328609030331,-1059.4513514555942,30.689945309213297,15.270000457763672,1.621999979019165
2019-09-10,11.534257888793945,11.534257888793945,10.980134337613373,11.206031452804405,7002000,11.110655403137207,9.930842351913453,8.590857110023501,62.497129788024466,-1003.758318901167,-24.867213906325446,15.199999809265137,1.7020000219345093
2019-09-11,12.051053047180176,12.051053047180176,11.487920002553055,11.699658447149238,9793500,11.475564956665039,10.041924285888673,8.621520268917084,65.74699261647253,-904.7801462903341,39.867180805484146,14.609999656677246,1.7330000400543213
2019-09-12,12.157248497009277,12.489979790387466,11.906895148477215,12.357402468927202,11793000,11.670699119567873,10.204396438598634,8.652727181911468,66.39149113546529,-833.6210305708696,20.416602848828312,14.220000267028809,1.7910000085830688
2019-09-13,12.04719352722168,12.263436742369295,11.85540738186854,12.161107404873105,6118500,11.834811782836914,10.365034198760986,8.681712296009064,65.02596980975414,-776.4328441603931,-48.117527346731116,13.739999771118164,1.902999997138977
2019-09-16,11.801990509033203,11.96417316549427,11.47633812715862,11.713176306762877,6535500,11.918348693847657,10.477274894714355,8.709270045757293,61.967857834152454,-744.9370288453573,6.815395930375101,14.670000076293945,1.840999960899353
2019-09-17,11.909470558166504,11.931351653774833,11.520747145223428,11.722831726711185,5451000,11.993391227722169,10.567440700531007,8.735204675197602,62.79383526009264,-706.420503932963,-16.593986688088137,14.4399995803833,1.812000036239624
2019-09-18,11.932637214660645,11.946152358269316,11.424207270993556,11.866347644820369,8751000,11.969708061218263,10.66677737236023,8.76205415248871,62.980459734527535,-690.3465054607113,60.53935057787563,13.949999809265137,1.7860000133514404
2019-09-19,11.751148223876953,12.121851721280263,11.697731176926377,12.040116393928578,7227000,11.888488006591798,10.742945194244385,8.786647453308104,60.42345881174978,-674.5373041541275,-17.415152553993828,14.050000190734863,1.7740000486373901
2019-09-20,11.095982551574707,11.89337884783681,10.940878774370002,11.89337884783681,11719500,11.698245811462403,10.786901807785034,8.80520354747772,52.18646941898414,-685.7955996802116,62.16272312162723,15.319999694824219,1.7549999952316284
2019-09-23,11.435149192810059,11.615996190920995,11.030336545252236,11.030336545252236,8188500,11.624877548217773,10.914009141921996,8.8308407998085,55.563604469606496,-751.2710868936146,-30.129271726609495,14.90999984741211,1.7079999446868896
2019-09-24,10.881528854370117,11.706121735976803,10.70423261399245,11.693872083646378,18163500,11.419289207458496,11.002430105209353,8.854227712154389,49.42678224856748,-864.2863581552109,121.81718263418206,17.049999237060547,1.6349999904632568
2019-09-25,11.437921524047852,11.545589732679202,10.439899336022522,10.70294410815572,11985000,11.320346069335939,11.123433256149294,8.88387068271637,54.8267205526995,-1046.0748393022836,-34.01602114129986,15.960000038146973,1.7319999933242798
2019-09-26,11.474027633666992,11.572669554119468,11.132327520517716,11.448883650895773,10096500,11.264921951293946,11.237971735000611,8.912527623176574,55.16130454574484,-1318.125037417827,-15.75719649561953,16.06999969482422,1.684999942779541
2019-09-27,10.637826919555664,11.35152831718022,10.395413455874984,11.225163763767176,17278500,11.173290824890138,11.279615306854248,8.936495389938353,46.560222208963815,-1484.3280767758538,71.1335611350468,17.219999313354492,1.6749999523162842
2019-09-30,10.974370956420898,11.00789657306842,10.654591485853967,10.831244029461194,7299000,11.081135177612305,11.329719400405883,8.960851490497587,49.943189506385764,-1664.6118866183826,-57.756749717857446,16.239999771118164,1.6749999523162842
2019-10-01,10.673931121826172,11.592008677162651,10.551436423710367,11.192283699375245,14653500,11.039615631103516,11.390737867355346,8.984044167995453,47.0780117762496,-2021.1938224235826,100.76037813399097,18.559999465942383,1.6440000534057617
2019-10-02,10.170409202575684,10.47987300206551,9.967323353591766,10.356731783494824,19338000,10.786113166809082,11.387933063507079,9.006007232666015,42.66078509739405,-2043.7201685580926,31.9684716961818,20.559999465942383,1.5959999561309814
2019-10-03,10.690695762634277,10.715194149926628,9.811945813424396,10.188459916506329,17961000,10.62944679260254,11.363388967514037,9.031655192375183,48.08156841145245,-1843.5081553044,-7.1206950046540545,19.1200008392334,1.5360000133514404
2019-10-04,11.270295143127441,11.282544797290889,10.769995177273929,10.796427573624207,13695000,10.755940437316895,11.365572214126587,9.059101703166961,53.370205817027646,-1821.017651523211,-23.75146149991648,17.040000915527344,1.5149999856948853
2019-10-07,11.013696670532227,11.375382376395581,11.009183058105645,11.172941233187668,9079500,10.76380558013916,11.347041749954224,9.088918302059174,50.898275989215655,-1795.8500387871738,-33.702081051478636,17.860000610351562,1.5529999732971191
2019-10-08,10.000845909118652,10.694561551536061,9.971832992407116,10.670061324807028,25107000,10.629188537597656,11.27037115097046,9.11431624174118,42.525608042887484,-1587.2742297283469,176.52403766727244,20.280000686645508,1.5369999408721924
2019-10-09,10.50501823425293,10.701656483052444,10.319984049270289,10.412179267793075,15838500,10.696110343933105,11.193069410324098,9.143363244533539,47.183098192452825,-1574.4223523419055,-36.91599952204564,18.639999389648438,1.5889999866485596
2019-10-10,10.810613632202148,11.137485396246888,10.544990147313468,10.581093522344986,18492000,10.72009391784668,11.12573766708374,9.17597729921341,49.83658622850781,-1722.3717097538918,16.7534804432238,17.56999969482422,1.6579999923706055
2019-10-11,11.53656005859375,11.929838254261385,11.375381498314807,11.411485783566977,27876000,10.773346900939941,11.100205993652343,9.208536052703858,55.549565722029904,-1811.0887549447982,50.74626865671641,15.579999923706055,1.7519999742507935
2019-10-14,11.534628868103027,11.60490344586888,11.363779294209456,11.496590563637303,7069500,10.877533340454102,11.086837911605835,9.240522861480715,55.53144732384022,-1858.155957612037,-74.63947481704693,14.569999694824219,1.7330000400543213
2019-10-15,12.290882110595703,12.37469476001808,11.698387844447659,11.732557205428002,19419000,11.335540580749512,11.105908489227295,9.275748853683472,60.90854348163746,-1792.9071966880376,174.68703585826438,13.539999961853027,1.7710000276565552
2019-10-16,11.756412506103516,12.273474863506145,11.67969122369802,12.113585597119013,15471000,11.58581943511963,11.097097253799438,9.307805321216586,55.775459058226396,-1764.8828353594874,-20.33060404758227,13.680000305175781,1.7480000257492065
2019-10-17,11.87955093383789,12.283142948065846,11.646807538477832,12.181277708931288,12418500,11.799606895446777,11.103517389297483,9.339768607616428,56.68125696956748,-1748.6874320788454,-19.73046344774093,13.789999961853027,1.7569999694824219
2019-10-18,11.483052253723145,11.886000621502944,11.134905461595544,11.801542373574202,14661000,11.788905334472656,11.122870874404907,9.374624929428103,52.922524955491774,-1711.509428407104,18.057736441599225,14.25,1.746999979019165
2019-10-21,12.136150360107422,12.14324357661612,11.71450562857315,11.758346889782027,11613000,11.909209632873536,11.157920932769775,9.409831047058107,57.877458347135196,-1579.8172714515529,-20.789850624104766,14.0,1.7920000553131104
2019-10-22,11.852473258972168,12.281210214827857,11.835066244727681,12.204488942497873,9618000,11.821527862548828,11.206468152999879,9.44212403774262,55.161689767353984,-1452.6124484609586,-17.179023508137437,14.460000038146973,1.7680000066757202
2019-10-23,11.163272857666016,11.475960947801632,10.94406932062271,11.194864462902878,15555000,11.702899932861328,11.192735719680787,9.471384809017184,49.13003709465112,-1460.67636836584,61.72800998128509,14.010000228881836,1.7589999437332153
2019-10-24,11.973037719726562,11.99044565905826,11.541077343718575,11.604904302626624,14469000,11.721597290039062,11.217686223983765,9.502641549110415,55.31276753385546,-1395.5700509046721,-6.981677917068463,13.710000038146973,1.7660000324249268
2019-10-25,12.709949493408203,12.739606166733275,12.033640660448846,12.045891238623273,18265500,11.966976737976074,11.321292352676391,9.53677774190903,60.06907100410059,-1303.2715575298023,26.23885548413851,12.649999618530273,1.8009999990463257
2019-10-28,13.37658405303955,13.431385620895568,12.950425775289062,12.959453000906274,15250500,12.2150634765625,11.441403007507324,9.573425967693328,63.820569966996906,-1184.4740144507489,-16.50652870165066,13.109999656677246,1.8530000448226929
2019-10-29,13.025858879089355,13.698943379789164,12.981373873003168,13.441057802876328,10779000,12.449740600585939,11.558999395370485,9.60975115299225,60.59507377732794,-1105.212119893107,-29.320350152454022,13.199999809265137,1.8350000381469727
2019-10-30,13.027791023254395,13.290835768109485,12.739603224491386,13.290835768109485,8559000,12.822644233703615,11.701868486404418,9.645896751880645,60.60688550552854,-1119.262852723379,-20.595602560534378,12.329999923706055,1.7979999780654907
2019-10-31,12.782803535461426,12.90658852008554,12.291528851519605,12.86597152877411,9952500,12.984597396850587,11.806473875045777,9.681526288986204,58.22373195829064,-1177.1849994786003,16.281107606028744,13.220000267028809,1.690999984741211
2019-11-01,13.664129257202148,13.664129257202148,12.992334978165824,13.147711557267606,10477500,13.175433349609374,11.926165580749513,9.720584137439726,63.746504637070785,-1129.5999209655436,5.275056518462695,12.300000190734863,1.7280000448226929
2019-11-04,14.558995246887207,14.63313691489297,14.147020644969476,14.182479342690804,12294000,13.411915588378907,12.103430509567263,9.762108366489409,68.3252543417398,-994.1671849830997,17.337151037938447,12.829999923706055,1.7860000133514404
2019-11-05,14.64280891418457,14.967746645631054,14.477117620018955,14.73435945275374,9777000,13.73530559539795,12.33552865982056,9.806681883335113,68.72368624339008,-920.6463240785815,-20.473401659346024,13.100000381469727,1.8660000562667847
2019-11-06,14.312713623046875,14.570600105730204,13.873661010117438,14.564798074893494,11104500,13.992290115356445,12.525913429260257,9.850201532840728,65.24285404495421,-907.9256469405746,13.577784596501985,12.619999885559082,1.8140000104904175
2019-11-07,14.593810081481934,15.05607266255665,14.391368915784112,14.999337082970891,12427500,14.354491424560548,12.715073251724244,9.890331327915192,66.78563178954252,-874.4246154584634,11.91408888288532,12.729999542236328,1.9259999990463257
2019-11-08,14.826553344726562,14.826553344726562,14.156693125208433,14.415224291351821,7299000,14.58697624206543,12.879572916030884,9.929527087211609,68.05017638897155,-834.1708911545372,-41.26735063367531,12.069999694824219,1.9329999685287476
2019-11-11,14.585429191589355,14.675689465178758,14.263071071627198,14.434565314764608,6657000,14.592263031005858,13.032112932205202,9.969647057056427,65.27737283383158,-830.2549587283369,-8.795725441841352,12.6899995803833,1.9429999589920044
2019-11-12,14.714372634887695,15.047046403559408,14.513866388860956,14.802054229136228,13849500,14.606575775146483,13.1532874584198,10.011829493045807,66.07348153937421,-804.9554151517573,108.04416403785488,12.680000305175781,1.909000039100647
2019-11-13,14.705989837646484,14.847827392198234,14.248239982726462,14.398460092390803,12061500,14.685231018066405,13.300766324996951,10.051246781349182,65.96758913968104,-812.0770411882318,-12.910213365103429,13.0,1.8700000047683716
2019-11-14,14.584785461425781,14.62927046982385,14.256624366903756,14.559641480334507,11265000,14.683426094055175,13.436028051376345,10.090032384395599,64.36147065448924,-823.4248922644883,-6.603656261658997,13.050000190734863,1.815000057220459
2019-11-15,14.963878631591797,15.344261684648039,14.777556048201031,15.10507153809574,14211000,14.710891151428223,13.610069370269777,10.129520232677459,67.06261864413143,-848.1360271499459,26.151797603195746,12.050000190734863,1.8339999914169312
2019-11-18,14.872973442077637,15.159228211290442,14.63636380984883,14.974194959740377,8130000,14.76840000152588,13.746910524368287,10.168021097183226,65.77520468830488,-879.6896427318641,-42.79079586236014,12.460000038146973,1.8079999685287476
2019-11-19,14.64280891418457,15.14826719764582,14.408133303295235,15.05413890077773,12429000,14.754087257385253,13.886427307128907,10.204870755672454,62.503483211118805,-946.8771905969015,52.87822878228783,12.859999656677246,1.7860000133514404
2019-11-20,14.139286041259766,14.667952433267565,13.814992067875464,14.40490857751004,17808000,14.640746498107909,14.035227966308595,10.236280689239502,55.94719646403819,-1151.2176232956008,43.27781800627564,12.779999732971191,1.7380000352859497
2019-11-21,13.656391143798828,14.063853066693534,13.498435907960957,13.932330226233134,15439500,14.45506763458252,14.11939563751221,10.267899947166443,50.478563194095656,-1374.3330984714894,-13.30020215633423,13.130000114440918,1.7719999551773071
2019-11-22,13.649304389953613,14.012924259325821,13.53905746924816,13.871731319970642,10084500,14.192152786254884,14.16636338233948,10.299634535312652,50.40070282124522,-1568.8879217998679,-34.683765665986584,12.34000015258789,1.7740000486373901
2019-11-25,14.64216423034668,14.66408393609774,14.039998085660844,14.05482642028724,14046000,14.145990943908691,14.229642391204834,10.3358105802536,59.7643631996924,-1731.9249569789724,39.283058158560166,11.869999885559082,1.7640000581741333
2019-11-26,14.444236755371094,14.597680239930481,14.254689898029968,14.567377053921959,10887000,14.106276512145996,14.30056128501892,10.368661870956421,57.43648214225924,-1956.6234301097165,-22.490388722768053,11.539999961853027,1.7400000095367432
2019-11-27,14.75369930267334,14.772396579892026,14.558996023030907,14.667951724508786,7248000,14.229159164428712,14.386856698989869,10.402717258930206,60.0562002441565,-2330.633230450958,-33.42518600165335,11.75,1.7669999599456787
2019-11-29,14.27660846710205,14.57446816662437,14.229543864064158,14.540942556994333,4399500,14.353202629089356,14.461546945571898,10.434076044559479,54.488224156363614,-3310.5858905748905,-39.300496688741724,12.619999885559082,1.7760000228881836
2019-12-02,13.64865779876709,14.388793656058827,13.573225846267954,14.288217719393312,13189500,14.353073310852052,14.460773372650147,10.461647160053253,48.15931389559518,-3640.817190088283,199.79543129901126,14.90999984741211,1.8359999656677246
2019-12-03,13.02457046508789,13.031661836566547,12.55263688024492,12.720263104768309,14646000,14.029554557800294,14.38405213356018,10.486360847949982,42.83428105494988,-2631.033130761537,11.04287501421586,15.960000038146973,1.7089999914169312
2019-12-04,13.636404991149902,13.774373605458091,13.474580818018646,13.60287938151651,8785500,13.867988204956056,14.333731937408446,10.513020689487458,48.810126436540955,-2383.6680510450587,-40.01433838590741,14.800000190734863,1.781000018119812
2019-12-05,13.800166130065918,14.006474425659842,13.62480292596739,13.845295810337259,7833000,13.677281570434571,14.3081045627594,10.541413505077363,50.30745287564488,-2218.8444831265374,-10.841727847020655,14.520000457763672,1.7970000505447388
2019-12-06,14.441658973693848,14.52353762110857,14.242441129472672,14.270809384531068,9769500,13.71029167175293,14.300497007369994,10.571746780872346,55.765745308638394,-2268.054479197297,24.722328609728073,13.619999885559082,1.8420000076293945
2019-12-09,14.197952270507812,14.556415566625137,14.190860899911332,14.441655996500186,4908000,13.820150566101075,14.269066953659058,10.599809424877167,53.3674517037761,-2322.3058401291705,-49.76201443267312,15.859999656677246,1.8289999961853027
2019-12-10,14.355910301208496,14.651835088114975,14.214071812540645,14.38621164032355,7432500,14.086418533325196,14.257591009140015,10.629550354480742,54.726508924729046,-2341.7954614169494,51.43643031784841,15.680000305175781,1.8329999446868896
2019-12-11,15.297196388244629,15.329431738534366,14.474537373893757,14.528693352636413,11976000,14.41857681274414,14.286732196807861,10.665482833385468,61.85988615249081,-2288.4746862986135,61.13017154389506,14.989999771118164,1.7899999618530273
2019-12-12,16.53827667236328,16.585340357369628,15.202423361275715,15.21660702601631,20947500,14.966198921203613,14.3783465385437,10.707521278858183,68.8327687106641,-2017.6972824709646,74.9123246492986,13.9399995803833,1.8969999551773071
2019-12-13,16.266204833984375,17.032128227790903,16.05409454291136,16.491855963602056,21313500,15.33110809326172,14.462417507171631,10.747137672901152,65.98475313676016,-1665.2315172126018,1.7472252058718274,12.630000114440918,1.819000005722046
2019-12-16,16.72782325744629,17.174611942372724,16.712351174145656,16.81421643407383,10213500,15.837082290649416,14.550614738464356,10.789042909145355,68.37560962883413,-1382.9529989855516,-52.07966781617285,12.140000343322754,1.8919999599456787
2019-12-17,16.94767189025879,17.075325789637603,16.698165199982313,16.985064599680044,9778500,16.355434608459472,14.654349660873413,10.832643978595732,69.47599966813061,-1168.3237007237421,-4.259068879424288,12.289999961853027,1.8890000581741333
2019-12-18,16.92317008972168,17.084996108727385,16.756190399340625,17.000536030486238,7486500,16.680629348754884,14.768367719650268,10.878133714199064,69.18705926514947,-994.5208827901449,-23.439177788004294,12.579999923706055,1.9240000247955322
2019-12-19,17.320964813232422,17.337082489652722,16.892226873343112,17.08564267948639,7558500,16.83716697692871,14.927451658248902,10.926943564414977,71.27572188444306,-877.4545849615621,0.9617311160088127,12.5,1.9079999923706055
2019-12-20,17.877349853515625,17.965676097598426,17.443454672940458,17.614306053501586,10882500,17.15939598083496,15.138499593734743,10.978596284389496,73.93683540743714,-792.6247293348055,43.9769795594364,12.510000228881836,1.9170000553131104
2019-12-23,17.99791145324707,18.31673360056101,17.942408488412593,18.30963393324711,11043000,17.41341361999512,15.355929946899415,11.028160645961762,74.48836747732757,-729.719234454713,1.474844934527919,12.609999656677246,1.934999942779541
2019-12-24,18.13150978088379,18.13150978088379,17.812041322123203,18.077295642204884,3774000,17.65018119812012,15.530397224426272,11.077921493053438,75.11675470282255,-682.7364876232185,-65.82450421081228,12.670000076293945,1.909999966621399
2019-12-26,18.19991683959961,18.270909819810555,17.961770547731984,18.22895992599521,5878500,17.905530548095705,15.718181228637699,11.127523987293246,75.45019775634832,-655.3426532821311,55.763116057233695,12.649999618530273,1.9049999713897705
2019-12-27,17.997270584106445,18.384502580012605,17.852056969982307,18.384502580012605,7303500,18.04079170227051,15.880359792709354,11.176818912029269,72.35693259485618,-640.4249689518059,24.240877774942593,13.430000305175781,1.8739999532699585
2019-12-30,17.61842155456543,17.94498774808126,17.207311166192035,17.919818553329396,9241500,17.989006042480472,16.04745044708252,11.220713717937471,66.83990834609472,-656.4131203958032,26.535222838365158,14.819999694824219,1.8949999809265137
2019-12-31,17.736530303955078,17.79461463383904,17.298958115658635,17.34413563733174,5722500,17.936729812622072,16.25184407234192,11.265487740039827,67.6675901278783,-697.7752123952537,-38.07823405291349,13.779999732971191,1.9190000295639038
2020-01-02,18.842723846435547,18.84465894431368,18.154094893132754,18.40192406012403,10438500,18.078972625732423,16.5427517414093,11.31401482343674,74.17037642773609,-777.0497712170663,82.41153342070773,12.470000267028809,1.8819999694824219
2020-01-03,17.82494354248047,18.282522081968853,17.69134980482133,17.909489575844717,14713500,18.003977966308593,16.75217866897583,11.35875438451767,61.845629095767436,-876.2464598016157,40.954160080471326,14.020000457763672,1.7879999876022339
2020-01-06,17.25958824157715,17.42222693768612,16.87300074541395,17.167942524521525,11313000,17.856441497802734,16.925149774551393,11.396065723896026,56.25382779658346,-1046.5156550552622,-23.111428280150882,13.850000381469727,1.8109999895095825
2020-01-07,18.149578094482422,18.399344226560356,17.544850725011795,17.816558431512775,10441500,17.962672805786134,17.11054573059082,11.441994659900665,62.06810262325719,-1180.969553517247,-7.70352691593742,13.789999961853027,1.8270000219345093
2020-01-08,18.189592361450195,18.512930985361326,17.895941242651467,18.22573511708337,10024500,18.053285217285158,17.31012773513794,11.489833137989043,62.310645592367734,-1377.186258511837,-3.993679069099265,13.449999809265137,1.8739999532699585
2020-01-09,18.5039005279541,18.860800628974243,17.955320433417548,18.844664345382842,11472000,17.985520553588866,17.517527246475222,11.53793214559555,64.24462118826652,-1642.370504811605,14.439622923836604,12.539999961853027,1.8580000400543213
2020-01-10,18.12569808959961,18.763340538131963,17.990811796426577,18.757531551556525,11304000,18.045671463012695,17.65895233154297,11.586087386608122,60.23905610944011,-2018.7489442987812,-1.4644351464435101,12.5600004196167,1.8250000476837158
2020-01-13,18.836267471313477,18.87886362616512,18.316086234313993,18.51615650899605,8160000,18.361007308959962,17.77385187149048,11.638017203807829,64.69309056016436,-2221.8960680873297,-27.813163481953296,12.319999694824219,1.8480000495910645
2020-01-14,18.95760154724121,19.379039269941554,18.609093748013947,18.849176980657948,9610500,18.522611999511717,17.908421707153323,11.688609640598294,65.40571743249536,-2372.940557158782,17.775735294117645,12.390000343322754,1.8179999589920044
2020-01-15,18.274139404296875,18.996972398395105,18.070843317132113,18.94856909567996,11518500,18.539521408081058,17.98573751449585,11.732529695034023,58.27107983660944,-2611.546391934857,19.853285469018257,12.420000076293945,1.7879999876022339
2020-01-16,19.18994140625,19.191232087020584,18.68395761483239,18.725907509577514,10807500,18.676729583740237,18.097850990295413,11.780877740383147,63.946245114851614,-2775.124853277134,-6.17267873421018,12.319999694824219,1.809000015258789
2020-01-17,19.562326431274414,19.59007883307283,19.117010247207368,19.436476767310698,11839500,18.964055252075198,18.22980880737305,11.827845499515531,65.97273180028188,-2722.8379693047527,9.548924358084655,12.100000381469727,1.8359999656677246
2020-01-21,19.52618980407715,19.748847944858998,19.29707641260141,19.319019833438418,6961500,19.102039718627932,18.340070056915284,11.874439775943754,65.58747152365584,-2575.2890032086348,-41.201064234131515,12.850000381469727,1.7690000534057617
2020-01-22,19.992156982421875,20.611728046246395,19.812739436199323,19.97537813298045,10747500,19.308950805664065,18.445810413360594,11.922197477817535,68.16875545874548,-2225.6779877864897,54.3848308554191,12.90999984741211,1.7690000534057617
2020-01-23,20.448450088500977,20.458775535982316,19.60234687883013,20.22385498757237,9354000,19.743812942504885,18.568337345123293,11.97186066865921,70.5021233309042,-1928.0482082241433,-12.965806001395674,12.979999542236328,1.7400000095367432
2020-01-24,19.757238388061523,21.362317277509312,19.32031060666893,21.250018811096766,19885500,19.85727233886719,18.649623775482176,12.019841549396514,62.971584177155506,-1748.3718730202513,112.5881975625401,14.5600004196167,1.680999994277954
2020-01-27,17.46546745300293,18.196692627053196,17.364786960594184,17.99275028052959,19500000,19.437900543212894,18.612901306152345,12.055058991909027,45.58568465298588,-1701.5639762710125,-1.9385984762766872,18.229999542236328,1.6050000190734863
2020-01-28,18.71558380126953,18.874350476065896,17.748147384888192,18.135381195499406,14221500,19.27577934265137,18.6488169670105,12.096655538082123,53.17938673923772,-1739.5373411410596,-27.069230769230767,16.280000686645508,1.6410000324249268
2020-01-29,17.683610916137695,18.629103978748248,17.62165453601674,18.507124470279205,12270000,18.814070129394533,18.652076435089114,12.130929663181306,47.30996221626282,-1781.3564288513526,-13.722181204514294,16.389999389648438,1.593999981880188
2020-01-30,17.617774963378906,17.786220761712453,16.596126620010203,17.32928665258991,17106000,18.247935104370118,18.646138668060306,12.166028192043308,46.953918308207065,-1752.3202262453515,39.41320293398534,15.489999771118164,1.5579999685287476
2020-01-31,15.722277641296387,17.2131210569233,15.52220734602448,17.191177636907135,22954500,17.440942955017093,18.490116357803345,12.186601159572604,38.0704310144805,-1525.5768930276145,34.189757979656264,18.84000015258789,1.5199999809265137
2020-02-03,16.322486877441406,16.399933265596463,15.879105705151764,15.942354604368875,13681500,17.212346839904786,18.414993524551388,12.207533848285678,41.82379932602833,-1385.808395243677,-40.397307717441024,17.969999313354492,1.5199999809265137
2020-02-04,17.844955444335938,17.880451937742073,17.32090208501588,17.557113300968503,15466500,17.038221168518067,18.444261884689332,12.23596321344376,50.087307612436504,-1429.5606992773196,13.04681504221028,16.049999237060547,1.6030000448226929
2020-02-05,19.013107299804688,19.091199957622315,18.22444402202668,18.793676773009917,19452000,17.304120445251467,18.487438344955443,12.270207622051242,55.33017652860022,-1432.6084288357833,25.768596644360397,15.149999618530273,1.6490000486373901
2020-02-06,19.025362014770508,19.09377361490891,18.341897816216417,19.07247461875246,12234000,17.585637855529786,18.529226827621457,12.302688152790072,55.38312406464971,-1430.815142404607,-37.106724244293645,14.960000038146973,1.6440000534057617
2020-02-07,17.682964324951172,18.541974270221687,17.65133987505317,18.46581856218215,16014000,17.97777519226074,18.488180017471315,12.326641175746921,48.589018232955404,-1390.0075192689515,30.897498773908772,15.470000267028809,1.5779999494552612
2020-02-10,18.48388671875,18.48388671875,17.264104800029788,17.271850730867268,11137500,18.410055160522464,18.506089448928833,12.358107721805576,52.3452708123039,-1371.9227897586788,-30.45147995503934,15.039999961853027,1.5470000505447388
2020-02-11,19.593311309814453,19.88050906757085,18.973740112695964,18.986002505467297,16857000,18.759726333618165,18.543941640853884,12.396647717952732,57.02875308587818,-1313.0070289784103,51.35353535353535,15.180000305175781,1.590000033378601
2020-02-12,20.454256057739258,20.5497719722506,20.136078326856175,20.225788947717465,11917500,19.04795608520508,18.618774366378787,12.439804127216343,60.29028631117793,-1223.3174283799078,-29.3023669692116,13.739999771118164,1.6299999952316284
2020-02-13,20.499433517456055,20.935070619957873,19.859855914236977,19.906324118032853,13008000,19.342770385742188,18.730039072036746,12.481875407695773,60.45988130539752,-1142.5628021124353,9.150409062303332,14.149999618530273,1.6169999837875366
2020-02-14,20.367773056030273,21.207422736882645,20.005065916326593,20.959593569294974,11269500,19.879732131958008,18.788930654525757,12.524769699573518,59.660195849894485,-1077.7271583158101,-13.364852398523986,13.680000305175781,1.5880000591278076
2020-02-18,19.521669387817383,19.63525852226053,19.104103712794604,19.297074326809987,16186500,20.087288665771485,18.786897802352904,12.561470158100128,54.656967468057836,-1078.946646393517,43.63103953147878,14.829999923706055,1.555999994277954
2020-02-19,21.038328170776367,21.11448386517786,20.26838087967189,20.320011796335034,13075500,20.376292037963868,18.862504720687863,12.604532854557037,60.974695710730344,-1022.577338418802,-19.21972013715133,14.380000114440918,1.5700000524520874
2020-02-20,20.09800148010254,20.975082712538672,19.142827603244935,20.78146583719886,20755500,20.305041122436524,18.8677969455719,12.645946547985078,55.78498377719291,-1026.3273964912921,58.73580360215671,15.5600004196167,1.524999976158142
2020-02-21,18.293495178222656,19.716572838801458,18.07083710789134,19.695275688359438,25333500,19.863853454589844,18.760049200057985,12.682649939060212,47.440373916638336,-1084.4920765486322,22.05680422056804,17.079999923706055,1.4709999561309814
2020-02-24,15.683552742004395,16.47157149297295,15.426043471178941,15.70420548019322,30187500,18.92700939178467,18.55636491775513,12.707617862224579,38.475734026692955,-1012.11697318839,19.16040026052461,25.030000686645508,1.3769999742507935
2020-02-25,14.243050575256348,16.382508209695928,13.99070308759743,16.354755802426226,38751000,17.87128562927246,18.3952440738678,12.727285525798797,34.59056376439198,-895.5857430578204,28.367701863354043,27.850000381469727,1.3300000429153442
2020-02-26,14.362444877624512,15.268568235786256,14.069438214965663,14.587685267334367,33132000,16.53610897064209,18.17758712768555,12.747399146556853,35.1748438488314,-775.3486635917398,-14.500270960749395,27.559999465942383,1.309999942779541
2020-02-27,12.335281372070312,13.884210541737643,12.25460830479534,13.01100151691823,38827500,14.983564949035644,17.910170650482176,12.764674332141876,30.236297369063887,-648.8238769493958,17.19032959072799,39.15999984741211,1.2990000247955322
2020-02-28,13.230438232421875,13.423408872087828,11.081298545176146,11.100660604803517,45580500,13.97095355987549,17.690803813934327,12.783247354030609,34.602681662992694,-551.3354519493299,17.392312149893762,40.11000061035156,1.1269999742507935
2020-03-02,14.540573120117188,14.541218460498333,12.605056985536283,14.037170693474861,36516000,13.742357635498047,17.63171858787537,12.807204635143279,40.47480060045689,-510.367983600517,-19.88679369467207,33.41999816894531,1.0880000591278076
2020-03-03,13.068442344665527,15.317616594479597,12.699280937022818,14.724505495288913,32919000,13.507435989379882,17.469016361236573,12.82627548933029,36.50801945586842,-471.5224151079342,-9.850476503450544,36.81999969482422,1.0099999904632568
2020-03-04,14.98137092590332,14.99556933651339,13.297556124284952,13.850008073575433,20538000,13.631221199035643,17.325837135314945,12.857645490169524,44.16561317842887,-433.7225358885528,-37.61049849630912,31.989999771118164,0.9919999837875366
2020-03-05,13.637676239013672,14.79808324860542,13.295621813242123,13.737712312952528,23968500,13.891700172424317,17.057065582275392,12.887515399456024,40.473065797186415,-408.13421228038453,16.703184341221156,39.619998931884766,0.9259999990463257
2020-03-06,12.818036079406738,13.132984369382333,11.810585801397739,12.585050640867092,26310000,13.80921974182129,16.746699285507205,12.9108771443367,38.36591928436189,-381.83319624950855,9.76907190687777,41.939998626708984,0.7059999704360962
2020-03-09,9.570444107055664,11.416252051070261,9.551728316197796,9.811818906820628,31191000,12.815193939208985,16.341073274612427,12.9205490732193,31.392083916416258,-346.1980752884282,18.551881413911065,54.459999084472656,0.49900001287460327
2020-03-10,11.397537231445312,11.397537231445312,9.616269335991186,10.772803387293438,33006000,12.481012916564943,15.986755800247193,12.94128764629364,38.19836604037758,-324.5472329411461,5.81898624603252,47.29999923706055,0.7480000257492065
2020-03-11,9.463956832885742,10.777319535132506,9.119320159482571,10.377178975590766,33735000,11.377530097961426,15.480288076400758,12.953299810886383,34.318230950270085,-312.806184825804,2.208689329212876,53.900001525878906,0.8199999928474426
2020-03-12,6.5855302810668945,8.63076097438333,6.584238677216316,7.525858968184556,47734500,9.967100906372071,14.786851787567137,12.951880619525909,29.512250600282403,-304.24613545447255,41.498443752779025,75.47000122070312,0.8489999771118164
2020-03-13,8.384869575500488,8.45457095163468,6.324793550432566,7.81628408720119,43620000,9.08046760559082,14.181123590469362,12.958992192745209,35.58501718867152,-296.0135586230701,-8.619551896427113,57.83000183105469,0.9509999752044678
2020-03-16,5.148899078369141,6.870791413459742,5.098558835024923,5.79428562991842,47341500,8.196158599853517,13.420179891586304,12.949130239486696,30.496420966317867,-276.10039843898977,8.531636863823945,82.69000244140625,0.7279999852180481
2020-03-17,5.660690784454346,5.800740273892097,4.240839831875604,5.1501900404565735,73488000,7.048789310455324,12.727130961418151,12.943372826576235,32.14899330970656,-252.01538914812946,55.22955546402206,75.91000366210938,0.996999979019165
2020-03-18,4.195015907287598,5.095976561512104,3.4528214385943867,4.453816768660431,67953000,5.995001125335694,11.884965348243714,12.929959287643433,29.952567913452487,-225.76941488601074,-7.531841933376882,76.44999694824219,1.2660000324249268
2020-03-19,4.513192653656006,4.904297090360417,3.727110814656254,4.080782738873355,67534500,5.580533599853515,11.105724906921388,12.91377298593521,31.053790097489674,-207.44618977873992,-0.6158668491457298,72.0,1.11899995803833
2020-03-20,4.127250671386719,5.259260402799734,4.117570103424424,5.054027376536609,63204000,4.729009819030762,10.39741268157959,12.896428167819977,30.4288949056425,-194.33548847763646,-6.412278168935881,66.04000091552734,0.9380000233650208
2020-03-23,4.511257648468018,4.781029870571022,3.9568699087475436,4.388633701322549,63927000,4.601481533050538,9.838797926902771,12.879425659179686,31.897342342828694,-180.3026792424419,1.1439149420922723,61.59000015258789,0.7639999985694885
2020-03-24,6.056704998016357,6.072858151096865,5.3763431372812,5.398311850638797,67669500,4.68068437576294,9.429480648040773,12.868910057544708,37.60525477379795,-171.00637996309015,5.854333849547144,61.66999816894531,0.8159999847412109
2020-03-25,5.819580078125,6.79715518321882,5.531411319701157,6.167191031424519,65236500,5.0055972099304205,9.002337408065795,12.85402766942978,37.09157066340562,-167.09056932985737,-3.595415955489545,63.95000076293945,0.8579999804496765
2020-03-26,6.983238220214844,7.042681346451153,6.073505044049388,6.269924402493317,55215000,5.499606323242188,8.734735250473022,12.844632608890532,41.327194197633624,-165.85770766850783,-15.361798992895082,61.0,0.8109999895095825
2020-03-27,5.908097743988037,6.605257805818323,5.862223498164178,6.278969058309355,51672000,5.8557757377624515,8.36861822605133,12.832988367080688,38.73237489264424,-166.72317372304516,-6.4167345829937545,65.54000091552734,0.7490000128746033
2020-03-30,6.543878078460693,6.589106723703782,5.967540970486956,6.135532289151127,39718500,6.262299823760987,7.968783473968505,12.823742220401762,41.08797576496028,-174.91687905649584,-23.133418485833722,57.08000183105469,0.6700000166893005
2020-03-31,6.121316909790039,6.86435221762994,5.974002174360446,6.55356959431937,50964000,6.275222206115723,7.621427202224731,12.815708994865416,39.98754535422214,-189.1526327790705,28.313002756901696,53.540000915527344,0.6980000138282776
2020-04-01,5.130818843841553,5.966248700355397,4.949260058720218,5.512027777961842,47541000,6.137469959259033,7.1288995981216425,12.80350090742111,37.45527779898125,-211.71270206633457,-6.716505768777958,57.060001373291016,0.6349999904632568
2020-04-02,5.600546360015869,5.6186367995328075,5.015809469396111,5.0242093117427675,43654500,5.8609315872192385,6.727043104171753,12.788702626228332,39.41470496551634,-246.68952669264866,-8.175048905155545,50.90999984741211,0.6269999742507935
2020-04-03,5.267795085906982,5.776936635313914,5.047469751542547,5.605714979289377,43627500,5.732871055603028,6.349531054496765,12.772157051563264,38.494684205226186,-296.0824555820845,-0.061849293887228374,46.79999923706055,0.5870000123977661
2020-04-06,6.883735656738281,6.958038863306472,5.937173317569523,5.944280556694869,51997500,5.800842571258546,6.215195631980896,12.762502262592315,45.18613260295428,-341.6503315934189,19.18514698298093,45.2400016784668,0.6759999990463257
2020-04-07,6.797154903411865,7.7333791390874245,6.76549605753295,7.665537104564036,79462500,5.936010169982911,5.985176515579224,12.753323926925658,44.90424528285678,-403.0845733316566,52.81984710803405,46.70000076293945,0.7360000014305115
2020-04-08,7.478163242340088,7.5615123578691055,6.846260441337653,7.16544196378165,50287500,6.405479049682617,5.885886836051942,12.74726464033127,47.669535462521445,-452.9717852332497,-36.71543180745635,43.349998474121094,0.7639999985694885
2020-04-09,6.987760066986084,7.975673187134358,6.770664631925583,7.792822266823843,75898500,6.6829217910766605,5.905998325347901,12.740599150657657,45.883600688766734,-453.53308497448796,50.92915734526473,41.66999816894531,0.7289999723434448
2020-04-13,7.23974609375,7.291435442381727,6.74869681960937,6.939301523758476,36957000,7.077311992645264,5.848742151260376,12.731283826828003,46.98273276111771,-468.7432139741419,-51.30733808968557,41.16999816894531,0.7490000128746033
2020-04-14,8.20116901397705,8.230891036503968,7.695905722361017,7.746302929821373,51487500,7.340798664093017,6.001355648040772,12.724767637252809,51.06640438803243,-429.81208775192135,39.31731471710367,37.7599983215332,0.7519999742507935
2020-04-15,7.535667419433594,7.728210790303844,7.273989870904946,7.7269191112044355,37128000,7.488501167297363,6.095104479789735,12.714727659225463,48.29346031119647,-428.62337903517994,-27.889293517844138,40.84000015258789,0.6380000114440918
2020-04-16,8.090038299560547,8.174680042428875,7.592528209896001,7.905895185754374,47277000,7.610876178741456,6.289855599403382,12.703598036766051,50.695226843034824,-451.80301171902073,27.335164835164825,40.11000061035156,0.609000027179718
2020-04-17,8.300024032592773,8.614036504165451,8.011856231707847,8.583669339604759,47445000,7.873328971862794,6.47919716835022,12.69568079471588,51.61207284268708,-468.90655892330625,0.35535249698583904,38.150001525878906,0.6539999842643738
2020-04-20,7.764393329620361,8.302608962154492,7.753409205079893,7.947891245233263,35502000,7.978258419036866,6.661054301261903,12.685854470729826,49.1037554167088,-502.950063915042,-25.172304773948785,43.83000183105469,0.6259999871253967
2020-04-21,6.6737470626831055,7.534375487520901,6.558737715659816,7.4070903370034005,60042000,7.672774028778076,6.769178771972656,12.671350414752958,44.37474568111666,-583.7214401007892,69.12286631739057,45.40999984741211,0.5709999799728394
2020-04-22,7.791530132293701,7.931091549543456,7.1848254709771355,7.264298162921202,37150500,7.723946571350098,6.855920028686524,12.663593726158139,49.71934019740933,-601.2599547444022,-38.125811931647846,41.97999954223633,0.6190000176429749
2020-04-23,7.593818187713623,8.079699356500429,7.514345953217057,7.831589744840914,42906000,7.6247025489807125,6.9446319341659555,12.653770482540127,48.825723039071,-618.3546165793994,15.492389066096024,41.380001068115234,0.6129999756813049
2020-04-24,8.077112197875977,8.119756546981852,7.391582426818811,7.621599694255892,34429500,7.580120182037353,6.999325633049012,12.645359718799588,51.13759699296525,-605.6559816764824,-19.75597818486925,35.93000030517578,0.5960000157356262
2020-04-27,8.403403282165527,8.64246604001319,8.280640625979023,8.399526858584393,42303000,7.707922172546388,7.124090909957886,12.638210361003875,52.69152142913741,-616.5091980703829,22.86847035245938,33.290000915527344,0.656000018119812
2020-04-28,8.272242546081543,9.001710013468369,8.239937160800332,8.851164440991308,55147500,8.027621269226074,7.210509133338928,12.627595970630646,51.97596976262254,-617.7717091063199,30.363094815970506,33.56999969482422,0.6100000143051147
2020-04-29,9.459159851074219,9.546385856195682,8.656034903037227,8.69480191372694,42030000,8.361147212982178,7.377401280403137,12.621706225872039,57.5888024250714,-604.4016540288773,-23.786209710322314,31.229999542236328,0.6269999742507935
2020-04-30,8.4647855758667,9.357719017790384,8.400819958089242,9.327998842666346,55264500,8.535340690612793,7.544099617004394,12.612566187381743,52.09545086223377,-673.2247172574514,31.48822269807281,34.150001525878906,0.621999979019165
2020-05-01,7.178365230560303,7.914938864024411,7.094369582217384,7.882632561037626,65224500,8.35559129714966,7.622990560531616,12.596562852859496,45.984254984390816,-802.3226181285277,18.022419455527515,37.189998626708984,0.6420000195503235
2020-05-04,7.3799543380737305,7.4006299858980915,6.914103187451527,6.986468648045665,35217000,8.150901508331298,7.728598523139954,12.57918942451477,47.03283594847335,-953.5124722622033,-46.00648529310305,35.970001220703125,0.6370000243186951
2020-05-05,7.754055976867676,8.174678479067785,7.60544863324886,7.802514973637158,47706000,8.047264194488525,7.772114539146424,12.56404691696167,49.01101324213779,-1064.410789170619,35.46298662577732,33.61000061035156,0.6570000052452087
2020-05-06,8.022841453552246,8.391128565831554,7.960814043409792,8.011858251377832,46401000,7.760000514984132,7.833398866653443,12.54709156513214,50.44308130229954,-1125.631045085121,-2.7355049679285592,34.119998931884766,0.7110000252723694
2020-05-07,8.258026123046875,8.548132116243757,8.12815670771615,8.444108294155408,32518500,7.718648624420166,7.872392010688782,12.52914005279541,51.72079995769291,-1147.6620480918427,-29.91853623844314,31.440000534057617,0.6309999823570251
2020-05-08,8.97973918914795,8.995891877164235,8.426016984242679,8.511950837276906,38311500,8.078923416137696,7.971990966796875,12.50939745426178,55.51149618610526,-1130.811063712062,17.81447483740024,27.979999542236328,0.6819999814033508
2020-05-11,8.95518684387207,9.190374090021555,8.663787761645192,8.686403004178393,27099000,8.393969917297364,8.057763004302979,12.492811136245729,55.3522725739264,-1128.1562195672186,-29.26666927684899,27.56999969482422,0.7260000109672546
2020-05-12,8.195999145507812,9.224617391801834,8.195999145507812,9.143853028290486,34702500,8.48235855102539,8.057504510879518,12.472473940849305,50.526319790060924,-1081.8874112534468,28.058230931030657,33.040000915527344,0.6779999732971191
2020-05-13,7.754701137542725,8.470599106707638,7.390290522819293,8.417617621520831,53503500,8.428730487823486,8.068456196784975,12.449457223415376,47.91142517898516,-1126.114791385578,54.17765290685108,35.279998779296875,0.6489999890327454
2020-05-14,8.3743314743042,8.39953008582007,7.171906287256445,7.572498863851293,54496500,8.451991558074951,8.082670855522156,12.429956982135774,51.69186382541328,-1129.7288782741814,1.8559533488463398,32.61000061035156,0.6190000176429749
2020-05-15,7.8496809005737305,7.938845121841272,7.404506327036995,7.546652501819226,55647000,8.225979900360109,8.060153698921205,12.413760874271395,48.48327663570776,-1109.819960937595,2.111144752415295,31.889999389648438,0.6399999856948853
2020-05-18,8.948081016540527,9.061797766157854,8.399527306581527,8.399527306581527,42394500,8.2245587348938,8.11933808326721,12.406384084224703,54.80783113804592,-1051.0413748310905,-23.81530001617338,29.299999237060547,0.7440000176429749
2020-05-19,8.840825080871582,9.461744254768021,8.826610602531163,8.902852483625153,40813500,8.353523921966554,8.227691984176637,12.40091339826584,54.10927887798093,-1096.8094201875467,-3.729257332908753,30.530000686645508,0.7110000252723694
2020-05-20,9.846183776855469,9.995436257982941,9.373225882036708,9.378395371304393,39808500,8.771820449829102,8.330424666404724,12.40696003675461,59.34049602654058,-1031.4737693954555,-2.4624205226211893,27.989999771118164,0.6800000071525574
2020-05-21,9.081178665161133,9.851351056822676,9.03659702929156,9.842951216320484,37935000,8.913189888000488,8.4047926902771,12.407447183132172,54.270905150792885,-1021.8040552311205,-4.7062813218282535,29.530000686645508,0.6769999861717224
2020-05-22,9.21298885345459,9.23883445264361,8.755538477249445,9.158069150339315,25134000,9.18585147857666,8.46158652305603,12.407647321224212,54.98450232702126,-1036.4533008651363,-33.744563068406485,28.15999984741211,0.6570000052452087
2020-05-26,9.49857234954834,10.067801208699631,9.448175146316316,9.93340928293316,41682000,9.295949745178223,8.51634497642517,12.405526506900786,56.565966959526456,-954.9598691407127,65.83910241107662,28.010000228881836,0.6980000138282776
2020-05-27,9.90433406829834,9.911442693886391,8.767167482532978,9.612289805256275,41941500,9.508651542663575,8.597949552536011,12.408208348751067,58.781664748143406,-896.3248342803264,0.6225708939110453,27.6200008392334,0.6800000071525574
2020-05-28,9.254340171813965,10.0968772312984,9.11025533757782,9.743450735522229,33565500,9.390282821655275,8.587708568572998,12.409319970607756,54.02705826205169,-880.882290970216,-19.97067343800293,28.59000015258789,0.7049999833106995
2020-05-29,9.957315444946289,10.058109848389531,9.27178465712921,9.37903976629145,38440500,9.565510177612305,8.662335062026976,12.409959475994107,57.98519258328529,-826.2787916786964,14.52384144434018,27.510000228881836,0.6480000019073486
2020-06-01,9.833907127380371,9.957315854472398,9.562538066176002,9.761541674681181,21564000,9.689693832397461,8.79511215686798,12.41458998441696,57.05647801231544,-877.4048867982419,-43.902914894447264,28.229999542236328,0.6620000004768372
2020-06-02,10.467103004455566,10.467103004455566,9.762834260460249,9.91661108551835,34992000,9.883399963378906,8.949469590187073,12.422753307819367,60.54798322524819,-926.5706473683495,62.270450751252085,26.84000015258789,0.6800000071525574
2020-06-03,11.384589195251465,11.510582203293968,10.873509462301298,10.873509462301298,30483000,10.179450988769531,9.13099625110626,12.431890370845794,64.98975578114072,-869.838232939579,-12.885802469135799,25.65999984741211,0.7609999775886536
2020-06-04,11.684388160705566,11.934435985407326,11.124204244319142,11.284441779589962,31461000,10.665460586547853,9.314073586463927,12.439781539440155,66.3239632248211,-797.714441186812,3.208345635272125,25.809999465942383,0.8199999928474426
2020-06-05,12.535325050354004,13.051573387047993,12.431300283103022,12.528863419676584,26946000,11.181062507629395,9.527938532829285,12.452728645801544,69.83752141570328,-705.4236409557625,-14.351101363593022,24.520000457763672,0.9039999842643738
2020-06-08,12.45908260345459,12.851922187306396,12.073349796318952,12.851922187306396,25800000,11.706097602844238,9.701905703544616,12.463885099887849,69.14145790739936,-626.097393126875,-4.2529503451347095,25.809999465942383,0.8840000033378601
2020-06-09,12.4804048538208,12.608983082645528,11.902776089355893,12.030707323240016,22317000,12.108757972717285,9.878166604042054,12.475202872753144,69.23381167951861,-559.5917450287764,-13.5,27.56999969482422,0.8289999961853027
2020-06-10,12.595415115356445,12.970162916578474,12.45908403381413,12.747897964017076,23647500,12.350923156738281,10.098137402534487,12.493714935779572,69.75953344498056,-508.41492377815666,5.9618228256486105,27.56999969482422,0.7480000257492065
2020-06-11,10.191856384277344,11.78130563272994,10.177641906462215,11.631406158638159,47562000,12.052416801452637,10.219995164871218,12.499108669757844,50.38322441067636,-537.8561629940561,101.12908341262288,40.790000915527344,0.652999997138977
2020-06-12,10.614418983459473,11.241153807333115,9.943102506248877,11.137774171721619,35401500,11.668235588073731,10.331999540328981,12.507091472148895,52.862121609556375,-577.2838823159714,-25.56768008073672,36.09000015258789,0.6990000009536743
2020-06-15,11.080268859863281,11.108697817238367,9.803539893541016,9.94439438766348,29254500,11.39247283935547,10.493528938293457,12.516576526165009,55.50157634336277,-639.9881131924358,-17.36367103088852,34.400001525878906,0.7020000219345093
2020-06-16,11.66758918762207,12.232295588250793,11.080268466316092,12.023599985656293,30856500,11.229909706115723,10.629504346847533,12.525889694690704,58.64555853579316,-662.0061072718821,5.476080602984146,33.66999816894531,0.7559999823570251
2020-06-17,11.990647315979004,12.27816999856348,11.759983469006654,11.916989720068903,21156000,11.108956146240235,10.786995458602902,12.535981485843658,60.30683350091045,-667.5309417429257,-31.437460502649362,33.470001220703125,0.7329999804496765
2020-06-18,11.935081481933594,12.095965080109126,11.72897016803555,11.830410648452885,13989000,11.457601165771484,10.89144034385681,12.54838908433914,59.86140488506557,-663.1867635853131,-33.876914350538854,32.939998626708984,0.6940000057220459
2020-06-19,11.694725036621094,12.46360448190304,11.635927992573146,12.346657388664152,29616000,11.67366237640381,11.022117662429809,12.55573018312454,57.87027428165066,-687.1013499900001,111.70920008578169,35.119998931884766,0.6970000267028809
2020-06-22,12.007447242736816,12.065598225230277,11.347115870698035,11.752877833958923,19461000,11.859098052978515,11.161840581893921,12.559859530925749,59.74633092334872,-746.4928441979047,-34.28889789303079,31.770000457763672,0.7039999961853027
2020-06-23,12.112430572509766,12.489308151700921,12.04455419429417,12.241072954661666,18909000,11.948066329956056,11.292533493041992,12.564288532733917,60.3841140031607,-790.8255490400721,-2.836442114999227,31.3700008392334,0.7089999914169312
2020-06-24,11.298556327819824,12.10531877377132,11.023170611899568,11.886174271537069,31200000,11.80964813232422,11.362244606018068,12.563859784603117,53.32973781680023,-890.9428312245396,65.00079327304458,33.84000015258789,0.6840000152587891
2020-06-25,11.576528549194336,11.627596736739326,10.753604249056968,11.285628343475988,21685500,11.737937545776367,11.478354024887086,12.564071137905119,55.252533525051355,-1035.460005088701,-30.49519230769231,32.220001220703125,0.6740000247955322
2020-06-26,10.883538246154785,11.641170754679134,10.819540263292936,11.442066432856803,21492000,11.575700187683106,11.524665164947509,12.558233563899995,49.7496151355361,-1165.3360212709447,-0.8923013073251718,34.72999954223633,0.6359999775886536
2020-06-29,11.257828712463379,11.266879202711044,10.505367420742456,10.906809882365376,17931000,11.42577648162842,11.595861244201659,12.553736464977264,52.5012412767513,-1307.4763904117156,-16.56895589056393,31.780000686645508,0.6359999775886536
2020-06-30,12.166730880737305,12.265637114498537,11.390351854882073,11.390351854882073,32251500,11.436636543273927,11.680842638015747,12.554334151744843,58.45105168959651,-1460.4328491648164,79.86448050861637,30.43000030517578,0.652999997138977
2020-07-01,11.657979965209961,12.18095355743925,11.625657309782524,12.174488656455264,21469500,11.508521270751952,11.69451217651367,12.55361409902573,54.34738334938097,-1509.4606668165895,-33.43100320915306,28.6200008392334,0.6819999814033508
2020-07-02,12.091743469238281,12.415611777507303,11.954697009209383,12.147337360452239,24289500,11.611564254760744,11.714879941940307,12.554525463581088,57.11207946129803,-1479.7113791948989,13.134912317473635,27.68000030517578,0.6690000295639038
2020-07-06,13.061412811279297,13.182298431812852,12.691000101821603,12.7078073672087,21822000,12.047139167785646,11.741184329986572,12.560169341564182,62.56922883193305,-1446.7846106710788,-10.158710553943063,27.940000534057617,0.6840000152587891
2020-07-07,12.578516006469727,13.200394870947902,12.50869951882482,12.895273941718983,17728500,12.311276626586915,11.747156000137329,12.564306180477146,58.57219605621623,-1416.762387558844,-18.758592246356887,29.43000030517578,0.6499999761581421
2020-07-08,13.09890365600586,13.122821290806936,12.561708436784974,12.89656642095404,14014500,12.497711181640625,11.778080940246582,12.574320785999301,61.43154085236815,-1360.3972764753669,-20.94931889330739,28.079999923706055,0.652999997138977
2020-07-09,13.619939804077148,13.859125447273977,12.673545142936357,13.252113621002232,25341000,12.890103149414063,11.829307174682617,12.585244739055637,64.10305605466569,-1295.9525101177421,80.81986513967676,29.260000228881836,0.6050000190734863
2020-07-10,13.484184265136719,13.76732674302456,13.072398499605061,13.64644115090697,16764000,13.16859130859375,11.993923568725588,12.59825801610947,62.88092254268121,-1268.4671375643727,-33.84633597727004,27.290000915527344,0.6330000162124634
2020-07-13,12.811236381530762,14.507506714836712,12.734955914470008,14.053056825293995,24480000,13.118556022644043,12.103764438629153,12.605124590396885,57.07229157417431,-1234.93553074229,46.02720114531138,32.189998626708984,0.6399999856948853
2020-07-14,13.490002632141113,13.538486151336553,12.025159318364055,12.599202003237002,25491000,13.30085334777832,12.224251127243042,12.615204465389255,60.98690415881948,-1262.7462208530576,4.12990196078431,29.520000457763672,0.6150000095367432
2020-07-15,13.354896545410156,13.779610295339513,12.73495591969677,13.769267008747224,20254500,13.35205192565918,12.308616495132446,12.628789813518527,59.817621309749825,-1191.2432876519908,-20.542544427444977,27.760000228881836,0.6299999952316284
2020-07-16,13.191991806030273,13.347784722166756,12.72849144316063,12.929534964833415,13903500,13.266462326049805,12.36868371963501,12.639877917766572,58.36458691295752,-1144.0338363148521,-31.355994964082058,28.0,0.6119999885559082
2020-07-17,13.436347007751465,13.578564642793477,13.18746637761448,13.433761417518113,12028500,13.256894874572753,12.443746995925904,12.653689997196198,59.93663815559442,-1101.6345159776313,-13.48581292480311,25.68000030517578,0.628000020980835
2020-07-20,14.264443397521973,14.326502191243094,13.213970536983794,13.499699547142573,16717500,13.547536277770995,12.572232913970948,12.674160168170928,64.78873474241115,-1051.1003343204106,38.98241676019454,24.459999084472656,0.6200000047683716
2020-07-21,13.962553977966309,14.579261700177376,13.813872351973545,14.511385325805598,16822500,13.642046546936037,12.669988250732425,12.690519459247588,61.847977115924266,-1032.7497887578998,0.628084342754609,24.84000015258789,0.6069999933242798
2020-07-22,14.129981994628906,14.451264710474456,13.78607351399585,14.092488160758412,13956000,13.797063636779786,12.77086582183838,12.704817893505096,62.8549676719379,-1009.4252409561558,-17.039679001337493,24.31999969482422,0.5950000286102295
2020-07-23,13.471901893615723,14.487466455994934,13.100196473147875,14.110588930219821,22534500,13.853045654296876,12.879533100128175,12.717108919620513,56.538328070369914,-1086.8308686525336,61.468185726569224,26.079999923706055,0.5820000171661377
2020-07-24,12.82998275756836,13.413722338723039,12.247536896382115,12.75887439661562,19546500,13.731772804260254,12.942205810546875,12.731254603862762,51.139615603883215,-1254.1158761312468,-13.259668508287293,25.84000015258789,0.5889999866485596
2020-07-27,14.045299530029297,14.060813997981041,13.299302100869651,13.316755761722082,17731500,13.68794403076172,13.1002938747406,12.748956010341644,59.102000295544514,-1427.9928320928932,-9.285549842682839,24.739999771118164,0.609000027179718
2020-07-28,13.214617729187012,13.799649168681869,13.142215649767737,13.799649168681869,20592000,13.53835678100586,13.198133325576784,12.760976030826567,52.771791927816174,-1734.0734443602496,16.132306911428817,25.440000534057617,0.5809999704360962
2020-07-29,14.070512771606445,14.208205658204314,13.531378233670077,13.623819580873324,19687500,13.526462936401368,13.29332242012024,12.773645794391632,57.78848224139695,-1912.6818221581193,-4.392482517482521,24.100000381469727,0.5789999961853027
2020-07-30,14.894083023071289,14.90895109575226,13.865589320182343,13.876579931192003,25672500,13.81089916229248,13.455127573013307,12.790443065166473,61.97410507612457,-2049.709033503324,30.400000000000006,24.760000228881836,0.5410000085830688
2020-07-31,14.642616271972656,15.005917681213985,14.009100273059651,15.004624885782158,26299500,14.17342586517334,13.582671213150027,12.802201735973359,60.017201320046084,-1997.6248217916586,2.442302074203906,24.459999084472656,0.5360000133514404
2020-08-03,15.514021873474121,15.590301420788816,14.923171876203378,14.923818273860864,16984500,14.467170333862304,13.705301666259768,12.82098978281021,64.23201288418235,-1723.4197699275949,-35.41892431415046,24.280000686645508,0.5630000233650208
2020-08-04,16.180505752563477,16.20377791744853,15.400893777391886,15.443559721263243,12100500,15.060347938537598,13.885401153564457,12.842494556903839,67.08955544006763,-1504.5976519412304,-28.75563013335688,23.760000228881836,0.5149999856948853
2020-08-05,16.148828506469727,16.339531522189215,15.773244677254418,16.130082051025276,12822000,15.476011085510255,14.037897396087647,12.86582343816757,66.81632865749312,-1319.9361541000405,5.96256353043263,22.989999771118164,0.5429999828338623
2020-08-06,16.090002059936523,16.16757532338226,15.598059251901704,16.035700960473758,10840500,15.715194892883302,14.161400508880616,12.885592696666716,66.27652236079399,-1168.7949373589613,-15.453907346747775,22.649999618530273,0.5360000133514404
2020-08-07,15.543108940124512,16.22575468513709,14.97553120578577,15.974933942313008,17872500,15.895293426513671,14.264346742630007,12.904045875072477,61.316884722910125,-1083.5290771849197,64.86785664867855,22.209999084472656,0.5619999766349792
2020-08-10,15.552807807922363,15.74027791610521,14.86951650312736,15.635552252838087,11625000,15.90305061340332,14.401425313949588,12.92599354982376,61.37209179169307,-1045.4485351527073,-34.95593789341167,22.1299991607666,0.5740000009536743
2020-08-11,15.037590026855469,15.974288504472783,14.916704438001833,15.508848054628112,15201000,15.674467468261717,14.478804683685306,12.941316311359403,56.739606460538646,-1056.6317793838932,30.761290322580635,24.030000686645508,0.6579999923706055
2020-08-12,16.552209854125977,16.634954294954785,15.29616869900479,15.42287095063399,18397500,15.755143737792968,14.638670349121096,12.960527613162991,65.08353961588301,-1029.307227430695,21.028221827511338,22.280000686645508,0.6700000166893005
2020-08-13,16.010486602783203,16.559317815705377,15.775181279641101,16.559317815705377,12742500,15.739240646362305,14.779595088958741,12.97369712591171,60.58275827029197,-1018.4617982017943,-30.737871993477373,22.1299991607666,0.7160000205039978
2020-08-14,15.954248428344727,16.54833127567267,15.813969979331663,16.148182500972673,12001500,15.821468544006349,14.905490159988403,12.98833907365799,60.11796541216128,-1023.2021164166664,-5.815185403178336,22.049999237060547,0.7089999914169312
2020-08-17,16.558027267456055,16.757132510011992,16.2703590867855,16.347286868928958,11739000,16.022512435913086,15.020169353485107,13.005990254878999,63.3674117218372,-1004.27767347535,-2.187226596675418,21.350000381469727,0.6830000281333923
2020-08-18,16.284584045410156,16.84763616068839,16.121678891729836,16.7519619108515,11410500,16.271911239624025,15.136270856857298,13.023499157428743,60.94555710426637,-1005.5524295043037,-2.7983644262714047,21.510000228881836,0.6690000295639038
2020-08-19,15.968474388122559,16.417753173196957,15.824315673720188,16.302686980156434,10309500,16.155164146423342,15.228195476531981,13.035020883083345,58.1773941648126,-1043.1963370754124,-9.64900749309846,22.540000915527344,0.675000011920929
2020-08-20,15.552807807922363,15.786820394844211,15.21730247062176,15.49462739763299,16498500,16.063628387451175,15.332240772247314,13.03998994588852,54.66159600446975,-1167.8233031972275,60.0320093117998,22.719999313354492,0.6439999938011169
2020-08-21,15.895425796508789,15.90253524628018,15.288413983945134,15.558627635291378,10789500,16.051863861083984,15.485512924194335,13.046253030300143,56.96989373441657,-1432.0916699456602,-34.60314574052187,22.540000915527344,0.6399999856948853
2020-08-24,16.335006713867188,16.53087907176472,15.974936407466808,16.377025335088593,11776500,16.007259750366213,15.599998283386231,13.056364495754243,59.79794454504426,-1609.2809108659796,9.147782566383977,22.3700008392334,0.6460000276565552
2020-08-25,16.861209869384766,16.863795459735517,16.364741381685114,16.364741381685114,11626500,16.122584915161134,15.78232789039612,13.067701494693758,62.93803748451579,-1880.9014884249025,-1.2737230925996657,22.030000686645508,0.6819999814033508
2020-08-26,17.051265716552734,17.181847277956365,16.735799647391552,16.97369245682308,11527500,16.33914318084717,15.931365537643433,13.078825056552889,64.03082858199518,-2112.509925701172,-0.8515030318668515,23.270000457763672,0.6869999766349792
2020-08-27,16.386720657348633,17.220634668162553,16.086124477668587,17.128193329984335,17893500,16.505925750732423,16.0059974193573,13.087831513881685,57.63200222345577,-2396.8525387199907,55.22446324007808,24.469999313354492,0.7459999918937683
2020-08-28,17.315017700195312,17.330533094868752,16.38478388058448,16.489507708525128,13989000,16.789844131469728,16.139617490768433,13.100834739208224,63.16897319744562,-2665.432494435733,-21.820772906362652,22.959999084472656,0.7289999723434448
2020-08-31,17.26653289794922,17.641469418290313,16.859918269833994,17.299501951497888,12093000,16.976149368286134,16.22724304199219,13.113637454509737,62.70801588283707,-2502.7026510218016,-13.553506326399312,26.40999984741211,0.6930000185966492
2020-09-01,18.238784790039062,18.262055104298128,17.328590361733422,17.576825542088137,10255500,17.25166435241699,16.330156993865966,13.131907451152802,67.78466752071397,-2094.7974218996924,-15.194740759116844,26.1200008392334,0.671999990940094
2020-09-02,19.874937057495117,20.12963437227116,18.541319782601207,19.032618977276382,18729000,17.81639862060547,16.516462421417234,13.156462743282319,74.15977802783907,-1578.603320085421,82.62395787626151,26.56999969482422,0.6510000228881836
2020-09-03,16.483041763305664,19.005468449206,16.099053823540196,18.977670576503847,37044000,17.835662841796875,16.536114406585693,13.164513084888458,51.435450157440954,-1545.7215077520275,97.78952426717925,33.599998474121094,0.621999979019165
2020-09-04,16.026002883911133,16.836644629024757,14.225656167944866,16.11198023485419,26686500,17.57785987854004,16.560259103775024,13.171429054737091,49.24573974606342,-1559.2956535456376,-27.959993521218006,30.75,0.7210000157356262
2020-09-08,13.74405574798584,15.13908353377497,13.702683526074749,14.262504553726068,21556500,16.873364448547363,16.4698215007782,13.169452903270722,40.07275870400277,-1443.3051532944846,-19.22320274295992,31.459999084472656,0.6840000152587891
2020-09-09,14.880505561828613,15.210839724739765,14.221779203169351,14.747984797876319,19171500,16.201708602905274,16.461967277526856,13.17557347536087,45.515801657785985,-1394.9814502125607,-11.063948229072441,28.809999465942383,0.703000009059906
2020-09-10,14.262502670288086,15.591591250112613,13.98905709351739,15.369215702299632,19227000,15.079221725463867,16.34748191833496,13.178639466762542,43.21702252119386,-1264.2786204522258,0.2894922150066481,29.709999084472656,0.6850000023841858
2020-09-11,14.212728500366211,15.005915728868434,13.760863264863824,14.573444271812942,14871000,14.625159072875975,16.257594013214113,13.176492288112641,43.02853188451627,-1135.5507267053486,-22.655640505539086,26.8700008392334,0.6690000295639038
2020-09-14,15.111286163330078,15.37309662774068,14.748631193647995,15.081550022336325,11850000,14.442215728759766,16.21544589996338,13.179827535152436,47.4817294655161,-1066.3551264421442,-20.314706475690947,25.850000381469727,0.6710000038146973
2020-09-15,15.888314247131348,16.179862750364467,15.609697397853871,15.663998507713387,11725500,14.871067428588868,16.181960248947146,13.185500609874726,51.04529261422814,-1062.5996650715936,-1.0506329113924018,25.59000015258789,0.6790000200271606
2020-09-16,15.409941673278809,16.272944348369876,15.353054065949037,16.088707178021675,10791000,14.976954650878906,16.13822813034058,13.191167275905611,48.84777158502932,-1049.5862418806184,-7.969809389791482,26.040000915527344,0.6869999766349792
2020-09-17,15.339479446411133,15.486868264223345,14.113175408194133,14.301936444625023,14704500,15.192350006103517,16.10677838325501,13.199621384143832,48.516456514550875,-997.5339504552654,36.26633305532388,26.459999084472656,0.6840000152587891
2020-09-18,14.62451457977295,15.71118861590167,14.079562492243223,15.52889152237375,17329500,15.274707221984864,16.060363721847533,13.207621104717255,45.168748926585224,-965.7387489418828,17.85167805773742,25.829999923706055,0.6940000057220459
2020-09-21,14.554049491882324,14.576028859344042,13.47254864959347,13.758923125198377,25779000,15.163259887695313,15.99329490661621,13.212209327220918,44.84035023426084,-905.1499453963007,48.75789838137281,27.780000686645508,0.6710000038146973
2020-09-22,15.081548690795898,15.104174455737398,14.109942840941807,14.891493929830439,13864500,15.001906776428223,15.930622005462647,13.218616240024566,47.89442749350752,-876.3786543821723,-46.217851739788195,26.860000610351562,0.6639999747276306
2020-09-23,13.958675384521484,15.30780523123361,13.830033011568654,14.995572989022953,14178000,14.711653518676759,15.785495281219482,13.216201322078705,42.500047111148405,-860.8021492826111,2.2611706156010047,28.579999923706055,0.6759999990463257
2020-09-24,14.366580963134766,14.939977225424002,13.63997737870023,13.667128851073903,24952500,14.517073822021485,15.651261043548583,13.21704446554184,44.92671922937996,-868.389011583903,75.994498518832,28.510000228881836,0.6660000085830688
2020-09-25,14.986520767211914,15.078316621651956,13.7925384341186,14.444154357598881,15505500,14.589475059509278,15.581251049041748,13.220197517871856,48.48508937802294,-872.1921406661802,-37.85993387436128,26.3799991607666,0.6589999794960022
2020-09-28,16.210237503051758,16.225107419207962,15.283883340091556,15.554742376911731,15123000,14.920712661743165,15.526012039184572,13.224762723445892,54.70616308581556,-920.7847535147657,-2.466866595724093,26.190000534057617,0.6629999876022339
2020-09-29,16.345346450805664,16.74808078663972,16.10422259744043,16.10422259744043,19848000,15.173472213745118,15.479952716827395,13.223798072338104,55.347325081635724,-963.3401463355277,31.243800833168024,26.270000457763672,0.6449999809265137
2020-09-30,16.36733055114746,16.870910447177764,16.096470483006087,16.194083013315645,20143500,15.655203247070313,15.386380004882815,13.224303700923917,55.457811648620726,-1049.628025066953,1.4888149939540574,26.3700008392334,0.6769999861717224
2020-10-01,17.3835391998291,17.53028163491192,16.81466859324439,16.990499846594744,18271500,16.25859489440918,15.261810111999514,13.227582280635833,60.34259357138158,-1215.645849441858,-9.293320425943852,26.700000762939453,0.6769999861717224
2020-10-02,15.834007263183594,16.922620195993602,15.79005038309998,16.165634153289734,24060000,16.42809219360352,15.22935838699341,13.222013957500458,51.13413620107462,-1310.2881674038692,31.68048600279123,27.6299991607666,0.6959999799728394
2020-10-05,17.379657745361328,17.381597862872905,16.260017593973075,16.281349639138504,14751000,16.66197624206543,15.297041130065917,13.224296395778657,58.01649142793517,-1190.987413688923,-38.690773067331676,27.959999084472656,0.7620000243186951
2020-10-06,17.082942962646484,18.316360401686982,16.872849838559777,17.320835811616746,16638000,16.809495544433595,15.46398549079895,13.223106286525727,56.375029330873105,-1112.0857423602415,12.792353060809436,29.479999542236328,0.7419999837875366
2020-10-07,18.113370895385742,18.213568980034896,17.794028339900912,17.81342026469319,13549500,17.15870361328125,15.625628757476807,13.22428639173508,60.54944452709481,-1015.2427752007296,-18.5629282365669,28.059999465942383,0.7850000262260437
2020-10-08,18.74236297607422,18.843208393763383,18.37776885804062,18.588509259291246,11172000,17.430468368530274,15.849621772766113,13.228008649349215,62.884150213325164,-937.3026717385991,-17.546772943651057,26.360000610351562,0.7649999856948853
2020-10-09,19.725603103637695,19.87428562657956,19.318988556812617,19.412077195400393,18609000,18.208787536621095,16.12526550292969,13.235979115962985,66.24688050294323,-852.2891953489,66.56820622986037,25.0,0.7749999761581421
2020-10-12,20.58214569091797,20.89955004488096,20.170359885309242,20.449624004986443,15901500,18.849285125732422,16.398808479309082,13.24789026021958,68.89106537096721,-747.2279253037511,-14.549411575044335,25.06999969482422,0.7770000100135803
2020-10-13,20.557580947875977,21.01849667704117,20.202036355886072,20.606065394211086,14068500,19.544212722778322,16.63227181434631,13.260691812038427,68.72478566775304,-652.7581014042794,-11.527214413734555,26.06999969482422,0.7269999980926514
2020-10-14,20.231775283813477,20.93769146994233,19.87299776227434,20.691396389520214,11320500,19.967893600463867,16.873363494873047,13.273758580684664,66.43444166450693,-599.9499402598965,-19.532999253651774,26.399999618530273,0.722000002861023
2020-10-15,20.072101593017578,20.1975101289016,18.9815483583366,19.200047398691403,10518000,20.23384132385254,17.10999460220337,13.285436437129976,65.2861095006205,-589.2494656371194,-7.088909500463759,26.969999313354492,0.7310000061988831
2020-10-16,19.78573226928711,20.573102144777454,19.746299228205537,20.56857643531136,8916000,20.245867156982424,17.368055486679076,13.290151479244233,63.17694396004736,-584.1075129753318,-15.231032515687392,27.40999984741211,0.7440000176429749
2020-10-19,19.467023849487305,20.617694530403707,19.24335368776345,20.233706705134278,11283000,20.02284278869629,17.613704204559326,13.298361880779268,60.82188658713561,-599.1656081203358,26.547779273216698,29.18000030517578,0.7609999775886536
2020-10-20,19.404966354370117,19.89820372684517,19.241415760237764,19.743057225212393,6909000,19.79231986999512,17.82987508773804,13.309088771343232,60.35014239197165,-623.4750018362095,-38.76628556235043,29.350000381469727,0.796999990940094
2020-10-21,18.9951229095459,19.635750086753728,18.956337204443916,19.543954230508113,8161500,19.544989395141602,18.081697463989258,13.31331649541855,57.195039843189605,-680.1233219557337,18.128528006947462,28.649999618530273,0.8159999847412109
2020-10-22,19.06171226501465,19.316411464288418,18.338985971199165,19.127648532130383,9789000,19.342911529541016,18.316454029083253,13.31767709493637,57.58305267806717,-766.8167310616479,19.941187281749674,28.110000610351562,0.8479999899864197
2020-10-23,18.782445907592773,18.8884625203638,18.263996151967113,18.8884625203638,6975000,19.14225425720215,18.506250286102297,13.319069821834564,55.31830736264994,-898.6326915364351,-28.746552252528346,27.549999237060547,0.8410000205039978
2020-10-26,17.5826416015625,18.55295364774436,16.872198007252926,18.310537004394483,13960500,18.765377807617188,18.574870491027834,13.316354539394379,46.80176358602484,-982.6097496908491,100.1505376344086,32.459999084472656,0.8009999990463257
2020-10-27,17.400989532470703,18.099148779745093,17.188956353196915,17.954991962769792,7834500,18.364582443237307,18.627652645111084,13.309178149700166,45.65571182063969,-1044.038265929522,-43.880949822714086,33.349998474121094,0.777999997138977
2020-10-28,15.669166564941406,16.56707851553856,15.605815899236369,16.556736153625078,15634500,17.699391174316407,18.592744445800786,13.292735974788666,36.48329300646391,-1019.5126453724251,99.55964005360904,40.279998779296875,0.781000018119812
2020-10-29,16.916805267333984,17.354448839287144,15.64266395866709,15.773891003369101,10749000,17.270409774780276,18.56940774917603,13.285949304103852,45.048508083432466,-986.7883639289613,-31.248201093735005,37.59000015258789,0.8349999785423279
2020-10-30,16.093229293823242,16.66339433596727,15.521773306377783,16.38283567192578,11187000,16.73256645202637,18.58236885070801,13.270465743541717,41.10780180362691,-982.7563501829402,4.074797655595863,38.02000045776367,0.8600000143051147
2020-11-02,16.352458953857422,16.872199605829877,15.925805103279986,16.622026168435454,10897500,16.486529922485353,18.531008911132815,13.254416406154633,42.8038043570697,-951.6152567260139,-2.5878251541968322,37.130001068115234,0.8489999771118164
2020-11-03,17.32535743713379,17.7054669788275,16.770062119296668,16.807555030625508,12472500,16.47140350341797,18.543129634857177,13.243412244319915,48.76708591397463,-943.24297987904,14.452856159669647,35.54999923706055,0.8820000290870667
2020-11-04,19.14122200012207,19.362952120136104,17.728740453780286,18.388114159577604,17590500,17.165814590454104,18.594522190093993,13.239157569408416,57.64352187970825,-964.4789427933895,41.03427540589297,29.56999969482422,0.7680000066757202
2020-11-05,21.665584564208984,21.808450453570313,20.679758881625773,20.68622100804563,20565000,18.115570449829104,18.740683269500735,13.245243241786957,66.3672943981737,-893.4032677859213,16.909695574315677,27.579999923706055,0.7760000228881836
2020-11-06,22.780054092407227,22.961705676394068,21.268667490106125,21.477467771379008,15370500,19.4529354095459,18.893405818939208,13.260357320308685,69.36697822065821,-824.4993438304541,-25.258935083880374,24.860000610351562,0.8199999928474426
2020-11-09,21.909942626953125,24.82217571221621,21.869864124466385,24.20482066401287,16741500,20.56443214416504,18.959795665740966,13.282579696178434,64.52800426387095,-769.4428731811286,8.919683809895584,25.75,0.9580000042915344
2020-11-10,19.939573287963867,21.61645021903143,19.787659725942856,21.328782105330273,16570500,21.087275314331055,18.92889528274536,13.288699643611906,55.14643694919472,-775.1666946970801,-1.0214138518053972,24.799999237060547,0.972000002861023
2020-11-11,22.112279891967773,22.217003701499472,20.847186385027282,20.877569846570943,11782500,21.681486892700196,19.02292051315308,13.310842988491059,61.75023863356034,-743.6135635888315,-28.894722549108355,23.450000762939453,0.9580000042915344
2020-11-12,21.256385803222656,22.392834123881467,20.926053521956987,22.149771988935942,11928000,21.59964714050293,19.08213472366333,13.329036042690275,58.12006976915873,-708.3395841184621,1.2348822406110793,25.350000381469727,0.8849999904632568
2020-11-13,22.0450496673584,22.60487069685541,21.60288225252998,21.972647585215604,10963500,21.452646255493164,19.195100593566895,13.360649902820587,60.42855296601571,-669.557935570317,-8.086016096579474,23.100000381469727,0.8930000066757202
2020-11-16,23.670854568481445,23.70511641297993,22.39929903367876,22.564142431158132,12468000,21.80482864379883,19.405292129516603,13.397391741275786,64.74301904437037,-609.3002892653099,13.722807497605682,22.450000762939453,0.906000018119812
2020-11-17,23.09423065185547,23.481449660004774,22.57513542677841,23.42327017279654,9009000,22.43576011657715,19.58975534439087,13.423638117313383,62.15464163661623,-559.8609356245456,-27.74302213666987,22.709999084472656,0.871999979019165
2020-11-18,22.604223251342773,23.71223014710433,22.56673033997785,23.19313494486075,10455000,22.53414878845215,19.770210361480714,13.441593697071074,59.9608415772202,-528.8074617662274,16.05061605061604,23.84000015258789,0.8820000290870667
2020-11-19,23.653398513793945,23.665680990785354,21.992684078483478,22.528585509461195,8220000,23.013551330566408,19.99979467391968,13.46473387956619,62.974246343356334,-511.68977909241823,-21.377331420373025,23.110000610351562,0.8539999723434448
2020-11-20,23.26941680908203,24.220982591839935,23.18279397452729,23.631425390061146,11338500,23.258424758911133,20.224143218994143,13.492666141986845,61.160036821365985,-504.55369604028704,37.93795620437956,23.700000762939453,0.8289999961853027
2020-11-23,24.322471618652344,24.52480979044329,23.353452249245905,23.6928359612604,11436000,23.388748168945312,20.561134719848635,13.521859066486359,64.20558102667243,-517.0473906316931,0.8599021034528365,22.65999984741211,0.8569999933242798
2020-11-24,24.715511322021484,24.791146316427405,23.571951635235205,24.758822736595338,9943500,23.713004302978515,20.926860809326175,13.547470066547396,65.29927245694945,-539.2479211239213,-13.05089192025184,21.639999389648438,0.8820000290870667
2020-11-25,24.451112747192383,25.076871812960498,24.156335119948512,24.597209690460332,6964500,24.082382202148438,21.365958118438726,13.56745434999466,63.885150759586736,-611.3643946449995,-29.959269874792582,21.25,0.878000020980835
2020-11-27,25.292781829833984,25.79830167263396,24.9404702186445,24.941115691408594,8937000,24.410258865356447,21.78475694656372,13.591421091556551,66.38106330814162,-682.9235409825363,28.322205470600913,20.84000015258789,0.8420000076293945
2020-11-30,26.243703842163086,26.327095600295706,24.50218305694725,25.440173419259526,10632000,25.005116271972657,22.292280673980713,13.620800745487214,68.98872579337329,-783.2126947608123,18.966096005370936,20.56999969482422,0.843999981880188
2020-12-01,27.63614845275879,28.05504370050434,26.698156154412143,26.904372714945765,12735000,25.667851638793945,22.856465148925782,13.661373140811921,72.36851311499913,-876.6552821855188,19.779909706546285,20.770000457763672,0.9340000152587891
2020-12-02,27.846242904663086,28.219241165509718,27.215314411871788,27.3627023232005,7210500,26.293997955322265,23.382509422302245,13.695412714481355,72.84932123270265,-926.5938046197396,-43.38044758539458,21.170000076293945,0.9480000138282776
2020-12-03,27.888261795043945,28.78552641259921,27.76543700132038,28.344649950418173,7801500,26.981427764892576,23.819861412048343,13.734364016056062,72.95069796265544,-898.3570689104714,8.196380278760152,21.280000686645508,0.9200000166893005
2020-12-04,30.209638595581055,30.247131501099442,28.09964358997942,28.348524204467022,10473000,27.964799118041988,24.24706411361695,13.793944733142855,77.86741737640513,-805.5670305046114,34.24341472793693,20.790000915527344,0.968999981880188
2020-12-07,30.604618072509766,30.773339856947512,29.757128915478447,30.773339856947512,8889000,28.836981964111327,24.638292312622074,13.868550059795378,78.58082170682789,-709.9379120859663,-15.1246061300487,21.299999237060547,0.9279999732971191
2020-12-08,30.99054527282715,31.294376178866084,30.099744675242384,30.496662381290122,6286500,29.507861328125,25.092322444915773,13.952287533283235,79.28346719361355,-630.9132533345495,-29.277759028012152,20.68000030517578,0.9129999876022339
2020-12-09,28.34012794494629,31.185773862774102,27.74992342361601,30.647934024655388,19231500,29.606638336181643,25.512350177764894,14.022175948619845,63.80345757985591,-636.3828387520233,205.91744213791458,22.270000457763672,0.9409999847412109
2020-12-10,28.285179138183594,28.9174022727257,27.280605066979394,27.75186316610841,11490000,29.68602180480957,25.820995140075684,14.101925437450411,63.52652606231148,-648.5044213586433,-40.25427033772717,22.520000457763672,0.9079999923706055
2020-12-11,27.309045791625977,27.983932955480167,26.43957723448815,27.551462455572377,13248000,29.105903244018556,26.12362813949585,14.172318475246433,58.655996792760476,-687.1698026818286,15.300261096605738,23.309999465942383,0.8930000066757202
2020-12-14,28.33753776550293,28.782936193726307,27.926397482656558,28.109341860355205,10854000,28.652487182617186,26.438252544403078,14.241303298473362,61.96488591851753,-719.707733954742,-18.07065217391305,24.719999313354492,0.8920000195503235
2020-12-15,29.519243240356445,29.756486907336278,28.84823436812138,29.36280390633587,7351500,28.358226776123047,26.730671977996828,14.323557302951816,65.39207649962783,-738.2336345971901,-32.26920950801547,22.889999389648438,0.9229999780654907
2020-12-16,29.453948974609375,29.79009976871903,28.795220811191694,29.77846276247133,6372000,28.580990982055663,27.048657894134525,14.395920193195346,65.04333245938369,-785.3528003114272,-13.323811467047541,22.5,0.9200000166893005
2020-12-17,29.611682891845703,30.050619253453966,29.265189715037657,29.981448233076474,6106500,28.84629173278809,27.39903087615967,14.475790226459507,65.52170058343444,-860.0954620332251,-4.1666666666666625,21.93000030517578,0.9300000071525574
2020-12-18,29.225107192993164,29.930377823593297,28.66076048424907,29.801089058338604,8797500,29.229504013061522,27.67761631011963,14.557825582027439,63.23766848805201,-962.2297004422564,44.06779661016949,21.56999969482422,0.9480000138282776
2020-12-21,28.649770736694336,28.793282098079054,27.312278879248602,28.12033319791799,11620500,29.291950607299803,27.946634006500247,14.653222215175632,59.891452899953045,-1114.8563787737219,32.08866155157715,25.15999984741211,0.9409999847412109
2020-12-22,28.543807983398438,28.91943690179167,27.88565321679986,28.803062688320242,6235500,29.0968635559082,28.157700824737553,14.738953568935397,59.2694038216833,-1308.037047786403,-46.34051891054602,24.229999542236328,0.9179999828338623
2020-12-23,27.950952529907227,28.898748995663105,27.913453451542754,28.728067426281086,4338000,28.796264266967775,28.319472885131837,14.831388547420504,55.77873436321556,-1585.791212331715,-30.430598989655998,23.309999465942383,0.9549999833106995
2020-12-24,28.75780487060547,28.7642714403435,28.152017135464146,28.28520146637018,2637000,28.62548866271973,28.53480749130249,14.942249920368196,59.292572506271455,-1890.2638802352292,-39.211618257261414,21.530000686645508,0.9279999732971191
2020-12-28,28.594234466552734,29.804518801725777,28.480447998992144,29.696549657145844,7542000,28.499314117431645,28.699880123138424,15.043296744823458,58.281512926779214,-2175.2825499314968,186.00682593856655,21.700000762939453,0.9330000281333923
2020-12-29,28.374422073364258,28.96404712349866,27.42921150147639,28.96404712349866,7833000,28.44424438476563,28.806416034698483,15.159424359798432,56.877884921349185,-2526.302302332683,3.858392999204452,23.079999923706055,0.9350000023841858
2020-12-30,29.841371536254883,29.957743895863462,28.705437912683312,28.775262438271643,7807500,28.703757095336915,28.916677188873287,15.280327763557436,63.240535143772,-2633.932089323769,-0.3255457679050222,22.770000457763672,0.9259999990463257
2020-12-31,30.158817291259766,30.240923873362973,29.26532809696699,29.844609649833064,5871000,29.14533004760742,29.032305908203124,15.410146770477297,64.462514163126,-2694.425569080971,-24.803073967339095,22.75,0.9169999957084656
2021-01-04,29.74245262145996,32.63756508700356,29.02611170758869,30.714818642303776,17731500,29.34225959777832,29.125015449523932,15.536293070316317,61.571416616550614,-2622.6363451986886,202.01839550332141,26.969999313354492,0.9169999957084656
2021-01-05,31.465429306030273,31.522969945199126,29.523934004276217,29.523934004276217,8538000,29.916498565673827,29.18780498504639,15.672983963489536,67.9726876247813,-2409.442166089909,-51.84840538025548,25.34000015258789,0.9549999833106995
2021-01-06,31.233966827392578,33.128268207252475,30.338539438167658,30.57516479903705,16782000,30.488407516479494,29.21927242279053,15.806597509384156,66.37316549866843,-2243.903477359031,96.5565706254392,25.06999969482422,1.0420000553131104
2021-01-07,34.6760368347168,35.029681953435215,32.59941730805578,32.62915686670819,10443000,31.455340576171878,29.403547000885013,15.94969416856766,75.57715086602303,-1857.2308394770541,-37.7726135144798,22.3700008392334,1.0709999799728394
2021-01-08,34.70512771606445,36.79532400106222,33.582771093657506,36.373791021192275,13090500,32.364602661132814,29.721796989440918,16.094121906757355,75.63784232058401,-1394.7035708165092,25.351910370583177,21.559999465942383,1.1050000190734863
2021-01-11,35.96906661987305,36.72937296616372,33.87822324272129,33.908610192611725,9625500,33.60992546081543,30.10599136352539,16.23905104875565,78.17548100468997,-1124.5641822044788,-26.469577174286695,24.079999923706055,1.1319999694824219
2021-01-12,36.67573547363281,37.58732603112125,35.59669474065118,36.52703391711716,10501500,34.65198669433594,30.574325847625733,16.39288923740387,79.46347976758867,-950.6649160607454,9.100825931120472,23.329999923706055,1.1380000114440918
2021-01-13,36.773345947265625,37.7567010383991,36.26970820769242,37.453482559727306,6897000,35.75986251831055,30.996116256713865,16.544036576747896,79.64219716124572,-818.1354753497332,-34.3236680474218,22.209999084472656,1.0880000591278076
2021-01-14,39.166114807128906,40.35506478539008,38.03470916582965,38.03470916582965,11373000,36.65787811279297,31.478459835052487,16.70926056623459,83.4453870338656,-685.0458333285128,64.89778164419313,23.25,1.128999948501587
2021-01-15,36.680885314941406,39.09498313047403,35.98393504660369,38.97731970928584,16302000,37.05302963256836,31.839806652069093,16.867010898590088,69.02233459043075,-628.8849122287519,43.33948826167238,24.34000015258789,1.097000002861023
2021-01-19,40.40742492675781,40.53220233097188,38.220248572532924,38.3198144967233,13351500,37.94070129394532,32.379593753814696,17.0410452914238,75.78190084168993,-563.8035127768042,-18.099006256900996,23.239999771118164,1.0920000076293945
2021-01-20,40.07059097290039,42.206042427165336,39.71371253505297,41.858863843820764,11220000,38.61967239379883,32.92186794281006,17.215059270858767,74.20573319232716,-522.9050446456796,-15.96449837096955,21.579999923706055,1.090000033378601
2021-01-21,41.854339599609375,42.20475146891772,39.855300204094725,41.10760987513688,11056500,39.63587112426758,33.582096385955815,17.389912290573122,76.9408883010342,-506.9977500942105,-1.4572192513368942,21.31999969482422,1.1089999675750732
2021-01-22,39.55725860595703,41.19230565442209,39.54173957802941,40.7306894866422,12573000,39.7140998840332,34.132768917083744,17.553712809085848,67.07677036484694,-515.3848118190007,13.715913715913718,21.90999984741211,1.090999960899353
2021-01-25,39.727291107177734,40.86645805120727,37.45995186779973,40.7436191180126,12499500,40.32338104248047,34.721585845947274,17.714958448410037,67.40983455665618,-537.6689105486419,-0.5845860176568851,23.190000534057617,1.0399999618530273
2021-01-26,37.87501907348633,39.80617088900648,37.821359114626595,39.80617088900648,7641000,39.81689987182617,35.17744655609131,17.869394743442538,60.25829034761709,-577.45404390767,-38.86955478219129,23.020000457763672,1.0399999618530273
2021-01-27,32.142333984375,35.928995334980414,31.555292989810972,35.752496448188026,25056000,38.231248474121095,35.354851531982426,17.993907682895664,44.51699663379133,-626.9760266781956,227.91519434628978,37.209999084472656,1.0140000581741333
2021-01-28,34.07218933105469,35.47125832367378,33.1405556640639,33.94288753212976,16110000,36.67481842041016,35.63973989486694,18.123262784481053,49.31695702626914,-694.9860919792958,-35.70402298850575,30.209999084472656,1.0570000410079956
2021-01-29,32.3912467956543,34.73876006592656,31.906357549871164,34.26938615138744,15256500,35.241616058349614,35.76723365783692,18.247540681362157,45.6152618195927,-741.4392654873634,-5.297951582867788,33.09000015258789,1.093000054359436
2021-02-01,36.219276428222656,36.39318940640215,33.58988355483433,34.025637095489984,13749000,34.5400131225586,36.070256614685064,18.38818687200547,54.070127821878344,-821.4772345271932,-9.88103431324353,30.239999771118164,1.0770000219345093
2021-02-02,37.86790466308594,37.97651936283027,36.33436202725777,37.950013084776174,10789500,34.53859024047852,36.47652921676636,18.536026275157933,57.15914247263182,-914.529893439029,-21.525201832860574,25.559999465942383,1.1050000190734863
2021-02-03,35.52556610107422,38.59394236760116,35.466086976896065,38.273917451860406,14184000,35.21523666381836,36.67953605651855,18.674832139015198,51.825990486743116,-1048.893048001357,31.461142777700534,22.90999984741211,1.13100004196167
2021-02-04,36.40354537963867,36.4707858844149,34.45558322102452,35.23851928780662,8400000,35.68150787353515,36.93801498413086,18.823481130599976,53.574523773734796,-1164.5978600227263,-40.77834179357021,21.770000457763672,1.1390000581741333
2021-02-05,35.61284637451172,37.174833732422705,35.479663891973566,37.174833732422705,8242500,36.32582778930664,36.98485546112061,18.962587711811068,51.75270256389227,-1222.2889769257768,-1.8750000000000044,20.8700008392334,1.1699999570846558
2021-02-08,38.92043685913086,38.92043685913086,36.313672850218865,36.32919187902832,17278500,36.86605987548828,37.195620918273924,19.119220805168155,58.1619123215546,-1261.9307329728472,109.62693357597817,21.239999771118164,1.159999966621399
2021-02-09,38.4245491027832,39.31480467964148,37.863367128565606,38.43876963417114,8659500,36.97738876342773,37.31839504241943,19.270957989692693,56.9406464462355,-1282.145136662051,-49.88280232659085,21.6299991607666,1.156999945640564
2021-02-10,38.78789520263672,40.06347776797272,37.21685553473863,39.43764852849124,15432000,37.62985458374024,37.42400302886963,19.422880449295047,57.64246369414537,-1267.5319473362065,78.2089035163693,21.989999771118164,1.1330000162124634
2021-02-11,42.82993698120117,42.82993698120117,39.64906511657785,39.64906511657785,20781000,38.91513290405273,37.72683258056641,19.595668921470644,64.56218291392858,-1170.6499563930977,34.661741835147744,21.25,1.1579999923706055
2021-02-12,44.3886833190918,44.62272278881612,41.70433968314491,42.17370971665864,15841500,40.670300292968754,37.987961006164554,19.770316538810732,66.81370339856133,-1069.9654665110286,-23.76930850295943,19.969999313354492,1.2000000476837158
2021-02-16,45.17421340942383,46.406479689263854,44.426188881957636,45.90607151246567,14367000,41.92105560302735,38.41262741088867,19.953863677978518,67.91986158239331,-955.0830091453022,-9.307830697850584,21.459999084472656,1.2990000247955322
2021-02-17,42.68058776855469,44.35895114180802,40.86516493405595,43.73699884232623,19341000,42.772263336181645,38.526285552978514,20.131374790668488,60.972131517107265,-912.3492799609367,34.62100647316768,21.5,1.3009999990463257
2021-02-18,41.39530563354492,41.9584224624554,39.78094959133169,40.92787405066165,15594000,43.29374542236328,38.592521286010744,20.301451547145845,57.69612547831018,-907.681147980711,-19.373351946641847,22.489999771118164,1.2869999408721924
2021-02-19,44.41455841064453,45.112152638068146,42.886831158933006,43.29543480011032,23602500,43.610669708251955,38.720532226562504,20.484754059314728,62.75821161346901,-856.5075275243285,51.356290881108116,22.049999237060547,1.3450000286102295
2021-02-22,39.57341766357422,43.57795539756984,38.96568962672587,42.673475458727744,22419000,42.64761657714845,38.72134017944336,20.642506940364836,52.01137515599211,-849.957885555526,-5.014299332697803,23.450000762939453,1.3700000047683716
2021-02-23,38.77043914794922,39.51264069423508,34.00947224620006,37.33322573036851,27033000,41.366861724853514,38.67349758148193,20.79506900548935,50.46767041256359,-847.7733393405499,20.58075739328249,23.110000610351562,1.3619999885559082
2021-02-24,42.42326736450195,42.50860535103253,36.91621857175775,37.80453566373225,17964000,41.31539764404297,38.900909996032716,20.96228664636612,56.755576171881806,-815.2044092075265,-33.5478859172123,21.34000015258789,1.3890000581741333
2021-02-25,35.12407684326172,41.709519865070966,34.62431975586475,40.79598739316826,35817000,40.06115188598633,39.049997138977055,21.09313109636307,44.57784298939463,-870.5141431741472,99.38209752839012,28.889999389648438,1.5180000066757202
2021-02-26,37.540767669677734,38.500849895429795,34.721298614778256,36.79662375998773,29536500,38.68639373779297,39.223426055908206,21.23985493898392,48.51657494302189,-909.5665462664533,-17.534969427925283,27.950000762939453,1.4600000381469727
2021-03-01,41.27183151245117,41.27183151245117,38.35473838834671,39.365247393369515,24520500,39.02607650756836,39.667455291748055,21.407440590858464,53.9570005938881,-990.7494759943041,-16.982377736021537,23.350000381469727,1.4459999799728394
2021-03-02,37.38496017456055,41.69077905217412,37.28798380500099,41.64228716798298,19687700,38.74898071289063,39.72573947906495,21.552493734359743,48.23815578168234,-1062.5801094743363,-19.709222895128566,24.100000381469727,1.4149999618530273
2021-03-03,33.95193862915039,37.81165974302745,33.76768207322595,37.72437954297674,21749000,37.05471496582032,39.52994117736816,21.68300502300263,43.820435179957734,-1019.2168665469784,10.469988876303482,26.670000076293945,1.4700000286102295
2021-03-04,29.073955535888672,34.126500033448714,27.580497784963015,33.777382922383715,34294300,35.84469070434571,39.20736064910889,21.78363439559937,38.434324784135676,-909.5194153683462,57.68219228470275,28.56999969482422,1.5499999523162842
2021-03-05,31.760236740112305,31.963889278678973,26.891949626400965,31.24625546675538,30945800,34.68858451843262,38.975195217132566,21.898231453895573,42.61721128806478,-825.6283226377021,-9.76401326167905,24.65999984741211,1.5540000200271606
2021-03-08,26.68830108642578,31.934801900509882,26.668905075169082,31.721449476097046,28761200,31.771878433227535,38.52896795272827,21.98244204044342,37.444351650608205,-720.2135198177652,-7.059439406963142,25.469999313354492,1.5959999561309814
2021-03-09,31.46930694580078,32.08026831783696,29.093349342914003,29.42307411677679,19994900,30.588747787475583,38.15641145706177,22.094382681846618,44.306785568483846,-628.0713139263582,-30.479604467129327,24.030000686645508,1.5460000038146973
2021-03-10,29.791595458984375,33.15672625641479,29.694619086779955,33.15672625641479,19953500,29.75667915344238,37.72476377487183,22.197275714874273,42.54309102146609,-562.8989340446744,-0.2070527984636028,22.559999465942383,1.5199999809265137
2021-03-11,33.42825698852539,33.98103028725451,31.857213582169617,32.29361452837956,19094300,30.627539443969727,37.45678186416626,22.316924138069155,47.42822065631725,-531.5381871118279,-4.306011476683292,21.90999984741211,1.5269999504089355
2021-03-12,32.40998840332031,32.57485263492632,30.887438646492242,31.537190169312144,17047600,30.75748977661133,36.93578443527222,22.429452409744265,46.24266795735435,-516.0601420311972,-10.718905641997878,20.690000534057617,1.6349999904632568
2021-03-15,34.49501419067383,34.55320222106155,32.177244621684466,32.7785061380482,15325300,32.31883239746094,36.44110097885132,22.555655779838563,49.05103070126822,-522.3759153656526,-10.102888383115516,20.030000686645508,1.6069999933242798
2021-03-16,35.86239242553711,37.423735703214454,35.13505887626454,35.716927935328435,27404900,33.1974494934082,35.97550992965699,22.685181164741515,50.86394670167889,-570.3475780008893,78.82129550481882,19.790000915527344,1.621000051498413
2021-03-17,37.258880615234375,37.96682203170987,33.4670475995299,34.21377733656257,21743500,34.6909065246582,35.70442457199097,22.822306032180784,52.71450801630762,-612.0438390631446,-20.658349419264443,19.229999542236328,1.6410000324249268
2021-03-18,32.691226959228516,35.804214543311474,32.4390862185254,35.649050156860916,25749000,34.54350051879883,35.269220638275144,22.933426651954647,46.54040402273841,-637.9130011223822,18.42159725895096,21.579999923706055,1.7300000190734863
2021-03-19,33.699798583984375,34.57260060261453,31.401424867472873,32.98216095762059,20615000,34.801462554931646,34.733482646942136,23.045002698898312,47.98896746675915,-701.3443571060124,-19.938638393724027,20.950000762939453,1.7319999933242798
2021-03-22,35.881797790527344,37.04553251280497,34.54350267493754,34.85383144095682,23763800,35.078819274902344,34.5489016532898,23.16598974704742,51.07750559649664,-754.7103971216868,15.274314819306323,18.8799991607666,1.684000015258789
2021-03-23,33.015830993652344,36.38241865042889,32.51132767757841,36.25629189615765,26947000,34.509506988525395,34.26117124557495,23.26839227676391,47.119642832498094,-790.1913901689474,13.395164073085963,20.299999237060547,1.6380000114440918
2021-03-24,31.618751525878906,35.05325317747079,31.579942719406215,34.56815419959662,26195900,33.3814811706543,33.7209454536438,23.364190621376036,45.27780636369005,-884.1515167811857,-2.7873232641852486,21.200000762939453,1.6139999628067017
2021-03-25,31.83219337463379,32.19116554943387,29.202956190653392,30.008220346900888,30291400,33.20967445373535,33.556351280212404,23.4609495639801,45.627487037827756,-903.5289238922951,15.634125951007594,19.809999465942383,1.6139999628067017
2021-03-26,36.5667610168457,36.61527387729577,31.73517545674674,31.83219747663525,35670300,33.78306694030762,33.5076509475708,23.58080629348755,52.828207430831554,-937.5801696652965,17.757185207682703,18.860000610351562,1.659999966621399
2021-03-29,34.72338104248047,35.81000157011878,33.47182496007838,35.2957979072295,28422700,33.551383590698244,33.18022842407227,23.703463916778567,50.0490593708747,-1064.1428353216884,-20.31830402323501,20.739999771118164,1.7209999561309814
2021-03-30,34.461429595947266,34.71367941962717,33.25838258044533,34.07334895842761,17926000,33.84050331115723,33.0340518951416,23.822698969841007,49.64934482644919,-1185.9660614637573,-36.930692720958945,19.610000610351562,1.7259999513626099
2021-03-31,37.07126235961914,37.81831521674375,35.26669360098197,35.344311212584664,25362500,34.93100547790527,33.19001808166504,23.952653937339782,53.62336297101071,-1142.6056117440953,41.48443601472722,19.399999618530273,1.746000051498413
2021-04-01,41.146095275878906,41.17520003031301,38.856427501438134,38.856427501438134,27795500,36.793785858154294,33.793625068664554,24.10004646778107,59.056951038511535,-1062.8798054576798,9.592902907836365,17.329999923706055,1.6790000200271606
2021-04-05,43.658905029296875,43.94996365595661,41.63119129211797,43.202910836889515,26445800,38.212214660644534,34.38855848312378,24.25838775634766,62.01265469535243,-921.5014564351186,-4.855821985573206,17.90999984741211,1.7200000286102295
2021-04-06,42.087181091308594,43.62979572269367,40.816220656314826,42.80512538206015,17961500,39.684974670410156,35.158502483367926,24.40914825439453,59.13697092885775,-864.5927627686153,-32.08184286351708,18.1200008392334,1.656000018119812
2021-04-07,42.087181091308594,42.68870268375114,41.07817450326824,42.679002334313246,12421800,41.21012496948242,35.68939619064331,24.561110534667964,59.13697092885776,-796.2205543548722,-30.842078890961222,17.15999984741211,1.652999997138977
2021-04-08,43.455169677734375,43.658910371223946,42.30063167927008,43.41636086916159,12957100,42.486906433105474,36.37257490158081,24.71834914684295,60.96422597776303,-742.343060834032,4.30935935210679,16.950000762939453,1.6319999694824219
2021-04-09,43.15439224243164,43.173796640099006,41.844626858473255,42.523765972789256,10748500,42.88856582641602,36.85888166427612,24.87355895519256,60.32549647000366,-679.7280087663319,-17.04548085605575,16.690000534057617,1.6660000085830688
2021-04-12,41.805824279785156,42.48496349509112,40.55426820170844,42.417049943661624,14926000,42.51794967651367,37.32867345809937,25.02609529495239,57.42065569010646,-658.9369834920888,38.86588826347863,16.90999984741211,1.6749999523162842
2021-04-13,41.41774368286133,42.81483091498749,40.331123158660624,42.68870416186255,14056400,42.38406219482422,37.67480993270875,25.175301370620726,56.576368364713716,-641.2361295239183,-5.826075304837197,16.649999618530273,1.6230000257492065
2021-04-14,40.04005432128906,42.17448972419447,39.41912846611877,41.12667456783708,12838600,41.97463684082032,37.88369302749634,25.321083950996396,53.56530586655157,-626.820887998742,-8.663669218292025,16.989999771118164,1.6380000114440918
2021-04-15,42.174503326416016,42.358839592556635,40.37963501510602,41.08787902839731,13642000,41.71850357055664,38.12947416305542,25.475667324066162,57.35233882132159,-609.4998016764905,6.257691648622132,16.56999969482422,1.5299999713897705
2021-04-16,41.4759635925293,42.339439201475074,41.2140096941393,42.213312427951394,11016200,41.38281784057617,38.56871099472046,25.622213487625125,55.749867201477336,-628.9254594568888,-19.247910863509755,16.25,1.5729999542236328
2021-04-19,38.41982650756836,41.02966062590306,37.11006112474619,40.52515739002055,20268200,40.70561828613282,38.80471239089966,25.756022720336915,49.26443240906358,-692.5126777227586,83.98540331511775,17.290000915527344,1.6009999513626099
2021-04-20,36.58616256713867,38.35192248025411,35.936131739139746,37.84741911921951,13892000,39.73930206298828,38.839930629730226,25.878494815826418,45.82026352013257,-709.9020877047922,-31.459133026119734,18.68000030517578,1.562000036239624
2021-04-21,39.53555679321289,39.5549611915885,36.22718274088875,36.79959953943213,15160200,39.638402557373055,39.16591691970825,26.010865535736087,51.67275461908521,-773.383793069378,9.128995105096461,17.5,1.5640000104904175
2021-04-22,36.848114013671875,39.399735403404065,36.15927442626859,39.16688629023379,20962100,38.573124694824216,39.427385044097896,26.132213525772094,46.720505428960486,-851.3832274508183,38.270603290194074,18.709999084472656,1.5540000200271606
2021-04-23,38.95344543457031,39.360926757979115,37.15857717871565,37.177981579974805,13212600,38.06862106323243,39.783447647094725,26.26148623466491,50.70615829878745,-1003.3388987085225,-36.96910137820161,17.329999923706055,1.5670000314712524
2021-04-26,40.952049255371094,41.19459871132711,38.807912952962546,38.89523090514715,13528500,38.575065612792976,40.002712059020986,26.39814678192138,54.208175291375674,-1120.841881955366,2.3908995958403345,17.639999389648438,1.5700000524520874
2021-04-27,40.10797882080078,41.63118913227272,39.73930260561955,41.505062376892894,12557200,39.27942886352539,40.27194194793701,26.531265754699703,52.511432142149964,-1313.907295040374,-7.179657759544666,17.559999465942383,1.621999979019165
2021-04-28,38.24518966674805,39.477341128954166,38.13847103387283,39.467640780878355,12753600,39.021355438232426,40.46112995147705,26.658435521125792,48.87552762214258,-1556.5055593218804,1.564042939508803,17.280000686645508,1.6200000047683716
2021-04-29,39.10868835449219,39.991568513822976,37.33322398186409,39.97216410690215,14812500,39.473470306396486,40.563001251220705,26.786528949737544,50.58362321221863,-1683.2644638829547,16.143677079412868,17.610000610351562,1.6399999856948853
2021-04-30,35.80030059814453,38.00264636557118,35.47043319536069,37.207084459035606,19385800,38.84284133911133,40.295711517333984,26.89875597000122,44.45524268071287,-1461.6074905105174,30.874599156118144,18.610000610351562,1.63100004196167
2021-05-03,34.54874801635742,36.66377974700015,34.03454431062702,36.59586618967769,13899900,37.562181091308595,39.84020366668701,27.005539751052854,42.364249179087594,-1328.8249596647215,-28.29854842204087,18.309999465942383,1.6069999933242798
2021-05-04,32.95761489868164,33.423309320115074,31.046324370311076,33.38450052640972,24428000,36.13210830688477,39.38372535705567,27.103146090507508,39.801138883349715,-1160.4479042120813,75.74227152713328,19.479999542236328,1.5920000076293945
2021-05-05,33.52033615112305,34.72338315569659,32.744178584145544,34.02483949491123,16034800,35.18713760375977,38.95538311004639,27.199425554275518,41.15705757753793,-1088.5056499011332,-34.35893237268708,19.149999618530273,1.5839999914169312
2021-05-06,34.34500503540039,34.34500503540039,32.171760244153525,33.18076688655425,15387300,34.23440093994141,38.49987487792969,27.30133780956269,43.17700680968274,-1051.1764948830798,-4.038092149574679,18.389999389648438,1.5609999895095825
2021-05-07,35.82940673828125,36.43092836634054,34.83980449153213,35.421921718555815,16784600,34.24022216796875,38.13362560272217,27.409834933280948,46.72226864472191,-1042.4087861360845,9.080865388989622,16.690000534057617,1.5770000219345093
2021-05-10,30.978418350219727,34.9271233933291,30.92990734631453,34.9271233933291,25439800,33.526156234741215,37.59225530624389,27.497367515563965,38.31021120457796,-963.3286938708366,51.566316742728446,19.65999984741211,1.6019999980926514
2021-05-11,31.153053283691406,31.347093592199624,27.83497659163844,28.155141805323133,29951300,33.16524391174316,37.0790207862854,27.58898286819458,38.7378294808348,-870.9640721298243,17.734023066219073,21.84000015258789,1.6239999532699585
2021-05-12,27.291662216186523,29.64924307266175,26.98119922859405,29.202952990623917,34045700,31.91950912475586,36.44160118103028,27.655214681625367,33.24965981181163,-762.0237273949223,13.670191277173283,27.59000015258789,1.6950000524520874
2021-05-13,28.455902099609375,29.591033627538447,27.456597674858067,28.649942404582315,25520000,30.741688537597653,35.75567111968994,27.731421103477476,36.18525813935586,-699.6440102710131,-25.041928936693914,23.1299991607666,1.6679999828338623
2021-05-14,30.978418350219727,31.706066754247416,28.69845298083185,29.581332896345,21881300,29.77149085998535,35.230793857574454,27.81596063137054,42.124290101732555,-682.1015513721524,-14.258228840125387,18.809999465942383,1.6349999904632568
2021-05-17,30.173152923583984,30.173152923583984,28.552922471289925,30.05672836960536,19224800,29.610437774658205,34.81846017837525,27.892355980873102,40.81830163846336,-646.9238865227964,-12.140503534981928,19.719999313354492,1.6399999856948853
2021-05-18,29.387296676635742,31.123951888458002,29.319381265981566,30.76497598366025,15262600,29.257286453247072,34.45851688385011,27.966079382896417,39.53027363326149,-614.8501836777924,-20.609837293495904,21.34000015258789,1.6419999599456787
2021-05-19,31.09484100341797,31.211263711572734,27.378983234128818,27.61183050094393,29208700,30.01792221069336,34.03648109436036,28.04398347854614,43.68825840577689,-609.9315682485353,91.37433988966492,22.18000030517578,1.6829999685287476
2021-05-20,33.6076545715332,33.937522004667656,31.696363529459045,31.773981137731276,28593200,31.048272705078126,33.87445812225342,28.13111922264099,49.221707849307414,-634.9643970839392,-2.1072488676319057,20.670000076293945,1.6339999437332153
2021-05-21,33.12255859375,34.28679691517945,32.80239518343857,34.24798810756243,25100300,31.477100753784182,33.5829137802124,28.215987873077392,48.23628433292037,-687.281233800666,-12.215841528755089,20.149999618530273,1.6319999694824219
2021-05-24,35.44132614135742,36.03314741976791,33.869606666619354,33.95692462082764,21577500,32.530735397338866,33.30737762451172,28.312744493484498,53.072522470545834,-748.7928792588115,-14.034892013242873,18.399999618530273,1.6080000400543213
2021-05-25,35.839107513427734,36.6249691101418,35.15997197418101,36.217487786593765,19468200,33.82109756469727,33.093934059143066,28.414224486351014,53.86877195061636,-810.2471872285125,-9.77546054918318,18.84000015258789,1.5640000104904175
2021-05-26,36.07196044921875,36.557059429223294,35.111462840364695,35.92642927481278,13436700,34.816521453857426,32.9852725982666,28.516820249557497,54.35699484599115,-848.1141445554647,-30.981292569420905,17.360000610351562,1.5740000009536743
2021-05-27,36.731689453125,37.11976635413455,35.61596049807437,35.78089604928688,16449400,35.44132843017579,32.86642265319824,28.625290746688847,55.784781902438745,-883.1518479563905,22.421427880357527,16.739999771118164,1.6100000143051147
2021-05-28,37.624271392822266,38.09966996718776,36.751095549493094,36.935431808404445,15891400,36.341670989990234,32.95762119293213,28.730651054382328,57.71218119682426,-865.3999220657623,-3.39222099286296,16.760000228881836,1.5809999704360962
2021-06-01,37.197383880615234,39.331819785440906,36.61526667975865,38.34221758317598,18159400,36.6928825378418,33.09005298614502,28.83658554077149,56.44489520636175,-826.5666475454307,14.271870319795621,17.899999618530273,1.6150000095367432
2021-06-02,38.02204895019531,38.40042918612263,36.78019699949258,37.12946878588041,12370500,37.12947082519531,33.343274688720705,28.946924543380742,58.347703052788255,-777.0012842265095,-31.878255889511763,17.479999542236328,1.590999960899353
2021-06-03,36.01374816894531,37.13917768356824,35.43163085831716,36.70259155110293,16945800,37.117828369140625,33.46794528961181,29.044203147888187,52.34970958522288,-748.7498008345156,36.98557051048865,18.040000915527344,1.625
2021-06-04,38.55565643310547,38.79820584682377,36.91602002772314,36.945128474056375,15960500,37.48262176513672,33.67847785949707,29.155558509826662,58.20587411906642,-695.4766578522429,-5.8144200922942595,16.420000076293945,1.559999942779541
2021-06-07,37.750389099121094,38.264592651395,37.01304053923757,38.08995678439439,11453800,37.50784530639648,33.77452697753906,29.264468083381658,55.863580277044534,-674.977338374239,-28.236584066915192,16.420000076293945,1.569000005722046
2021-06-08,37.03245162963867,38.7788107898457,36.18838050287943,38.6138752242656,13475800,37.47485885620118,34.07722864151001,29.37186630249024,53.785460048671744,-661.280856977817,17.653529832893877,17.06999969482422,1.527999997138977
2021-06-09,36.576454162597656,37.73098809741293,36.49883656983166,37.4108247797795,11721000,37.185739898681646,34.34839868545533,29.475271444320683,52.450848388941175,-693.2926126180948,-13.02186141082533,17.889999389648438,1.4889999628067017
2021-06-10,37.87652587890625,38.196689252713405,36.40182466670579,36.673478887028374,17601900,37.55829544067383,34.87764186859131,29.582979040145876,55.81700805543871,-780.4496410050853,50.17404658305604,16.100000381469727,1.4589999914169312
2021-06-11,38.313114166259766,38.313114166259766,37.42053023274974,37.88622474983761,7971500,37.509786987304686,35.370502471923835,29.69023856163025,56.919962229331254,-899.85429273482,-54.71227537936245,15.649999618530273,1.4620000123977661
2021-06-14,39.943050384521484,39.943050384521484,37.89593568769425,38.62358419682116,18513300,37.94831924438477,35.81873407363892,29.804697484970095,60.84934710255752,-998.317751245779,132.2436178887286,16.389999389648438,1.5010000467300415
2021-06-15,38.846717834472656,40.36022391827639,38.55565925689583,39.58406647773465,13301400,38.31117248535157,36.25241231918335,29.916997470855712,57.07818639194722,-1178.2720526002597,-28.152193288068585,17.020000457763672,1.4989999532699585
2021-06-16,38.01234817504883,39.67138544078878,36.935428079424774,39.283308561048415,18089300,38.5983512878418,36.683664894104,30.02048412322998,54.31905609193396,-1438.748027455882,35.99545912460342,18.149999618530273,1.569000005722046
2021-06-17,39.10868835449219,39.943055646014805,37.49815959018506,37.53696470301453,18466200,38.844783782958984,37.084357261657715,30.129694900512693,57.243704259951166,-1852.601936913967,2.0835521551414438,17.75,1.5110000371932983
2021-06-18,36.207786560058594,38.40043596099784,35.654774034381745,38.11907767221169,21346600,38.423718261718754,37.21436386108398,30.21953990936279,48.41166556703301,-2250.652453347847,15.598228114067858,20.700000762939453,1.4500000476837158
2021-06-21,36.98394775390625,37.02275656323007,35.4995459568819,36.43093517458299,12722000,37.8318977355957,37.407433319091794,30.305084962844845,50.60749144710246,-2732.3113041755128,-40.40268707897277,17.889999389648438,1.4839999675750732
2021-06-22,37.44963455200195,37.672783308566586,36.28540012320226,36.770499035539125,10500400,37.55248107910156,37.50784873962402,30.409917926788328,51.92955170235137,-3130.837940268937,-17.462663103285646,16.65999984741211,1.472000002861023
2021-06-23,37.88623046875,38.448947074971606,37.4496406365111,37.4496406365111,8615400,37.5272575378418,37.61020488739014,30.519219064712523,53.19445662838673,-3417.611690308342,-17.951697078206543,16.31999969482422,1.4869999885559082
2021-06-24,39.8557243347168,40.00125177291605,38.691486324069736,38.691486324069736,12716800,37.676664733886724,37.79939308166504,30.64977740764618,58.49954059521176,-3407.513231512479,47.60545070455231,15.970000267028809,1.4869999885559082
2021-06-25,39.448246002197266,40.447548643125636,39.08927381970058,39.94304529693534,9244100,38.32475662231445,37.935220909118655,30.772616109848027,57.0585851892898,-3199.954820881233,-27.3079705586311,15.619999885559082,1.5360000133514404
2021-06-28,42.3491325378418,42.76631785923074,40.21469678443549,40.26320593089709,18209300,39.39779357910157,38.171463966369636,30.913049259185797,63.87976578926457,-2546.3336643653156,96.98294047013772,15.760000228881836,1.4780000448226929
2021-06-29,43.309635162353516,43.35814431882968,41.602088427717284,42.01927383523282,13090200,40.569793701171875,38.47707653045655,31.058533792495734,65.81600289654362,-1986.5186650753535,-28.11255786878134,16.020000457763672,1.4800000190734863
2021-06-30,43.21261978149414,43.396956069015836,42.36854485728823,43.047684197070176,9830900,41.63507156372071,38.73660507202149,31.19904046058655,65.43446187610942,-1657.9091239584511,-24.898779239431022,15.829999923706055,1.4429999589920044
2021-07-01,41.30131530761719,43.04767040689492,40.874429656996995,42.83422943209006,11578200,41.924189758300784,39.00098342895508,31.32610546588898,58.26786750250958,-1598.4811965000847,17.773550743065236,15.479999542236328,1.4800000190734863
2021-07-02,42.028968811035156,42.3976450149245,40.9908574509615,42.27151826340771,10933300,42.44033432006836,39.17464904785156,31.459200601577763,60.061278699499034,-1486.4044058201462,-5.569950424072823,15.069999694824219,1.430999994277954
2021-07-06,41.75732421875,42.8245405743945,40.12739122761209,42.33944155800849,10020300,42.321972656250004,39.374995803833,31.591289825439453,59.04121865909629,-1443.9660078723678,-8.350635215351264,16.440000534057617,1.3700000047683716
2021-07-07,40.010963439941406,42.60139008335645,39.47735162859106,42.49466772108638,10623800,41.66223831176758,39.52392139434814,31.718222069740296,52.829327575142166,-1458.9735104358529,6.022773769248424,16.200000762939453,1.3209999799728394
2021-07-08,38.594482421875,39.17660355056987,36.634681653859055,37.401139104417176,14764300,40.73861083984375,39.62482280731201,31.838424234390256,48.38279999186939,-1511.5349752717375,38.9738135130556,19.0,1.2879999876022339
2021-07-09,40.52516174316406,40.69009358939463,38.080262891726804,38.98254712384094,9799600,40.583380126953124,39.7572546005249,31.965642299652096,54.0586828026679,-1588.5312395811966,-33.626382557926895,16.18000030517578,1.3559999465942383
2021-07-12,42.03867721557617,42.03867721557617,40.563975948297234,40.90354373638294,9021800,40.585321807861334,39.94353275299072,32.10604230880737,57.961248234000024,-1561.9864044706944,-7.937058655455321,16.170000076293945,1.3630000352859497
2021-07-13,41.34983444213867,42.0289737284436,40.84533107805533,41.47596120841235,9289300,40.503823852539064,40.013871955871586,32.24095857620239,55.64445862399843,-1505.7668299514153,2.9650402358731176,17.1200008392334,1.4149999618530273
2021-07-14,40.90354537963867,43.45516702165708,40.612486735156345,42.242419585471154,15361500,40.68234024047852,40.11671333312989,32.37054369926452,54.13470709334177,-1461.6111631398035,65.3676810954539,16.329999923706055,1.3559999465942383
2021-07-15,38.24518966674805,40.55426111487504,37.40111874576019,40.54456076679923,14968000,40.612481689453126,40.12835540771484,32.480718460083004,46.10951172927668,-1488.2003911156296,-2.5615988022003044,17.010000228881836,1.2970000505447388
2021-07-16,35.66447448730469,39.24450723862654,35.49954261472386,38.83702218111326,14425600,39.640344238281244,39.956144714355474,32.577314100265504,39.92215118220255,-1401.9995454366642,-3.623730625334043,18.450000762939453,1.2999999523162842
2021-07-19,35.742088317871094,35.82940627088669,33.67556589717598,34.16066481370462,17527800,38.38102645874024,39.93285980224609,32.674187889099116,40.18212499679407,-1338.6586464505233,21.50482475598936,22.5,1.180999994277954
2021-07-20,37.197383880615234,37.915331882615206,34.78158972493749,36.13016777870785,12487200,37.55053634643555,39.94353160858155,32.77325711250305,44.98898690996146,-1341.9416313447762,-28.7577448396262,19.729999542236328,1.2089999914169312
2021-07-21,40.602779388427734,40.602779388427734,37.44963631020301,37.51754986503773,12599700,37.49038314819337,40.10118885040284,32.89710097312927,54.25291417090175,-1435.6206055891594,0.9009225446857672,17.90999984741211,1.2799999713897705
2021-07-22,39.5258674621582,40.37963902260579,38.71090100826798,39.68109899142245,8148900,37.74651870727539,40.18317070007324,33.007832021713256,51.31021005257508,-1507.5417681633915,-35.324650586918736,17.690000534057617,1.2649999856948853
2021-07-23,40.31171798706055,40.36993118762269,38.75940298217922,40.05946818664642,8740400,38.675967407226565,40.20597038269043,33.12397589683533,53.30078067732392,-1521.291633501878,7.258648406533408,17.200000762939453,1.2860000133514404
2021-07-26,40.214698791503906,40.544566185321,39.37062775771136,39.37062775771136,7703500,39.570489501953126,40.24429302215576,33.23448253631592,53.01262881174306,-1539.4108411803265,-11.86330145073452,17.579999923706055,1.2760000228881836
2021-07-27,37.98324203491211,39.632575190135924,35.61595724090138,39.58406604457238,17917400,39.7276611328125,40.02599849700927,33.33068693161011,46.75218315035277,-1507.9283405089384,132.58778477315505,19.360000610351562,1.2339999675750732
2021-07-28,39.9527473449707,40.263210357671866,37.85712015873232,38.36162347962448,12983000,39.59765472412109,39.858154106140134,33.43182265281678,52.125956932658916,-1616.0439063809445,-27.53971000256734,18.309999465942383,1.2610000371932983
2021-07-29,42.15509796142578,42.38794337638759,40.00125751746778,40.00125751746778,15318400,40.12350082397461,39.80527801513672,33.539687414169315,57.31371719917727,-1682.4664845945238,17.98813833474544,17.700000762939453,1.2690000534057617
2021-07-30,43.067081451416016,43.17380380579435,40.816222762565594,40.9326454668824,13599200,40.674573516845705,39.89356632232666,33.652234916687014,59.28141184064707,-1652.5578223255995,-11.223104240651761,18.239999771118164,1.2389999628067017
2021-08-02,43.86264419555664,45.49257689023923,43.54248082749994,43.8432397943091,17018600,41.40416259765625,39.985250091552736,33.770389261245725,60.97155226230985,-1537.4737786489184,25.14412612506618,19.459999084472656,1.1740000247955322
2021-08-03,44.599998474121094,44.609698824638464,42.31033084685113,43.94026360860225,10801400,42.72751388549805,40.12738380432128,33.89302874565124,62.524181139481875,-1432.6953721023972,-36.53179462470474,18.040000915527344,1.1759999990463257
2021-08-04,46.19111633300781,46.715024016042605,44.677606482355344,44.78432882901178,13768900,43.975187683105474,40.436391448974604,34.02505566596984,65.69555610232776,-1229.333329339948,27.473290499379722,17.969999313354492,1.184000015258789
2021-08-05,45.76423263549805,46.75383492613674,45.055988620837375,46.73443052424054,8580700,44.697014617919926,40.794878959655755,34.15654170989989,64.1276019324468,-1119.6072388577525,-37.680569980172706,17.280000686645508,1.2170000076293945
2021-08-06,45.240333557128906,45.86125968195913,44.82314812306891,44.94927489874119,6202000,45.131665039062504,41.030637550353994,34.28571854591369,62.16660344286375,-1036.4485730449644,-27.72151456174904,16.149999618530273,1.2899999618530273
2021-08-09,44.774635314941406,45.86125594484851,44.18281399387239,45.502283752122395,5943700,45.314063262939456,41.16743545532226,34.41461610794067,60.39853009933684,-972.7365557060899,-4.164785553047401,16.719999313354492,1.3170000314712524
2021-08-10,43.12529754638672,45.182116065314155,42.2036087979533,44.988075744431654,9994500,45.01912307739258,41.256208610534664,34.53493403434753,54.48791086887929,-938.4786239991494,68.15283409324158,16.790000915527344,1.3420000076293945
2021-08-11,42.853633880615234,43.775322505676925,41.16549182722804,43.71711300791165,10016600,44.351626586914065,41.353713035583496,34.65528997421264,53.558218278107354,-924.2124561791527,0.2211216168892971,16.170000076293945,1.3289999961853027
2021-08-12,41.34983444213867,42.20360965066519,40.32142701240192,42.14539644292088,9746100,43.468746948242185,41.50894527435303,34.77412593841552,48.613524855766485,-974.2803470256458,-2.7005171415450335,15.59000015258789,1.3669999837875366
2021-08-13,42.184200286865234,42.300622987650215,41.02966622663777,41.23340687826422,7655800,42.857520294189456,41.83493156433106,34.8980419921875,51.300062530741606,-1069.9131096967376,-21.44755338032649,15.449999809265137,1.2970000505447388
2021-08-16,41.728214263916016,42.13569934758626,40.68040235064272,41.631195944524436,6658600,42.248236083984374,42.13423786163331,35.02833723068238,49.768692872264126,-1243.018987610433,-13.025418636850494,16.1200008392334,1.2569999694824219
2021-08-17,39.254207611083984,40.69980416449185,38.1675869588045,40.68039976164615,13983700,41.47401809692383,42.237079048156744,35.14002424240113,42.37725427213257,-1326.9626918569113,110.00961163007238,17.90999984741211,1.2580000162124634
2021-08-18,37.507850646972656,39.739305075640814,37.43023673953781,39.08927425945528,10760100,40.40486145019531,42.082332611083984,35.24709734916687,38.07826170657178,-1287.3648237438792,-23.052554045066753,21.56999969482422,1.2730000019073486
2021-08-19,38.44894027709961,39.06016223315686,36.03314609983741,37.04215271128087,14855300,39.824682617187506,42.028486251831055,35.357579755783085,41.52109326768628,-1238.9962247006847,38.05912584455535,21.670000076293945,1.2419999837875366
2021-08-20,39.225093841552734,39.535556813702186,37.84741116425529,38.7690997320161,10732300,39.232861328125004,41.974155044555665,35.46707843780518,44.27303587382545,-1210.5747539663812,-27.754404152053482,18.559999465942383,1.2599999904632568
2021-08-23,42.38794708251953,42.484969098079226,40.16619659086884,40.16619659086884,12229000,39.36480789184571,42.08281745910645,35.58331206321718,53.811711218991164,-1254.6937210971062,13.945752541393741,17.149999618530273,1.2549999952316284
2021-08-24,42.426753997802734,43.11559362302369,42.08718621100686,42.669303474374445,8557100,39.99931716918946,42.304993057250975,35.68711791038515,53.915940125275434,-1376.3426156397106,-30.02616730722054,17.219999313354492,1.2899999618530273
2021-08-25,43.445457458496094,44.28953223173792,42.79542669164307,42.863340243373656,10125800,41.18683853149414,42.47962856292725,35.79044492721559,56.67952531868455,-1450.6436627573723,18.33214523611972,16.790000915527344,1.3420000076293945
2021-08-26,43.34843826293945,43.97906831716786,42.40734520690932,43.193206762038585,9529400,42.166738128662104,42.539295578002935,35.89763740539551,56.33304392719654,-1458.654191475805,-5.889904995160878,18.84000015258789,1.3420000076293945
2021-08-27,45.89036178588867,46.08440211393912,43.3581445723083,43.51337609454637,12358300,43.4997917175293,42.68045959472657,36.02739134788513,62.75681454009506,-1382.0540220680766,29.686024303733703,16.389999389648438,1.312000036239624
2021-08-30,46.3172492980957,47.53969702163566,45.725427987909455,46.356054401263165,10291100,44.28565216064454,42.803189849853524,36.14841619491577,63.722011526546716,-1310.7249431942,-16.727219763236047,16.190000534057617,1.284999966621399
2021-08-31,45.16271209716797,46.540395057764016,44.017878264071015,46.346354735016654,9620800,44.832843780517585,42.83132553100586,36.267947826385495,59.249676925828304,-1270.2963692121582,-6.513395069526096,16.479999542236328,1.3040000200271606
2021-09-01,44.59029769897461,45.89036312349182,44.46417462792532,45.82244956184634,7246900,45.06181182861329,42.75128459930419,36.38067406654358,57.109543730967985,-1296.4381281705937,-24.674663229669047,16.110000610351562,1.3020000457763672
2021-09-02,44.92015838623047,45.32764339570438,44.338041173851714,44.96866753709354,7168600,45.376155853271484,42.70908088684081,36.486920585632326,58.049900183245974,-1327.1932699185181,-1.080461990644277,16.40999984741211,1.2940000295639038
2021-09-03,45.83214569091797,46.4239632399458,44.5902899904887,44.76492589053327,7374000,45.36451263427735,42.73867149353027,36.60061016082763,60.62055825626568,-1316.8349337751588,2.865273554110992,16.40999984741211,1.3220000267028809
2021-09-07,45.376155853271484,45.99708191199393,44.5514854244591,45.94857275759585,5660800,45.1762939453125,42.76874752044677,36.71446982383727,58.68420929169625,-1305.8010219935281,-23.23298074315161,18.139999389648438,1.3700000047683716
2021-09-08,43.61039733886719,44.98807661177226,42.45585944291377,44.72612272868228,11787400,44.86583099365235,42.7930025100708,36.81425481796264,51.78599264223727,-1301.9257618495974,108.22851893725267,17.959999084472656,1.3339999914169312
2021-09-09,44.19251251220703,44.88135211593384,43.55218206207865,43.57158646372026,8643000,44.786273956298835,42.859946441650386,36.91887029647827,53.71749278320631,-1264.9777689574732,-26.6759421076743,18.799999237060547,1.2990000247955322
2021-09-10,45.201515197753906,47.180719578192594,45.12389759804532,45.25002434706634,14399600,44.84254531860351,43.052530479431155,37.023265514373776,56.937720720321,-1250.3570248787084,66.60418836052298,20.950000762939453,1.340999960899353
2021-09-13,46.44336700439453,46.73442560014814,44.56118463091104,46.37545345541905,11356400,44.96478958129883,43.26548881530762,37.13190479278564,60.57367311892789,-1241.1021283624057,-21.133920386677406,19.3700008392334,1.3240000009536743
2021-09-14,46.44336700439453,47.51058679017224,45.73512306435676,46.95757434793712,10129200,45.17823181152344,43.50124645233155,37.24186606407165,60.5736731189279,-1245.8511601185546,-10.806241414532769,19.459999084472656,1.2769999504089355
2021-09-15,47.141910552978516,47.24863290156221,45.366446828746106,46.62770691090525,9321800,45.884534454345705,43.895631599426274,37.35111170768738,62.63199893734368,-1348.608662689063,-7.971014492753625,18.18000030517578,1.3040000200271606
2021-09-16,47.607608795166016,48.05389892347059,45.6187039181468,46.31724756315301,9094400,46.5675537109375,44.40061950683594,37.45793123245239,63.98202721366686,-1547.7617870916229,-2.439443026025012,18.690000534057617,1.3309999704360962
2021-09-17,45.356746673583984,47.200123954625965,44.59999358185622,47.19041990416179,14478900,46.59860000610352,44.74600982666015,37.546534223556506,53.854685388120664,-1959.9461885842304,59.206764602392695,20.809999465942383,1.3700000047683716
2021-09-20,42.00956726074219,42.8827468289261,39.93334439973952,42.446157044834145,19454600,45.711840057373045,44.88523349761962,37.6173508453369,42.96396497763691,-2244.4298647950645,34.36517967525157,25.709999084472656,1.309000015258789
2021-09-21,42.300628662109375,43.19321269055992,41.08788123829877,42.72751812393802,9972400,44.88329238891601,44.88086757659912,37.68941267967223,44.024012145528204,-2305.2207211563746,-48.74014371922322,24.360000610351562,1.3240000009536743
2021-09-22,44.881351470947266,45.1821141405532,42.698406281288115,43.13499605942217,11093200,44.43118057250977,45.00359745025636,37.76277124404906,52.460668523038784,-2523.7060108499268,11.239019694356433,20.8700008392334,1.3359999656677246
2021-09-23,46.666507720947266,47.10309742457157,45.03657529475686,45.492569396432295,11819600,44.242960357666014,45.16464996337891,37.843080692291245,57.25942302593721,-2613.5541145781513,6.548155626870522,18.6299991607666,1.409999966621399
2021-09-24,46.5209846496582,46.7926388458279,45.385851313786084,45.463468913269345,7465000,44.475807952880864,45.32327728271484,37.920732889175405,56.756465736384726,-2790.9829016102976,-36.84219432129683,17.75,1.4600000381469727
2021-09-27,46.26873779296875,46.744136405507135,44.202218873780836,45.13360799519044,10241300,45.32764205932617,45.34219608306885,38.01037593841551,55.840846875901434,-2756.449438692576,37.19089082384461,18.760000228881836,1.4839999675750732
2021-09-28,40.97145462036133,44.42536028683752,40.796818711881514,43.56188479547124,23988000,45.061807250976564,45.07490634918213,38.0738073158264,40.91361321890761,-2430.92346617249,134.22807651372386,23.25,1.534000039100647
2021-09-29,38.92433166503906,41.40803917176441,38.594464290716246,41.29161648112418,19889700,43.87040328979492,44.762987327575686,38.13188374519347,36.81762645747864,-1899.4962634081405,-17.0847923961981,22.559999465942383,1.5410000085830688
2021-09-30,38.846717834472656,40.69979534295819,38.807909037192914,39.83631995904235,14470200,42.3064453125,44.47580833435059,38.18442964553832,36.66774263619868,-1568.2188523732202,-27.24777145959969,23.139999389648438,1.5290000438690186
2021-10-01,38.87583541870117,39.487061224146274,36.925738974106395,39.29302087468619,16368700,40.7774154663086,44.17359218597412,38.23121260643005,36.77173731651432,-1312.7565372195172,13.120067448964079,21.100000381469727,1.4789999723434448
2021-10-04,35.91672897338867,38.34222387676977,35.48013915057777,38.13848319312852,20555400,38.70701370239258,43.67782135009765,38.26352650642396,31.170107695447662,-1095.7021566188957,25.5774740816314,22.959999084472656,1.4809999465942383
2021-10-05,37.49814987182617,38.21609423676705,36.14957169792949,36.479439128067824,15194100,38.01235275268555,43.28392105102539,38.30295884132385,36.718281700176874,-961.3651875215122,-26.082197378790973,21.299999237060547,1.5290000438690186
2021-10-06,37.895931243896484,37.97354515124268,35.81970463246946,36.20778527223426,16403200,37.80667266845703,42.99819774627686,38.34631296157838,38.07051645093409,-856.9737030755238,7.9576941049486205,21.0,1.5240000486373901
2021-10-07,39.18629455566406,40.77741859936344,39.069871838103765,39.32212167631965,13234300,37.87458801269531,42.74788684844971,38.39899558067322,42.37238120506277,-822.823420512166,-19.31879145532579,19.540000915527344,1.5709999799728394
2021-10-08,38.15787887573242,39.84602087010493,37.91532944082747,39.68108903085468,10297000,37.730996704101564,42.39570503234864,38.44706593513489,39.98823493853873,-813.4718249437104,-22.19460039442963,18.770000457763672,1.6050000190734863
2021-10-11,37.2361946105957,39.186290665432956,37.21679020942679,37.6048671297718,9446400,37.99488983154297,41.935346412658696,38.493492145538326,37.928488647109,-806.0651474295241,-8.260658444207047,20.0,1.6139999628067017
2021-10-12,35.945831298828125,38.138480615880496,35.38311844379561,38.04145860569471,19847400,37.684426116943364,41.410469627380365,38.52943227767945,35.19523532605358,-795.2546439697612,110.10543699186992,19.850000381469727,1.5800000429153442
2021-10-13,36.527950286865234,37.15857666451091,36.130169319084985,36.576459438836274,11660600,37.41082992553711,40.879771614074706,38.569100856781,37.38733832216704,-801.2983691849005,-41.24872779306106,18.639999389648438,1.5490000247955322
2021-10-14,39.82661819458008,39.85572664471552,38.167580876282415,38.458639470560996,14800900,37.53889465332032,40.49072208404541,38.62636183738708,48.10072585115701,-875.2527033376053,26.930861190676293,16.860000610351562,1.5190000534057617
2021-10-15,40.59307861328125,41.029668390514026,40.06917088060192,40.77741487433015,10988500,38.02593460083008,40.252538681030266,38.68012037277221,50.231582811889055,-974.3175478705874,-25.75789310109521,16.299999237060547,1.5759999752044678
2021-10-18,41.58267593383789,41.68939827792644,39.234795466921845,39.9139346284766,8498200,38.89523086547852,40.23119411468505,38.7372396659851,52.919334063410155,-991.1487286369601,-22.662783819447608,16.309999465942383,1.5839999914169312
2021-10-19,43.105892181396484,43.1544013352808,41.35953673448263,41.825231273592244,11476200,40.32724304199219,40.27145729064941,38.80405686378478,56.78772299060603,-981.7127787840666,35.04271492786708,15.699999809265137,1.6349999904632568
2021-10-20,42.88274002075195,43.39694362870665,42.32972761570354,42.81482647634324,9908200,41.59820098876953,40.17152671813965,38.8611434173584,56.060993902721805,-1013.0683570944719,-13.663059200780747,15.489999771118164,1.6360000371932983
2021-10-21,44.231319427490234,44.357446182271424,42.00956549801179,42.038673949737316,10019700,42.47914123535156,40.0497673034668,38.92613018035888,59.439189730562184,-1081.5549397075954,1.1253305343049247,15.010000228881836,1.6759999990463257
2021-10-22,42.73721694946289,44.85224867717762,42.46556272054914,43.50367418219676,12691700,42.907968902587896,39.86057891845704,38.96643608093262,54.444830379182186,-1165.7113241181717,26.667465093765273,15.430000305175781,1.6549999713897705
2021-10-25,43.71711349487305,44.30893103447336,42.84393400855974,43.27081970130689,9706700,43.33485641479493,39.73299770355224,39.01149600982666,56.99689266035231,-1235.9835872555714,-23.519307894135533,15.239999771118164,1.6349999904632568
2021-10-26,43.620094299316406,45.06569071934186,43.2126129801884,44.648505349180674,12067800,43.437696838378905,39.8654296875,39.04975114822388,56.65845362845498,-1171.8451254642341,24.324435699053225,15.979999542236328,1.61899995803833
2021-10-27,42.776023864746094,44.25072505845674,42.261820182436544,42.91185097320438,13076300,43.41635360717773,40.05801429748535,39.08025259017945,53.672475688240944,-1093.9380069050874,8.356949899733168,16.979999542236328,1.5290000438690186
2021-10-28,45.599300384521484,45.69631869216918,44.21191711929451,44.47387099115672,15904400,43.68994979858398,40.395643424987796,39.12438236236573,61.063980152849055,-1001.4242186741158,21.62767755404815,16.530000686645508,1.5679999589920044
2021-10-29,46.229923248291016,46.229923248291016,44.260419342541674,44.599990768158754,12735000,44.388491058349615,40.76334781646729,39.159701404571535,62.503078083972774,-954.3952104358644,-19.92781871683308,16.260000228881836,1.5570000410079956
2021-11-01,48.47108459472656,48.47108459472656,46.03588957460756,46.36575699775228,14647400,45.33928527832032,41.39106559753418,39.218652400970456,67.14997082550381,-920.1576438952477,15.016882606988613,16.40999984741211,1.5750000476837158
2021-11-02,50.275638580322266,50.275638580322266,48.32554306207488,48.33524340948463,12421100,46.67039413452149,42.02994003295898,39.26799346923828,70.33751359692992,-882.0085259490842,-15.199284514657895,16.030000686645508,1.5490000247955322
2021-11-03,52.07051467895508,52.20634548118532,49.88756960675942,50.51819966357587,11472200,48.52929229736328,42.73866920471191,39.327993087768554,73.1302687549344,-863.6098407708918,-7.639420019160948,15.100000381469727,1.5789999961853027
2021-11-04,57.319297790527344,58.046946267347444,52.94370287734937,53.76836967067419,20539200,50.87329177856446,43.64531936645508,39.405317878723146,79.2752814911869,-755.4824575097203,79.03453566011751,15.4399995803833,1.5240000486373901
2021-11-05,59.094749450683594,60.54034584028586,57.445412405805136,58.25067837810294,19536100,53.446257019042974,44.692162895202635,39.503005332946785,80.86906920225073,-624.984686662595,-4.883831892186652,16.479999542236328,1.4529999494552612
2021-11-08,61.6463737487793,62.78150348389021,59.657468849005134,60.249286442782875,15603900,56.08131484985352,45.912671852111814,39.61260074615478,82.90391315054772,-530.9066864525117,-20.127865848352535,17.219999313354492,1.496999979019165
2021-11-09,61.51054000854492,63.674076887352186,59.579844820620686,63.324805098500704,16385900,58.32829513549805,47.190907287597646,39.73077835083008,82.40144855272065,-472.4240114725658,5.01156762091528,17.780000686645508,1.4320000410079956
2021-11-10,56.222965240478516,60.63736464654477,55.369190109972074,58.26037921219801,17648300,59.15878524780273,48.17565803527832,39.851181507110596,65.70689135930215,-466.3572957604978,7.704184695378347,18.729999542236328,1.559999942779541
2021-11-11,59.80299758911133,60.142569072590334,57.60064792578995,58.91041730318967,13055700,59.65552520751953,49.17447700500488,39.97983554840088,70.12080705030355,-448.06729998685415,-26.022903055818404,17.65999984741211,1.559999942779541
2021-11-12,61.462032318115234,62.335211863534155,59.34700070899926,60.36571141232503,13052700,60.12898178100586,50.21792469024658,40.12518947601318,71.92424744926305,-432.05866831964784,-0.022978469174383953,16.290000915527344,1.5820000171661377
2021-11-15,61.316497802734375,62.81059950699633,59.43431182172501,62.800902859068366,11837400,60.06300659179688,51.20461578369141,40.25067558288574,71.51645972416064,-426.9207711833261,-9.310717322852746,16.489999771118164,1.6230000257492065
2021-11-16,64.17858123779297,64.45023541752201,60.161959531882985,60.52093535625136,12693000,60.596614837646484,52.25825023651124,40.38222896575928,74.57001568863868,-418.57239130184047,7.2279385675908525,16.3700008392334,1.6339999437332153
2021-11-17,62.59715270996094,64.159171608177,61.801594588440764,64.0330485711735,11636600,61.87145233154297,53.24397087097169,40.51758689880371,70.09832728610209,-421.99960213170226,-8.322697549830615,17.110000610351562,1.6039999723434448
2021-11-18,65.95405578613281,66.8466360680014,64.06216546036471,65.84733342612435,14102700,63.101663970947264,54.33010768890381,40.665339450836186,73.70315754514714,-426.03983992196055,21.19261639997938,17.59000015258789,1.5889999866485596
2021-11-19,66.56527709960938,67.78772850025295,64.8868315113118,65.83762869003955,14527400,64.1223129272461,55.52151069641114,40.82010160446167,74.31043950725832,-446.2983067392985,3.011480071192052,17.90999984741211,1.5360000133514404
2021-11-22,63.480045318603516,70.3296397382647,63.286008710338486,67.46755905523369,16809800,64.55502243041992,56.50965728759766,40.94289964675903,66.02239555925632,-485.25328575250325,15.711001280339222,19.170000076293945,1.625
2021-11-23,62.81061553955078,64.62488843805515,59.52164495925237,62.89793720734073,16233700,64.28142929077148,57.46918334960938,41.064829978942875,64.34543867752893,-551.1958206409798,-3.4271674856333756,19.3799991607666,1.6670000553131104
2021-11-24,64.88684844970703,64.90625655749449,59.38582681382967,61.11278200670956,14762200,64.7393684387207,58.57472457885743,41.195324745178226,67.1337218078895,-644.4550893940634,-9.064476983066093,18.579999923706055,1.6449999809265137
2021-11-26,59.54103469848633,63.04345285840987,58.066333678890885,61.219476356713926,14919700,63.456764221191406,59.27181129455567,41.27888023376465,55.170432650312165,-789.1419631428005,1.0669141455880604,28.6200008392334,1.4819999933242798
2021-11-29,66.37124633789062,66.6331965315476,61.335916530948666,62.04416060126949,18352700,63.41795806884766,60.27887744903565,41.388793048858645,63.998007894704664,-949.487766539394,23.009846042480753,22.959999084472656,1.5299999713897705
2021-11-30,62.74269104003906,67.27351306830359,61.01574011034659,65.274907934213,22246300,63.27048721313477,60.99245777130127,41.47663543701172,57.51814227120638,-1184.1824460888051,21.21540699733555,27.190000534057617,1.4429999589920044
2021-12-01,61.2776985168457,68.84524131030578,61.17097615690149,65.52716630664692,24798700,62.96390380859375,61.54256076812744,41.56962099075317,55.0927588180096,-1488.2798117669618,11.473368605116363,31.1200008392334,1.434000015258789
2021-12-02,61.36500549316406,62.810598016405486,57.901399945599124,59.43431041125859,21014200,62.259535217285155,62.007285308837886,41.66946949005126,55.21396266939252,-1846.8270363350503,-15.260880610677175,27.950000762939453,1.4479999542236328
2021-12-03,61.05454635620117,65.92493593614313,58.89100575925989,63.93603493602054,18842800,62.56223754882812,62.19404773712159,41.75266942977904,54.649125274714756,-2154.1611749592184,-10.333012915076466,30.670000076293945,1.343000054359436
2021-12-06,60.7343864440918,61.403825356954684,55.08783501939684,60.210482396169795,13816300,61.43486557006836,62.276029586792,41.85847427368163,54.03522381208161,-2160.003909900347,-26.67597172394761,27.18000030517578,1.434000015258789
2021-12-07,69.84455108642578,70.35875483576322,64.73161094634574,64.77041975411012,21654500,62.855237579345705,62.68593845367432,42.013844833374016,65.80608499724644,-1898.3605915263474,56.731541729696076,21.889999389648438,1.4800000190734863
2021-12-08,68.58329772949219,69.0780933709512,66.44885772746545,68.81614317265074,12500700,64.31635742187501,63.03957633972168,42.14464498519897,63.385964531388446,-1741.6072996733599,-42.272045071463204,19.899999618530273,1.5089999437332153
2021-12-09,63.93606948852539,69.4564927854394,63.70322396895373,67.36086830524324,14533000,64.83057022094727,63.42523155212402,42.28870494842529,55.31394969444757,-1847.4594005819736,16.257489580583485,21.579999923706055,1.4869999885559082
2021-12-10,65.58538055419922,68.35044325720617,63.22779921752529,67.38994935027175,12329100,65.73673706054687,63.71435070037841,42.4289280128479,57.387976019445894,-1936.6654826330662,-15.164797357737559,18.690000534057617,1.4889999628067017
2021-12-13,60.48213195800781,66.66229100561137,60.15226455274266,65.99285214436125,13561500,65.68628616333008,63.66535568237305,42.524979515075685,49.70129537908565,-2005.2693322882187,9.995863445020326,20.309999465942383,1.4240000247955322
2021-12-14,59.68657302856445,60.5112397324379,57.183460763329705,58.21187183138145,13311200,63.65469055175782,63.583859443664544,42.636487579345705,48.60824991109986,-1910.782921524123,-1.8456660398923463,21.889999389648438,1.437999963760376
2021-12-15,66.0898666381836,66.30330390366535,57.47451046267154,59.99702287438406,19005700,63.1560043334961,63.67942371368408,42.797177219390875,56.83642734989933,-1923.741086463674,42.779764408918794,19.290000915527344,1.4630000591278076
2021-12-16,57.464813232421875,67.42874473273257,56.29087482387875,66.95334989998868,27692100,61.86175308227539,63.422806739807136,42.93913150787354,46.12415262279441,-1814.8621404270662,45.704183481797564,20.56999969482422,1.4220000505447388
2021-12-17,57.20286178588867,59.744782703775016,55.16544787254006,55.631142375562284,17729000,60.18524932861328,62.98524703979492,43.06634463310242,45.84156181678227,-1668.6317242094392,-35.97813094709321,21.56999969482422,1.4019999504089355
2021-12-20,55.83488464355469,57.00882313523117,53.81687507202109,54.46690584474722,15681400,59.25579986572266,62.448727416992185,43.21207755088807,44.31463056532742,-1521.2734229475516,-11.549438772632413,22.8700008392334,1.4190000295639038
2021-12-21,61.6225471496582,61.806928241512445,57.03239565659805,59.36143458756438,20477000,59.6429946899414,62.35585250854493,43.362843751907356,51.65210629588455,-1537.2616162461552,30.581453186577722,21.010000228881836,1.4869999885559082
2021-12-22,63.446956634521484,63.592523179449,59.78842461290349,60.62299823974446,13011600,59.11441268920899,62.38766956329346,43.53112055778504,53.722163862356794,-1536.0617475489482,-36.45748888997412,18.6299991607666,1.4570000171661377
2021-12-23,65.41694641113281,66.71732415723547,63.9709947095548,64.04863119094604,14507000,60.70483932495117,62.41417446136475,43.691064004898074,55.91700114860935,-1467.79903967684,11.492821789787566,17.959999084472656,1.4930000305175781
2021-12-27,70.83196258544922,70.84166899673825,65.98949988737262,66.08654178879543,15598000,63.430659484863284,62.97872085571289,43.883173875808716,61.34407602079686,-1354.9701774867356,7.520507341283511,17.68000030517578,1.4809999465942383
2021-12-28,68.43498992919922,71.8800329618205,67.51308075902747,71.8800329618205,14401800,65.95068054199218,63.08190803527832,44.052873754501334,57.94353754240032,-1258.544642897591,-7.668931914347999,17.540000915527344,1.4809999465942383
2021-12-29,68.90080261230469,70.09443949270685,67.54219375608626,68.33794920841349,10702000,67.4063316345215,63.389813613891604,44.21806580543518,58.42585315750963,-1162.4124312979136,-25.68984432501493,16.950000762939453,1.5429999828338623
2021-12-30,66.33887481689453,69.23076425163744,65.88276961113637,68.41560317193526,11188200,67.98471527099609,63.642872428894044,44.36346577644348,54.70962330955168,-1103.7999918708902,4.5430760605494225,17.329999923706055,1.5149999856948853
2021-12-31,65.99920654296875,68.02740968435651,65.82452815823208,66.66880084794053,10152000,68.10116729736328,63.87458248138428,44.53000567436218,54.21723509141032,-1104.7078440598314,-9.26154341180887,17.219999313354492,1.5119999647140503
2022-01-03,69.96827697753906,69.9779833888144,66.36796839192971,67.00845826729683,15794800,67.92843017578126,64.32026901245118,44.71134806632996,58.874911171062074,-1070.239278231543,55.58313632781717,16.600000381469727,1.628000020980835
2022-01-04,68.96875,72.01591242908029,64.08746774589446,70.43410753876934,21988000,68.03518218994141,64.73198719024658,44.87678282737732,57.294144035161466,-1121.5767340339864,39.21037303416315,16.90999984741211,1.6679999828338623
2022-01-05,62.11748123168945,69.3083931849407,62.04954744722248,67.53249722179785,20821000,66.67851791381837,64.34563369750977,45.0222910785675,47.816933607114855,-1174.2197187391312,-5.307440422048392,19.729999542236328,1.7050000429153442
2022-01-06,63.60222244262695,64.42708956608979,60.021319897406585,62.19508920488803,19343100,66.13118743896484,64.0965799331665,45.182208433151246,49.75654284771616,-1195.740233760512,-7.098122088276259,19.610000610351562,1.7330000400543213
2022-01-07,57.97372817993164,64.09716798830422,57.3914655649001,63.155845833579306,22625900,64.52609176635742,63.798462867736816,45.312916107177735,43.201053257727125,-1143.9357753605434,16.971426503507715,18.760000228881836,1.7710000276565552
2022-01-10,58.22603225708008,58.41041335987271,52.22875063844791,55.64467830842598,25112700,62.177642822265625,63.43049545288086,45.42121246337891,43.56002352880981,-1063.5280738698693,10.99094400664724,19.399999618530273,1.7799999713897705
2022-01-11,61.41876220703125,61.56432507038087,56.16871497426592,57.34293910074589,22053900,60.66764526367188,63.47732696533204,45.55468936920167,48.035578525466114,-1021.2512781322317,-12.18029124705826,18.40999984741211,1.746000051498413
2022-01-12,62.670623779296875,64.43681320200939,60.78797962183227,63.06849783300928,19392000,60.77827377319336,63.62652950286866,45.69573534011842,49.719187254172944,-1068.537435121251,-12.069974018200858,17.6200008392334,1.725000023841858
2022-01-13,58.42012405395508,67.13462040965729,57.81845604639708,65.5042910908,28866500,59.74185409545898,63.243042373657225,45.8024796485901,44.45291090935976,-1039.4273981690235,48.85777640264026,20.309999465942383,1.7109999656677246
2022-01-14,62.57358932495117,62.63181299735334,56.828617959537716,57.02270180342766,23880600,60.661826324462886,63.4984811782837,45.90961711883546,50.02349552262818,-1043.7903362872937,-17.27227062511908,19.190000534057617,1.7719999551773071
2022-01-18,54.32489013671875,59.565234760340125,53.8590823015831,59.10912963551681,29055200,59.88159790039063,63.3545825958252,45.96294704437257,41.18902463056098,-1028.707494797045,21.66863479142065,22.790000915527344,1.8650000095367432
2022-01-19,49.31745147705078,56.44043659197721,49.230112276247276,55.78054123077551,28683300,57.46133575439454,63.028710937499994,45.99909839630128,36.9256850637629,-983.0239136642426,-1.2799774222858606,23.850000381469727,1.8270000219345093
2022-01-20,44.63025665283203,51.627084177571234,44.455578254823955,50.57901378952279,32438800,53.85326232910157,62.17909641265869,46.011813774108894,33.43688356212871,-835.7472991902773,13.092984419505417,25.59000015258789,1.8329999446868896
2022-01-21,42.417659759521484,47.48332529056306,42.116827656063876,43.88301684468161,45826500,50.65276947021485,61.12763156890868,46.00662622451783,31.90447934938907,-672.8586869395439,41.270638864569584,28.850000381469727,1.746999979019165
2022-01-24,44.10621643066406,44.13532825970945,35.53728430071727,39.787785331167335,53548700,46.95929489135742,60.06209506988525,46.01138534545899,34.376241461815404,-562.1065749651546,16.85094868689514,29.899999618530273,1.7350000143051147
2022-01-25,39.001739501953125,42.06831066608036,38.21569036393457,40.53502693497263,40326300,43.894664764404304,58.47058391571045,45.997364921569826,30.743296283116276,-477.45080061859466,-24.692289448670092,31.15999984741211,1.7829999923706055
2022-01-26,40.87467575073242,45.70743623719137,38.91439878441659,42.4855959128854,46405000,42.206109619140626,57.092568206787114,45.99464958190919,33.519498970169295,-426.31856907357485,15.073785594016798,31.959999084472656,1.8480000495910645
2022-01-27,35.284976959228516,42.1653534120762,34.935620165269974,42.11683245778452,50033700,40.33705368041992,55.4117769241333,45.97087419509888,29.693843449191135,-385.16990434710993,7.819631505225733,30.489999771118164,1.8070000410079956
2022-01-28,37.27436447143555,37.27436447143555,32.12135933427963,35.294678505554145,43946700,39.30839462280274,53.95855140686036,45.946373500823974,32.64045672941043,-342.26495290173324,-12.165800250631076,27.65999984741211,1.781999945640564
2022-01-31,43.26194381713867,43.426915798562085,37.16761657995129,37.83721832126418,39362500,39.13954010009766,52.821688270568856,45.95530340194703,40.6965799871159,-321.6841458264478,-10.431272427736326,24.829999923706055,1.781999945640564
2022-02-01,44.55261993408203,44.73700104128955,41.03965027365769,44.53321081196889,37795600,40.249716186523436,51.55090541839599,45.985967369079596,42.2985858496586,-322.4937586246208,-3.980692283264531,21.959999084472656,1.7999999523162842
2022-02-02,47.88120651245117,48.03647578104071,45.086355975928164,47.03693009586503,40548600,41.651022338867186,50.496528244018556,46.04244258880616,46.32556266298834,-335.8175555101815,7.283916646382127,22.09000015258789,1.7660000324249268
2022-02-03,41.36960220336914,46.38674417574842,40.90379433044914,44.2323832262324,32875300,42.86794738769531,49.45913429260254,46.051612815856934,40.387408280688405,-349.99371172759277,-18.923711299526992,24.350000381469727,1.8270000219345093
2022-02-04,42.17505645751953,43.20371772547545,39.176415554747415,40.83586033924536,30575600,43.84808578491211,48.38777599334717,46.078247528076176,41.38822197390798,-365.31954928276394,-6.995221336383239,23.219999313354492,1.9299999475479126
2022-02-07,42.12654113769531,44.174157535414246,41.59280316102694,42.3497405205962,28382000,43.62100524902344,47.59541664123536,46.0941130065918,41.34319818839088,-385.34102558154746,-7.1743481730530245,22.860000610351562,1.9160000085830688
2022-02-08,45.22222137451172,45.49394540253014,41.28226183831848,41.486052082898446,33686800,43.754925537109386,46.94522609710693,46.1154638671875,45.42297998076889,-408.4499347136802,18.69071947008667,21.440000534057617,1.9539999961853027
2022-02-09,49.511539459228516,49.71532969568446,45.32896789614742,46.998115437203644,35302800,44.08099212646484,46.3498649597168,46.16248167037964,50.55467281263392,-450.0275373529739,4.797131220537421,19.959999084472656,1.9290000200271606
2022-02-10,45.04753875732422,50.66635178911041,44.23237785513244,46.17324560757715,51371000,44.81657943725586,45.46871070861816,46.19649341583253,45.734973449017865,-532.2436406287228,45.515369885674794,23.90999984741211,2.0309998989105225
2022-02-11,38.3709602355957,46.2411803601545,37.28407151890929,45.18340717999965,51212800,44.0557601928711,44.46625251770019,46.19280477523805,39.64687098603512,-630.7218048712385,-0.30795585057716846,27.360000610351562,1.9550000429153442
2022-02-14,38.41947555541992,40.61265438681124,36.74062547035642,38.57474482045726,43218400,43.31434707641602,43.25854682922363,46.205900650024425,39.70967548629532,-771.4270682706078,-15.610159960009995,28.329999923706055,1.996000051498413
2022-02-15,44.6496696472168,44.92139370238485,40.43798566218981,40.66118875454962,39910800,43.19983673095703,42.77478580474854,46.256405258178724,47.29463336319432,-949.892563246773,-7.653221775910257,25.700000762939453,2.0450000762939453
2022-02-16,44.737003326416016,45.12517838468335,41.76747782774422,42.76702360520181,35357600,42.244929504394534,42.545763397216795,46.3153022003174,47.394541583903155,-1091.9584102216206,-11.40844082303537,24.290000915527344,2.046999931335449
2022-02-17,39.66162872314453,43.077556173835156,39.46754122103154,42.815538601269296,41858900,41.167747497558594,42.297332000732425,46.3460086631775,42.368143830726844,-1147.7438055404673,18.387277417019266,28.110000610351562,1.972000002861023
2022-02-18,38.45829772949219,40.127441573834595,36.653290025177746,39.92365133674404,46904100,41.1852149963379,42.09936389923096,46.36657512664796,41.25111119625676,-1106.2780285422823,12.05287286574659,27.75,1.9320000410079956
2022-02-22,37.46845245361328,40.3312331212387,35.74108134314265,37.099686545094215,49765600,40.99501037597656,41.76747570037842,46.37477035522462,40.30965016613596,-1032.7106315818537,6.100745990222611,28.809999465942383,1.9479999542236328
2022-02-23,34.84828186035156,40.07892008802418,34.57656154782154,38.88528681266665,52830600,39.034732818603516,41.559802818298344,46.39411967277528,37.84730680071084,-967.0003236342976,6.158872795666093,31.020000457763672,1.9769999980926514
2022-02-24,38.759124755859375,38.86587306648615,30.617185741682622,30.869498752555987,68362100,37.83915710449219,41.45402526855469,46.432150030136114,43.40440067413633,-875.9769623635239,29.398681824548657,30.31999969482422,1.968999981880188
2022-02-25,40.54472732543945,40.602954692368954,37.03175762941401,38.81735616089148,40949000,38.015776824951175,41.71701278686523,46.498415355682376,45.787732272606235,-904.9783379328197,-40.0998506482393,27.59000015258789,1.9859999418258667
2022-02-28,39.79749298095703,40.98142353459955,37.41993286533425,39.01144388385671,43350600,38.283615875244145,41.84316921234131,46.55512331008911,44.934941111383715,-972.2961250903281,5.864856284646747,30.149999618530273,1.8389999866485596
2022-03-01,35.49847412109375,40.07891964820371,34.304837156923405,39.57429357196307,46635000,37.88962020874023,41.45499572753906,46.57772358894348,40.2860876391876,-893.8474591485025,7.576365725041878,33.31999969482422,1.7070000171661377
2022-03-02,38.93380355834961,39.67133532962807,36.129250429837434,36.36215617390201,41485400,38.70672454833985,41.17405490875244,46.621526842117305,45.16789175532906,-877.6294712790525,-11.0423501661842,30.739999771118164,1.8650000095367432
2022-03-03,36.43979263305664,39.661632922784335,35.73137632195686,39.44813997957405,45902800,38.2428581237793,40.60198421478272,46.65678932189941,42.45431973057513,-928.7614432722388,10.64808342211958,30.479999542236328,1.843999981880188
2022-03-04,33.74199295043945,36.31364100658454,32.37368106418301,35.54700090718459,46799000,36.8823112487793,40.220603752136235,46.67002508163452,39.67747503332324,-867.4964889085767,1.9523863468023706,31.979999542236328,1.7239999771118164
2022-03-07,28.70543670654297,34.54744778862983,28.62780206312189,33.7905104780133,50665800,34.663899993896486,39.54712276458741,46.64551399230956,35.066143163395935,-776.224332023144,8.262569713028057,36.45000076293945,1.7510000467300415
2022-03-08,30.238719940185547,33.32470001428048,27.63795681230791,28.79277366257269,68456500,33.61194915771485,38.95273170471192,46.63109479904174,37.449486516636405,-718.1862782010924,35.11382431541592,35.130001068115234,1.871999979019165
2022-03-09,33.897254943847656,34.60567121570238,32.092247376313885,33.111202186463515,46482400,32.60463943481445,38.386483383178714,46.62337444305419,42.84053321492116,-720.1505776568013,-32.099362368803554,32.45000076293945,1.9479999542236328
2022-03-10,31.781709671020508,32.21840565879087,29.88936285862325,32.09224821745466,43831500,31.67302284240723,37.4999918937683,46.60308745384216,40.6583473950805,-738.4125941195741,-5.703018776999469,30.229999542236328,2.010999917984009
2022-03-11,29.78261947631836,33.40233594012711,29.598236501158237,33.150024733220754,34118300,30.881148147583012,36.73674592971802,46.57164074897766,38.65464463955278,-739.8371110080626,-22.160318492408425,30.75,2.003999948501587
2022-03-14,27.084810256958008,29.937886468195938,26.492844980056276,29.122721836413675,49351500,30.557022857666016,36.17243843078613,46.52340635299682,36.07115263287053,-658.9962307682425,44.648180008968794,31.770000457763672,2.140000104904175
2022-03-15,30.578372955322266,30.78216318949038,27.18185424487395,27.608845686740793,42082900,30.624953460693362,35.78038330078125,46.488176860809325,41.5217235191221,-596.4949160465393,-14.728225079278234,29.829999923706055,2.1600000858306885
2022-03-16,35.22674560546875,35.32379120497864,31.112108435938193,32.06313309966848,55754000,30.89085159301758,35.30923709869385,46.47832366943359,47.88818866212034,-624.234349580537,32.4861166887263,26.670000076293945,2.187999963760376
2022-03-17,35.8575325012207,35.90605345469611,33.30529036777061,34.207794169676696,37147500,31.70601615905762,34.86526355743408,46.46750108718872,48.704303254399505,-696.2660932357063,-33.37249345338451,25.670000076293945,2.191999912261963
2022-03-18,38.01189041137695,38.49710731446981,34.54744201944686,35.527582236764694,39797700,33.35187034606934,34.7827766418457,46.477491798400884,51.498092673515686,-730.7525987693044,7.134262063395913,23.8700008392334,2.1480000019073486
2022-03-21,37.84691619873047,38.78823811956681,35.7895976880525,37.555786814507044,38312100,35.50429153442383,34.752207565307614,46.47394809722901,51.26782101627011,-740.1537071588896,-3.732879035723169,23.530000686645508,2.315000057220459
2022-03-22,38.4263801574707,39.81435022921095,37.49459714083541,37.649894310274625,34654100,37.07389297485352,34.80010395050049,46.47732805252076,52.07836395502199,-731.3397846093595,-9.547897400560135,22.940000534057617,2.372999906539917
2022-03-23,35.61161422729492,38.81462431251597,35.514554886411595,37.3781208899224,38313200,37.15086669921875,34.83827056884766,46.47022386550904,47.909812141241325,-731.755964031724,10.558923763710503,23.56999969482422,2.321000099182129
2022-03-24,40.8528938293457,41.00819097249946,36.20368028372694,36.708396924620665,44687200,38.14993896484375,34.942959022521975,46.49160606384279,55.11447848673185,-696.649642077669,16.63656389964816,21.670000076293945,2.3410000801086426
2022-03-25,40.77523422241211,41.12465364145008,38.581662106615575,40.83347202644348,36316000,38.70260772705078,34.954484367370604,46.50609960556031,54.99310920908782,-688.6834923492489,-18.732881003956393,20.809999465942383,2.492000102996826
2022-03-28,41.45466995239258,41.55173298133926,38.16430917390736,39.98905338976936,35741000,39.42415847778321,35.037343215942386,46.52180738449098,55.90794115173159,-679.4359276272935,-1.5833241546425847,19.6299991607666,2.4769999980926514
2022-03-29,44.24032211303711,44.64797576671395,41.84291875117391,43.52207043896073,40148500,40.58694686889649,35.47443561553955,46.543293743133546,59.53922112804857,-614.2984294653962,12.331775831677906,18.899999618530273,2.4000000953674316
2022-03-30,40.134639739990234,43.87148280073588,39.48433415040473,43.39588324661345,38435700,41.491551971435555,35.534477424621585,46.54973335266114,52.656018989635655,-593.5357036124643,-4.266161874042618,19.329999923706055,2.3580000400543213
2022-03-31,37.64017868041992,40.61024062158981,37.290759192920426,40.04728618004599,38547400,40.849008941650396,35.594496726989746,46.54787250518799,48.95310454436916,-586.9086219896108,0.2906152353150837,20.559999465942383,2.3269999027252197
2022-04-01,35.22337341308594,38.17402330898955,33.60245575019141,37.92166309676571,57428500,39.73863677978515,35.66856575012207,46.528445930480956,45.60673246669502,-602.4752510219178,48.98151366888559,19.6299991607666,2.377000093460083
2022-04-04,36.84428405761719,37.09664424712997,35.10689460067009,35.50484749202304,28200500,38.81655960083008,36.07550811767579,46.53162841796875,48.16597262016162,-652.6073244403615,-50.894590664913764,18.56999969482422,2.4119999408721924
2022-04-05,31.913599014282227,36.14545140663866,31.5738839188876,35.99985869395861,57649600,36.3512149810791,36.15925207138062,46.50627667427063,41.73342780318835,-690.6876638437898,104.4275810712576,21.030000686645508,2.555999994277954
2022-04-06,29.613248825073242,31.156513764911807,28.69117053055051,29.943255676715836,69146900,34.2469367980957,35.9450517654419,46.46709474563599,39.109249476400095,-648.5853430981055,19.943416779995005,22.100000381469727,2.6089999675750732
2022-04-07,29.613248825073242,30.496501912914372,27.81762374437978,29.360890535506098,55657300,32.641550827026364,35.83662872314454,46.425729837417606,39.109249476400095,-626.8399382083461,-19.508611376648844,21.549999237060547,2.6519999504089355
2022-04-08,27.458499908447266,29.079413414460035,27.322613536005807,28.982354100086106,71608900,31.088576126098634,35.720422744750984,46.363743715286255,36.60853709523671,-595.7376125645512,28.660391359264636,21.15999984741211,2.7130000591278076
2022-04-11,25.71141242980957,26.895553833387158,25.56582156194739,26.24524808035532,60558200,28.86200180053711,35.65175285339356,46.295059547424316,34.67267559697897,-579.0669593637379,-15.432020321496353,24.3700008392334,2.7799999713897705
2022-04-12,25.4687557220459,27.99233709287214,25.099925467298736,27.215851371673907,66793200,27.573033142089844,35.39627199172974,46.21065766334534,34.40058093743335,-546.8386216639667,10.295880656954793,24.260000228881836,2.7249999046325684
2022-04-13,27.20614242553711,27.70115271894129,25.53669551022392,25.983176145001103,50484000,27.09161186218262,34.99524183273316,46.130140199661255,38.14347110416091,-486.69415057194095,-24.417455669139976,21.81999969482422,2.687000036239624
2022-04-14,24.857276916503906,27.778807858514643,24.78933463782965,27.71086372855214,51193200,26.140417480468752,34.44522905349732,46.03836348533631,35.21786126001366,-426.44165765174955,1.4048015212740683,22.700000762939453,2.828000068664551
2022-04-18,26.1870059967041,26.85672610158436,24.420499557452658,24.517560737350788,49251700,25.886118698120118,33.85398483276367,45.96279193878174,38.11182809900188,-389.3557726875941,-3.792495878358848,22.170000076293945,2.861999988555908
2022-04-19,27.904983520507812,28.04086806523897,25.449344304239418,25.89582500323734,45358800,26.324832916259766,33.35688819885254,45.8921720123291,41.7333986479032,-369.77944319126635,-7.904092650609018,21.3700008392334,2.9130001068115234
2022-04-20,27.662334442138672,29.94326414359022,27.409976081213692,29.186189060815277,51891900,26.76354866027832,32.81868591308594,45.82169706344604,41.36521001128007,-364.2236067220143,14.403158813725225,20.31999969482422,2.8399999141693115
2022-04-21,25.43963623046875,29.67148794227117,25.05139337876393,28.729998795475986,53808500,26.41024742126465,32.31008701324463,45.748840427398676,38.05339147045531,-354.91303979834305,3.6934473395655143,22.68000030517578,2.9170000553131104
2022-04-22,23.73137092590332,25.77935294273977,23.653722344951536,25.332874065089047,57459200,26.18506622314453,31.454010868072512,45.67452486991881,35.68845974118683,-354.8019065572219,6.784615813486727,28.209999084472656,2.9059998989105225
2022-04-25,24.915510177612305,25.00286505533438,22.984000267079455,23.187827080905592,58210600,25.930767059326172,30.66102466583252,45.59647661209105,38.53981444779499,-366.00706051108034,1.3077105145912205,27.020000457763672,2.8259999752044678
2022-04-26,21.77073860168457,24.168139790527736,21.693090032649227,23.983723744835828,55039200,24.703918075561525,29.67682809829712,45.49513691902159,34.20276331721678,-388.94380620075674,-5.448148618980053,33.52000045776367,2.7720000743865967
2022-04-27,21.304851531982422,22.896648447451994,20.84866447599666,20.98455088798456,52406400,23.432421493530274,28.530054569244385,45.39491200447081,33.59951766455892,-438.9670163702258,-4.783499760170928,31.600000381469727,2.818000078201294
2022-04-28,24.828153610229492,25.52699073315921,21.741619744202723,22.51810728763477,63555800,23.310124969482423,27.76473026275635,45.31453504562377,41.93954286375175,-510.22413410642696,21.27488245710447,29.989999771118164,2.86299991607666
2022-04-29,21.586320877075195,25.187277382826775,21.450436354654002,23.585772762690034,48104400,22.8811149597168,26.962037372589112,45.23124070167542,37.297574984857576,-583.8870851211367,-24.31154985068239,33.400001525878906,2.88700008392334
2022-05-02,23.77989959716797,23.82842926399388,21.168963163852933,21.72220951133605,57669900,22.65399284362793,26.389863681793216,45.17181782722473,41.97733333516219,-654.4489069863016,19.88487539601367,32.34000015258789,2.996000051498413
2022-05-03,24.37196922302246,24.925215526555448,23.051941655794298,23.614894262179018,53115700,23.174238967895505,25.76624794006348,45.11496723175049,43.209359962843145,-778.536100576863,-7.897013866852554,29.25,2.9600000381469727
2022-05-04,27.196441650390625,27.312913595279866,22.61516985554818,24.934924664835805,77054200,24.35255699157715,25.530390071868897,45.06496252059937,48.79512845355502,-911.2506274219297,45.06859553766589,25.420000076293945,2.9170000553131104
2022-05-05,23.284889221191406,25.837589684173693,22.081335341230556,25.75023480285259,64302700,24.043904113769532,25.213972091674812,44.978373069763194,42.552998118707784,-947.5450829000376,-16.548741016064017,31.200000762939453,3.065999984741211
2022-05-06,22.663698196411133,24.139022867519095,21.295141002549432,22.556930719164868,73607500,24.25937957763672,24.866494560241705,44.89406222343445,41.641936021269146,-975.4394526335085,14.470309955880545,30.190000534057617,3.122999906539917
2022-05-09,19.140392303466797,21.935744848981262,18.752149408614276,21.17866981555273,72482100,23.331478118896488,24.45058917999268,44.788205595016485,36.825985129008494,-926.0992465604598,-1.5289202866555773,34.75,3.0789999961853027
2022-05-10,20.470123291015625,21.49896727391094,19.140389488976684,20.819542770646738,72934500,22.55110893249512,24.188524723052986,44.68948271751404,39.66219751287157,-869.020108914652,0.6241541014954111,32.9900016784668,2.993000030517578
2022-05-11,18.587146759033203,21.353380514067815,18.412436985893805,19.926587118909776,76546000,20.829249954223634,23.844444274902347,44.59250224113464,37.12074085769694,-796.4285768636527,4.951703240578875,32.560001373291016,2.9210000038146973
2022-05-12,18.839502334594727,19.402454936481625,17.432119904233495,17.965955449085808,79889100,19.9401725769043,23.426112270355226,44.486936016082765,37.69693393287168,-727.5902161549827,4.367439186894151,31.770000457763672,2.816999912261963
2022-05-13,21.8289737701416,22.23662920554324,19.586869801076496,19.965406329918075,65885900,19.77322769165039,23.27469711303711,44.38530539512634,44.21803073899103,-716.3312744807373,-17.528298603939707,28.8700008392334,2.934999942779541
2022-05-16,20.74189567565918,21.848388304662336,20.576892226484322,21.217493417095415,49300800,20.09352836608887,23.002441596984866,44.27367946624756,42.47696285678425,-721.4818914617048,-25.172457232882905,27.469999313354492,2.877000093460083
2022-05-17,23.857545852661133,24.01284299293377,22.168688063730247,22.401633774139203,65619700,20.77101287841797,22.80006971359253,44.173653974533075,48.71028050665822,-793.9438134118378,33.10067990783112,26.100000381469727,2.9679999351501465
2022-05-18,20.2371826171875,23.634311531540227,19.92658826979567,22.712232942843436,61497800,21.10102005004883,22.42881212234497,44.051839895248406,42.89380192951503,-874.428537271926,-6.2814977819161015,30.959999084472656,2.885999917984009
2022-05-19,19.90717315673828,21.39220427614754,19.31510159942623,19.94599651963567,62522000,21.31455421447754,22.152188968658447,43.92042017936706,42.39683004940833,-895.1106632200117,1.6654254298527738,29.350000381469727,2.8550000190734863
2022-05-20,19.76158332824707,21.013666929881083,17.140940476398093,20.90690128792495,86718200,20.901076126098634,21.953699588775635,43.79040693283081,42.164729631947885,-865.4409225731317,38.70029749528165,29.43000030517578,2.7869999408721924
2022-05-23,20.023643493652344,20.21776584646243,18.878327536194313,19.344218961392965,54498700,20.757425689697264,21.70910625457764,43.66432348251343,42.7720327557353,-870.4837008874725,-37.154253663014224,28.479999542236328,2.8589999675750732
2022-05-24,18.538618087768555,19.29569134376384,17.898016785947163,19.11127710777379,57291400,19.693640136718752,21.54750022888184,43.53314339637757,40.19621316622512,-816.0807407977578,5.124342415507166,29.450000762939453,2.759999990463257
2022-05-25,19.59657859802246,20.110999720390794,18.16978346683341,18.179489770255767,54536300,19.565519332885742,21.462086582183844,43.41549980163575,42.83733407362424,-773.6129196079191,-4.808924201538101,28.3700008392334,2.749000072479248
2022-05-26,21.87750816345215,22.158983558799278,18.90744594938046,19.03362604314387,60520000,19.95958633422852,21.314554309844972,43.31061917304992,48.1535845480602,-840.2215578962644,10.971958126972314,27.5,2.75600004196167
2022-05-27,24.517559051513672,24.692268793059586,22.896643567920204,22.90634987037141,54680400,20.910781478881837,21.461116218566897,43.226457796096796,53.53952682883711,-798.0677657291774,-9.649041639127564,25.719999313354492,2.743000030517578
2022-05-31,24.129318237304688,24.84756801745183,23.05194264143995,24.40108732362152,48671900,21.731916427612305,21.47858715057373,43.136183385848994,52.67295568620722,-767.9201102348807,-10.988398036590807,26.190000534057617,2.8440001010894775
2022-06-01,23.01311683654785,24.964039312080054,22.04250875029032,24.595209053868913,52378500,22.626816177368163,21.41064453125,43.04260789871215,50.159292120615206,-789.9598281897569,7.615482444696009,25.690000534057617,2.930999994277954
2022-06-02,25.429931640625,25.507580210543285,22.615166815689367,22.712227990909206,49439000,23.79348678588867,21.32231903076172,42.97348651885985,55.15005430279541,-824.0555236153065,-5.612035472569854,24.719999313354492,2.9130001068115234
2022-06-03,23.226652145385742,24.216672852384516,22.809290365888923,23.82842813108364,42093200,24.063315582275393,21.31940717697144,42.90208052635192,50.21360191659923,-835.0390070760643,-14.858310240902927,24.790000915527344,2.9570000171661377
2022-06-06,23.207239151000977,24.828154726077326,22.789877378483112,24.507854132261667,40514000,23.801251602172854,21.34658422470093,42.82587202072142,50.17099017350891,-807.0248953678355,-3.75167485484591,25.06999969482422,3.0380001068115234
2022-06-07,23.8769588470459,24.012843384176445,21.87750674499255,22.34339817340126,37067500,23.750779724121095,21.583412551879885,42.74913134574889,51.693971178565384,-784.5341586915619,-8.506935874018861,24.020000457763672,2.9719998836517334
2022-06-08,22.236631393432617,23.741073205923964,21.761033647217364,23.449891516825005,38501600,23.59548263549805,21.67173795700073,42.64837476730346,47.83739497791214,-784.3873587511952,3.868887839751811,23.959999084472656,3.0290000438690186
2022-06-09,20.470123291015625,22.86752443408229,20.411887328173066,21.731912976569053,37937200,22.603520965576173,21.765886783599854,42.538591613769526,44.02796175891238,-827.6107631043232,-1.4659131049099217,26.09000015258789,3.0439999103546143
2022-06-10,18.257139205932617,19.90717383965887,18.111548350318692,19.39275084178229,58924000,21.60961837768555,21.736768627166747,42.41265002250672,39.75675040435605,-835.0218744489846,55.31984437438715,27.75,3.1559998989105225
2022-06-13,15.092955589294434,16.898286256175016,14.889127858707596,16.432394829487375,77061300,19.98676166534424,21.399967718124387,42.27137260913849,34.58975538646244,-718.13378168117,30.780836331545714,34.02000045776367,3.365999937057495
2022-06-14,15.296783447265625,15.743262272070687,14.762948822174195,15.539435465430458,52253400,18.270726585388186,21.127712106704713,42.11840471744538,35.17422432000831,-615.0501662828999,-32.192423434330856,32.689998626708984,3.4830000400543213
2022-06-15,16.121801376342773,16.917699734129645,15.015307792437781,15.869443044385559,77001800,17.047760581970216,20.740924882888795,41.96742747783662,37.604488778153296,-560.3840104491202,47.36227690446937,29.6200008392334,3.3949999809265137
2022-06-16,13.171151161193848,14.743536117249059,12.60819855688929,14.695006454457687,90753100,15.58796615600586,20.38762331008911,41.807469673156746,32.85978067396615,-482.5829512626876,17.858413699420005,32.95000076293945,3.306999921798706
2022-06-17,13.297330856323242,13.607926079430129,12.40437132547348,13.248800265933664,64012800,14.596004486083984,20.05713119506836,41.65100483894349,33.2476565377258,-418.3516887070216,-29.464888802696542,31.1299991607666,3.239000082015991
2022-06-21,14.364999771118164,14.976482972680127,14.064110858993137,14.112641448128658,57522800,14.450413322448732,19.787302017211914,41.49822904586792,36.58597035104401,-380.84678960800613,-10.138597280543893,30.190000534057617,3.306999921798706
2022-06-22,13.887818336486816,14.548680529086308,13.547668460452643,13.644854404129221,49362200,14.16862030029297,19.480510759353635,41.338507409095776,35.7260131844025,-344.8632021833373,-14.186722482215753,28.950000762939453,3.1559998989105225
2022-06-23,13.61569881439209,14.179375055972159,12.964555410009279,14.169656276364336,47625300,13.667399787902832,19.234364795684815,41.17970512390138,35.21763919019818,-317.29645277517415,-3.5186843374079735,29.049999237060547,3.068000078201294
2022-06-24,15.365038871765137,15.403913062304582,14.159937111374715,14.227967639944103,60548200,14.10617733001709,19.02278780937195,41.03847833156586,41.027278462326564,-295.3990790008518,27.134527236573835,27.229999542236328,3.125
2022-06-27,15.35531997680664,15.996743652461094,14.937421736528737,15.850965670744236,43426900,14.51777515411377,18.696678400039673,40.894292368888856,41.00527659846127,-286.3287980207719,-28.277141186690933,26.950000762939453,3.194000005722046
2022-06-28,14.150221824645996,16.113370193105435,14.11134762705771,15.549693864658291,56957600,14.474819564819336,18.17831153869629,40.73903590202331,38.26509246780601,-287.8444290735128,31.157416255823,28.360000610351562,3.2060000896453857
2022-06-29,13.168644905090332,13.644853975097783,12.663279496796353,13.605979784216233,61516700,14.33098487854004,17.63027787208557,40.57266229152679,36.146290643149555,-291.0252657497403,8.004375184347644,28.15999984741211,3.0929999351501465
2022-06-30,12.731310844421387,13.440765105326783,12.031574436735745,12.663280310879834,70274900,14.1541072845459,17.11618757247925,40.40410201072692,35.21080490250454,-297.480755500922,14.23710959788156,28.709999084472656,2.9719998836517334
2022-07-01,11.27352523803711,12.245380830046043,10.816752850279471,12.13847612175148,92067100,13.335804557800294,16.40836725234985,40.22476008415222,32.21763019607258,-317.14328621504177,31.009933845512407,26.700000762939453,2.8889999389648438
2022-07-05,11.516490936279297,11.565082982008603,10.233640724047428,10.437730467345643,82942200,12.568038749694823,15.822859191894532,40.04430449485779,33.23629784659067,-344.50615516470316,-9.911140896150739,27.540000915527344,2.809000015258789
2022-07-06,11.749735832214355,12.1481965301085,11.195778367028238,11.584520285258174,77177800,12.087941551208496,15.249984025955202,39.87626944065094,34.25773649573829,-388.4455488720866,-6.94990005087881,26.729999542236328,2.9130001068115234
2022-07-07,13.324142456054688,13.499076788776948,12.546657665641591,12.546657665641591,75926300,12.119041061401367,14.722343206405643,39.7328423166275,40.83746662014217,-452.0110310564482,-1.6215802989978934,26.079999923706055,3.007999897003174
2022-07-08,13.518514633178711,13.771197374898714,12.595251767330655,12.76046733485266,77437200,12.276481819152831,14.286437368392948,39.58893174648285,41.614377524685125,-540.8359506157598,1.98995604948482,24.639999389648438,3.1010000705718994
2022-07-11,12.54665756225586,13.071459629264348,12.293974845257805,12.877088664971179,52520600,12.531108283996584,13.890264081954957,39.42725827693939,38.8661720140504,-655.5233860640807,-32.17652497765931,26.170000076293945,2.990999937057495
2022-07-12,12.60496997833252,13.071460317186483,12.362006028470935,12.809059733289608,53368400,12.748804092407228,13.60765562057495,39.25695058822632,39.12593747755686,-776.6037166247602,1.6142237522039027,27.290000915527344,2.9579999446868896
2022-07-13,12.915960311889648,13.17836175708735,11.788608014374379,11.837200977577696,70014100,12.982048988342285,13.498805856704712,39.08892546653747,40.57614834320837,-827.4639982315615,31.190179956678477,26.81999969482422,2.9040000438690186
2022-07-14,13.6740083694458,13.858661457523603,12.187069520286196,12.799338676253974,78227900,13.052022171020507,13.41766710281372,38.92595181941986,44.07358897616774,-904.0505408297055,11.731636913136079,26.399999618530273,2.9600000381469727
2022-07-15,14.684739112854004,14.72361330330286,13.644853823221752,14.3348713988143,74112400,13.285267066955567,13.345813989639282,38.79451824188233,48.431676851956254,-1001.7402179338908,-5.260910749233972,24.229999542236328,2.930000066757202
2022-07-18,14.500088691711426,15.724627229039738,14.218250545199409,15.384477326392789,83926600,13.67595329284668,13.41226086616516,38.6723970270157,47.70036892508356,-922.0788164706454,13.242318424447186,25.299999237060547,2.9600000381469727
2022-07-19,16.472957611083984,16.68676523351666,15.06376586897112,15.170669680187457,78348500,14.449550819396974,13.571042203903199,38.56052822589874,55.44194843523267,-811.6025039723283,-6.646402928273043,24.5,3.0190000534057617
2022-07-20,17.68777084350586,17.921015941092676,16.035615751848503,16.356327992738784,85890600,15.403912925720215,13.737180757522584,38.45458790302276,59.42474544681363,-713.3009760812901,9.626348940949736,23.8799991607666,3.0360000133514404
2022-07-21,18.56244659423828,18.581884155582973,17.182411251118964,17.998770290917314,80210800,16.38160057067871,13.970912170410157,38.36781649112702,62.05466592943228,-600.7680730128418,-6.61283074050012,23.110000610351562,2.9100000858306885
2022-07-22,17.15325164794922,18.377789974839192,16.66732382872308,18.30976037673434,65689500,16.875303077697755,14.147789812088014,38.26609200000763,55.781585022591294,-541.4991104407468,-18.103921167723048,23.030000686645508,2.7829999923706055
2022-07-25,16.81310272216797,16.881134177656545,15.96758930858239,16.74507312034702,43336800,17.337905883789062,14.220193004608156,38.16067785739899,54.35329938509935,-517.8076512749651,-34.027812664124404,23.360000610351562,2.819999933242798
2022-07-26,15.967588424682617,16.754790972226473,15.792654113302312,16.45351624355346,48959700,17.23683204650879,14.250806427001955,38.04458432674408,50.86675808967826,-507.46840984722104,12.974885086116196,24.690000534057617,2.7869999408721924
2022-07-27,18.20285987854004,18.58188492580061,16.686765250501622,16.832543259293555,78797600,17.339849853515627,14.453438329696656,37.944809231758114,58.45412093383962,-466.61196035647663,60.94379663274081,23.239999771118164,2.7339999675750732
2022-07-28,18.824846267700195,18.970624256172282,17.085223624752572,18.329199623960946,69548100,17.39232978820801,14.736248397827149,37.85275249004362,60.29164332407346,-437.10171645299295,-11.738301674162665,22.329999923706055,2.680999994277954
2022-07-29,19.27189826965332,19.42739503184947,17.804395954467967,18.04735987710791,61313500,17.816059112548828,15.063277769088744,37.76938282489775,61.60604874762415,-419.8645077924991,-11.84015091713505,21.329999923706055,2.6419999599456787
2022-08-01,19.44683074951172,20.029944479377793,18.49441270780869,18.863717019645648,61205100,18.34280471801758,15.471943044662474,37.68397722721098,62.13423999264814,-421.0593843209647,-0.17679630097776622,22.84000015258789,2.6059999465942383
2022-08-02,19.359363555908203,20.282627114025452,18.57216104179117,18.88315453607605,60816500,19.021159744262697,15.86408667564392,37.58164095401762,61.677348044914105,-441.49373832006233,-0.6349144107272053,23.93000030517578,2.740999937057495
2022-08-03,20.94348907470703,21.10870461376091,19.310773096234566,19.417675960092303,57214600,19.569285583496097,16.323774337768555,37.483393006324754,66.48420424225654,-462.59895549273983,-5.922570355084556,21.950000762939453,2.747999906539917
2022-08-04,21.448856353759766,21.643228247472873,20.622778585980694,20.865742526288198,56294600,20.094087600708008,16.73001003265381,37.382723908424374,67.86883587166284,-460.8979652677746,-1.6079811796289811,21.440000534057617,2.6760001182556152
2022-08-05,20.95321273803711,21.497453378056377,19.991075617040654,20.370098825826766,60067800,20.430350494384765,17.10174493789673,37.271960511207574,65.03121943423648,-469.6164560879056,6.702596696663621,21.149999618530273,2.8399999141693115
2022-08-08,19.9619140625,20.78798980433868,19.01921298435359,20.068816913447343,59477700,20.533367156982425,17.472507762908936,37.15735638141632,59.6587139082683,-511.0949684569955,-0.9823898994136604,21.290000915527344,2.765000104904175
2022-08-09,17.192127227783203,18.68878398753263,16.43407914198747,18.68878398753263,65153600,20.099919891357423,17.701865625381473,37.02216042041779,47.78091563481282,-591.4406367239085,9.542904315398882,21.770000457763672,2.796999931335449
2022-08-10,19.34964370727539,19.456548410148216,17.872422837459794,18.543003680963917,69125300,19.781150817871094,18.02354979515076,36.90522255420685,55.25413049058154,-675.4444298666375,6.095902605535231,19.739999771118164,2.7860000133514404
2022-08-11,19.223304748535156,20.992081672767927,19.126118816218167,19.89388378882067,70069200,19.336040496826172,18.301014614105227,36.78275351047516,54.75992347799417,-760.4537411977166,1.365491361339477,20.200000762939453,2.888000011444092
2022-08-12,20.99208641052246,21.10870807268949,19.41767914192442,19.670361881510175,57238400,19.343815231323244,18.61638197898865,36.66961347103119,60.135794981197606,-819.8422582172075,-18.311611949330086,19.530000686645508,2.8489999771118164
2022-08-15,21.167016983032227,21.351668224148476,20.21459702560403,20.64221403585745,48991600,19.584835815429688,18.949728393554686,36.56156843662262,60.63401689338128,-888.9714732767568,-14.40781014144351,19.950000762939453,2.7909998893737793
2022-08-16,20.545028686523438,21.128142471061043,19.816136919268338,20.875459769305827,48777200,20.255416107177737,19.15333194732666,36.43629707813263,57.86480986138274,-948.3157754593989,-0.43762604201537103,19.690000534057617,2.8239998817443848
2022-08-17,18.999780654907227,19.631488424677507,18.183421612856534,19.612050863279187,67988800,20.185443496704103,19.218932437896726,36.30014636516571,51.56412953646063,-1023.0218421664612,39.38643464569511,19.899999618530273,2.8929998874664307
2022-08-18,20.302066802978516,20.758840209344655,18.951187851841464,19.164995457721314,50790800,20.401195907592776,19.30591344833374,36.15930127620696,55.92029620913337,-1036.1095079340291,-25.295342762337324,19.559999465942383,2.880000114440918
2022-08-19,18.630474090576172,19.806418613433305,18.35835382364182,19.495425081889856,49700800,19.928873443603518,19.379774570465084,36.00107545375824,49.736928517393196,-1120.8228985244332,-2.1460579475023,20.600000381469727,2.989000082015991
2022-08-22,16.560422897338867,17.639181521141282,16.29802139952163,17.590589475027457,51389400,19.00755462646484,19.367140579223634,35.82352499485016,43.34502556093904,-1139.4943442108522,3.397530824453532,23.799999237060547,3.0369999408721924
2022-08-23,16.842260360717773,17.551714625442305,16.531266811998407,16.599296419072296,49723200,18.26700096130371,19.41087417602539,35.62113980770111,44.39283968245521,-1189.8100948593406,-3.2423028873658777,24.110000610351562,3.053999900817871
2022-08-24,16.920005798339844,17.09494010241624,16.298018809328173,16.764509051086925,42087500,17.851045989990233,19.34673147201538,35.410266089439396,44.696688959426744,-1124.6966917313941,-15.35641310293786,22.81999969482422,3.1059999465942383
2022-08-25,18.776254653930664,18.83456548568165,16.9297289166941,16.968602186638783,58659800,17.545883560180666,19.344301891326907,35.19591549396515,51.50955196715125,-1116.652765620569,39.37582417582417,21.780000686645508,3.0260000228881836
2022-08-26,15.530254364013672,18.785971481292563,15.50109895117003,18.70822309582028,84676900,16.925839614868163,19.157219696044926,34.9660140657425,41.80992649202005,-1001.2204185993918,44.352520806412564,25.559999465942383,3.0350000858306885
2022-08-29,14.626429557800293,15.598284403221124,14.529243609841267,15.044326909622777,61062700,16.53904094696045,18.916199636459353,34.758031387329105,39.57526663012755,-848.5622528237709,-27.887416757108497,26.209999084472656,3.109999895095825
2022-08-30,14.062752723693848,15.131793474476632,13.567106077153378,15.06376386971636,77063100,15.983139419555664,18.651369094848633,34.52933016300202,38.203848910484204,-709.55734153884,26.20323045001285,26.209999084472656,3.109999895095825
2022-08-31,13.644855499267578,14.286280183879066,13.275550181223466,14.276561403364608,86870500,15.32810935974121,18.28643741607666,34.290244278907785,37.17530132771669,-626.7507235648316,12.72645403571877,25.8700008392334,3.132999897003174
2022-09-01,12.847931861877441,12.88680605052985,11.633112307947412,12.663278770653168,113345600,14.142444801330567,17.856391191482544,34.0479014492035,35.22755805270992,-559.4777524924201,30.47651389136703,25.559999465942383,3.265000104904175
2022-09-02,12.498064041137695,13.742040011703873,12.274537673715948,13.450483114638867,100737200,13.536006736755372,17.433633756637573,33.789498863220224,34.37601861453656,-519.6854058447154,-11.123854829830183,25.469999313354492,3.193000078201294
2022-09-06,12.070448875427246,12.663280568238953,11.730298981308165,12.546657985726842,79919100,13.024810600280762,17.039060497283938,33.53686534404755,33.316010947746285,-477.2137751610218,-20.665752075697952,26.90999984741211,3.3399999141693115
2022-09-07,12.624404907226562,12.945117203579475,11.885794376969157,12.070447472950404,79632700,12.737141036987305,16.810674381256103,33.27021708965302,36.066371699638744,-431.3827480982317,-0.3583623939709013,24.639999389648438,3.265000104904175
2022-09-08,13.26583194732666,13.411610880548578,12.021856722069685,12.28425824576876,103258300,12.661336326599121,16.506483793258667,33.00371986389161,39.193698940095395,-402.5966429981469,29.66821418839245,23.610000610351562,3.2920000553131104
2022-09-09,14.237686157226562,14.432058045833033,13.790632481732617,13.858663013478424,81908900,12.939287185668945,16.257202863693237,32.75750806808472,43.688204198013224,-396.62508690361574,-20.675722920094564,22.790000915527344,3.321000099182129
2022-09-12,14.36402702331543,14.626428507868452,13.897536730999597,14.412619993806786,67153300,13.312479782104493,15.925799894332886,32.515275125503535,44.26495614254102,-406.98169869057284,-18.01464798086655,23.8700008392334,3.361999988555908
2022-09-13,11.749735832214355,13.110333472852972,11.613675697416959,12.779902378940605,85975600,13.248337173461914,15.454935836791995,32.24958956241607,36.03944989517346,-414.9998100997028,28.028853384718253,27.270000457763672,3.421999931335449
2022-09-14,12.109321594238281,12.38144092027909,11.603956204757282,11.934387278366584,65846900,13.145320510864257,15.033150482177735,32.012430996894835,37.752836531759776,-433.0087347521944,-23.41210762123207,26.15999984741211,3.4119999408721924
2022-09-15,11.574799537658691,12.313409983551637,11.263806055949528,11.885793019367854,94630600,12.807114028930664,14.661901426315307,31.738448762893675,36.20043246900771,-445.5806000890317,43.713067737433356,26.270000457763672,3.4590001106262207
2022-09-16,11.720580101013184,11.759454291777995,10.865346977353529,11.147185092106861,87622100,12.303692817687988,14.232827091217041,31.483338208198546,36.96177109299071,-485.49334909426045,-7.406166715628981,26.299999237060547,3.447999954223633
2022-09-19,11.91495132446289,12.08988472344623,11.24437036005293,11.292963331317017,75532200,11.813877677917482,13.897050952911375,31.23652447223663,38.0237176879425,-516.3515777772384,-13.797774762303117,25.760000228881836,3.490000009536743
2022-09-20,11.40793228149414,11.739444997703659,11.144672785006865,11.55418838386948,70577400,11.745516967773439,13.63942642211914,30.986739106178284,36.30561371316071,-526.8185212701045,-6.559851295209196,27.15999984741211,3.571000099182129
2022-09-21,11.115421295166016,12.597477963784275,11.09592103893037,11.466435206084936,125021300,11.546736907958985,13.353084468841551,30.73704348087311,35.31421796184586,-555.0153224452636,77.14069943069595,27.989999771118164,3.509999990463257
2022-09-22,10.247636795043945,11.037416067202935,9.994127008727526,10.891160921949059,112096100,11.281304359436035,13.019466018676757,30.484609732627867,32.48053754507481,-586.5661332051106,-10.338398336923394,27.350000381469727,3.7079999446868896
2022-09-23,9.779619216918945,9.886873864128022,9.214097925722761,9.818620653212903,120047000,10.893112182617188,12.56963424682617,30.184285073280336,31.034177312917635,-664.7208756883903,7.092931868280883,29.920000076293945,3.697000026702881
2022-09-26,9.311602592468262,10.101381961717324,9.26285056143455,9.662615542149217,96464800,10.372442436218263,12.258701658248901,29.887926597595214,29.614026323463083,-711.9457270823009,-19.64413937874333,32.2599983215332,3.878000020980835
2022-09-27,9.565113067626953,10.02337977319743,9.155597466574562,9.78937112398684,115839400,10.003878593444824,12.005635833740236,29.61607181549072,31.444058376936553,-711.0309667984151,20.084631907182725,32.599998474121094,3.9639999866485596
2022-09-28,9.916125297546387,10.091632236221855,9.214098472712156,9.331102788539921,119412700,9.764019393920899,11.798304462432863,29.337725539207458,34.00270172594022,-695.2657569420587,3.0847017508723207,30.18000030517578,3.7049999237060547
2022-09-29,9.058093070983887,9.49685950488983,8.58032519695003,9.457858064761917,128122600,9.526110649108888,11.56896634101868,29.08060534477234,30.960814779681705,-650.0914903868818,7.293947796172429,31.84000015258789,3.746999979019165
2022-09-30,8.638826370239258,9.37010402585367,8.521822056925068,8.677827808010655,109534300,9.29795207977295,11.35851106643677,28.825366611480707,29.568827698654513,-579.6013799573288,-14.508213227018496,31.6200008392334,3.803999900817871
2022-10-03,9.457858085632324,9.75036935217099,8.65832809631196,8.863085889902258,126786100,9.327203178405762,11.2065007686615,28.54220656871795,35.65485170589584,-540.954551412481,15.750134889253875,30.100000381469727,3.6510000228881836
2022-10-04,10.764408111572266,10.822910738913881,10.27688962657376,10.315891068178933,114533100,9.567062187194825,11.14119873046875,28.308704543113706,43.972157184948195,-539.8888543903063,-9.66430862689206,29.06999969482422,3.617000102996826
2022-10-05,11.134920120239258,11.368928724654584,9.955125577310902,10.26713704986467,110030200,9.8108211517334,11.066724491119386,28.078364834785457,46.099891580627556,-557.3614574438442,-3.931527217895958,28.549999237060547,3.759000062942505
2022-10-06,10.910663604736328,11.622441097215816,10.774159020053387,11.008167676539351,117138000,10.181335258483887,10.948966073989869,27.85374372959137,44.98631172613152,-594.4219508003277,6.459862837657293,30.520000457763672,3.8259999752044678
2022-10-07,8.98008918762207,10.023378291905628,8.775331417355734,9.92587516741111,134873300,10.24958782196045,10.686086225509644,27.59053143978119,36.75507742529464,-629.7013436891422,15.140518021478933,31.360000610351562,3.882999897003174
2022-10-10,8.073305130004883,8.86308541429132,7.66379002973353,8.843584230296962,163448700,9.972677230834961,10.371550130844117,27.31366318225861,33.64148510249729,-648.5875986101331,21.186847211419902,32.45000076293945,3.888000011444092
2022-10-11,7.3810296058654785,7.8197964960966075,7.020265594359751,7.615038242041682,186475200,9.296001529693603,10.153114819526673,27.02348359823227,31.451007804249627,-598.2834617341056,14.087906480749002,33.630001068115234,3.938999891281128
2022-10-12,7.156771183013916,7.4297812618315975,7.04951699101148,7.303026349913613,110516500,8.500371742248534,9.905487298965456,26.705107641220096,30.752457173255465,-568.0894695295716,-40.73394210061178,33.56999969482422,3.9019999504089355
2022-10-13,7.800295829772949,8.151308807360351,6.054979675055961,6.25973747778221,284532700,7.87829818725586,9.716762113571168,26.401934170722964,35.200184907272984,-555.5179188318111,157.45721227147075,31.940000534057617,3.9519999027252197
2022-10-14,6.7570061683654785,8.063556347719429,6.698504004800472,8.053805754658327,177216100,7.433681583404541,9.468583416938783,26.09121518850327,31.650874792131397,-532.0589325016316,-37.716789669517766,32.02000045776367,4.010000228881836
2022-10-17,7.14702033996582,7.478533031838883,7.02026543249273,7.283525374587861,113321500,7.248424625396729,9.230186867713927,25.795255916118624,34.31718648320484,-517.6715878480796,-36.05462483374817,31.3700008392334,4.014999866485596
2022-10-18,7.215273380279541,8.005053238366825,6.8642599550405805,7.83929688575582,185506400,7.215273380279541,9.020553922653198,25.501336250305176,34.79656079431137,-503.1094734720825,63.69920977043191,30.5,3.997999906539917
2022-10-19,7.3810296058654785,7.605288114667923,7.020265594359751,7.0885183457113925,134272400,7.260125064849853,8.83383433818817,25.188400013446806,36.0178385520323,-500.15722166556856,-27.61845413419699,30.760000228881836,4.126999855041504
2022-10-20,7.507784843444824,8.209811755909255,7.400531106348384,7.507784843444824,170614600,7.201622867584228,8.696841740608216,24.881095187664027,36.98977027026206,-495.7413361887199,27.066023993017186,29.979999542236328,4.22599983215332
2022-10-21,8.365817070007324,8.424319696942101,7.361529258257388,7.459032861592257,178616600,7.523385047912598,8.626151633262635,24.61233686685562,43.27177699478344,-495.9533073200697,4.6901027227447045,29.690000534057617,4.2129998207092285
2022-10-24,8.463319778442383,8.590074674878451,7.878297322563232,8.424318343374944,147205700,7.78664493560791,8.58373749256134,24.3366423535347,43.95555895587138,-508.0478607551929,-17.58565553257648,29.850000381469727,4.234000205993652
2022-10-25,9.02884292602539,9.23360073509915,8.531573828293723,8.580325864714668,127146900,8.14935884475708,8.556923985481262,24.091917927265165,47.879692835923606,-522.6255024070987,-13.626374522182228,28.459999084472656,4.107999801635742
2022-10-26,8.785083770751953,9.428608054981462,8.336566704490817,8.521823329093829,143571600,8.430169677734376,8.50037190914154,23.84471318483353,46.37250606293863,-545.2529969361093,12.917892610830473,27.280000686645508,4.014999866485596
2022-10-27,8.307313919067383,9.204346912757371,8.268311554691575,8.93133687119955,129662300,8.590075492858888,8.462832951545716,23.579155943393708,43.48328636785607,-557.7933965126097,-9.688058083910745,27.389999389648438,3.937000036239624
2022-10-28,9.26285171508789,9.321354345588157,8.278064099052388,8.346317322947327,129291600,8.769482421875,8.494034218788148,23.312117083072664,50.17016256308446,-554.3718087966248,-0.2858965173377359,25.75,4.010000228881836
2022-10-31,8.6973295211792,9.116595700140401,8.531573168095361,9.067843667492035,118351000,8.816284370422363,8.456007790565492,23.063503110408785,46.65209632124866,-568.9012704403336,-8.461957311998614,25.8799991607666,4.077000141143799
2022-11-01,8.872836112976074,9.282351683105286,8.716829428748282,9.17509702958195,108638200,8.785083007812501,8.36142919063568,22.794999344348913,47.87373719821041,-622.2053858398568,-8.206774763204372,25.809999465942383,4.052000045776367
2022-11-02,8.034303665161133,9.526110760532807,7.995302227169773,9.038592320706996,174985600,8.634926986694337,8.206398367881775,22.563546411991123,42.827579162199015,-713.315679483742,61.07188815720437,25.860000610351562,4.059000015258789
2022-11-03,7.6930413246154785,8.083056193510838,7.342028361050113,7.585787595992983,135668700,8.512072467803955,8.045517253875733,22.35542436122894,40.936426365686934,-831.7547487988797,-22.468648848819562,25.299999237060547,4.124000072479248
2022-11-04,8.765582084655762,8.833835304457205,8.209811312640605,8.502322587863002,173041700,8.41261854171753,8.034791898727418,22.176100988388058,48.616061795844566,-872.4521943231556,27.547252977289528,24.549999237060547,4.156000137329102
2022-11-07,9.350604057312012,9.448107189782798,8.658327818338519,9.038592545617249,105846700,8.543273448944092,8.098656845092775,22.010765709877013,52.262147064042736,-812.9271680112151,-38.83168045621373,24.350000381469727,4.214000225067139
2022-11-08,9.916125297546387,10.296390021387355,9.370104227149175,9.857622674698682,147373300,8.751931285858154,8.22541162967682,21.839815254211423,55.545915552333575,-776.4063023761958,39.23277721459431,25.540000915527344,4.125999927520752
2022-11-09,9.009340286254883,9.574861585833592,8.95083859588059,9.496858712089468,107444900,8.946938610076906,8.318040084838868,21.689853258132935,49.648571064277945,-811.6154052980355,-27.093374444353213,26.09000015258789,4.151000022888184
2022-11-10,11.778446197509766,11.866199671162018,10.296390527623187,10.530399170784065,196270300,9.764019584655761,8.51694760322571,21.544372110366822,62.679419099931785,-759.8704946821823,82.67065258565087,23.530000686645508,3.8289999961853027
2022-11-11,12.889988899230957,13.075245512886815,11.534687187169466,11.973453634137725,166468400,10.588900947570801,8.823596739768982,21.43239717006683,66.43454643492022,-673.0422613278776,-15.184110891968883,22.520000457763672,3.812999963760376
2022-11-14,12.451220512390137,13.172747528758315,12.412218147309904,12.665727941126042,108739600,11.209024238586425,9.088806748390198,21.3082814502716,63.70949744806872,-575.2913747898826,-34.678533583550994,23.729999542236328,3.865000009536743
2022-11-15,13.523762702941895,14.079533479953787,12.977742518827545,13.982030340581513,159797700,11.930551719665527,9.404231214523316,21.15959054470062,67.24625318205193,-467.1578784949469,46.95446736975306,24.540000915527344,3.7990000247955322
2022-11-16,11.82719898223877,12.66573047178671,11.57368913777041,12.607228772212626,112310400,12.494123458862306,9.626539683341981,20.995963439941402,57.67176058435253,-437.75912203549217,-29.71713610396145,24.110000610351562,3.691999912261963
2022-11-17,12.061208724975586,12.265966551634934,11.027669927451507,11.056920779869175,128795400,12.55067596435547,9.854210877418517,20.81686345100403,58.548432474524475,-424.6377754669733,14.678070775279938,23.93000030517578,3.7750000953674316
2022-11-18,12.178211212158203,12.704731124929571,11.768695621128508,12.665729684349014,117064100,12.40832042694092,10.04483058452606,20.670906496047973,59.00560195291683,-408.2812937311455,-9.108477476680065,23.1200008392334,3.818000078201294
2022-11-21,11.59319019317627,11.89545114058418,11.446934086158606,11.768696219782633,84238200,12.236714363098145,10.201324105262756,20.51799716472625,55.6978296823716,-408.20556806649773,-28.04096217371509,22.360000610351562,3.825000047683716
2022-11-22,12.577974319458008,12.61697575417464,11.554186425679546,11.836947059842013,86949600,12.047556686401368,10.378780674934386,20.370254330635063,59.78467493372311,-399.97486437605346,3.2187297449375762,21.290000915527344,3.757999897003174
2022-11-23,12.987491607666016,13.40675778504696,12.519474327688135,12.577976022751532,113790600,12.279615211486817,10.58890106678009,20.209080681800838,61.38014871804622,-393.9477263888915,30.869607220734775,20.350000381469727,3.7060000896453857
2022-11-25,12.538973808288574,12.928989114048678,12.509722962563544,12.802234209416715,41754500,12.375168228149414,10.80048406124115,20.02421785354614,58.63632046245919,-405.42285009785655,-63.30584424372488,20.5,3.690999984741211
2022-11-28,11.544438362121582,12.441472486872094,11.31042970258695,12.05145712444662,87803100,12.24841365814209,10.914563393592834,19.856702351570128,52.980797781168654,-429.3939667690167,110.28416098863593,22.209999084472656,3.703000068664551
2022-11-29,11.437182426452637,11.875949776719743,11.212924385087362,11.651690805486817,75056000,12.217212104797364,11.051556038856507,19.722033462524408,52.393886567775574,-469.2549178170867,-14.517824541502522,21.889999389648438,3.747999906539917
2022-11-30,13.47500991821289,13.50426169527717,11.23242574920744,11.544437265618424,133385800,12.396619224548342,11.281664729118347,19.597311134338376,61.190619189270485,-508.5934851244093,77.7150394372202,20.579999923706055,3.703000068664551
2022-12-01,13.16299819946289,13.777271560355278,12.61697712426933,13.738270121403426,112133900,12.431720542907716,11.538099455833436,19.439877777099607,59.3813754037873,-576.2325809916367,-15.932655500060722,19.84000015258789,3.5290000438690186
2022-12-02,12.704730987548828,12.802235052879722,11.992954472183428,12.178211080470906,98017700,12.464871978759765,11.788683938980103,19.27971641540527,56.728329294152374,-719.4591813074342,-12.588699759840694,19.059999465942383,3.50600004196167
2022-12-05,12.275714874267578,12.831485616704255,11.895450143729628,12.48047266303914,71095100,12.611127281188965,11.964190578460693,19.142786846160888,54.283212606545845,-877.5441840339182,-27.467079925360416,20.75,3.5989999771118164
2022-12-06,11.4274320602417,12.285464593659713,11.09591938484524,12.226961973938385,86923400,12.609177207946777,12.06803197860718,19.00763251781464,49.71988681754779,-1065.1972246094267,22.26355965460347,22.170000076293945,3.513000011444092
2022-12-07,11.40793228149414,11.632191266522577,11.047168716756637,11.125171599409736,86276700,12.195761680603027,12.142622327804567,18.877329916954043,49.61663043669058,-1209.383375854244,-0.7439883851759088,22.68000030517578,3.4079999923706055
2022-12-08,12.304966926574707,12.402470999299611,11.35918076866704,11.59319035723326,101888300,12.024155426025391,12.307403659820556,18.764613342285156,54.31674088358475,-1602.7201566006165,18.09480427508239,22.290000915527344,3.490999937057495
2022-12-09,12.012454986572266,12.665729820731734,11.8759504080043,12.178211343291396,88787400,11.885700225830078,12.319104099273684,18.63087999343872,52.59378427574136,-1752.39298928249,-12.85810048847611,22.829999923706055,3.566999912261963
2022-12-12,12.655980110168457,12.685231890358544,11.64194164360622,11.836949792069076,73482200,11.961753273010254,12.307403659820556,18.491436257362366,55.90747660466704,-1787.7924828860664,-17.238031522490804,25.0,3.6110000610351562
2022-12-13,13.289752960205078,14.537799922603314,12.81198510591005,14.352543322116466,180078900,12.33421745300293,12.349330282211305,18.358897557258608,58.950710587577476,-1621.1655524015134,145.06465511375546,22.549999237060547,3.500999927520752
2022-12-14,12.675479888916016,13.679767650521033,12.226962871036589,13.172748938495577,139612300,12.587726974487305,12.30691614151001,18.24478258609772,54.98920424491617,-1745.8250404863506,-22.471594395567717,21.139999389648438,3.503000020980835
2022-12-15,11.115421295166016,12.070958027273626,11.037418410487973,11.924701921101498,107181700,12.349817848205568,12.271327257156372,18.1056906747818,46.45159857377259,-1642.484303042825,-23.229042140269872,22.829999923706055,3.450000047683716
2022-12-16,10.832658767700195,11.193422280590202,10.501147029001933,10.920412230540279,88813800,12.113858604431153,12.209899759292604,17.977655005455016,45.08525836815789,-1487.356649086867,-17.137160541398387,22.6200008392334,3.4820001125335693
2022-12-19,10.42314338684082,10.871660369419246,10.091631643080758,10.842409524648449,82876800,11.667291259765625,12.122146368026735,17.861060757637023,43.10762698088672,-1258.8059022859504,-6.684771961114155,22.420000076293945,3.5810000896453857
2022-12-20,10.186344146728516,10.519039498790548,9.941715321175247,10.02978184768401,88304000,11.046609497070312,12.051804065704347,17.76846529483795,41.96143880375453,-1112.7408521538641,6.548515386694476,21.479999542236328,3.684000015258789
2022-12-21,10.900660514831543,11.027867612743266,10.372262302913168,10.401617499912831,83240400,10.691645622253418,11.967938375473027,17.67177499771118,46.576027199703304,-1020.4222288483345,-5.7342815727486895,20.06999969482422,3.684000015258789
2022-12-22,9.569879531860352,10.333122150446613,8.914274195302497,10.313551396192384,135617300,10.382537269592286,11.797057771682743,17.550138120651244,40.16834532769095,-925.5032412736349,62.92245111748622,21.969999313354492,3.6689999103546143
2022-12-23,9.56009292602539,9.599233492497785,9.031693878871009,9.383959910307263,92378600,10.128024101257324,11.648113727569582,17.439030036926273,40.12462738597254,-838.4389638947413,-31.88287924918134,20.8700008392334,3.750999927520752
2022-12-27,9.07083797454834,9.383962595941902,8.933845486096166,9.374177218227109,78142100,9.857563018798828,11.52443370819092,17.335471129417424,37.90364769439679,-734.459221966447,-15.411036755265828,21.649999618530273,3.859999895095825
2022-12-28,8.669644355773926,9.2273986556083,8.552222643489008,8.904488713528574,83917300,9.55422306060791,11.386056804656985,17.243395299911505,36.13723582096786,-639.3187176548273,7.390638337080779,22.139999389648438,3.88700008392334
2022-12-29,9.462242126464844,9.61880441027726,8.982769898993118,9.080620859783467,90966000,9.266539382934571,11.185418415069583,17.137814645767218,41.89806596835269,-603.6691683971007,8.399579109432743,21.440000534057617,3.8350000381469727
2022-12-30,9.462242126464844,9.491597321383466,8.865348186133806,9.070836416933806,64369800,9.24501190185547,11.000380611419681,17.008992128372196,41.89806596835269,-594.6822301090091,-29.23751731416133,21.670000076293945,3.878999948501587
2023-01-03,9.158902168273926,9.990640482636257,8.99255450540146,9.951499910971256,97509800,9.164773750305176,10.823089170455935,16.87549897670746,40.28509020501616,-590.7391547589111,51.48377033950704,22.899999618530273,3.7929999828338623
2023-01-04,9.85364818572998,10.049351980626406,9.374175941240416,9.6677307004002,114576600,9.321335792541504,10.701985836029053,16.734707765579227,45.46356358995156,-597.4481785209938,17.50265101559023,22.010000228881836,3.7090001106262207
2023-01-05,9.364391326904297,9.785153213713139,9.32525075137684,9.589450336075862,83312800,9.460285186767578,10.598833799362183,16.592295141220095,42.658031026746514,-588.5269210417688,-27.286374355671228,22.459999084472656,3.7200000286102295
2023-01-06,10.636460304260254,10.832163161160407,9.354605891675629,9.736226229334719,123492600,9.69512882232666,10.560260200500489,16.453345541954036,51.106224244884004,-601.0544998675149,48.227643291306975,21.1299991607666,3.569000005722046
2023-01-09,11.282280921936035,12.006382938666404,11.037652101831357,11.282280921936035,136968300,10.0591365814209,10.509125900268554,16.33169887542724,54.75111911761855,-617.2150638430161,10.912151821242722,21.969999313354492,3.5169999599456787
2023-01-10,11.712827682495117,11.732397502036326,10.949585123506065,11.135503541664239,90401400,10.569921684265138,10.494144535064697,16.185998544692993,57.04985546911607,-640.2552771192253,-33.998304717222894,20.579999923706055,3.621000051498413
2023-01-11,12.133589744567871,12.16294587642355,11.399703245504856,11.722613230437787,80469400,11.025909996032714,10.468025016784667,16.042790322303773,59.22970305063014,-654.4710746241216,-10.986555517945519,21.09000015258789,3.553999900817871
2023-01-12,12.544563293457031,12.798977443625716,11.56604819267106,12.319505268204924,135343400,11.661944389343262,10.430765533447266,15.898239789009095,61.295939450992876,-696.9111832467032,68.1923812032897,18.829999923706055,3.4489998817443848
2023-01-13,12.671772956848145,12.720698908517889,12.006383186968334,12.104234157122908,74389800,12.069006919860842,10.430580186843875,15.740397043228151,61.938935028042806,-711.4579057245655,-45.03625592382045,18.350000381469727,3.510999917984009
2023-01-17,12.779409408569336,13.141459934355007,12.39778813011073,12.60327636725231,74500500,12.368432617187501,10.51377959251404,15.603620891571047,62.50652034951924,-662.8833416763916,0.14881072405088513,19.360000610351562,3.5350000858306885
2023-01-18,12.544563293457031,13.464368010779287,12.534778851669559,13.161027918934359,82050400,12.534779739379884,10.59937481880188,15.478142814636232,60.39046377155818,-598.3700331215592,10.134025946134596,20.34000015258789,3.375
2023-01-19,11.517126083374023,12.25101259370401,11.370348221397053,12.211871083962187,99618400,12.411487007141114,10.65407395362854,15.359611577987673,52.08322961460892,-572.968583164501,21.411230170724327,20.520000457763672,3.3970000743865967
2023-01-20,12.515210151672363,12.583705921327635,11.497554317493913,11.849819475530152,89921600,12.405616378784181,10.770517253875733,15.237966208457948,58.111338483701054,-550.5842864017054,-9.733944733101518,19.850000381469727,3.4839999675750732
2023-01-23,14.423315048217773,14.589662720991354,12.847905778451087,12.896831729240652,125178200,12.755924797058107,10.946649980545043,15.150514788627628,66.72883887911262,-493.5104096482696,39.20815465916976,19.809999465942383,3.5250000953674316
2023-01-24,14.1297607421875,14.530952805331772,13.855776715198054,13.982983818167957,75816000,13.025995063781737,11.1746440410614,15.073097348213198,64.52939289630055,-477.01335145969915,-39.433543540328905,19.200000762939453,3.4690001010894775
2023-01-25,14.217825889587402,14.315677784890786,13.043607811870963,13.415443707565055,93424800,13.360647583007813,11.407530689239502,14.99612023353577,64.9031318718502,-484.669717714109,23.225704336815454,19.079999923706055,3.4619998931884766
2023-01-26,14.912571907043457,14.971283231546394,13.992767999852967,14.697299227963992,111443300,14.0397367477417,11.699617385864258,14.933390593528749,67.78676979394324,-495.178354898594,19.28663481216979,18.729999542236328,3.493000030517578
2023-01-27,14.658157348632812,15.02999323916595,14.041693589606231,14.18847049733926,101402600,14.46832618713379,11.999043035507203,14.878124318122865,65.65927254141533,-518.5739660624749,-9.009693718689238,18.510000228881836,3.5179998874664307
2023-01-30,13.503510475158691,14.305892671944454,13.435013773912086,14.041694042859934,81286700,14.284365272521974,12.201106452941895,14.818298091888428,56.926878106915,-550.7802249584832,-19.837657022600997,19.940000534057617,3.5510001182556152
2023-01-31,14.208041191101074,14.23739638589026,13.346947700744813,13.376302895534,97363300,14.300021362304687,12.438396406173707,14.753307585716248,60.38860532467652,-595.0482412196833,19.777651202472235,19.399999618530273,3.5290000438690186
2023-02-01,16.439056396484375,16.908745161869227,14.364604992649785,14.413530011408495,150219900,14.744267463684082,12.80240411758423,14.71121648311615,68.90975076017706,-601.1239611473974,54.28801201273992,17.8700008392334,3.3970000743865967
2023-02-02,17.53499412536621,18.004681018081513,16.64454535803811,16.957669953181643,116420900,15.268751907348634,13.186471414566041,14.66795642375946,72.0863505025326,-574.6315067839762,-22.499682132660183,18.729999542236328,3.3959999084472656
2023-02-03,16.566265106201172,17.740482401565192,16.24335511667983,16.41948817757691,94867600,15.650373458862306,13.546565103530886,14.611262831687927,65.69662144475973,-586.9803864814085,-18.51325664034551,18.329999923706055,3.5320000648498535
2023-02-06,15.754097938537598,16.497769848812574,15.519253538903142,15.773668694000877,77254800,16.100490951538085,13.802446985244751,14.551721649169922,60.82846979964005,-626.7844370478599,-18.56566414666335,19.43000030517578,3.634000062942505
2023-02-07,17.212081909179688,17.46649607615519,15.783448797143333,15.871515311341374,119100900,16.70129909515381,14.098937034606934,14.510583877563478,65.73687133501127,-625.6377957093058,54.16634306217867,18.65999984741211,3.6740000247955322
2023-02-08,16.13571548461914,17.30993447557574,15.99872395334307,16.957668405014832,72392900,16.640630912780765,14.320081424713136,14.472605600357054,59.78125577333332,-624.1361232667276,-39.2171679643059,19.6299991607666,3.6530001163482666
2023-02-09,16.223783493041992,17.5154233819596,15.861732013211544,16.957669963233343,84793400,16.37838878631592,14.524591112136841,14.429146966934205,60.099775024752,-624.7359649306148,17.129442251933536,20.709999084472656,3.683000087738037
2023-02-10,15.460540771484375,15.871516308247735,14.922357210058415,15.714954021255057,78447700,16.157243919372558,14.670389986038208,14.397595977783203,55.96321779282429,-657.8623582820211,-7.483719251734211,20.530000686645508,3.74399995803833
2023-02-13,16.067224502563477,16.262928348111657,15.23548595853899,15.646462541094019,60332300,16.219869232177736,14.840162563323975,14.371407842636106,58.41342975863738,-679.4294722998511,-23.09232775466967,20.34000015258789,3.7170000076293945
2023-02-14,16.957670211791992,17.153374019926154,15.333334949935875,15.714955322790676,111460800,16.168986892700197,15.04907560348511,14.332055425643919,61.775164797547795,-695.1516240953847,84.74482159639199,18.90999984741211,3.760999917984009
2023-02-15,17.163162231445312,17.212087258373845,16.077009463026577,16.448844520245796,74638200,16.374476242065434,15.280005550384523,14.309939632415771,62.527982207852446,-721.6505770844997,-33.03636794281039,18.229999542236328,3.809000015258789
2023-02-16,15.93022632598877,16.801104158243508,15.832374443783094,16.292275863869527,81774100,16.315764808654787,15.500660562515263,14.270691266059876,55.469252256866504,-836.596648040117,9.560653927881436,20.170000076293945,3.8429999351501465
2023-02-17,15.166986465454102,15.77366674527495,14.716869410442262,15.636673340326524,82871000,16.257053947448732,15.633249378204347,14.224666352272033,51.58688442998704,-986.9630252537859,1.3413782603538316,20.020000457763672,3.828000068664551
2023-02-21,13.70899772644043,14.981067631365674,13.591576018272916,14.472239296121662,68114400,15.78540859222412,15.597533512115481,14.157229132652283,45.09395732872246,-996.0797676560911,-17.806711636157402,22.8700008392334,3.9549999237060547
2023-02-22,13.532866477966309,14.100405275366485,13.24909707926622,13.806850499735553,70471500,15.100447845458985,15.56768879890442,14.108469018936157,44.367462140973245,-966.1632461177511,3.4605017441246,22.290000915527344,3.9230000972747803
2023-02-23,14.75600814819336,15.010422307034393,13.97319585424351,14.804934091537366,94198000,14.619017028808594,15.594597911834718,14.068930568695068,50.34967079414277,-1005.8013938088247,33.66822048629587,21.139999389648438,3.878999948501587
2023-02-24,14.002553939819336,14.227612004240008,13.660073221665836,13.982983186468903,74689200,14.233482551574706,15.549097013473512,14.043241376876832,46.9971679356953,-969.0189013028373,-20.710418480222515,21.670000076293945,3.9489998817443848
2023-02-27,14.188470840454102,14.687513831910298,14.188470840454102,14.638587883754523,61896900,14.037779426574707,15.525612688064575,14.011833114624027,47.91868035501957,-956.6717648792571,-17.127375845503767,20.950000762939453,3.921999931335449
2023-02-28,14.335247993469238,14.941928267735449,14.002553593406452,14.090619181750071,59300500,14.16302947998047,15.567199563980102,13.990573620796205,48.67732031238266,-994.0644999912719,-4.194717344487364,20.700000762939453,3.9159998893737793
2023-03-01,14.364603996276855,14.893002187609895,14.168900202076962,14.491811089232845,63832600,14.32937698364258,15.57502770423889,13.968199129104615,48.83783905794432,-1026.1237883340857,7.6425999780777465,20.579999923706055,3.99399995803833
2023-03-02,14.687515258789062,14.91257333571104,13.366519196173762,13.708999933351043,73485400,14.31567840576172,15.487450647354125,13.932491836547854,50.66567242777769,-975.6100819177213,15.122053621503738,19.59000015258789,4.072999954223633
2023-03-03,15.343119621276855,15.431186144249649,14.335248228571409,14.726654893652173,72055200,14.583791542053223,15.377856922149657,13.90549795627594,54.24017338705814,-1048.6732407331092,-1.9462369395825574,18.489999771118164,3.9639999866485596
2023-03-06,14.844075202941895,15.900871511843478,14.716868118864973,15.489895065805664,56252700,14.714912414550781,15.291747426986694,13.860430603027345,51.19920785518421,-1127.2674124699934,-21.931102821170434,18.610000610351562,3.9830000400543213
2023-03-07,14.335247993469238,15.088705181493005,14.178685703278548,14.863646189455244,66744300,14.714912414550781,15.220804929733276,13.830920929908752,48.23011014411456,-1132.8893832564036,18.65083809310486,19.59000015258789,3.9749999046325684
2023-03-08,15.470327377319336,15.558392970863654,14.530952647515704,14.540737091341798,71670200,14.93605709075928,15.133717203140257,13.808736701011656,54.56056304385208,-1252.5722229329547,7.380255692246385,19.110000610351562,3.9760000705718994
2023-03-09,14.589662551879883,16.184643489933524,14.48202620793839,15.41161552942549,87945700,14.916486549377442,15.056414556503297,13.782877097129822,49.50282192884773,-1368.116112278976,22.708880399384967,22.610000610351562,3.924999952316284
2023-03-10,13.748138427734375,14.922356453860184,13.513295009146171,14.785363993091336,128656300,14.597490310668945,14.932632303237916,13.751499571800231,45.1918202676463,-1408.9209275160317,46.290608864333336,24.799999237060547,3.694999933242798
2023-03-13,13.718786239624023,14.227613758054096,12.867477027638426,13.317594145149835,121199400,14.372432518005372,14.8455445766449,13.727400412559508,45.04447088582378,-1334.8743768928691,-5.7959851169355865,26.520000457763672,3.515000104904175
2023-03-14,14.893001556396484,15.206126120749325,14.22761092396189,14.442884528546873,107012500,14.483983230590821,14.786833429336548,13.703882527351379,51.813218842457154,-1441.8677142160493,-11.70542098393227,23.729999542236328,3.638000011444092
2023-03-15,14.3743896484375,14.530952883602577,13.454585657711672,14.286324053462364,126199700,14.264795684814455,14.657669401168823,13.666366934776304,48.94579580576303,-1613.8818212506171,17.929868006074056,26.139999389648438,3.492000102996826
2023-03-16,16.067224502563477,16.165076425337567,13.99277176514457,14.1689039196788,108646600,14.560308074951173,14.602872514724732,13.624115262031554,57.260349693580686,-1869.9028062955326,-13.908987105357618,22.989999771118164,3.5850000381469727
2023-03-17,15.783448219299316,16.536905317022565,15.489894426966112,16.135714263194757,79179200,14.967370033264162,14.595533609390259,13.582385911941527,55.624952376520504,-1924.3456206204341,-27.122247727954672,25.510000228881836,3.3949999809265137
2023-03-20,16.253137588500977,16.429270617910433,15.440969137993365,15.79323426362749,62536400,15.474240303039553,14.649841165542604,13.548586015701293,57.77457692163465,-1755.5199514366902,-21.019156546163643,24.149999618530273,3.4809999465942383
2023-03-21,16.336435317993164,17.179227416382066,15.621042046909361,16.669632107161668,76051300,15.762927055358888,14.78121304512024,13.503118534088134,58.16166102031419,-1564.8635636636677,21.611253605899925,21.3799991607666,3.6059999465942383
2023-03-22,15.91504192352295,17.659425294897368,15.875843284296634,16.346238170111153,95075000,16.07105751037598,14.900321817398073,13.466560482978819,55.39508991851893,-1478.48131233922,25.01429955832444,22.260000228881836,3.5
2023-03-23,17.140031814575195,17.806425583423632,16.29723947524531,16.679437001016233,97514400,16.28561897277832,15.019523000717165,13.436224446296691,61.1764468127335,-1304.587977972292,2.565763870628457,22.610000610351562,3.4059998989105225
2023-03-24,16.238439559936523,16.87543290416589,15.719045878406119,16.757835110650156,90583300,16.376617240905762,15.131317281723025,13.398031849861145,55.47712227657301,-1292.1230590865125,-7.107770749755938,21.739999771118164,3.380000114440918
2023-03-27,15.650444984436035,16.58143556061183,15.493646689660098,16.42463726583589,64605200,16.256078720092773,15.204415988922124,13.365100917816163,52.070096996793005,-1285.0768148383934,-28.678685806324122,20.600000381469727,3.5280001163482666
2023-03-28,15.31724739074707,15.562244947986292,14.60185403762096,15.55244482139476,75621600,16.052241134643555,15.253515958786014,13.33933653831482,50.189116879252374,-1339.9847760680445,17.051878176988854,19.969999313354492,3.563999891281128
2023-03-29,16.738231658935547,17.1204272186509,15.973838670321973,16.01303917346348,90012500,16.216879081726074,15.372197341918948,13.331742000579833,57.277183502182716,-1279.2273881989395,19.030144826345907,19.1200008392334,3.565999984741211
2023-03-30,17.5908260345459,17.924022874751113,17.228228813434423,17.404627360505785,80622200,16.307037925720216,15.51736288070679,13.34423135280609,60.874672027243555,-1184.5618314262344,-10.432217747535066,19.020000457763672,3.5510001182556152
2023-03-31,17.933820724487305,17.973021231470383,17.081230258618906,17.208628167947808,68287500,16.646114158630372,15.64689793586731,13.357416539192197,62.25177278919376,-1088.232699549009,-15.299384040624043,18.700000762939453,3.49399995803833
2023-04-03,17.45362663269043,17.796623609818557,16.787232932940498,17.56142616329208,57147300,17.006750488281252,15.777375507354737,13.364075665473935,59.11474993035677,-1041.566362001135,-16.313673805601315,18.549999237060547,3.430000066757202
2023-04-04,16.454038619995117,17.54182662067737,16.179640653320224,17.512428106907965,64093400,17.23410873413086,15.883315038681028,13.380490102767942,53.11451704355575,-1088.716274719959,12.15472996974485,19.0,3.3369998931884766
2023-04-05,15.601446151733398,15.98364178286718,15.072251410124496,15.924842886350417,86953300,17.00675163269043,15.889870977401731,13.392010679244994,48.58473577791164,-1117.141708054014,35.6665428889714,19.079999923706055,3.2869999408721924
2023-04-06,15.346647262573242,15.689644226080212,14.788053115607955,15.140849271387367,65901100,16.5579158782959,15.927720212936402,13.39691891670227,47.286824905904204,-1132.0304222250627,-24.210927014845897,18.399999618530273,3.2880001068115234
2023-04-10,16.06203842163086,16.169837939365163,14.837051633543142,14.915450773027294,63177700,16.18355941772461,16.043415212631228,13.40779001712799,51.226493804139764,-1255.9122134077356,-4.132556209228677,18.969999313354492,3.4149999618530273
2023-04-11,15.88564395904541,16.454040202358886,15.787646411478788,16.385439302205484,52220200,15.869962882995605,16.151758098602297,13.419139742851257,50.229650791790405,-1470.5864149222487,-17.34393623066367,19.100000381469727,3.434000015258789
2023-04-12,15.0232515335083,16.40503773541974,14.964452637669124,16.326638584573104,76962300,15.583805465698243,16.158270597457886,13.417430806159974,45.56159804408798,-1541.1461562794884,47.38032408914559,19.09000015258789,3.4210000038146973
2023-04-13,15.356446266174316,15.630843256153923,14.7390523377766,15.082049276194711,59431400,15.534805488586425,16.207373428344727,13.417436437606813,47.58826330663219,-1669.9027702408882,-22.778555214696027,17.799999237060547,3.4519999027252197
2023-04-14,15.268247604370117,15.866042238726514,14.778252492716156,15.327047428988855,56858500,15.5191255569458,16.16742458343506,13.423026566505435,47.08852767154774,-1657.0607912506061,-4.329192985526165,17.06999969482422,3.5220000743865967
2023-04-17,15.268247604370117,15.307447175918774,14.650853651535146,14.797852745786237,56761700,15.360367393493652,16.1416645526886,13.433524580001833,47.08852767154774,-1558.3470840360383,-0.17024719259213228,16.950000762939453,3.5910000801086426
2023-04-18,15.46424674987793,16.032641986553067,15.101650449210256,15.699445133347208,56833200,15.276087951660156,16.102220010757446,13.447189259529114,48.48282080170021,-1504.58674684329,0.1259652195054084,16.829999923706055,3.572000026702881
2023-04-19,14.954652786254883,15.072251514695918,14.680254818634188,14.895852954738558,53185600,15.262368202209473,16.033130884170536,13.465594897270202,45.15139464829481,-1430.4982610914865,-6.418079573207214,16.459999084472656,3.6019999980926514
2023-04-20,14.895852088928223,15.581845098923896,14.454856649258973,14.494056223127538,65191000,15.170249366760254,15.982171392440796,13.482491703033446,44.769130249333365,-1392.9412552143215,22.572651243945742,17.170000076293945,3.5450000762939453
2023-04-21,14.562655448913574,14.788053702776988,14.19025902461997,14.788053702776988,68276000,15.029130935668945,15.853302574157716,13.496556301116943,42.56976789950077,-1409.522764567524,4.732248316485399,16.770000457763672,3.569999933242798
2023-04-24,14.337259292602539,14.739055196655375,14.072661442855559,14.484257474956427,48740200,14.84293327331543,15.758243560791017,13.50162188529968,41.09888288867405,-1358.9768974603678,-28.612982600035153,16.889999389648438,3.515000104904175
2023-04-25,12.935871124267578,14.131459491987055,12.906471678427785,14.131459491987055,89382800,14.33725814819336,15.622514867782593,13.498708667755125,33.37702668320923,-1236.6738313865692,83.38619866147452,18.760000228881836,3.3959999084472656
2023-04-26,13.102470397949219,13.514066404971004,12.916272649340122,13.34746797667211,68911200,13.966821670532227,15.511776018142701,13.501487731933594,34.9419465293051,-1127.415847235606,-22.903287880889835,18.84000015258789,3.431999921798706
2023-04-27,13.269067764282227,13.327867589690083,12.269478209080805,13.063269777242004,87997600,13.641464805603027,15.338317823410035,13.50480822086334,36.547037680929286,-1055.5065298895424,27.697094231416663,17.030000686645508,3.5280001163482666
2023-04-28,13.945260047912598,13.984460552981323,13.269067223532259,13.484665328452845,65456800,13.51798572540283,15.15603952407837,13.509954719543456,42.723783370716696,-1077.3804503592014,-25.61524405211051,15.779999732971191,3.4519999027252197
2023-05-01,14.366657257080078,14.49405610476039,14.033460414622578,14.170659389337887,57191000,13.523865318298341,14.977681350708009,13.51341796398163,46.23618389749732,-1157.7759260625935,-12.62787059556838,16.079999923706055,3.5739998817443848
2023-05-02,14.062859535217285,14.611653515704822,13.631663330242752,14.366655969339304,61126500,13.749263000488282,14.808142995834352,13.510308566093446,44.13487844892486,-1217.143138942343,6.881327481596755,17.780000686645508,3.438999891281128
2023-05-03,13.563066482543945,14.327458687603036,13.533667033970186,13.837463516612814,71240700,13.841382217407226,14.663594388961794,13.505623455047607,40.84600490807516,-1253.8706840280634,16.54634242104489,18.34000015258789,3.4030001163482666
2023-05-04,13.32786750793457,13.719863226277317,12.955471108213203,13.229868111053127,62383900,13.853142166137696,14.549915456771851,13.48989800453186,39.359571379452504,-1209.217011159638,-12.43221922300034,20.09000015258789,3.3510000705718994
2023-05-05,14.180459976196289,14.386257977646796,13.171069289057732,13.347467843041477,62636200,13.900182151794434,14.491606092453003,13.47236145019531,46.90281533209146,-1215.3120783923678,0.4044312715300036,17.190000534057617,3.446000099182129
2023-05-08,14.356857299804688,14.40585700096751,13.7884630093357,14.170659556895838,41012800,13.898222160339355,14.406347036361696,13.451333503723141,48.334770550499954,-1295.900854124037,-34.522209201707646,16.979999542236328,3.5209999084472656
2023-05-09,13.661063194274902,13.837461732152585,13.465065338072755,13.788462034454172,57414300,13.81786289215088,14.295117998123171,13.43387256145477,43.3666999967859,-1397.308491541222,39.99117348730152,17.709999084472656,3.5209999084472656
2023-05-10,14.023661613464355,14.347058337910203,13.631664932451013,14.092260635440269,78346700,13.90998191833496,14.245138502120973,13.419925355911253,46.45538579880178,-1504.817023180734,36.458512948864666,16.940000534057617,3.438999891281128
2023-05-11,13.78846263885498,14.141259730074783,13.367067463196884,14.043260330382273,54962200,14.002100944519043,14.166739320755006,13.409029726982116,44.750505055787976,-1598.9510664864865,-29.847460071706912,16.93000030517578,3.3970000743865967
2023-05-12,13.739465713500977,14.082461789173506,13.31806954682068,13.89626402633318,46243600,13.913902091979981,14.090300226211548,13.38671275615692,44.38506772626344,-1735.362788230653,-15.862902140016233,17.030000686645508,3.4630000591278076
2023-05-15,14.807652473449707,14.837052854118493,13.690464176598946,13.817863022389067,64054000,14.004061126708987,14.067270469665527,13.366626787185668,53.33239851707189,-1851.3748364808166,38.514302519700024,17.1200008392334,3.507999897003174
2023-05-16,14.748854637145996,15.258449122196128,14.670455485599822,14.680254678599388,54294600,14.221619415283204,14.031500864028931,13.344011569023131,52.828584905889244,-1987.25568231907,-15.236206950385611,17.989999771118164,3.5490000247955322
2023-05-17,15.817042350769043,16.013041152332093,14.837053015911545,15.17024892246732,77302900,14.58029556274414,14.07462034225464,13.325862627029418,60.186861551827334,-1847.6811682606456,42.376774117499714,16.8700008392334,3.5810000896453857
2023-05-18,17.316425323486328,17.443823215382825,15.993438300766313,16.013038551575864,91302200,15.28588809967041,14.195649003982545,13.315647935867307,67.78355359160457,-1522.4319360654056,18.109669883018608,16.049999237060547,3.6480000019073486
2023-05-19,17.042030334472656,17.287027903946655,16.718633617534305,17.2380291377251,49521200,15.946401023864746,14.3196177482605,13.296140642166137,65.32692987582925,-1217.9309854831213,-45.76121933535008,16.809999465942383,3.691999912261963
2023-05-22,17.179231643676758,17.365428465830945,16.552036543693553,16.581436927331026,43944400,16.420716857910158,14.46171636581421,13.274792518615723,65.99064162890883,-991.5530502759497,-11.261439545083718,17.209999084472656,3.7190001010894775
2023-05-23,16.58143424987793,17.198827253106437,16.454036346386733,16.855832178636692,41287200,16.787232780456545,14.643994522094726,13.252933626174926,60.551934442684356,-883.3129326754528,-6.046731779248327,18.530000686645508,3.697999954223633
2023-05-24,15.709244728088379,15.905241660916413,15.180049084168166,15.572045753598893,87475800,16.76567325592041,14.774333238601683,13.231670279502868,53.609714740843984,-876.3268190474669,111.87147590536534,20.030000686645508,3.7190001010894775
2023-05-25,18.766815185546875,19.00201264971757,17.277229376615836,17.796624944899015,124768700,17.05575122833252,15.049220609664916,13.23954371929169,67.62338883641061,-776.3786506082902,42.63224800459098,19.139999389648438,3.813999891281128
2023-05-26,22.42217254638672,22.7945698291498,19.629202271577455,19.64880065289438,112964600,18.131779670715332,15.473066234588622,13.254906363487246,76.68940336988655,-615.7351192066352,-9.460786238856379,17.950000762939453,3.809999942779541
2023-05-30,22.412378311157227,24.30375796330941,22.13798036248215,24.0783606496744,99439100,19.178409004211424,15.875352287292479,13.270851731300356,76.62748849707201,-498.6374083788948,-11.97321992907513,17.459999084472656,3.700000047683716
2023-05-31,20.726795196533203,22.216380953267773,20.667996299846717,21.27558926036791,73938700,20.007481193542482,16.208549070358277,13.269525275230409,66.65393852940687,-451.56496512091246,-25.644238533936846,17.940000534057617,3.63700008392334
2023-06-01,21.716585159301758,22.294779592781065,20.413198119414194,21.050191448228443,74757400,21.20894927978516,16.616225004196167,13.272273116111757,69.1898632587422,-425.4029066035286,1.107268588709287,15.649999618530273,3.6080000400543213
2023-06-02,21.57938575744629,22.431976228355584,21.099190759162756,22.23597929983052,65015000,21.77146339416504,17.028800916671752,13.277444901466371,68.41321270927193,-415.0278267929318,-13.032020910304531,14.600000381469727,3.690999984741211
2023-06-05,20.550397872924805,21.31479105254268,20.24660137439783,21.31479105254268,35747700,21.39710845947266,17.347297811508177,13.285197987556458,62.72631180284698,-404.7818296582954,-45.016227024532796,14.729999542236328,3.693000078201294
2023-06-06,21.295185089111328,21.61858175743863,20.02119866701779,20.138796435946173,49445200,21.173669815063477,17.694214200973512,13.290163578987121,64.99449759661728,-397.65043439711127,38.317150474016515,13.960000038146973,3.6989998817443848
2023-06-07,21.206989288330078,22.637776084438595,21.05999111859137,21.706784560788204,65066100,21.269708633422855,18.071510505676272,13.303046154975888,64.49400691559721,-400.0439131934573,31.59234870118839,13.9399995803833,3.7839999198913574
2023-06-08,21.834186553955078,22.02038338217357,21.03059286434107,21.35399148733634,43045900,21.293228912353516,18.462036752700804,13.329414973258968,66.4713258127537,-411.2988568601136,-33.84281522943591,13.649999618530273,3.7139999866485596
2023-06-09,21.951784133911133,23.019973797438883,21.64798763954131,22.569179119934194,50142100,21.367708587646487,18.870202827453614,13.354962592124936,66.84415853229156,-427.15864547148914,16.48519371182853,13.829999923706055,3.744999885559082
2023-06-12,24.107763290405273,24.186162444634913,22.66717626130863,22.735777156794935,52761000,22.079181671142578,19.388617706298827,13.390901379585264,72.81299704628147,-448.2588802199104,5.222956358030473,15.010000228881836,3.765000104904175
2023-06-13,25.04854965209961,25.558145018201376,24.22535771276076,25.273948824648905,82626800,22.829854583740236,19.900662565231322,13.42226285457611,74.93357081369577,-472.00809267065057,56.60582627319422,14.609999656677246,3.8389999866485596
2023-06-14,26.1069393157959,26.16574007582826,24.34295763685192,24.803552375340516,84622000,23.8098445892334,20.468566799163817,13.47514627933502,77.09782396731629,-509.2929284014224,2.4147129018671887,13.880000114440918,3.7960000038146973
2023-06-15,25.430744171142578,26.038336994248034,24.911348738528144,25.2347454009379,64797200,24.5291561126709,20.949251890182495,13.52916785240173,72.7746110760427,-561.2236401294547,-23.42747748812366,14.5,3.7279999256134033
2023-06-16,24.734954833984375,26.25394091351106,24.62715530334135,26.23434065899721,55392600,25.08579025268555,21.320178365707395,13.582528862953184,68.51711760367819,-601.7192496545512,-14.513898748711362,13.539999961853027,3.7690000534057617
2023-06-20,24.156757354736328,25.038748135289833,23.50016386503417,24.362556262735797,43349100,25.09558906555176,21.67591471672058,13.635088372230529,65.10837609231345,-659.3028442252439,-21.742073851019818,13.880000114440918,3.7290000915527344
2023-06-21,22.3586483001709,24.037018228656112,22.28012810244181,23.72293743773976,59099400,24.557608795166015,21.93488554954529,13.682641954421998,55.80955188366502,-720.9361488559075,36.33362630366028,13.199999809265137,3.7230000495910645
2023-06-22,22.672725677490234,22.9475453921307,21.809001760443024,21.867893303925037,44637500,23.870766067504885,22.23945012092591,13.733515262603762,56.96569417308933,-831.3659521323912,-24.470468397310295,12.90999984741211,3.7990000247955322
2023-06-23,21.485105514526367,21.867893054518106,21.121950360873623,21.543997057336714,44294000,23.08163833618164,22.528243160247808,13.780588545799256,51.48096542415319,-996.9481264445543,-0.7695323438812629,13.4399995803833,3.739000082015991
2023-06-26,21.681407928466797,22.88865653158322,21.642146898087905,21.907153236938527,47524300,22.470928955078126,22.6739727973938,13.825873560905459,52.29850079215507,-1120.1607545453023,7.292861335621081,14.25,3.7190001010894775
2023-06-27,23.919240951538086,24.03702032235608,21.602892108664935,21.877713760689165,54471000,22.423425674438477,22.74882621765137,13.879140605926517,60.4747753700383,-1142.6938875670576,14.617153750818002,13.739999771118164,3.7679998874664307
2023-06-28,23.281259536743164,23.987943169593184,22.68254374699639,22.75124868417478,55584500,22.60794792175293,22.792270278930665,13.9243584728241,57.45141972930301,-1125.7491887336748,2.044207009234267,13.430000305175781,3.7100000381469727
2023-06-29,23.36959457397461,23.664046706432625,22.741433020041402,23.664046706432625,45213700,22.747321701049806,22.924410247802737,13.969386310577395,57.766255603490585,-1181.8339041792121,-18.657719328229994,13.539999961853027,3.8540000915527344
2023-06-30,24.370731353759766,24.704442687002494,23.84072044759558,24.115540224099483,47598800,23.324446868896484,23.057117557525636,14.032491288185122,61.26452409806478,-1189.4567081379205,5.2751710211727865,13.59000015258789,3.819000005722046
2023-07-03,25.01852035522461,25.27371145279432,24.223503159917996,24.792775032321476,25289900,23.99186935424805,23.22907428741455,14.097037281990053,63.3782905505304,-1189.0600395755143,-46.86861853660176,13.569999694824219,3.8580000400543213
2023-07-05,23.408857345581055,24.71425684183675,23.389226827545514,24.527770664637583,38292000,23.889792633056643,23.371997261047365,14.156207571029663,55.30259897872386,-1296.3928123718226,51.412223852209785,14.180000305175781,3.944999933242798
2023-07-06,22.554946899414062,22.623651835497007,21.632335083344373,22.181976444077034,49420400,23.74453010559082,23.434985351562503,14.21037940502167,51.55001802402836,-1370.2521085300864,29.061945053797132,15.4399995803833,4.040999889373779
2023-07-07,22.535316467285156,23.58552664528879,22.407721852948345,22.653097695346844,41284000,23.57767448425293,23.501401710510258,14.263481230735781,51.4635637233979,-1444.3947929939018,-16.463646591286185,14.829999923706055,4.050000190734863
2023-07-10,23.870159149169922,23.98794036489686,22.65309532297982,22.731615509441475,39943500,23.47756004333496,23.603200340271,14.325792365074161,56.7724487839607,-1576.110123451225,-3.247020637535125,15.069999694824219,4.00600004196167
2023-07-11,23.88979148864746,24.28239245094494,22.849398470541882,24.223502774617582,44231000,23.25181427001953,23.700100708007817,14.389664216041568,56.84720907440339,-1692.028205130553,10.733911650205918,14.84000015258789,3.9800000190734863
2023-07-12,25.21482276916504,25.371863162770378,24.537584901698786,24.96944692014805,54237000,23.61300735473633,23.755453681945806,14.464500145912172,61.665952291659735,-1567.567749153599,22.622142840993863,13.539999961853027,3.8610000610351562
2023-07-13,26.77541160583496,26.942267247375398,25.725201466686908,26.019653589912462,42645500,24.45710029602051,23.841796779632567,14.549479107856753,66.4218135794096,-1445.9311582415287,-21.371941663440087,13.609999656677246,3.760999917984009
2023-07-14,25.744829177856445,27.51153610852723,25.420933188043794,26.834298358166652,47910200,25.099002838134766,23.823691272735594,14.631645240783694,61.03647668462021,-1398.3373050924588,12.345265033825381,13.34000015258789,3.819000005722046
2023-07-17,27.54098129272461,28.002289028765503,25.293339772946354,25.793906666397937,50068600,25.833167266845702,23.929203128814695,14.721524581909183,66.18267443160943,-1297.070309984662,4.505094948466093,13.479999542236328,3.796999931335449
2023-07-18,27.73728370666504,28.02191869248799,26.588924761507702,27.236716794973994,45800100,26.60266571044922,24.079319572448732,14.810630373954776,66.70032354234782,-1168.9505186208244,-8.525303283894491,13.300000190734863,3.7890000343322754
2023-07-19,26.785226821899414,27.913955278991732,26.5398509889633,27.884509505094545,49085500,26.916746520996092,24.21074304580689,14.899266042709353,61.762421504448476,-1040.1536338069072,7.173346783085632,13.760000228881836,3.742000102996826
2023-07-20,23.840717315673828,25.57797682572277,23.428485833002927,25.31297234348861,67340600,26.32980766296387,24.284846496582034,14.975275497436524,49.54568712896875,-1082.901744204858,37.190412647319484,13.989999771118164,3.8540000915527344
2023-07-21,24.459060668945312,25.116667910682878,24.04682923573566,24.54739610978087,43146400,26.072653961181643,24.374163246154787,15.050281510353088,51.70604171123486,-1138.6854678229515,-35.92810280870678,13.600000381469727,3.8369998931884766
2023-07-24,24.43943214416504,24.969444832317702,24.056646450767452,24.44924740195331,29911500,25.452344131469726,24.52187957763672,15.118656630516053,51.63046718307177,-1255.3139469159883,-30.67440157232121,13.90999984741211,3.8570001125335693
2023-07-25,25.64668083190918,26.0981733308954,24.84184841205224,24.84184841205224,39288500,25.034223556518555,24.72014322280884,15.191215434074405,55.89987586544362,-1305.2357046569516,31.349146649282055,13.859999656677246,3.9119999408721924
2023-07-26,24.59647560119629,25.254082978712805,23.762197305530673,24.73388735535072,54225500,24.59647331237793,24.754004955291748,15.259644494056703,51.63050095550387,-1370.9385773497097,38.01875866983977,13.1899995803833,3.8510000705718994
2023-07-27,25.9705753326416,27.53116566410262,25.519084732127798,26.500587991055788,83083300,25.022444915771484,24.88847074508667,15.344596924781799,56.33013518837336,-1343.738536394469,53.21813537911131,14.40999984741211,4.01200008392334
2023-07-28,27.629318237304688,27.91395510028142,26.647814911843994,27.4722778549965,60636000,25.65649642944336,25.101456928253178,15.442376990318298,61.22749323328032,-1278.5356077474373,-27.017824279969616,13.329999923706055,3.9690001010894775
2023-07-31,27.884510040283203,28.218221329246777,27.43301939760841,27.933584458984697,37007400,26.345512008666997,25.27714586257935,15.544894392490386,61.93475625064185,-1177.0340987287518,-38.96793983772017,13.630000114440918,3.9590001106262207
2023-08-01,28.002288818359375,28.188773090779563,26.932450109974447,27.295605269587586,36908400,26.816633605957033,25.426334285736083,15.649121980667115,62.27677576159019,-1101.9158436210057,-0.2675140647546148,13.930000305175781,4.051000118255615
2023-08-02,24.812406539916992,26.99134340641743,24.331470100232764,26.99134340641743,81886500,26.859819793701174,25.496511745452878,15.734182534217837,49.345010629734034,-1169.0621173163195,121.86412849107522,16.09000015258789,4.078000068664551
2023-08-03,24.6848087310791,25.12648598477638,23.624785194274693,23.840717128112946,51031600,26.602666473388673,25.603004837036128,15.823821547031404,48.9075281689974,-1270.2510482687549,-37.680081576328206,15.920000076293945,4.189000129699707
2023-08-04,24.4197998046875,25.470009844764963,23.63459796096206,24.36091013442531,59250900,25.960762786865235,25.697229003906248,15.910185444355012,47.95655696955565,-1352.768119805199,16.106294923145658,17.100000381469727,4.059999942779541
2023-08-07,25.18537712097168,25.303158352807152,24.517954508732068,24.989075691935618,40030800,25.420936203002928,25.76298990249634,16.000035963058473,50.925235118635854,-1435.548020217193,-32.43849460514524,15.770000457763672,4.078000068664551
2023-08-08,24.007570266723633,24.095905715135046,22.996623047011486,24.046831298048268,52987700,24.62199249267578,25.76887884140015,16.083168666362763,46.52798615873972,-1438.3896434132657,32.36732715808828,15.989999771118164,4.026000022888184
2023-08-09,22.66291046142578,23.98794023907652,22.52550060385585,23.948679210017165,49811500,24.19209327697754,25.641283226013186,16.158944294452674,42.06252439862676,-1330.5366239305627,-5.994221300415004,15.960000038146973,4.01200008392334
2023-08-10,22.388090133666992,23.958495815075715,21.89733847523108,23.222368327421847,65350400,23.73274955749512,25.421917152404788,16.22905565977097,41.19238237641632,-1247.7980361476482,31.19540668319565,15.850000381469727,4.079999923706055
2023-08-11,20.74897575378418,21.593069052157777,20.621381169458918,21.524364131977354,66258400,22.998584747314457,25.172124481201173,16.29048393964768,36.36095769902404,-1108.8199704518665,1.3894329644501102,14.84000015258789,4.168000221252441
2023-08-14,22.50587272644043,22.535316629616116,20.277859612116178,20.474161036276662,55110100,22.462683868408206,24.92036905288696,16.357869088649753,43.94951773172276,-1068.2714092675544,-16.82548929645147,14.819999694824219,4.184000015258789
2023-08-15,21.396770477294922,22.397904259189854,21.29862164822472,22.201604728980538,45574800,21.94052391052246,24.603343391418456,16.420927522182467,40.65382210218717,-1070.6078326556437,-17.30227308605864,16.459999084472656,4.2210001945495605
2023-08-16,20.1502628326416,21.3771419217001,20.09137128847717,21.30843512017493,54398900,21.437994384765624,24.27159519195557,16.480142266750338,37.27105061761012,-1004.0354206803311,19.3617964313612,16.780000686645508,4.257999897003174
2023-08-17,19.541730880737305,20.366193816320123,19.34542946861987,20.238599208892097,50769000,20.86872253417969,24.05664587020874,16.531536662578585,35.70890699795449,-846.4966877446471,-6.6727452209511595,17.889999389648438,4.308000087738037
2023-08-18,19.777292251586914,20.052113865247925,18.75652973468861,18.864493830855828,63687900,20.67438583374024,23.822557449340824,16.58693647623062,36.81294196716525,-742.5402168120032,25.446433847426576,17.299999237060547,4.250999927520752
2023-08-21,21.475290298461914,21.622517283700468,20.012850679781266,20.130631893558334,60272400,20.46826934814453,23.674350357055665,16.64994874715805,44.24537063979023,-697.3037284475357,-5.362871126226487,17.1299991607666,4.3420000076293945
2023-08-22,20.955093383789062,22.397902392457038,20.709717587426354,22.28993644299544,59640500,20.37993392944336,23.439770984649655,16.714552695751188,42.59245548305906,-683.0967005724458,-1.0484068993436457,16.969999313354492,4.328000068664551
2023-08-23,22.181974411010742,22.466609387562027,20.51341809305862,20.56249438009776,67010200,20.786276245117186,23.31904592514038,16.786997361183165,47.567559435682945,-672.2969436728454,12.356871588937057,15.979999542236328,4.197999954223633
2023-08-24,20.032482147216797,23.477558945231458,19.865626511800624,23.448113172368966,87095000,20.884426498413085,23.022141265869138,16.84333186149597,40.88271854828921,-694.7340304921295,29.97275041710068,17.200000762939453,4.235000133514404
2023-08-25,20.277860641479492,20.77842761363675,19.041166099456127,19.96377984453436,73315300,20.984540176391604,22.65456838607788,16.897968144416808,41.886734878052174,-731.3827477426041,-15.821459326023312,15.680000305175781,4.238999843597412
2023-08-28,21.023801803588867,21.190657447747075,20.376009743226195,20.866761417565737,57976500,20.894242477416995,22.311532974243164,16.95350652694702,44.947674412351816,-816.9153517973878,-20.921690288384553,15.079999923706055,4.211999893188477
2023-08-29,22.643280029296875,22.87884058830351,20.58212279790266,20.699904013440435,62384100,21.231879806518556,22.043582534790037,17.021676225662226,50.983998859158255,-998.67175782339,7.602390623787225,14.449999809265137,4.122000217437744
2023-08-30,22.967178344726562,23.26163047718777,21.95623107786298,22.49605717927155,58519900,21.38892059326172,21.951321125030514,17.077619886398313,52.11487690389827,-1120.448903118505,-6.1942065366014765,13.880000114440918,4.118000030517578
2023-08-31,23.418668746948242,23.830900197443412,22.711985190631417,22.74143096283426,57584100,22.06615791320801,21.888014125823975,17.1302632856369,53.7178132702194,-1182.3394449314135,-1.5991141474951287,13.569999694824219,4.0929999351501465
2023-09-01,23.57571029663086,24.056646700841604,23.07514337663951,23.89960631873479,50183300,22.725727844238282,21.845809650421145,17.185885734558106,54.29096350381608,-1238.274460327481,-12.85215884245825,13.09000015258789,4.172999858856201
2023-09-05,23.57571029663086,24.125351634004705,22.947546896134583,23.31070394979973,39873800,23.23610954284668,21.765326309204102,17.23614547252655,54.29096350381608,-1334.7440384810177,-20.543686844029786,14.010000228881836,4.26800012588501
2023-09-06,23.006437301635742,23.84071546021497,22.240864072809696,23.428484009626935,45032300,23.308740997314455,21.715269660949705,17.292041664123538,51.60428473549317,-1381.6977266448298,12.937066444632816,14.449999809265137,4.289999961853027
2023-09-07,21.465476989746094,21.642146002936915,20.611568335013782,21.455661732557342,61690800,23.00840072631836,21.65539798736572,17.339063005447386,45.098419399661495,-1441.941069688673,36.99233661172092,14.399999618530273,4.260000228881836
2023-09-08,21.102319717407227,21.77955747902888,20.827498135514805,21.31824975684986,40693000,22.545130920410156,21.591109466552734,17.383683547973632,43.70015200790119,-1504.363765588445,-34.03716599557794,13.84000015258789,4.257999897003174
2023-09-11,21.053245544433594,21.89733706975874,20.20915214703956,21.828632141518554,55474600,22.040637969970707,21.606322956085204,17.43098382472992,43.50386134483264,-1509.5633238613116,36.32467500552921,13.800000190734863,4.288000106811523
2023-09-12,20.55267906188965,21.57344149238796,20.46434361754945,20.611568734093474,49005100,21.436031723022463,21.508663272857667,17.47085734844208,41.458258989832075,-1482.508536060292,-11.662094003381728,14.229999542236328,4.263999938964844
2023-09-13,20.83731460571289,21.465477990599496,20.40545450168526,20.493788076364886,56098900,21.002207183837893,21.480690479278564,17.510106463432315,43.09674437571135,-1465.0157284002246,14.475636209292508,13.479999542236328,4.249000072479248
2023-09-14,21.249547958374023,21.524369580733723,20.660645551642748,21.455664643161082,54201500,20.959021377563477,21.535654735565185,17.55365933418274,45.476851703216994,-1500.3216922857878,-3.3822410065081465,12.819999694824219,4.288000106811523
2023-09-15,19.4239501953125,20.87657455446189,19.09023894090401,20.847128783048596,77383000,20.623347473144534,21.529765701293947,17.593056893348695,37.91370818299131,-1504.4248897138596,42.769111555953245,13.789999961853027,4.322000026702881
2023-09-18,19.56136131286621,19.806737140931126,18.844864344213214,18.933199792082103,41631100,20.324970626831057,21.518969154357904,17.633677787780766,38.739543851934506,-1497.3605776192328,-46.20123282891592,14.0,4.318999767303467
2023-09-19,19.102237701416016,19.475826696850493,18.758141439068556,19.426670891589616,50047300,20.03488235473633,21.400316524505612,17.661813926696777,36.97008369444452,-1390.382056421719,20.21613649411138,14.109999656677246,4.364999771118164
2023-09-20,18.168264389038086,19.58397386258653,18.128940115559118,19.32835952186431,58695600,19.50107231140137,21.260975074768066,17.686840257644654,33.60722610923529,-1261.218239004213,17.280252880774793,15.140000343322754,4.348999977111816
2023-09-21,17.126144409179688,17.824166613416725,17.09664980013174,17.460409144361144,68048000,18.6763916015625,21.00818357467651,17.708947324752806,30.29584579606158,-1106.110946880838,15.933732681836466,17.540000915527344,4.480000019073486
2023-09-22,17.539060592651367,18.060120798801307,17.332602067507455,17.598047939046513,65378900,18.299413681030277,20.883512496948242,17.73526405334473,33.108250494788045,-963.588013634649,-3.9223783211850494,17.200000762939453,4.438000202178955
2023-09-25,17.91265106201172,17.9716402883294,17.04749636960064,17.312942262507956,56510100,17.969671630859377,20.765252017974856,17.767690148353577,35.63850296456745,-863.0101114741071,-13.56523281976295,16.899999618530273,4.541999816894531
2023-09-26,16.949180603027344,17.617710077247313,16.703397818397875,17.440746172286282,70947400,17.539060211181642,20.561520957946776,17.795396389961244,32.25042042841421,-750.2562025960291,25.54817634369786,18.940000534057617,4.558000087738037
2023-09-27,17.381757736206055,17.775009791854078,16.60508328552421,17.342431593054393,80980900,17.381758880615237,20.298444843292234,17.8207803440094,35.227792206474035,-694.8768370080991,14.142167295771223,18.219999313354492,4.625999927520752
2023-09-28,18.3255672454834,18.895783337344064,17.05732881495458,17.2736170307727,88909800,17.62164344787598,20.066364288330078,17.852345905303956,41.29016699738199,-688.9906543550045,9.791074191568638,17.34000015258789,4.5970001220703125
2023-09-29,18.55168914794922,19.328361928824147,18.345230592158934,19.10224217143296,75732800,17.824169158935547,19.823015308380125,17.88182445049286,42.674513463220656,-726.0372994807041,-14.820638444805855,17.520000457763672,4.572999954223633
2023-10-02,18.75814437866211,19.249710008999347,18.11910943425851,18.630338139851016,65982800,17.99326782226563,19.58213701248169,17.909166407585143,43.9734729231673,-788.952375880963,-12.874210381763252,17.610000610351562,4.683000087738037
2023-10-03,17.58821678161621,19.062913599531683,17.234290820434797,18.286240917186667,77741000,18.1210750579834,19.28276233673096,17.933730092048645,38.631440402931624,-867.3253869319037,17.820098571142772,19.780000686645508,4.802000045776367
2023-10-04,18.3255672454834,18.49269964526191,17.47024404527949,17.87332773736164,74018800,18.30983695983887,19.048718833923342,17.96978082180023,43.30611748510354,-971.1666848880885,-4.787949730515429,18.579999923706055,4.735000133514404
2023-10-05,18.08961296081543,18.551685805918535,17.51939696327928,18.266576869563522,63584100,18.262646102905272,18.87992563247681,18.00606559276581,42.198372031275056,-1033.8240832640442,-14.097364453355098,18.489999771118164,4.7170000076293945
2023-10-06,19.141565322875977,19.456168907233334,17.362098233324367,17.71602609374258,92805900,18.380621337890627,18.781887912750246,18.049657702445984,48.52068997703318,-1163.2623798536197,45.95771584405534,17.450000762939453,4.783999919891357
2023-10-09,19.053081512451172,19.200552690125352,18.13877108687999,18.60084206809385,62652500,18.43960876464844,18.681879711151122,18.0939913892746,48.04466053086621,-1335.9936362963938,-32.4908222429824,17.700000762939453,4.796999931335449
2023-10-10,19.711780548095703,20.27216692822713,18.964602458268512,19.230046467076637,67622800,18.864321517944337,18.639834785461424,18.13804698944092,51.83312497377867,-1433.5058313412924,7.93312317944217,17.030000686645508,4.65500020980835
2023-10-11,20.16402244567871,20.33115483553267,19.48566134860394,19.967395442847913,62660000,19.2320125579834,18.606170177459717,18.19101770401001,54.297148104630395,-1504.1821787645586,-7.338944852919427,16.09000015258789,4.59499979019165
2023-10-12,20.331153869628906,21.206140052791074,19.751106301526757,20.321322332437042,83392100,19.680320739746094,18.56025047302246,18.244873008728028,55.209071539144595,-1563.522047575856,33.08665815512288,16.690000534057617,4.711999893188477
2023-10-13,18.659828186035156,20.537608473055332,18.532021965659045,20.449126522343487,88671200,19.583973312377932,18.522044372558593,18.292817959785463,45.44392866897324,-1614.4750324891174,6.33045576259621,19.31999969482422,4.629000186920166
2023-10-16,19.475831985473633,19.662627471501697,18.777809610318975,18.807302351414688,65688500,19.668523406982423,18.517767906188965,18.346848897933963,50.0859462170002,-1623.6479432219085,-25.91901316323677,17.209999084472656,4.711999893188477
2023-10-17,18.974430084228516,19.42667137972186,17.607878411762155,18.315732151243342,90214600,19.521053314208984,18.51137752532959,18.39440983772278,47.416206200896355,-1666.9716084943807,37.336976791980334,17.8799991607666,4.8470001220703125
2023-10-18,17.971637725830078,18.473034826993793,17.676697261818227,18.060119677516255,81406400,19.08257637023926,18.50154619216919,18.436956815719604,42.53316375707343,-1627.4880228475288,-9.763608107778566,19.219999313354492,4.9039998054504395
2023-10-19,17.13597869873047,18.610675634935514,16.939351690500146,18.443543240491977,115930900,18.44354133605957,18.50203790664673,18.476842198371884,38.93480487592437,-1652.6875711041166,42.41005621179661,21.399999618530273,4.98799991607666
2023-10-20,16.359304428100586,17.489906936796395,16.290485536303276,17.126147526358114,83690500,17.983436584472656,18.44305009841919,18.50937047958374,35.895261138291424,-1550.468433699246,-27.810014413758545,21.709999084472656,4.923999786376953
2023-10-23,16.113523483276367,16.96884864956719,15.56297040938279,16.07419920129973,89594500,17.310974884033204,18.35309371948242,18.5431161403656,34.96501455745916,-1414.5520278656597,7.05456413810408,20.3700008392334,4.8379998207092285
2023-10-24,16.7525577545166,16.841037843728447,16.143015541543967,16.37896682151509,79093400,16.866600418090822,18.343262577056883,18.57369662761688,39.36494078780588,-1370.7523170407203,-11.720697141007541,18.969999313354492,4.840000152587891
2023-10-25,14.717472076416016,16.241325390956238,14.461857778475213,16.103685768881242,107436500,16.21576728820801,18.21004829406738,18.590872583389285,31.95131977520268,-1216.4830924706846,35.83497485251614,20.190000534057617,4.953000068664551
2023-10-26,14.481523513793945,15.415498993370994,14.235740690239368,14.87477659403351,101804700,15.684876251220704,18.017846107482907,18.60471606254578,31.217254294397648,-1024.039931187162,-5.241980146412062,20.68000030517578,4.84499979019165
2023-10-27,14.845280647277832,15.307351609828112,14.678148277815161,15.04190668853188,91507300,15.382071495056152,17.83252568244934,18.618274517059326,33.744496272142385,-884.3887778671785,-10.114857172605983,21.270000457763672,4.84499979019165
2023-10-30,14.284894943237305,14.855110919114162,13.783498783474482,14.570002931175733,104353000,15.01634578704834,17.6088632106781,18.626976175308226,31.80569868431738,-767.4488361905092,14.037896430120878,19.75,4.875
2023-10-31,14.64865493774414,14.776462110030506,13.773668743949269,14.294728032819059,75873100,14.595565223693848,17.461885118484496,18.63686058521271,34.438924831667414,-679.3943373695171,-27.291884277404577,18.139999389648438,4.875
2023-11-01,15.680943489074707,15.749763315183198,14.678150086330062,14.697812224084606,100044400,14.788259506225586,17.329653930664065,18.651368255615235,41.35902123544425,-638.7849733232741,31.85753580649795,16.8700008392334,4.789000034332275
2023-11-02,16.791881561279297,17.11631479657529,16.103688940870082,16.61491763744984,89974100,15.250331115722657,17.26476736068726,18.672604846954343,47.75076605202231,-635.7342355927394,-10.065830771137618,15.65999984741211,4.669000148773193
2023-11-03,18.069950103759766,18.443540998958223,17.204795498075892,17.30310899024253,88065900,15.895265007019045,17.211186599731448,18.705368967056273,53.967115062660184,-647.1670213498719,-2.120832550700702,14.90999984741211,4.558000087738037
2023-11-06,17.9421443939209,18.325564961735324,17.430915720052365,18.138771383923856,52668800,16.62671489715576,17.155639743804933,18.732503638267513,53.284404886424845,-663.1419651085008,-40.193877539433544,14.890000343322754,4.6620001792907715
2023-11-07,18.28624153137207,18.56151707985071,17.755349759007775,17.85366325853902,56719500,17.35423221588135,17.08436279296875,18.751818270683287,54.93728007987696,-690.4767230367288,7.690891001883471,14.8100004196167,4.571000099182129
2023-11-08,18.355060577392578,18.640167665809937,17.97163998859287,18.345229039836937,50269100,17.889055633544924,16.993914699554445,18.77294476985931,55.27808888127207,-725.5020763021331,-11.372455681026805,14.449999809265137,4.5229997634887695
2023-11-09,18.079784393310547,19.367687773958515,17.971641223117935,18.71882125210612,75784400,18.146636199951175,16.881346225738525,18.79225456237793,53.53400328170537,-771.7170503373562,50.75742354647288,15.289999961853027,4.630000114440918
2023-11-10,20.25250244140625,20.429466351722755,18.512359823525802,18.738479542186273,95598900,18.58314666748047,16.96097993850708,18.818954215049747,63.36023269050173,-758.3019781833297,26.14588226600725,14.170000076293945,4.627999782562256
2023-11-13,19.682287216186523,19.859251133492382,19.249708960013752,19.770769174839455,57461900,18.931175231933594,16.971302700042727,18.844074864387515,59.78686626304879,-751.3680086230502,-39.892718430860604,14.760000228881836,4.631999969482422
2023-11-14,21.766525268554688,22.012308080982535,21.019345293753137,21.147153406313084,94381100,19.62723197937012,17.110907459259035,18.885389938354493,67.09237581615787,-685.4490156285569,64.249876874938,14.15999984741211,4.440999984741211
2023-11-15,22.248260498046875,22.78898383825158,21.805852538069363,22.228599297175577,78026200,20.405871963500978,17.324738597869874,18.92559103488923,68.51607185807107,-610.415241074806,-17.328575318575435,14.180000305175781,4.534999847412109
2023-11-16,22.33673667907715,22.52353210277395,21.766520747684403,21.992642313285224,61404400,21.257262420654296,17.584776496887212,18.95507943630219,68.78319520144183,-546.5990136673688,-21.30284442917891,14.319999694824219,4.445000171661377
2023-11-17,22.739822387695312,22.897125094871818,21.99264437326953,22.090955986890826,54090800,21.75472640991211,17.903802394866947,18.981103577613833,70.03073590283363,-509.84431165434876,-11.910547126915983,13.800000190734863,4.440999984741211
2023-11-20,23.77211570739746,24.008067000067573,22.661176261504732,22.700502414536842,56824400,22.572692108154296,18.286732006073,19.01713283061982,73.00599010511712,-476.8964128327837,5.053724478099797,13.40999984741211,4.421999931335449
2023-11-21,22.454715728759766,23.201895631532246,22.071295178390233,23.172401021821564,63297900,22.710330200195315,18.57183990478516,19.050635919570926,64.24085651414099,-454.58258852058356,11.392113247126234,13.350000381469727,4.418000221252441
2023-11-22,22.612014770507812,23.71312240180028,22.435050876623873,22.8381344681712,64858200,22.7830810546875,18.96656703948975,19.077635583877562,64.7845158080375,-447.86623296911375,2.4650106875583555,12.850000381469727,4.415999889373779
2023-11-24,22.700498580932617,22.75948592534496,22.36623383730622,22.58252201693406,21933500,22.855833435058596,19.37751579284668,19.110459499359127,65.10589239035117,-462.49025606925966,-66.18237940615064,12.460000038146973,4.4720001220703125
2023-11-27,22.5825252532959,23.14291166863218,22.218767722919203,22.40556319469796,40671500,22.824374008178715,19.764378023147582,19.142253208160394,64.26381546472908,-487.54307685604056,85.43096177080723,12.6899995803833,4.388999938964844
2023-11-28,22.15977668762207,22.503871084805038,21.599390365408752,22.120450542130403,53548300,22.501906204223634,20.15812211036682,19.175749387741085,61.20870003539307,-531.1680830096612,31.660499366878536,12.6899995803833,4.335999965667725
2023-11-29,22.828304290771484,23.890085842082396,22.74965387494008,23.064255538265705,69262600,22.576623916625977,20.56710457801819,19.209554786682123,64.11410567340717,-585.8747958962409,29.346029659204873,12.979999542236328,4.270999908447266
2023-11-30,22.425222396850586,23.074088846067422,21.81568209615548,23.05442764698053,58913500,22.539265441894532,20.90431852340698,19.236892547607418,61.14065225871409,-668.3611338281843,-14.94183007857054,12.920000076293945,4.3520002365112305
2023-12-01,22.680835723876953,22.808643825691174,21.471584838443917,22.002474693561933,54913400,22.5353328704834,21.198766231536865,19.264480915069573,62.333640287380845,-764.5499746025912,-6.789785023806083,12.630000114440918,4.22599983215332
2023-12-04,21.933656692504883,22.06146479945044,20.93086428698247,21.98281437793547,55773300,22.405559158325197,21.391951560974125,19.294498066902154,56.84045797210776,-878.8720679464219,1.5659201579213855,13.079999923706055,4.288000106811523
2023-12-05,21.560070037841797,21.71737089822687,20.980022411981523,21.314287209093347,51980900,22.28561782836914,21.572847843170166,19.326463484764094,54.2654629321293,-1054.305054979436,-6.799669375848305,12.850000381469727,4.171000003814697
2023-12-06,21.107826232910156,22.50387261482542,21.048838885835977,22.444885267751243,60117400,21.941522216796876,21.71392707824707,19.363457627296444,51.23932852121529,-1280.0073958890782,15.65286480226391,12.970000267028809,4.120999813079834
2023-12-07,22.78898048400879,23.005268663151366,21.45192151250302,21.648548493668173,77337000,22.01427383422852,21.935623073577883,19.409738197326657,60.13830541628952,-1567.025389411365,28.64328796654545,13.0600004196167,4.129000186920166
2023-12-08,23.300207138061523,23.63447185229134,22.562858834644054,22.621846173868814,69286800,22.13814811706543,22.19664421081543,19.452459192276,62.386357666688156,-2022.9115628085983,-10.409247837387026,12.350000381469727,4.244999885559082
2023-12-11,25.6695556640625,25.93499965705679,23.899918418115096,23.97856883736783,80772700,22.885327911376955,22.467496871948242,19.510794200897216,70.64832803021874,-2165.5379158132237,16.577327860429403,12.630000114440918,4.238999843597412
2023-12-12,26.20044708251953,26.269265969059376,25.168160034073868,25.315629344541243,55752100,23.8134033203125,22.79340486526489,19.570854082107545,72.12574457154777,-1982.6586631194825,-30.976555197486277,12.069999694824219,4.205999851226807
2023-12-13,27.449024200439453,27.92092674395813,25.974327345563065,26.249604766869304,80992700,25.081642913818364,23.07752981185913,19.636422963142397,75.27752791990538,-1493.35251362636,45.272913486666866,12.1899995803833,4.0329999923706055
2023-12-14,29.680734634399414,29.97567327594304,28.127387246909723,28.137218784984398,86502800,26.459993743896487,23.44915351867676,19.713003616333012,79.6965826380747,-1062.0540970254867,6.803205721009431,12.479999542236328,3.930000066757202
2023-12-15,30.054319381713867,31.0571136189776,29.838031200708976,29.94617435362448,66922000,27.810816192626955,23.835032653808593,19.789837636947635,80.33040686695053,-799.838937887998,-22.636030278788667,12.279999732971191,3.927999973297119
2023-12-18,29.7790470123291,30.191960344784736,28.963046259597977,30.044491029597143,46100400,28.632714462280276,24.18699388504028,19.862017273902897,78.3885793278902,-673.5380877676002,-31.11323630495203,12.5600004196167,3.9539999961853027
2023-12-19,30.231285095214844,30.457404826373068,29.7790456328984,29.818369906712267,39361100,29.43888206481934,24.50995235443115,19.93895332336426,79.27495018046817,-582.7154711166,-14.618745173577674,12.529999732971191,3.921999931335449
2023-12-20,27.62598419189453,30.103475005583444,27.57682651195601,29.690559869968624,59562600,29.474274063110354,24.768515777587886,20.005407004356382,63.19483440284302,-555.1686259751685,51.32351484079458,13.670000076293945,3.877000093460083
2023-12-21,29.81639862060547,29.964199294273957,28.919739070377428,29.313874826622577,62019200,29.501406860351565,25.128734970092772,20.077137360572817,68.90553473334923,-525.3636708742505,4.124400210870571,13.649999618530273,3.8940000534057617
2023-12-22,30.062732696533203,30.624376365299376,29.4419672567693,30.171120730641576,42657600,29.50308952331543,25.496846675872803,20.154502711296082,69.47907144498328,-505.8848189278116,-31.218719364325885,13.029999732971191,3.9010000228881836
2023-12-26,31.68854331970215,32.05311817159592,30.45686796716588,30.476575223859445,48619700,29.88498878479004,25.952147579193117,20.244204735755922,73.01663596337235,-487.4648801012579,13.976641911406173,12.989999771118164,3.885999917984009
2023-12-27,31.875762939453125,32.26004888299948,31.38309458015526,32.08268729637059,47991500,30.213884353637695,26.437946891784673,20.33498961925507,73.39899447786433,-480.10036371125085,-1.2920688527489843,12.430000305175781,3.7890000343322754
2023-12-28,31.747669219970703,32.29945744407548,31.580159395670773,32.11224411929356,34883800,31.03822135925293,26.88391513824463,20.419262957572936,72.64056527086022,-477.64841250641706,-27.31254492983133,12.470000267028809,3.8499999046325684
2023-12-29,30.93968391418457,31.875756037366106,30.437160154010577,31.69839448914147,53294900,31.262878417968754,27.30963821411133,20.502089428901673,67.8762233841291,-498.5401619138704,52.77836703570138,12.449999809265137,3.865999937057495
2024-01-02,27.628944396972656,29.461676175353297,26.86037824514363,29.451822546297947,79763800,30.776120758056642,27.55704364776611,20.559898028373716,52.640857401874634,-551.6399329226529,49.66497732428432,13.199999809265137,3.946000099182129
2024-01-03,25.865184783935547,26.653456330357585,25.5006080190981,26.200200661011817,62304900,29.61144905090332,27.75362005233765,20.6103067111969,46.635352211707364,-610.9549785755273,-21.88825005829712,14.039999961853027,3.9070000648498535
2024-01-04,25.205005645751953,25.94401089558368,24.436439509347444,24.594093812293874,75067000,28.277297592163087,27.935866832733158,20.655066051483153,44.58502717950596,-670.4335701892326,20.48330067137576,14.130000114440918,3.990999937057495
2024-01-05,25.549875259399414,26.229760618697775,25.02764420379523,25.273979288240827,73944700,27.037738800048828,28.15796928405762,20.701133251190182,45.922550824103055,-741.1698746063141,-1.4950644091278442,13.350000381469727,4.041999816894531
2024-01-08,28.013225555419922,28.24970700633142,26.0425449184366,26.101664811317598,73206500,26.452447128295898,28.41918153762818,20.76162416934967,54.39062069421012,-844.7143784302697,-0.9983136046261554,13.079999923706055,4.001999855041504
2024-01-09,28.00337028503418,28.712814596178088,26.94905650675837,27.096857169989928,67616000,26.527332305908203,28.65433969497681,20.815940861701964,54.35394938681341,-962.964083113311,-7.636616967072596,12.760000228881836,4.019000053405762
2024-01-10,27.757034301757812,28.259558043633493,26.692866930546764,28.220143532402144,62528400,26.905702209472658,28.758713626861578,20.87353383541107,53.38507772606566,-1033.682725992938,-7.524254614292481,12.6899995803833,4.03000020980835
2024-01-11,28.04278564453125,28.61428485552652,26.38741542425861,27.835865071767515,77551200,27.473258209228515,28.85083055496216,20.935495538711546,54.40048547667394,-1092.8786818891679,24.02556278427084,12.4399995803833,3.9769999980926514
2024-01-12,27.68806266784668,28.555161300593525,27.20524614878012,28.161025558435867,48992100,27.90089569091797,28.86278247833252,20.997349615097047,52.861134288358045,-1117.547122187549,-36.82612261318974,12.699999809265137,3.950000047683716
2024-01-16,28.7620849609375,29.392702175162597,27.29392808445248,27.737330108434172,77707000,28.050667572021485,28.816849994659428,21.057468881607058,56.8430691117424,-1120.188596347807,58.6112863094254,13.84000015258789,4.065999984741211
2024-01-17,28.013225555419922,28.131465341181915,26.564774084429175,27.954105662538925,77075400,28.05263862609863,28.71479530334473,21.10958087921143,53.45263128875476,-1144.8492723565798,-0.8127967879341669,14.789999961853027,4.105999946594238
2024-01-18,30.732765197753906,30.85100498404595,29.372994499682754,30.269654043178758,99590300,28.64778480529785,28.76248121261597,21.173575601577763,62.25693834691576,-1115.0508487648756,29.211525337526624,14.130000114440918,4.144000053405762
2024-01-19,34.34896469116211,34.477059987212606,31.432356321290683,31.944731867330056,91848600,29.909020614624023,28.968365192413334,21.25805229187012,70.30111880149258,-997.5982020849236,-7.773548227086369,13.300000190734863,4.145999908447266
2024-01-22,34.743099212646484,36.03389642896847,33.718348101613735,35.15694411570455,73322100,31.320027923583986,29.32422094345093,21.349497594833377,71.0259398772666,-859.4117507308235,-20.170693946342134,13.1899995803833,4.093999862670898
2024-01-23,35.3934211730957,35.482101948946635,33.71834569845016,34.71353773075516,50847400,32.646295166015626,29.603072071075445,21.448457469940188,72.23023135485325,-760.9092778595799,-30.65201351297904,12.550000190734863,4.142000198364258
2024-01-24,36.87143325805664,38.349443749596006,35.72843862828387,36.556124653896916,97248200,34.417936706542974,29.943507099151617,21.556081399917602,74.79443729572999,-660.2776217238309,91.25501008901142,13.140000343322754,4.177999973297119
2024-01-25,36.575836181640625,38.95050649826632,35.984633419513465,38.92094748779261,82851400,35.586550903320315,30.187871742248536,21.65865038871765,73.33594425449597,-596.2633890881001,-14.804181465569544,13.449999809265137,4.131999969482422
2024-01-26,33.51142120361328,35.028846133961245,33.20596812302464,34.35881444416539,70933100,35.41904220581055,30.269654655456545,21.746779274940486,60.224751450211606,-579.580265900845,-14.385152212274022,13.260000228881836,4.159999847412109
2024-01-29,34.526329040527344,34.615009828220195,33.018755649748876,33.72820195129169,54398800,35.37568817138672,30.408587646484374,21.84429466247558,62.60902364613334,-559.965410412425,-23.30971013532469,13.600000381469727,4.091000080108643
2024-01-30,33.03845977783203,34.6150065475326,32.56549687455437,34.05336286496694,55768200,34.90469589233399,30.513526439666748,21.93270473003387,57.19609661659764,-539.8243269477678,2.517334941211935,13.3100004196167,4.059000015258789
2024-01-31,31.629423141479492,33.37347597949921,30.683497325230682,31.45206346047349,85888800,33.85629386901856,30.713550376892094,22.01451060771942,52.56156621142792,-549.5362702291507,54.01034998439971,14.350000381469727,3.9670000076293945
2024-02-01,31.974288940429688,32.24033123465495,30.742613740557776,31.806779158684414,60671300,32.93598442077637,31.0190055847168,22.098040814399717,53.55354959755483,-586.4215481605676,-29.360638406870276,13.880000114440918,3.86299991607666
2024-02-02,33.15670394897461,33.422742533088346,31.69839693785616,31.87575849978205,67828900,32.86504096984863,31.41659049987793,22.1865031003952,56.882676435225115,-639.0308498887838,11.797340752546926,13.850000381469727,4.0329999923706055
2024-02-05,34.58544158935547,35.07811171888346,32.93006965343942,34.04350519862963,65899800,32.87686347961426,31.86836881637573,22.2846570444107,60.56116280008067,-698.3432390423638,-2.8440679415411396,13.670000076293945,4.164000034332275
2024-02-06,33.33406448364258,34.959873739493766,32.181214366651744,34.85148570401536,62828900,32.93598442077637,32.134410762786864,22.376848106384273,56.05072217397036,-753.3729336472529,-4.659953444471753,13.0600004196167,4.090000152587891
2024-02-07,34.841636657714844,34.969731960378944,32.96948842040975,33.935121547840446,63261800,33.578427124023435,32.4763240814209,22.478243012428283,59.923228082856866,-809.0015770606282,0.6890141320315957,12.829999923706055,4.110000133514404
2024-02-08,36.60539627075195,37.39366781546511,35.11753020625411,35.21606649857777,59516900,34.504648590087896,32.918742179870605,22.58958369731903,63.92782359563963,-878.0119761053804,-5.919686129702284,12.789999961853027,4.170000076293945
2024-02-09,38.74358367919922,38.96035976694063,36.6251003456589,37.30498761765686,65860900,35.62202453613281,33.453782081604004,22.71862226009369,68.09053670152711,-949.9008453576963,10.659157314981126,12.930000305175781,4.186999797821045
2024-02-12,38.576072692871094,40.72411476095002,38.08340256273877,38.832259506678994,72207900,36.42015075683594,33.99818258285523,22.845990271568297,67.43399063015806,-1005.3977948770942,9.636977326456208,13.930000305175781,4.171999931335449
2024-02-13,36.29994201660156,37.4035222586667,34.644569774116114,35.18650626520677,86489300,37.013326263427736,34.37507543563843,22.961144642829893,59.09576928615012,-1116.0519322690948,19.778168316763136,15.850000381469727,4.315999984741211
2024-02-14,38.546512603759766,38.6943151565651,37.05865036138134,37.58087953275008,62424100,37.75430145263672,34.90173978805542,23.08415090560913,63.847390074529685,-1187.4229707604804,-27.82448233480904,14.380000114440918,4.267000198364258
2024-02-15,38.53666305541992,39.5318551903227,37.93560481921788,39.413615396590004,60937300,38.14055480957032,35.29193468093872,23.20500093460083,63.81239076383387,-1176.867384938999,-2.381772424432227,14.010000228881836,4.239999771118164
2024-02-16,37.768096923828125,40.18217774261185,37.41337380108151,39.255959178931874,77150800,37.945457458496094,35.462891292572024,23.323527121543883,61.002350633505074,-1124.3528563522332,26.6068565558369,14.239999771118164,4.295000076293945
2024-02-20,35.88609313964844,37.1177685564476,34.15189580665624,36.69407567114176,80980100,37.40746154785157,35.52004098892212,23.435142254829405,54.65540790824163,-1136.9940322388272,4.963396361411676,15.420000076293945,4.275000095367432
2024-02-21,35.61019515991211,35.62005066708417,34.07306681324087,34.59529593012024,64615200,37.26951217651367,35.530879688262935,23.546553893089296,53.77214882481843,-1144.922870650135,-20.208545062305426,15.34000015258789,4.324999809265137
2024-02-22,40.81279373168945,41.43355917786006,39.285517006847456,39.85701618939897,96865500,37.72276840209961,35.72794771194458,23.679715561866757,65.19457567812081,-1049.4655244188227,49.91132117520336,14.539999961853027,4.327000141143799
2024-02-23,39.581119537353516,42.054325888404726,38.83226253501366,41.52224120426123,68430000,37.93165969848633,35.87821187973022,23.8058368730545,61.3309538872161,-980.54652422117,-29.35565294144974,13.75,4.260000228881836
2024-02-26,40.605873107910156,41.187224038797666,39.80774986567093,40.61572861588408,49475100,38.49921493530274,36.232934474945075,23.94056092262268,63.28073306184838,-929.8708611264016,-27.699693117053926,13.739999771118164,4.298999786376953
2024-02-27,40.5073356628418,41.54194210676945,40.182171597129795,41.197074545051734,48124600,39.42346343994141,36.53198480606079,24.072979292869572,62.952034142050984,-887.7427954038471,-2.729655927931429,13.430000305175781,4.315000057220459
2024-02-28,39.21654510498047,39.906284100446925,38.576076133942074,39.157427089707,46281900,40.144733428955085,36.840889072418214,24.200119705200198,58.654057953633895,-902.0310377844344,-3.8290188385981416,13.84000015258789,4.27400016784668
2024-02-29,42.211971282958984,42.49772082251711,40.17231751632903,40.605865819994456,67431600,40.42456893920899,37.37001647949219,24.342482233047487,64.6804445719494,-930.210234407488,45.697562113914934,13.399999618530273,4.251999855041504
2024-03-01,47.62150192260742,48.232411900015975,43.59145965588486,43.74911396485401,90615500,42.03264541625977,38.15237712860108,24.506551480293275,72.48123604903623,-931.7810430541692,34.381358294924034,13.109999656677246,4.179999828338623
2024-03-04,49.04039001464844,50.6563475985829,48.28167748877186,49.26701784568557,81255500,43.71954879760742,38.94656143188477,24.678009157180785,74.09724107254843,-862.1292261807934,-10.329358663804754,13.489999771118164,4.218999862670898
2024-03-05,46.153343200683594,48.28167825504477,44.59650360783943,47.30618963235725,76835800,44.848750305175784,39.524956512451176,24.829690661430362,65.64958655265606,-820.1310924486669,-5.439262572995062,14.460000038146973,4.13700008392334
2024-03-06,49.483795166015625,51.089897281681274,48.00578459363786,49.040391242547244,91762300,46.902200317382814,40.33244304656982,24.99052751064301,69.91119098798424,-756.0462554017254,19.426491297025606,14.5,4.104000091552734
2024-03-07,54.509029388427734,55.23818292171683,51.33623216973032,51.38550219563079,91590800,49.361611938476564,41.31581268310547,25.17786250591279,74.95926832252488,-636.0885361305302,-0.1868959256688174,14.4399995803833,4.0920000076293945
2024-03-08,48.2324104309082,56.15454767255236,48.08460787628737,55.11993730775677,129037200,49.483793640136724,41.89716339111328,25.333128399848942,61.15775586758436,-574.6914864208807,40.88445564401664,14.739999771118164,4.089000225067139
2024-03-11,46.08436584472656,47.089413392241966,44.43884560477907,46.251871889925006,76456400,48.89258880615235,42.26420249938965,25.480643057823187,57.27141016045966,-568.4584799521983,-40.748559330177656,15.220000267028809,4.104000091552734
2024-03-12,48.853172302246094,48.96155657437875,45.32565233782921,47.72988123911165,89505900,49.43255462646484,42.778057479858404,25.64636269569397,60.735022170386756,-547.3010856576509,17.067897520678454,13.84000015258789,4.15500020980835
2024-03-13,45.40447998046875,47.335745945234855,44.428991490789855,47.19779891329081,79513600,48.61669158935547,43.233284378051756,25.779551019668578,54.778814392337864,-573.2660983384543,-11.163845064962196,13.75,4.191999912261963
2024-03-14,42.89186096191406,45.66066848743388,41.56165309436095,44.83298250619921,77822900,46.29325790405274,43.45055179595947,25.881899461746215,50.864946913854574,-612.8361318426829,-2.1263029217643226,14.399999618530273,4.297999858856201
2024-03-15,42.11344909667969,43.4929233603651,41.0098651752011,41.19708225124624,72496500,45.06946563720703,43.62939109802246,25.98040481567383,49.68068289887832,-641.3015872744761,-6.844257924081476,14.40999984741211,4.303999900817871
2024-03-18,41.916378021240234,44.59650112968425,41.709457456608625,44.04471295733329,65139200,44.23586807250977,43.83680515289306,26.086352729797362,49.36730563443148,-676.7096054274425,-10.148489927099924,14.329999923706055,4.340000152587891
2024-03-19,40.846405029296875,41.36906803214302,38.41061268436455,40.146238166504894,83450200,42.634514617919926,44.08482074737549,26.18200182914734,47.61130516608226,-720.7439482581383,28.1105693652977,13.819999694824219,4.296999931335449
2024-03-20,42.798988342285156,43.19344679334294,40.0574838623618,41.014052283497,79396800,42.113416290283205,44.444260406494145,26.288099842071535,51.03424377415901,-792.0926617830258,-4.857268167122431,13.039999961853027,4.2729997634887695
2024-03-21,45.6686897277832,48.084758549750866,45.42215178579708,46.96054613619341,82495700,42.66878204345703,44.68705520629884,26.41369130134583,55.62334762400235,-817.3414231897211,3.9030540273663483,12.920000076293945,4.270999908447266
2024-03-22,45.787025451660156,46.842207509342025,44.62336610100477,45.047411648881074,57152800,43.40349731445313,44.997350502014164,26.53615050315857,55.80727654955459,-878.6097646555154,-30.720267844263393,13.0600004196167,4.2179999351501465
2024-03-25,45.25450134277344,46.526637950756914,43.528735851311744,43.883751068597384,54917700,44.07112197875977,45.22978191375733,26.65638806343079,54.708378443652826,-961.9037971541997,-3.910744530451704,13.1899995803833,4.252999782562256
2024-03-26,44.406410217285156,46.71400536499149,44.2584897181745,46.171622677845306,55697600,44.78312301635742,45.424735641479494,26.76924918174744,52.92113515546543,-1055.3107328915535,1.4201250234441742,13.239999771118164,4.234000205993652
2024-03-27,45.85605239868164,45.89549936810997,43.3019194371835,45.58979099784553,56643600,45.39453582763672,45.75671100616455,26.88877052307129,55.59166424120279,-1205.3871101893155,1.6984573841601902,12.779999732971191,4.196000099182129
2024-03-28,45.88563919067383,46.64497648077748,45.372839835206285,45.66868836626588,45684700,45.43792572021484,45.94039440155029,26.997659902572632,55.64696313394777,-1313.698231495204,-19.34711070624042,13.010000228881836,4.205999851226807
2024-04-01,47.32542037963867,49.2977237230192,46.07300730516763,46.08286716666169,63270000,45.74560470581055,45.92559032440185,27.10904425621033,58.364051132094744,-1275.538778039909,38.49275578038163,13.649999618530273,4.328999996185303
2024-04-02,45.2446403503418,45.520761618277554,43.7654128231943,45.195333518477575,57411500,45.74363250732422,45.735802841186526,27.204732761383056,53.283749698312434,-1362.5302788763215,-9.259522680575316,14.609999656677246,4.364999771118164
2024-04-03,45.55034637451172,46.526638227861866,43.59776642968167,43.676660372601795,54158200,45.97241973876953,45.705652999877934,27.305330772399902,53.918399452862644,-1366.2499275553255,-5.666634733459319,14.329999923706055,4.355000019073486
2024-04-04,41.78324890136719,47.8185003642851,41.39865031793887,47.46348512977576,82719300,45.15785903930664,45.32062568664551,27.390572242736816,45.68262032939175,-1438.8104307308608,52.736427724702814,16.350000381469727,4.309000015258789
2024-04-05,43.015933990478516,43.91333184298079,41.35919891480201,42.108676276682814,71151400,44.583917999267584,44.74597091674805,27.484868125915522,48.45700888855388,-1675.542076527413,-13.984523563424734,16.030000686645508,4.377999782562256
2024-04-08,43.39067840576172,44.5641976720078,42.89760251478715,43.883754296736285,42780900,43.79696960449219,44.50388431549073,27.59002827644348,49.30475039976766,-1839.9858715896846,-39.873424837740366,15.1899995803833,4.423999786376953
2024-04-09,44.76142501831055,45.21505389702805,42.57216704260493,44.741701532904976,66283900,43.70032653808594,44.437737274169926,27.70047177314758,52.38938895561489,-1884.5432441605783,54.93806815658389,14.979999542236328,4.366000175476074
2024-04-10,42.49327850341797,44.15001372274644,41.60574043525259,42.513001989585014,74894000,43.08891296386719,44.11974258422852,27.80551263809204,47.26464656901432,-1976.58635166789,12.98973053788326,15.800000190734863,4.559999942779541
2024-04-11,45.16574478149414,45.41228269379691,42.0692292048705,43.104687684168155,64703800,43.76541213989258,44.10780582427979,27.922934322357175,53.08758631635298,-2074.337048418629,-13.606163377573633,14.90999984741211,4.576000213623047
2024-04-12,40.935157775878906,42.94690826291109,40.461805383966116,42.72009381023644,79978400,43.349256896972655,44.00997066497803,28.008013906478883,44.67746860781031,-1922.8701812047161,23.606959714885377,17.309999465942383,4.499000072479248
2024-04-15,39.22911071777344,42.79898233421547,38.55852730705339,42.39466031556396,62077800,42.516943359375,43.86575374603272,28.087753162384033,41.80155032538918,-1784.6768774767493,-22.381793084132717,19.229999542236328,4.627999782562256
2024-04-16,39.97859191894531,40.599864798463344,38.66700831622221,39.19953115169792,62696200,41.560376739501955,43.76886444091797,28.17079814910889,43.521537736850256,-1609.7905340752684,0.9961693230108093,18.399999618530273,4.658999919891357
2024-04-17,36.54678726196289,40.2842997453628,36.13260154752711,40.037761794015736,85426600,40.37107849121094,43.55388355255128,28.231678428649907,37.9857318950413,-1485.783246729846,36.254828841301375,18.209999084472656,4.585000038146973
2024-04-18,34.426551818847656,36.29037772001407,34.05181316173316,35.540904167654844,91529700,38.22323989868165,43.1352617263794,28.27871858596802,35.0218435702844,-1184.6946917123198,7.1442618575478845,18.0,4.646999835968018
2024-04-19,30.36361312866211,34.10112914472412,29.781783448689737,33.48971235433257,105240100,36.10893096923828,42.37000789642334,28.313492364883427,30.164697408025315,-915.3140417988296,14.979181620829095,18.709999084472656,4.614999771118164
2024-04-22,31.625885009765625,32.39508213906219,30.077627127434205,31.1426708980207,65096900,34.58828582763672,41.66195087432861,28.358847055435184,33.261516426275485,-740.7136822533396,-38.144395529840814,16.940000534057617,4.623000144958496
2024-04-23,33.637630462646484,34.18001307067745,32.138679633375865,32.36549404175719,66511500,33.32009353637696,41.08110733032226,28.41435862541199,37.98176644178925,-651.9302770701221,2.1730681491745285,15.6899995803833,4.5980000495910645
2024-04-24,34.99852752685547,36.96096741751851,34.12084930276054,36.39886121672595,80370100,33.01044158935547,40.61071319580078,28.470000467300416,41.02072667758986,-609.8790203675821,20.836396713350315,15.970000267028809,4.6519999504089355
2024-04-25,36.891937255859375,37.65127456381623,34.16029642444172,34.79143295004991,80677600,33.503518676757814,40.16250743865967,28.535011196136477,45.05476198299304,-593.4521398681438,0.3826049737402304,15.369999885559082,4.705999851226807
2024-04-26,39.248836517333984,39.73205250075175,36.49747239884481,36.803180777078104,59041700,35.28056335449219,39.83066730499267,28.605181264877324,49.66955422370119,-610.6124711763877,-26.817728836752707,15.029999732971191,4.669000148773193
2024-04-29,40.0476188659668,40.26457343145184,38.17392923756137,39.05160359884908,51120700,36.96491012573242,39.46677722930908,28.67154230117798,51.16652006628727,-660.7078972794268,-13.415941614147286,14.670000076293945,4.613999843597412
2024-04-30,37.65127182006836,40.9154352678011,37.59210136440309,39.524961535563556,56304200,37.7676383972168,39.08710880279541,28.731074514389036,46.680864318144394,-694.6272769190639,10.13972813361319,15.649999618530273,4.685999870300293
2024-05-01,33.8940315246582,37.53293356020827,33.18400488703164,35.58035372346264,97290300,37.546739196777345,38.504293060302736,28.762839765548705,40.66178048742776,-705.5722205077197,72.7940366793241,15.390000343322754,4.59499979019165
2024-05-02,35.94523239135742,36.39886129794425,33.64749698569169,35.48173986052673,56653400,37.357398223876956,38.212392234802245,28.80387950897217,44.84311701281836,-709.7803902594471,-41.768706643930585,14.680000305175781,4.571000099182129
2024-05-03,38.430335998535156,39.03188918510955,37.57238124299274,38.21338140354229,58599400,37.19369812011719,37.98311233520508,28.86210505485535,49.487230105108154,-748.0887354231066,3.4349218228738154,13.489999771118164,4.5
2024-05-06,40.728065490722656,40.80695943442155,38.93326965214598,39.41648565262599,48404800,37.32978744506836,37.849981689453124,28.946541795730592,53.394549093709415,-782.3891519696524,-17.3971064550149,13.489999771118164,4.488999843597412
