Price,Close,High,Low,Open,Volume,MA200,MA60
Ticker,SPY,SPY,SPY,SPY,SPY,,
Date,,,,,,,
2016-12-23,195.4058380126953,195.41449064184647,194.9729687729624,195.1634190851337,36697800,182.56737693786621,187.74933573404948
2016-12-27,195.89065551757812,196.28888783280465,195.65690242204528,195.67422089100506,42672500,182.68869750976563,187.91148045857747
2016-12-28,194.27174377441406,196.16771349248134,194.15920673511602,196.15040823112668,64095000,182.80332214355468,188.0541030883789
2016-12-29,194.22845458984375,194.69594760790088,193.78691946210515,194.34099162171321,48696100,182.91277214050294,188.2117820739746
2016-12-30,193.51852416992188,194.64398685218566,192.8259307339041,194.55740771888804,108998300,183.01320571899413,188.34400151570637
2017-01-03,194.9989471435547,195.5097296950616,193.82154223916174,194.82578887310643,91366500,183.11763389587404,188.49874420166014
2017-01-04,196.1590576171875,196.3062315970069,195.3192901010652,195.32794273159945,78744400,183.22662742614747,188.6834358215332
2017-01-05,196.00318908691406,196.1590288845638,195.2067112603738,195.89065206596143,78379000,183.33531028747558,188.84946365356444
2017-01-06,196.7044677734375,197.1719607922804,195.57033914175193,196.11575867217059,71559900,183.45324989318848,189.06633987426758
2017-01-09,196.05514526367188,196.58324627368603,196.02050832622643,196.44472494414634,46939700,183.56832611083985,189.26837768554688
2017-01-10,196.05514526367188,196.91221791869148,195.66555237307637,196.07245052227356,63771900,183.68289115905762,189.48045705159504
2017-01-11,196.6092071533203,196.6092071533203,195.30193364017924,195.96855594508668,74650000,183.79221870422364,189.7001927693685
2017-01-12,196.11578369140625,196.3062472593388,194.75658082220474,196.08981258760852,72113200,183.89524551391602,189.92231928507488
2017-01-13,196.56588745117188,196.86888793594957,196.2542211287513,196.28884484896767,62717900,184.0026525115967,190.13286946614582
2017-01-17,195.8734130859375,196.33225361558283,195.48383324889681,195.9253553028594,61240800,184.1006337738037,190.32370198567708
2017-01-18,196.3061981201172,196.34948768565184,195.5703151363904,196.12438722891997,54793300,184.2036328125,190.52748463948566
2017-01-19,195.57901000976562,196.52266191195307,195.1461407104001,196.38414056572665,66608800,184.31177085876465,190.71771418253581
2017-01-20,196.2975311279297,196.79099515057976,195.63090885581107,196.26289419398807,129168600,184.414002532959,190.90686569213867
2017-01-23,195.78672790527344,196.3581184022771,195.02488711938776,196.2975235853872,75061600,184.5242014312744,191.09783198038738
2017-01-24,197.04209899902344,197.45764980363037,195.8906651438575,196.00320217232323,95555300,184.63833419799803,191.31588897705078
2017-01-25,198.74761962890625,198.74761962890625,197.8299256030772,197.99441805308547,84437700,184.76303924560546,191.5705477396647
2017-01-26,198.5398406982422,198.8688256033822,198.26279799704574,198.60043553280198,59970700,184.87861221313477,191.83078079223634
2017-01-27,198.2281951904297,198.7649489680064,198.04638424731127,198.61777497125553,59711100,184.9837668609619,192.08567632039387
2017-01-30,196.998779296875,197.5615039834957,196.0118380305686,197.5355328878129,79737300,185.0827320098877,192.3421719868978
2017-01-31,196.98147583007812,197.04208386469998,195.93393966411406,196.50531702276677,75880800,185.18259040832518,192.61659622192383
2017-02-01,197.05941772460938,197.89918523117447,196.47072181203163,196.98150442031928,79117700,185.2766194152832,192.90608978271484
2017-02-02,197.18931579589844,197.47501116428077,196.36686663789612,197.05944705929295,69657600,185.3684868621826,193.2010482788086
2017-02-03,198.5484619140625,198.7302728092215,197.78662102655863,198.09828741103053,80563200,185.46629791259767,193.4526741027832
2017-02-06,198.19354248046875,198.53984586597815,197.85590493592423,198.1416002751732,57790100,185.5671477508545,193.684614054362
2017-02-07,198.20220947265625,198.82554236007024,198.01174591205069,198.58313659386744,57931200,185.66804092407227,193.88413645426434
2017-02-08,198.46185302734375,198.59170848854495,197.65670953754193,198.2021288948232,51566200,185.77176567077638,194.08024012247722
2017-02-09,199.63929748535156,199.94229802532618,198.46189263173522,198.46189263173522,65955200,185.88005722045898,194.30314102172852
2017-02-10,200.4271697998047,200.65227032540204,199.6566628539997,199.98564780056523,66015900,185.9904563140869,194.53673502604167
2017-02-13,201.51795959472656,201.77768379351835,200.89462680167486,200.9205979005419,55182100,186.1144026184082,194.76426595052084
2017-02-14,202.32313537597656,202.33180121762,200.98990356520616,201.33619376770838,71109000,186.24714553833007,195.01109720865887
2017-02-15,203.3793182373047,203.56978179352265,202.05473918459447,202.10668138899516,86785800,186.3781837463379,195.25946680704752
2017-02-16,203.20611572265625,203.58704272743492,202.45292755146534,203.40523185329258,84722400,186.51606590270995,195.51197764078776
2017-02-17,203.52650451660156,203.52650451660156,202.52224447043503,202.53956294298936,77204100,186.66044845581055,195.74616088867188
2017-02-21,204.738525390625,204.91167046785708,203.8900920549793,203.8987578954206,88946100,186.81106163024901,195.9943758646647
2017-02-22,204.55667114257812,204.7817583742883,204.16709149879827,204.33158391086795,62115200,186.95757080078124,196.2378392537435
2017-02-23,204.69520568847656,205.09343798647993,203.9333516086501,205.0761327283898,74615900,187.1040483856201,196.4718485514323
2017-02-24,204.9549560546875,204.99823241556211,203.80352215880401,203.846811729801,82381600,187.2409204864502,196.72510503133137
2017-02-27,205.27528381347656,205.4484288946902,204.61732722081558,204.86838560705692,56515400,187.38770027160643,196.97753194173177
2017-02-28,204.7211456298828,205.13669633285562,204.3315660202134,204.89429065527827,96961900,187.5314535522461,197.22832565307618
2017-03-01,207.58676147460938,208.05426762849893,206.36606710737806,206.38338557496067,149158200,187.6972019958496,197.53849817911785
2017-03-02,206.27952575683594,207.40498850158158,206.22758355802213,207.3963226616981,70246000,187.8478101348877,197.82530670166017
2017-03-03,206.40939331054688,206.57388575648002,205.81203156905175,206.1929586627659,81974300,188.0072885131836,198.09534454345703
2017-03-06,205.794677734375,206.1496204332648,205.18865029553214,205.61286686069826,55391500,188.1634376525879,198.34509557088217
2017-03-07,205.18002319335938,205.8466455329481,204.972241199039,205.49168957977946,65103700,188.3195379638672,198.543004099528
2017-03-08,204.79913330078125,205.7341326296871,204.66061194610108,205.4744083921927,78168800,188.46823890686036,198.72667388916017
2017-03-09,205.058837890625,205.38782277393793,204.08921492101496,204.9203165492172,90683900,188.61943084716796,198.8951644897461
2017-03-10,205.77735900878906,206.06305426128182,204.82504150047993,206.0197646999733,81991700,188.76288536071777,199.07935943603516
2017-03-13,205.8812713623047,205.92456092949521,205.38780728467196,205.71677893305338,57256800,188.9008533477783,199.24362716674804
2017-03-14,205.0934295654297,205.387790672444,204.47876267545183,205.3358352699449,59880800,189.03462669372558,199.42173182169597
2017-03-15,206.8682098388672,207.29242645521649,205.43108077298604,205.6648338644537,96081800,189.173440322876,199.61607513427734
2017-03-16,206.46133422851562,207.08466706705843,206.13236254881758,207.0067537647712,78344000,189.31192306518554,199.81000086466472
2017-03-17,206.09869384765625,206.91603037208424,206.09869384765625,206.7247382805122,89002100,189.44676132202147,199.99081268310547
2017-03-20,205.87266540527344,206.38567007845458,205.48139087941647,206.0987318881352,52537000,189.57774353027344,200.15530395507812
2017-03-21,203.2293701171875,206.60305326782938,203.0989496933602,206.4813231163934,131809300,189.69819259643555,200.28483098347982
2017-03-22,203.7075958251953,203.9945340186917,202.6381085713206,203.26415312665975,97569200,189.81647506713867,200.4279551188151
2017-03-23,203.49020385742188,204.6292530034348,203.11632316815843,203.70758005376297,100410300,189.93226493835448,200.56269454956055
2017-03-24,203.34243774414062,204.36844726516756,202.55988855920796,203.79458405442713,112504900,190.0443766784668,200.68689092000326
2017-03-27,203.1337127685547,203.39456686931302,201.38601284837802,201.6642474929537,87454500,190.15667999267578,200.83459040323893
2017-03-28,204.61190795898438,205.03795688647148,202.71638029888368,202.82942018622143,93483900,190.28493621826172,201.00764795939128
2017-03-29,204.8031463623047,205.0379163636101,204.0988496259782,204.32492935597222,61950400,190.42104927062988,201.195724995931
2017-03-30,205.455322265625,205.6553179601674,204.568436754322,204.7423350937387,56737900,190.5621694946289,201.36999791463217
2017-03-31,204.9771270751953,205.64663641694554,204.92494562695498,205.11623780105342,73733100,190.7021337890625,201.5169657389323
2017-04-03,204.62057495117188,205.22922568375552,203.38587967433335,205.02924328610464,85546500,190.83767440795899,201.66058883666992
2017-04-04,204.75099182128906,204.83794761054727,203.95104897695813,204.33363322154915,56466200,190.97717277526854,201.7946975708008
2017-04-05,204.14236450195312,206.41177287881223,203.93367854436426,205.42922807143728,108800600,191.10793319702148,201.92948455810546
2017-04-06,204.71620178222656,205.2378966750352,203.83799348780911,204.28144940442454,69135800,191.23903701782226,202.07383550008137
2017-04-07,204.50758361816406,205.20319030662057,204.02066291652272,204.46410571246165,74412300,191.37055313110352,202.2054751078288
2017-04-10,204.6292724609375,205.42921534742578,204.09887396072781,204.64666627322393,67615300,191.4910743713379,202.34736658732098
2017-04-11,204.38583374023438,204.49017008978706,202.89028414787975,204.24670976243561,88045300,191.6427909851074,202.477699025472
2017-04-12,203.49020385742188,204.2988502069576,203.26413738955958,204.10755809277023,81864400,191.80561462402343,202.6046455383301
2017-04-13,202.1685791015625,203.8902083526426,202.1685791015625,203.15112388214533,92880400,191.94641593933105,202.70235188802084
2017-04-17,203.95977783203125,203.95977783203125,202.49031237727522,202.69029479628222,68405400,192.08135871887208,202.84203135172527
2017-04-18,203.35110473632812,203.89020679103865,202.66420170976033,203.2206843096354,83225800,192.20118370056153,202.95959091186523
2017-04-19,202.97726440429688,204.29021227551704,202.75118459623909,203.91633146618202,68699900,192.31725555419922,203.07943318684895
2017-04-20,204.6292724609375,205.07272843489773,203.27284698960557,203.59455954515212,92572200,192.4480527496338,203.20588607788085
2017-04-21,203.97714233398438,204.6031868958525,203.57717752742994,204.55101872696204,110389800,192.57023719787597,203.29304478963215
2017-04-24,206.22044372558594,206.42912964572335,203.95103575600228,206.22913399691217,119209900,192.70419464111328,203.4210548400879
2017-04-25,207.4203643798828,207.7681609789066,206.77692607734,206.86388186089084,76698300,192.83079307556153,203.57425765991212
2017-04-26,207.2899627685547,208.272507550784,207.2464981376459,207.3856088382194,84702500,192.95352828979492,203.74577738444012
2017-04-27,207.4638671875,207.76818593129622,206.92476514640168,207.61168142321668,57410300,193.0704962158203,203.9204839070638
2017-04-28,207.01171875,207.7507899207633,206.8812850603891,207.7247058363594,63532800,193.18533180236815,204.08635559082032
2017-05-01,207.53346252441406,207.9595247825542,207.1161038081834,207.53346252441406,66882500,193.29763832092286,204.25875803629557
2017-05-02,207.61167907714844,207.7942676678446,207.2030107316592,207.6725375181834,57375700,193.4115773010254,204.40981165568033
2017-05-03,207.35952758789062,207.70733751305974,206.68131481830085,207.61169144208725,73137700,193.5217723083496,204.56257807413738
2017-05-04,207.6029510498047,207.74207499517627,206.75084010268586,207.66382275125088,61462700,193.634126663208,204.71925710042316
2017-05-05,208.42027282714844,208.43766663598072,207.53337432294416,207.97683020884065,62001300,193.74671363830566,204.88523076375324
2017-05-08,208.38552856445312,208.6115950415581,207.95946642587268,208.46378081411362,48385700,193.86263816833497,205.03100128173827
2017-05-09,208.1942596435547,208.84638833191315,207.84644971587488,208.64640591574235,51363200,193.97345291137697,205.16045277913412
2017-05-10,208.56814575195312,208.56814575195312,207.9421011336263,208.1507870955994,54293800,194.08866348266602,205.27795588175456
2017-05-11,208.14207458496094,208.3072826287567,207.05519352587427,208.11599050095015,62358300,194.20131546020508,205.37493820190429
2017-05-12,207.79428100585938,208.18555556434342,207.52473660485018,207.88992707727476,53912700,194.3132132720947,205.44852091471355
2017-05-15,208.9420623779297,209.0637925520175,208.20297779180038,208.22037160741118,61918900,194.4297794342041,205.54412002563475
2017-05-16,208.75071716308594,209.26372181869624,208.35944265063046,209.23763773570525,51241800,194.54389038085938,205.6311902364095
2017-05-17,205.04664611816406,208.7507321116293,204.98577440843238,208.7507321116293,172174100,194.64025161743163,205.63632558186848
2017-05-18,205.87266540527344,206.72477643654275,204.70751883220936,204.96837293864434,107047700,194.74669456481934,205.65825881958008
2017-05-19,207.211669921875,207.8811922783778,206.30739084111954,206.35955900206457,115011400,194.85713508605957,205.70019989013673
2017-05-22,208.2637939453125,208.42900198055088,207.65514323726882,207.7246919459678,61010600,194.9718514251709,205.7553471883138
2017-05-23,208.72463989257812,208.88984793530696,208.25509984823398,208.63768410137635,48341700,195.08129318237306,205.81283645629884
2017-05-24,209.2116241455078,209.31596051262738,208.62035377410842,208.9594735024371,46927700,195.19372657775878,205.88767776489257
2017-05-25,210.2114715576172,210.48971945661495,209.51587834530292,209.72455100196117,64071700,195.31060249328613,205.9314229329427
2017-05-26,210.1680450439453,210.33323983789248,209.9419652681153,210.02021752855225,46629900,195.4295735168457,205.99623158772786
2017-05-30,209.98541259765625,210.2375631559964,209.68978414509454,209.84628864318347,35201900,195.54330680847167,206.0558319091797
2017-05-31,209.93328857421875,210.31587289566943,209.2376819231805,210.2810852659412,91796000,195.65759315490723,206.12480875651042
2017-06-01,211.6027069091797,211.62010072160516,210.10715746278314,210.39409566364205,68962000,195.77752906799316,206.23185348510742
2017-06-02,212.3070068359375,212.46352461486995,211.3592496925739,211.65487817016762,88666100,195.90582489013673,206.35698471069335
2017-06-05,212.1505126953125,212.42005710085908,211.95051700870053,212.1331188817827,44698800,196.03158256530762,206.47517929077148
2017-06-06,211.47232055664062,212.1418298655889,211.39405502191178,211.58534718663805,50375400,196.15185104370119,206.57009531656902
2017-06-07,211.863525390625,212.089591843767,211.1418348736546,211.8113572297145,54144300,196.2754460144043,206.66979955037434
2017-06-08,211.9678955078125,212.44612583838824,211.43749700800873,211.95920523547161,65950700,196.39960571289063,206.78437398274738
2017-06-09,211.6461639404297,213.03736364270756,210.37668111035583,212.23742082869,132256400,196.52027267456054,206.86400655110677
2017-06-12,211.6027069091797,211.65487507886468,210.75059584661142,211.40272450285673,86108100,196.6455177307129,206.9496960957845
2017-06-13,212.63742065429688,212.6895888241833,211.7939998608889,212.14179650519276,60067000,196.7765785217285,207.05867487589518
2017-06-14,212.3678436279297,212.9156225951455,211.5418035063695,212.90693232403044,78602300,196.90804718017577,207.16692784627278
2017-06-15,211.959228515625,212.08095867972415,210.73322333374514,211.01145802271776,66464900,197.0328914642334,207.31242548624675
2017-06-16,212.0055389404297,212.17155266484303,211.12306107079874,212.1191300849849,84553100,197.15950843811035,207.45072453816732
2017-06-19,213.77049255371094,213.8316477816918,212.7394663393128,212.83557883953387,65123800,197.29760513305663,207.62206268310547
2017-06-20,212.3287811279297,213.42096244725582,212.31131582607034,213.41222979632616,56906400,197.42845008850097,207.77183507283527
2017-06-21,212.27639770507812,212.8355941104066,211.80458115432666,212.72201629820924,55977600,197.5548371887207,207.92421315511066
2017-06-22,212.18026733398438,212.78315361584285,212.00552097183666,212.28512581710726,44148100,197.67791763305664,208.05035247802735
2017-06-23,212.43370056152344,212.7657147119167,211.85702545968385,212.2414755275769,66986800,197.8023509979248,208.17752838134766
2017-06-26,212.57345581054688,213.5258481751077,212.36376550313716,213.1064408957019,56700500,197.9296240234375,208.2961639404297
2017-06-27,210.8608856201172,212.6520655635053,210.84340698681302,212.35498212649782,82247700,198.07072731018067,208.39422658284505
2017-06-28,212.7482452392578,212.94920292270507,211.6473176423402,211.8832326034361,70042600,198.20816543579102,208.52968775431316
2017-06-29,210.87835693359375,212.94912827651547,209.66385194078242,212.89670571071343,106949700,198.34957023620606,208.6318105061849
2017-06-30,211.27157592773438,212.06668719889802,211.07935093179827,211.69096985873466,86820700,198.4932839202881,208.7506306966146
2017-07-03,211.62979125976562,212.6520713530927,211.62979125976562,212.2151988346303,39153800,198.62966842651366,208.8658571879069
2017-07-05,212.119140625,212.3288309548518,211.18422679676195,211.9968168218216,54427600,198.77206314086914,208.99271647135416
2017-07-06,210.1793670654297,211.47250596099136,209.99587474516312,211.3501821915773,65400800,198.9045864868164,209.0852180480957
2017-07-07,211.54244995117188,211.6909850346267,210.18814223082148,210.7560846076361,57972300,199.04388236999512,209.20449498494466
2017-07-10,211.76959228515625,212.14530960503038,211.23660724925944,211.5424233623595,36663300,199.1739859008789,209.34248479207358
2017-07-11,211.61233520507812,211.92688398522515,210.44151993042246,211.76960292900532,50354600,199.29745086669922,209.49988072713217
2017-07-12,213.20254516601562,213.36855887450096,212.5821935874882,212.5821935874882,59610400,199.43398750305175,209.65392684936523
2017-07-13,213.560791015625,213.67438215308232,212.98411600863207,213.21129828354674,39471600,199.57984634399415,209.8240882873535
2017-07-14,214.55685424804688,214.9150929548679,213.46467282405064,213.56078532265403,60262700,199.72496223449707,210.017081451416
2017-07-17,214.5306396484375,214.86266706254005,214.35589328975448,214.47821707406186,33531900,199.8653423309326,210.18210423787434
2017-07-18,214.64425659179688,214.69667917247628,213.7792440137043,214.12000412041456,42742500,200.0147250366211,210.35988947550456
2017-07-19,215.8063201904297,215.81505284233629,214.95004034103505,214.95878632523463,51034300,200.16294677734376,210.51965408325196
2017-07-20,215.90245056152344,216.18204210090028,215.35198680310506,216.05971830261777,47135200,200.31388710021972,210.6610221862793
2017-07-21,215.7101593017578,215.73637058389085,215.09852716588045,215.32570938742003,82340800,200.468599319458,210.801358795166
2017-07-24,215.65777587890625,215.79756496489048,215.18594605029563,215.6315512597235,46622300,200.61896141052247,210.93792394002278
2017-07-25,216.18203735351562,216.51406479826,215.9548683994922,216.40920630753905,54915600,200.7712996673584,211.09076258341472
2017-07-26,216.19073486328125,216.50528361972533,215.92862200982088,216.47033968336117,47575400,200.9268655395508,211.23505045572918
2017-07-27,215.9898223876953,216.68882125174045,214.661725879239,216.6538773080707,70766600,201.07660705566406,211.37468617757162
2017-07-28,215.73641967773438,215.86747611822327,215.05489952260615,215.50923740449628,50088400,201.23682968139647,211.51430104573566
2017-07-31,215.61407470703125,216.234426240792,215.4043710905575,216.138313749778,65838700,201.39523567199706,211.64781977335613
2017-08-01,216.09463500976562,216.25190272133574,215.57038263994878,216.21695878508402,55050400,201.559056930542,211.77572580973307
2017-08-02,216.19947814941406,216.33928055770994,215.2645645427634,216.22568943443312,47211200,201.7229290008545,211.90595830281575
2017-08-03,215.7800750732422,216.11208911345005,215.50047026855043,216.08587782954655,40856000,201.88788841247558,212.03238855997722
2017-08-04,216.17324829101562,216.50526231682767,215.7887983673793,216.26936077192474,60191800,202.0490902709961,212.15914026896158
2017-08-07,216.57521057128906,216.57521057128906,216.13833798719736,216.24319647333877,31995000,202.2098490142822,212.2996925354004
2017-08-08,216.04222106933594,217.4839085667453,215.6665170541975,216.2606573569168,61719400,202.3696639251709,212.437158203125
2017-08-09,216.03347778320312,216.08590035647518,214.9937189723336,215.35195766608217,62632600,202.52900512695314,212.55534845987955
2017-08-10,212.9840850830078,215.32572871125976,212.93166251403724,215.1946589565421,120479500,202.66918334960937,212.62590459187825
2017-08-11,213.2986297607422,213.89278330642227,212.97534837006228,213.21126325822135,74869900,202.81403274536132,212.7634376525879
2017-08-14,215.41311645507812,215.63155273552076,214.5481173171926,214.58306125585472,73291900,202.97130493164062,212.92244517008464
2017-08-15,215.3868865966797,215.81502646905696,215.0810838298028,215.7975478350867,55242700,203.13089889526367,213.05869878133137
2017-08-16,215.76263427734375,216.31309800043158,215.3344943446873,215.9111693562752,56715500,203.29508277893066,213.1836794535319
2017-08-17,212.398681640625,215.46553530797297,212.398681640625,215.15098655573962,128490400,203.44240386962892,213.24491348266602
2017-08-18,212.06668090820312,213.35981993426535,211.62106237070964,212.2326812795031,136748000,203.59469207763672,213.29249776204426
2017-08-21,212.23269653320312,212.49482275075206,211.2977961337735,212.00552758855042,65469700,203.75327545166016,213.3261848449707
2017-08-22,214.4520263671875,214.60929410540695,212.80064845441382,212.81812709164726,63140100,203.92708656311035,213.3975845336914
2017-08-23,213.68309020996094,214.11123008992666,213.33359751810963,213.482132578761,50203800,204.0980429840088,213.45921249389647
2017-08-24,213.18508911132812,214.224834665884,212.9753854706238,214.0675669345757,50741700,204.2467138671875,213.51340916951497
2017-08-25,213.68309020996094,214.60052519143514,213.53455514930954,213.9801603312637,64445900,204.3937435913086,213.548082224528
2017-08-28,213.69183349609375,214.24228381219737,213.27242627241588,214.21607252725394,40565600,204.53104843139647,213.57116266886393
2017-08-29,213.93655395507812,214.19866689384273,212.25895115320884,212.37254231487083,51135700,204.66725303649903,213.60093002319337
2017-08-30,214.95004272460938,215.2209149242336,213.73553748147458,213.9190298318919,62030800,204.8106770324707,213.65889205932618
2017-08-31,216.24322509765625,216.4878727105484,214.98502975575673,215.5704374960554,103803900,204.9598355102539,213.73188705444335
2017-09-01,216.54898071289062,216.97712060821138,216.40044564691212,216.6188819202262,62007000,205.1032498931885,213.808238474528
2017-09-05,214.99371337890625,216.2693870686034,214.02385580172935,216.04220481394543,91398800,205.24065216064454,213.86403096516926
2017-09-06,215.72767639160156,216.0597038213834,215.14226872960788,215.67525381475036,57916900,205.37690483093263,213.93278045654296
2017-09-07,215.7014617919922,216.0509678527903,215.29080050323753,216.03348921667717,58034700,205.51513481140137,213.98384780883788
2017-09-08,215.4480743408203,215.91115819009667,215.20342677260987,215.41311706976592,63832800,205.6449976348877,214.03518498738606
2017-09-11,217.74603271484375,217.8246665778774,216.70627386264528,216.7237391662353,71364800,205.78449966430665,214.13163172403972
2017-09-12,218.47999572753906,218.51493967025766,217.92953197058915,218.1130243336705,56896000,205.9271553039551,214.2395393371582
2017-09-13,218.58480834960938,218.6197656194183,218.07803459571625,218.1916257241572,59228000,206.06680610656738,214.3197779337565
2017-09-14,218.51487731933594,218.71584826257865,218.08675081479768,218.2614971431168,95446300,206.21058265686034,214.42287953694662
2017-09-15,218.80911254882812,218.89691265229644,218.26470635256308,218.37007183610876,95432400,206.35397987365724,214.5317581176758
2017-09-18,219.27442932128906,219.62565642746745,218.88807146541967,219.17783985732171,46235200,206.5019844055176,214.64999415079754
2017-09-19,219.4939727783203,219.58178626336064,219.16908700089311,219.52031414414108,47108100,206.65457221984863,214.7676653544108
2017-09-20,219.572998046875,219.68715289834495,218.5719859449771,219.58178743449992,59574100,206.80708213806153,214.88432439168295
2017-09-21,218.9846954345703,219.50276018727368,218.8090818538099,219.41496009612214,48211400,206.9509700012207,215.01972122192382
2017-09-22,219.02859497070312,219.19543255639465,218.6598024437067,218.68614381003096,51214000,207.09206489562987,215.12439371744793
2017-09-25,218.5807342529297,219.12515367691572,217.83437331445256,218.77391317781908,57064400,207.21844100952148,215.25276667277018
2017-09-26,218.7124786376953,219.25688472339672,218.47539294940808,219.01102304608276,54082000,207.3431086730957,215.3767817179362
2017-09-27,219.5642547607422,219.95061271699575,218.5281117509296,219.41498253190946,81001400,207.46618293762208,215.5090227762858
2017-09-28,219.82762145996094,219.90664554790294,219.19540195951487,219.28320203552096,44778800,207.59169273376466,215.6374974568685
2017-09-29,220.60040283203125,220.67944034675793,219.63452125903075,219.81891086365326,85578000,207.71456871032714,215.81118138631186
2017-10-02,221.55747985839844,221.55747985839844,220.65304379358867,220.82867077220482,59023000,207.85032035827638,215.97809855143228
2017-10-03,222.03164672851562,222.05798809666817,221.47845120039642,221.55748870331192,66810200,207.98444053649902,216.14913279215494
2017-10-04,222.29505920410156,222.5409208896779,221.7682050787483,221.8823599322148,55953600,208.12178688049318,216.32717819213866
2017-10-05,223.6121826171875,223.6297345959484,222.33017804941576,222.62872246983622,63522800,208.26359786987305,216.50067214965821
2017-10-06,223.35752868652344,223.64729711385874,222.9009360723498,223.16434973496655,80646000,208.40036956787108,216.66395111083983
2017-10-09,222.98876953125,223.64733058326107,222.7253424307538,223.585871852272,35803100,208.5380246734619,216.80448303222656
2017-10-10,223.57705688476562,223.95463881191978,223.01508538728058,223.55950490561045,43057400,208.68030921936034,216.95525665283202
2017-10-11,223.92831420898438,223.92831420898438,223.31365993110336,223.4804841363109,47674300,208.8229216003418,217.10999094645183
2017-10-12,223.5946044921875,223.9633970019969,223.35751880786137,223.61216986840404,47065100,208.96144134521484,217.23979568481445
2017-10-13,223.86679077148438,224.14778317608818,223.594587753559,224.033628336911,54800400,209.1094165802002,217.3725346883138
2017-10-16,224.1653594970703,224.358538446601,223.7526736304803,224.0951247867471,38221700,209.25910110473632,217.51345469156902
2017-10-17,224.3234405517578,224.36734729836132,223.8931758725759,224.11269620713563,31561000,209.41312568664551,217.65788243611652
2017-10-18,224.54296875,224.74492371329936,224.34978977694553,224.70101696515817,40888300,209.56084579467773,217.7972312927246
2017-10-19,224.60438537597656,224.63951612728752,223.33995969635575,223.76143492289603,61903800,209.70307243347168,217.93745880126954
2017-10-20,225.7634735107422,225.7898416751692,224.58686116547295,225.40348375371684,89176400,209.8518738555908,218.10035298665363
2017-10-23,224.88540649414062,226.11474184795736,224.806382386581,226.0884004787708,63915300,209.99277854919433,218.25283610026042
2017-10-24,225.28054809570312,225.51762041234878,224.92053152803788,225.31567885269672,66935900,210.13890556335448,218.4139439900716
2017-10-25,224.1653594970703,225.06100613594376,223.03264056432835,224.94685128436925,103715300,210.2794566345215,218.54845606486003
2017-10-26,224.45518493652344,225.05227391513793,224.33225406454633,224.78008419696735,69798000,210.4186865234375,218.68605117797853
2017-10-27,226.2903289794922,226.4484039824023,224.4639316285266,225.20151672008473,85562500,210.56955924987793,218.86122207641603
2017-10-30,225.44741821289062,226.1937928243913,225.14887372767436,225.20155647230547,54285700,210.71396690368653,219.01579157511392
2017-10-31,225.798583984375,226.05323504539382,225.5000395804172,225.8249253495209,60304800,210.8635927581787,219.16951446533204
2017-11-01,226.09716796875,226.92256661703226,225.72838879214913,226.58012881018857,54202700,211.01254760742188,219.33709691365559
2017-11-02,226.18496704101562,226.32546326973244,224.9556585358881,226.02691883255258,56449500,211.16557739257811,219.50628840128581
2017-11-03,226.9401092529297,226.98400259656225,225.9302943802501,226.34299363866583,59589700,211.31879028320313,219.73888880411783
2017-11-06,227.2913055419922,227.42301235192608,226.73811014336036,226.80834484302196,49652600,211.47631317138672,219.97210006713868
2017-11-07,227.13331604003906,227.73040493057752,226.6240138475261,227.39672972794827,57502200,211.62676925659179,220.167436726888
2017-11-08,227.51963806152344,227.61624094116135,226.67668749709352,226.95767995087525,50469600,211.77062934875488,220.3696492513021
2017-11-09,226.6942596435547,226.88743860026545,225.10490784698484,226.30790173013315,95085500,211.91140144348145,220.5518430074056
2017-11-10,226.62399291992188,226.7996198935873,225.99177333040575,226.30789652362077,59984700,212.0533804321289,220.7889315287272
2017-11-13,226.83473205566406,227.06304177030458,225.903968014781,225.93909877016756,50228600,212.20256019592284,221.03506571451823
2017-11-14,226.3079376220703,226.4133031066388,225.24543979319404,226.02694513194177,61315200,212.3491925048828,221.26965306599934
2017-11-15,225.17514038085938,225.8600426307149,224.46389676742908,225.3331885623081,80811500,212.48977111816407,221.44837163289387
2017-11-16,227.08941650390625,227.458222497367,226.07962821272113,226.12352156571745,67777000,212.6392716217041,221.67181040445965
2017-11-17,226.42202758789062,227.0630365736799,226.34300348776551,226.7381507853053,75756800,212.77863945007323,221.89242604573568
2017-11-20,226.80838012695312,227.00155907721162,226.42202222643613,226.6679107057775,48075500,212.92171363830568,222.11118087768554
2017-11-21,228.29238891601562,228.4768053153521,226.7733251488569,227.58114508120178,69176800,213.07216453552246,222.3545234680176
2017-11-22,228.0904083251953,228.43284609969461,227.92357073351891,228.30113926334872,45033400,213.22030731201173,222.59042104085287
2017-11-24,228.61732482910156,228.72271713619506,228.44172457779626,228.58222085699566,27856500,213.36519744873047,222.81820907592774
2017-11-27,228.50311279296875,228.95970543496196,228.30114444138104,228.66116100016845,52274900,213.5055771636963,223.02254053751628
2017-11-28,230.82118225097656,230.84752361298823,228.8718410713837,228.96844393003283,98971700,213.65209327697755,223.26041056315105
2017-11-29,230.68075561523438,231.48860228871052,230.23295232600296,230.9529587037397,77512100,213.79388137817384,223.52186126708983
2017-11-30,232.7003173828125,233.61350257626265,231.52369173989916,231.6027158356643,127894400,213.94048637390136,223.80473861694335
2017-12-01,232.21739196777344,232.96376649281618,228.96850697187693,232.48083245733275,164390900,214.08554275512697,224.08000411987305
2017-12-04,231.93637084960938,234.2720431578022,231.88366132676438,233.8417919636999,94040600,214.227592086792,224.3548090616862
2017-12-05,231.10215759277344,232.82318897667943,230.97045079243247,231.10215759277344,77994500,214.35941024780274,224.57741114298503
2017-12-06,231.1461639404297,231.57644209446062,230.68078182041629,231.19884668632398,75898600,214.49235771179198,224.78851394653321
2017-12-07,231.87493896484375,232.19103537529034,230.8827027927501,231.87493896484375,77218600,214.62825637817383,225.01001612345377
2017-12-08,233.139404296875,233.14816688909153,231.8398341601033,232.83207044326272,76563900,214.76917861938477,225.2537582397461
2017-12-11,233.84176635742188,233.90323846325097,233.11297086385864,233.84176635742188,83077500,214.9120110321045,225.50430246988932
2017-12-12,234.2545166015625,234.72868798333855,233.87694809242296,234.63208511070204,85195800,215.0596778869629,225.75397059122722
2017-12-13,234.22816467285156,234.9394083149843,234.14035119175486,234.50036770641287,102905400,215.1928849029541,225.99954045613606
2017-12-14,233.27108764648438,234.64089236756638,233.21840491082085,234.52673750799033,100666700,215.32784271240234,226.22784194946288
2017-12-15,235.21365356445312,235.68141441656053,234.22517983425556,234.27813186023835,144610300,215.47186401367188,226.49832458496093
2017-12-18,236.70513916015625,237.05816155620843,236.51097280224522,236.61687682767263,83653600,215.6264163208008,226.79293365478514
2017-12-19,235.796142578125,236.9964243603016,235.72552192394522,236.95230665185522,82382900,215.7794969177246,227.07985712687176
2017-12-20,235.67254638671875,236.81987603073307,235.37247597111323,236.76692401232535,76751500,215.9338639831543,227.3625249226888
2017-12-21,236.15792846679688,236.87283452131612,235.91081009094583,236.29914281498074,67032300,216.08935943603515,227.63908615112305
2017-12-22,236.09622192382812,236.21096029077958,235.55784041749172,236.17564996235862,78720900,216.24095375061034,227.9102294921875
2017-12-26,235.81378173828125,236.03442414591586,235.5490216226748,235.6902090617398,45244400,216.39061630249023,228.16378580729167
2017-12-27,235.92849731445312,236.29035406009345,235.6549029101201,235.98144933246047,57751000,216.54479164123535,228.40330276489257
2017-12-28,236.4138946533203,236.45803928995718,236.0432305353237,236.43156328152884,45116100,216.6925200653076,228.64300689697265
2017-12-29,235.52255249023438,237.0140975346904,235.32841300017625,236.99645583574645,96007400,216.83782615661622,228.86346511840821
2018-01-02,237.2082061767578,237.24351649993596,235.99909021328455,236.38742296658933,86655700,216.99337371826172,229.0900655110677
2018-01-03,238.70860290527344,238.85865158951364,237.3759141786167,237.3759141786167,90070400,217.15755340576172,229.34591674804688
2018-01-04,239.7146759033203,240.2001052621967,238.77034705953375,239.3528461298561,80636400,217.3399799346924,229.62468185424805
2018-01-05,241.31216430664062,241.43571003090116,240.01478606554477,240.50902283035427,83524000,217.5280027770996,229.92026697794597
2018-01-08,241.75347900390625,241.91233506929856,240.92386141723043,241.21509753711632,57319200,217.71931915283204,230.21735305786132
2018-01-09,242.30062866210938,242.92724544128825,241.8946273154796,242.17705600864397,57254000,217.91411010742186,230.52912012736002
2018-01-10,241.93002319335938,242.19481028704806,240.87095562028105,241.54169033639633,69574300,218.1080916595459,230.83017400105794
2018-01-11,243.69508361816406,243.69508361816406,242.31827736650422,242.48596772455488,62361500,218.3035075378418,231.15566940307616
2018-01-12,245.2837371826172,245.4514006152057,243.65978553530948,243.95988287922933,90816100,218.50591049194335,231.50500768025717
2018-01-16,244.4452667236328,247.19887915543404,243.74802930215662,246.54578636770452,106555100,218.7008602142334,231.8367126464844
2018-01-17,246.7752227783203,247.16355547811466,244.44525351343543,245.38077494460876,113258800,218.90985069274902,232.20622660319012
2018-01-18,246.36053466796875,247.08422139827772,245.86627082532857,246.6606051530025,100728000,219.118550491333,232.54951095581055
2018-01-19,247.48135375976562,247.48135375976562,246.36050002324106,246.94297227858362,140920100,219.3322023010254,232.9261100769043
2018-01-22,249.49356079101562,249.49356079101562,247.21651651959604,247.26949546594085,91322400,219.5589582824707,233.32966028849285
2018-01-23,250.0231475830078,250.31438369783498,249.21117170640608,249.5377181464472,97084700,219.7854930114746,233.76062342325847
2018-01-24,249.92599487304688,251.26751759145822,248.7433551155235,250.6673499329624,134816100,220.01258506774903,234.1851369222005
2018-01-25,250.031982421875,250.88807609859367,249.23767508759434,250.79100636095347,84587300,220.23959861755372,234.58083114624023
2018-01-26,252.92681884765625,252.97096349404998,250.61449048756148,250.87044324819584,107743100,220.4823035430908,235.03882115681967
2018-01-29,251.2498321533203,252.79432849159676,251.09097613694277,252.3530438235178,90118300,220.7211016845703,235.46300862630207
2018-01-30,248.67286682128906,251.30290749615958,248.19627160436875,249.41422219544737,131796400,220.95362312316894,235.8392702738444
2018-01-31,248.7962646484375,250.03185620401527,247.7195290927463,249.52881220437436,108364800,221.17780555725096,236.21612523396809
2018-02-01,248.51397705078125,249.8201899701318,247.71966966672517,248.06388479568778,90102500,221.40361991882324,236.57568969726563
2018-02-02,243.1037139892578,247.32239398422473,243.06840367729276,247.1899870478248,173174800,221.60425216674804,236.8392298380534
2018-02-05,232.93658447265625,243.4568257933746,232.3893956385142,241.33866417280788,294681800,221.74578872680664,236.935950978597
2018-02-06,237.52593994140625,238.0290110334515,228.32074628425286,229.41512387350136,355026800,221.91353271484374,237.10272267659505
2018-02-07,236.2373809814453,240.3766070007274,236.15792602763267,236.96990178783267,167376100,222.06361740112305,237.26177469889322
2018-02-08,227.3763885498047,236.67867878311245,227.341078227703,236.53746442858989,246449500,222.16339752197266,237.27431462605793
2018-02-09,230.7919464111328,232.65415530668193,223.2194977579772,230.174136928256,283565300,222.28090744018556,237.34026819864908
2018-02-12,234.18099975585938,235.65490274640032,230.93315029553423,232.84831112453494,143736000,222.41449310302735,237.47148590087892
2018-02-13,234.76351928710938,235.31070814294307,232.38940485088588,232.97190403306325,81223600,222.5532521057129,237.63129221598308
2018-02-14,237.93191528320312,238.29377202093067,233.26311494915726,233.2719492632603,120735700,222.70524436950683,237.81200052897137
2018-02-15,240.96795654296875,240.97679085706943,237.2082017443558,239.67941257683572,111200300,222.87202575683594,238.05443267822267
2018-02-16,241.03855895996094,242.98905707475228,240.297203763606,240.3413484018195,160420100,223.0404209136963,238.29160232543944
2018-02-20,239.5293731689453,241.53282330759552,238.73506595181618,240.08539630110135,86369700,223.200053024292,238.4788853963216
2018-02-21,238.3379364013672,242.4595487459165,238.24086666276057,239.97069573102092,98883700,223.3496413421631,238.6496775309245
2018-02-22,238.64683532714844,240.98563958494128,237.97610068752368,239.2646448747416,110511300,223.50094787597655,238.81683603922525
2018-02-23,242.45065307617188,242.45065307617188,239.39697023239063,239.87356529065386,92766400,223.67222984313966,239.0492950439453
2018-02-26,245.2660675048828,245.3631641590026,242.93609794650865,243.52740444984997,86491400,223.8557194519043,239.29004313151043
2018-02-27,242.20358276367188,246.16633881013317,242.14179642399318,245.45143261392968,99099200,224.02602699279785,239.48209025065105
2018-02-28,239.75003051757812,243.75690411099282,239.43231838445774,243.30678498851844,121907800,224.18580574035644,239.5995854695638
2018-03-01,236.26388549804688,241.0915421403742,234.7635064501868,239.53821107283775,176855100,224.32241485595702,239.6670270284017
2018-03-02,237.48182678222656,238.04668427985953,233.72209843242288,234.58699944157743,139083200,224.46607040405274,239.75945129394532
2018-03-05,240.2266082763672,240.8444177357112,236.1844246492231,236.29035561982212,97307400,224.64197021484375,239.9115254720052
2018-03-06,240.8355712890625,241.28569035630616,239.33519235417288,241.2062353988882,79213200,224.8167847442627,240.07301559448243
2018-03-07,240.74729919433594,241.10032159591879,238.47028181032627,238.66444817127925,87063500,224.984462890625,240.22088826497395
2018-03-08,241.91236877441406,242.03591453119245,240.42965808972906,241.42693926178777,66901200,225.1527057647705,240.36710433959962
2018-03-09,246.1221923828125,246.1221923828125,243.0067226159625,243.32446169351462,113625300,225.33969352722167,240.57177810668946
2018-03-12,245.81333923339844,247.04012422475856,245.42500635367966,246.4135071872598,71924800,225.52270210266113,240.7644251505534
2018-03-13,244.22462463378906,247.4813081303732,243.61564954523217,246.97823706871617,91968900,225.69276786804198,240.931032816569
2018-03-14,242.97145080566406,245.3720416959347,242.4154544661129,245.18670958275098,105895100,225.8567848968506,241.09270553588868
2018-03-15,242.70664978027344,244.12757396526632,242.2035786238685,243.48331536899235,83433000,226.02039108276367,241.21758880615235
2018-03-16,242.96974182128906,244.0242078062755,242.9165777415208,243.23556222013033,100343700,226.18557334899901,241.32199885050457
2018-03-19,239.6822967529297,243.1469671358696,238.02528636146974,242.21656861885523,109208400,226.32597129821778,241.3867680867513
2018-03-20,240.0900115966797,240.7280078824896,239.40769386330302,240.081141898814,59757300,226.46488632202147,241.46039250691732
2018-03-21,239.6291961669922,242.14572931049537,239.4165397734384,240.0456662988744,78709600,226.6022797393799,241.51824696858725
2018-03-22,233.63916015625,238.2468868330823,233.36444291252553,237.39623417673425,148785900,226.71311393737793,241.4772959391276
2018-03-23,228.6591796875,234.4100143765024,228.46423568038543,234.0821601467539,183534800,226.7970922088623,241.3580525716146
2018-03-26,234.91510009765625,235.19865996621851,229.86432176745862,232.2745265667229,141956100,226.9118282318115,241.3411626180013
2018-03-27,230.91880798339844,236.38605689177058,229.35925561348856,235.85441589453748,129941400,227.00819145202638,241.24957784016928
2018-03-28,230.2364501953125,232.72642796016544,229.128819907751,231.05167798533,146452300,227.10136016845703,241.1614761352539
2018-03-29,233.17832946777344,235.04802350892263,230.24532654488942,231.37953891046007,111601600,227.20406471252443,241.0943115234375
2018-04-02,228.14524841308594,233.16060140717715,225.6641539602487,232.6466458301435,186286300,227.2829517364502,240.9182556152344
2018-04-03,231.06939697265625,231.54790084231985,227.58701373854828,229.38580429555046,119956900,227.37850257873535,240.77416763305663
2018-04-04,233.54165649414062,234.2505291458164,227.37437789093514,227.50728813290456,123715300,227.4861831665039,240.64465916951497
2018-04-05,235.38475036621094,236.27085463283558,234.21508624424493,235.30497718546928,82652600,227.5942544555664,240.53851369222005
2018-04-06,230.1390380859375,234.91512678663153,228.61493742145734,233.4176352144998,179521200,227.68330574035645,240.33582051595053
2018-04-09,231.273193359375,234.67583020057145,230.33392508225194,231.60104758266746,105442900,227.77828971862792,240.1582066853841
2018-04-10,234.95050048828125,235.73914613001537,233.02766970371306,234.17072454105025,103529000,227.89214088439942,240.0124636332194
2018-04-11,233.71890258789062,235.3847831679727,233.39104829023276,233.46192474306693,91140200,227.99856689453125,239.81971638997396
2018-04-12,235.64169311523438,236.5898311382817,234.87078675618375,235.04801842018043,68890500,228.1139080810547,239.67299016316733
2018-04-13,234.95050048828125,237.06830230140872,233.9403558597331,236.95310443987438,85079200,228.23435615539552,239.47591145833334
2018-04-16,236.88221740722656,237.65315075520957,235.7657445341628,236.58981492759767,63405300,228.35502601623534,239.31793950398762
2018-04-17,239.41651916503906,240.01906358941528,238.14052683003248,238.65445541746945,64682000,228.49771682739257,239.18352559407552
2018-04-18,239.5937042236328,240.4000351701574,239.13291277790276,239.8595246409759,57303900,228.63932746887207,239.01852798461914
2018-04-19,238.2646026611328,239.14183728116942,237.2278487123787,238.93802355332676,77655900,228.7725015258789,238.82255223592122
2018-04-20,236.2442626953125,238.4152291228504,235.3581583643596,238.19370304011218,99953100,228.89312713623048,238.59452336629232
2018-04-23,236.20883178710938,237.37849596326296,235.12778345007484,236.82024592274615,65558000,229.02327445983886,238.36413752237956
2018-04-24,233.02769470214844,237.45821574875117,231.52130672960175,237.23668969642102,112885500,229.13070068359374,238.03248545328776
2018-04-25,233.60365295410156,234.04670505103178,231.14028437683976,232.9656568528519,103840900,229.23987098693848,237.7383824666341
2018-04-26,235.9783935546875,236.81133361737412,234.18847291027186,234.63152498439229,67731900,229.36170127868652,237.52680791219075
2018-04-27,236.199951171875,236.89111141824148,235.26068281249894,236.58983921256956,57053600,229.4766883087158,237.31686935424804
2018-04-30,234.38345336914062,237.3784901828329,234.31254988286898,236.82024015591008,82182300,229.58080162048338,237.08136062622071
2018-05-01,234.79994201660156,234.9062702126531,232.25679979949334,233.81635211960676,74203400,229.68201705932617,236.94296442667644
2018-05-02,233.22268676757812,235.42020835279004,232.83279867179667,234.60500745561788,86368900,229.77547729492187,236.94773279825847
2018-05-03,232.7086944580078,233.36440295147665,229.54529578665472,232.38970990715998,136311500,229.86579948425293,236.86744537353516
2018-05-04,235.7214813232422,236.40379901383028,231.4061572480976,231.73401154742743,91222100,229.965375289917,236.85884704589844
2018-05-07,236.5189666748047,237.49365975087818,235.80119732849968,236.49238462803464,55304900,230.0684578704834,237.01122334798177
2018-05-08,236.5189666748047,236.88224563341004,234.95054479010096,236.14679097826715,67499200,230.17250190734865,237.10667368570964
2018-05-09,238.80516052246094,239.13301485772064,236.6696454523691,237.19244385748092,59666100,230.2882388305664,237.18374303181966
2018-05-10,241.0381317138672,241.36601308763514,239.4431544612832,239.54948267255375,72063900,230.41251930236817,237.28831990559897
2018-05-11,241.7735137939453,242.039334212413,240.648144258345,241.16209978971804,59871500,230.54043319702149,237.35234654744465
2018-05-14,241.88882446289062,242.86351781299686,241.3394169389169,242.2078091138132,54790600,230.66992820739745,237.36769434611003
2018-05-15,240.2228546142578,240.67474936896718,239.2747166279243,240.65703701995548,87036100,230.7923603820801,237.35409927368164
2018-05-16,241.2331085205078,241.69390022089985,240.23180599221453,240.2584150904062,53942600,230.92045555114746,237.38249486287435
2018-05-17,241.02919006347656,242.11023817033077,240.24941411207328,240.96715628512592,56536400,231.045128326416,237.42734909057617
2018-05-18,240.42662048339844,241.0469041879746,240.07218424153427,240.6835982514945,64368000,231.16626403808593,237.45701217651367
2018-05-21,242.23434448242188,242.7748822035489,241.52547181137157,241.91535989297694,58025900,231.29853538513183,237.4534070332845
2018-05-22,241.5608367919922,243.01406056263576,241.2329825866464,242.75708279016786,52966400,231.42547332763672,237.39165318806965
2018-05-23,242.2254638671875,242.25207295686752,240.12540095605803,240.2849202853492,64694200,231.5537245941162,237.39201787312825
2018-05-24,241.7292938232422,242.10146960706064,239.93937249019515,241.82677937876537,76043800,231.68215995788574,237.4250055948893
2018-05-25,241.1532440185547,241.78237040641957,240.64815815255253,241.1532440185547,56374800,231.8077587890625,237.50649490356446
2018-05-29,238.3797607421875,240.28490655418898,237.2632877514973,239.52284282103713,115908600,231.9347371673584,237.5214604695638
2018-05-30,241.5608367919922,242.00388886229783,239.6202936024657,239.69117003534356,69678400,232.07604820251464,237.5436976114909
2018-05-31,240.0811004638672,241.45455130792251,239.47855603174983,241.15327909186382,93519900,232.1993881225586,237.53112309773763
2018-06-01,242.4381866455078,242.73945891811562,241.31281667002565,241.38372017049937,71258400,232.33464462280273,237.55930455525717
2018-06-04,243.59010314941406,243.8470810065992,243.02301037418204,243.2622488359854,45385200,232.4737819671631,237.5872667948405
2018-06-05,243.76730346679688,244.14832183379113,242.9520755952727,243.7229820258101,51135000,232.63062507629394,237.54801864624022
2018-06-06,245.80532836914062,245.91165655887366,243.75842959150788,244.37871342062695,62732200,232.79931831359863,237.54788513183593
2018-06-07,245.77874755859375,246.58510572380365,244.86606120311572,246.2927032005663,72969400,232.96704856872557,237.57378718058268
2018-06-08,246.5052947998047,246.5584588809673,245.14955664665754,245.3179185842559,72139700,233.12731491088869,237.63268458048503
2018-06-11,246.8332061767578,247.55094848051766,246.61168010666512,246.72687798979436,58892500,233.29306549072265,237.70146052042642
2018-06-12,247.15225219726562,247.51553120606124,246.50538624748145,247.24971070163508,72329000,233.46290130615233,237.77116902669272
2018-06-13,246.36370849609375,247.64857123125637,246.15989466364604,247.39159327586952,79070600,233.626304397583,237.88252588907878
2018-06-14,246.9838409423828,247.51548184521252,246.39013921188302,247.23194904428834,77097600,233.79276443481444,237.9974230448405
2018-06-15,246.66873168945312,247.00696761060067,245.08438487185177,246.1969887371106,120041600,233.95642532348631,238.1147486368815
2018-06-18,246.1614227294922,246.28604742347036,244.72840172785473,245.2090271278656,52917600,234.11248222351074,238.3234530131022
2018-06-19,245.2178955078125,245.44041628413538,243.46443070386098,243.88277084987524,97531500,234.25735557556152,238.59943161010742
2018-06-20,245.63636779785156,246.30393048594627,245.29813168977233,245.90338200781133,53785500,234.40279251098633,238.7781194051107
2018-06-21,244.09642028808594,245.64518360453644,243.59797584420312,245.62736455520744,71061400,234.54830604553223,238.99774627685548
2018-06-22,244.54147338867188,245.47607713720944,244.3189525670943,245.3603619638793,54898500,234.69237503051758,239.2361633300781
2018-06-25,241.2126007080078,243.54461486320736,239.52144768549735,243.3844063708325,137854200,234.81993072509766,239.3700678507487
2018-06-26,241.7466278076172,242.6011001631915,241.0256625133535,241.78223874502882,68547400,234.95142349243164,239.5967575073242
2018-06-27,239.74386596679688,243.76703142330211,239.59253990216837,242.33401080482415,105110700,235.0614126586914,239.7413319905599
2018-06-28,241.1146240234375,241.88008245119374,238.97840285266173,239.69048563064717,76650500,235.1745858001709,239.86754811604817
2018-06-29,241.46182250976562,243.5802253377367,241.34610732220912,242.2094893026043,97592500,235.28897087097167,239.96883265177408
2018-07-02,241.97804260253906,242.13827824698606,239.6460286091395,239.88636849421613,63554800,235.40628669738769,240.16614939371746
2018-07-03,241.12355041503906,242.97493881270262,240.69632783341322,242.87701552895638,42187100,235.51785888671876,240.33032201131184
2018-07-05,243.09059143066406,243.15290376914157,241.17691812722944,242.25393827571824,56925900,235.63693969726563,240.4659901936849
2018-07-06,245.14669799804688,245.52051768659842,242.73455325289694,243.11730962779737,66493700,235.76520332336426,240.65645345052084
2018-07-09,247.3540802001953,247.40748301144455,246.10796933241397,246.15246262072844,50550400,235.90410873413086,240.85165990193684
2018-07-10,248.24420166015625,248.34212493804236,247.51432690931017,247.80806957978464,51966800,236.0504062652588,241.07322158813477
2018-07-11,246.4283447265625,247.47866321845018,246.1257197926881,246.68647637961055,77054700,236.1874050140381,241.2323237101237
2018-07-12,248.6624755859375,248.7158783912129,247.08703850395975,247.69228840586544,60124700,236.33781372070314,241.38642298380535
2018-07-13,248.8583526611328,249.16097768229426,248.0305818241457,248.48453293747932,48216000,236.48854309082031,241.54083379109701
2018-07-16,248.6358642578125,249.0452949676426,248.19082261050565,248.9029055441085,48201000,236.63390113830567,241.71368815104168
2018-07-17,249.64166259765625,250.03330142013854,247.8080931847557,247.86149600935,52315500,236.78297134399415,241.93697814941407
2018-07-18,250.1668701171875,250.2736757926906,249.27678660373758,249.72182836046255,44593500,236.93080368041993,242.16961212158202
2018-07-19,249.2232208251953,249.8818735023029,248.74256843648618,249.49914436091203,61412100,237.0691323852539,242.43953755696614
2018-07-20,248.93850708007812,249.65059006448786,248.7782985947816,249.0186113227264,82337700,237.20366668701172,242.69511845906575
2018-07-23,249.40130615234375,249.60600788966346,248.3865983366173,248.73374379879164,47047600,237.33919792175294,242.9188336690267
2018-07-24,250.65635681152344,251.50194685139243,249.7840925211196,250.81659245704824,68026900,237.4744187927246,243.15977376302084
2018-07-25,252.79246520996094,253.1128820309598,250.3625289980166,250.4070222798745,78882900,237.6215934753418,243.4665906270345
2018-07-26,252.19615173339844,252.8815059673043,251.97363095007015,252.071554219589,57919500,237.76763038635255,243.75652745564778
2018-07-27,250.4872283935547,252.62342266051357,249.56153425137177,252.52549938275985,76768700,237.90218124389648,244.04426981608074
2018-07-30,249.17881774902344,250.72755391830702,248.65364472571542,250.56734545179876,63742500,238.0284337615967,244.318771870931
2018-07-31,250.4070587158203,251.0212182086083,249.5614960952543,249.94422529708459,68570500,238.16249603271484,244.56353149414062
2018-08-01,249.98880004882812,251.11922330317086,249.33905657891566,250.61186926759288,53853300,238.29310607910156,244.78802871704102
2018-08-02,251.35061645507812,251.51970727871367,248.47563784232165,248.6803667640471,63426400,238.4290323638916,245.03522288004558
2018-08-03,252.42759704589844,252.48099986401726,251.2971740149561,251.4752015174743,53935400,238.5695531463623,245.26226348876952
2018-08-06,253.35325622558594,253.66476356725832,252.0715344411289,252.46317316211187,39400900,238.71360458374022,245.46751556396484
2018-08-07,254.1899871826172,254.5727436611794,253.88736210791265,254.0208963388836,43196600,238.86153259277344,245.67445678710936
2018-08-08,254.0832061767578,254.48375458215202,253.62037257581434,254.02092098120858,42114600,239.00313125610353,245.8776964823405
2018-08-09,253.736083984375,254.5371536200314,253.6025769056306,254.14551474692118,35717000,239.1473846435547,246.10291697184246
2018-08-10,252.0360565185547,252.83712626578975,251.3239733940839,252.29418834887494,77076000,239.28116218566893,246.28296610514323
2018-08-13,251.092529296875,252.926098903899,250.79878656732095,252.31193919285616,65732900,239.41579803466797,246.45068842569987
2018-08-14,252.69461059570312,252.93495043990663,251.43070768535182,251.82234645950712,43842000,239.55699516296386,246.6551549275716
2018-08-15,250.80767822265625,251.4841502418511,249.3657475823198,251.3417336502739,102925400,239.6795819091797,246.79804382324218
2018-08-16,252.83700561523438,253.70929684026729,252.21393657404215,252.24954750407107,69967900,239.8165298461914,246.98597997029623
2018-08-17,253.72714233398438,254.17218398224622,252.22289938980444,252.63233010051312,65618500,239.95617263793946,247.17767461140951
2018-08-20,254.27015686035156,254.53717103611018,253.72719181871997,254.18114308070142,39807500,240.09703758239746,247.38668899536134
2018-08-21,254.86643981933594,255.7298216762292,254.30568301412265,254.78633558476056,67272000,240.24044494628907,247.6152422587077
2018-08-22,254.71510314941406,255.24024894041966,254.18993019522682,254.45697143411246,44993300,240.37931991577148,247.8874979654948
2018-08-23,254.3769073486328,255.4004976845823,254.05646324404464,254.53711581933393,49204900,240.51474792480468,248.1010991414388
2018-08-24,255.9077911376953,256.0502076879147,254.90199292645707,254.95539573739188,57487400,240.65862030029297,248.36487731933593
2018-08-27,257.9283752441406,258.03518090962405,256.9492780385584,257.10948653678355,57072400,240.81066398620607,248.62304712931316
2018-08-28,258.052978515625,258.4980201936117,257.5901177860782,258.3911873738167,46943500,240.96745758056642,248.86409505208334
2018-08-29,259.4414367675781,259.67283990707574,258.0262078708807,258.26652053376785,61485500,241.1315447998047,249.12533060709634
2018-08-30,258.39117431640625,259.33466045300537,257.7948337094247,258.96084067377245,61229500,241.2893270111084,249.33509470621746
2018-08-31,258.4000244140625,258.84506596720763,257.4921494243915,257.9816842675789,66140800,241.44978744506835,249.54544932047526
2018-09-04,257.95513916015625,258.31116718575936,256.94934029450934,257.98184058299654,57594400,241.61368743896483,249.73628005981445
2018-09-05,257.2607116699219,257.8036764738795,256.24603108300727,257.59894758662006,72452400,241.76454391479493,249.91007181803386
2018-09-06,256.486328125,257.670126598212,255.4538285548832,257.36750162884334,65909900,241.91486541748046,250.06563975016277
2018-09-07,255.9879913330078,256.96708850587663,255.19580406848993,255.436143970988,73524800,242.06076347351075,250.22604446411134
2018-09-10,256.43304443359375,257.2697250400433,256.23722499031425,257.0026837101944,50210900,242.20146675109862,250.38353118896484
2018-09-11,257.2785949707031,257.72363666908745,255.4361429834161,255.7832613832973,50530500,242.34740768432619,250.56036224365235
2018-09-12,257.3409118652344,257.9461620665437,256.548751753001,257.28750903354177,59810800,242.49102561950684,250.74668706258137
2018-09-13,258.8628845214844,259.04982155055575,258.12412741894815,258.408960561471,51034200,242.6428244781494,250.97410354614257
2018-09-14,258.9074401855469,259.2545585551112,258.1241625186905,259.06764866380735,55079900,242.78325576782225,251.1952880859375
2018-09-17,257.53656005859375,258.8894761671941,257.26063655725534,258.85389241185317,68244000,242.91753479003907,251.41929041544597
2018-09-18,258.9340515136719,259.53039191856624,257.72352449608434,257.75022589983814,61930400,243.04870346069336,251.6591667175293
2018-09-19,259.2100830078125,259.6284232829363,258.86293745128484,258.98756216281447,49080600,243.18366691589355,251.95912475585936
2018-09-20,261.31060791015625,261.63105197966127,259.22781652951414,260.4739547114766,100360600,243.33053810119628,252.2851910909017
2018-09-21,261.0719299316406,262.1716982551371,260.9109962119537,262.05545925109055,105479700,243.48038696289063,252.6406588236491
2018-09-24,260.2046203613281,260.6338042015519,259.6234526702526,260.4907429214773,53409600,243.62567924499513,252.9588254292806
2018-09-25,259.9631652832031,260.7678609394908,259.7217647721598,260.66057182347157,44370000,243.7661203765869,253.2671811421712
2018-09-26,259.1852722167969,261.29536410126354,258.7650383535492,260.106206774194,79739700,243.89634971618653,253.55396830240886
2018-09-27,259.9095764160156,261.0003948061798,259.38205329179306,259.6592259962803,59249500,244.02668876647948,253.86706873575847
2018-09-28,259.9364318847656,260.43713278815665,259.2479749641412,259.28371982427427,70091400,244.1550983428955,254.14783274332683
2018-10-01,260.83941650390625,261.91233499670744,260.16883221360126,261.17915629063265,62078900,244.28815460205078,254.4093780517578
2018-10-02,260.6874084472656,261.40268745084893,260.3118965205351,260.6874084472656,47258200,244.42523620605468,254.631600189209
2018-10-03,260.8304748535156,262.1626936205967,260.4728353446648,261.742459694007,64694600,244.5533203125,254.84137140909831
2018-10-04,258.7918395996094,260.40123065913826,257.20032096122577,260.3475861095633,111545900,244.66375381469726,255.04742965698242
2018-10-05,257.3434753417969,259.5340346720849,255.9128898342961,259.0154614097672,105951700,244.77149047851563,255.19211298624674
2018-10-08,257.3434753417969,257.7011148971348,255.2691277202282,256.6549912294686,87742200,244.879845123291,255.33353169759116
2018-10-09,256.9680480957031,258.27344532053036,256.40475258956127,256.9591255210806,74339000,244.98389572143554,255.47240142822267
2018-10-10,248.83155822753906,256.52988290973735,248.4560461666443,256.4583386121305,214731000,245.0475724029541,255.4588996887207
2018-10-11,243.35060119628906,249.36796061249984,241.7322325341016,247.74066938025734,274840500,245.08525650024413,255.34529520670574
2018-10-12,246.7304229736328,247.74969731444764,243.52948406529427,247.4635746872817,183186500,245.13926612854004,255.30374857584636
2018-10-15,245.344482421875,247.70495269124174,245.25506570812928,246.37270641457565,102263700,245.18391906738282,255.2438481648763
2018-10-16,250.70916748046875,251.08470677822203,246.837671929955,247.3115505163156,118255800,245.25985214233398,255.2656458536784
2018-10-17,250.75384521484375,251.3797075524099,248.1698471607165,250.744895358859,110626000,245.3275803375244,255.26727066040038
2018-10-18,247.1326446533203,250.41404893818753,245.8540705592375,249.81498166609762,134557500,245.36970054626465,255.1729403177897
2018-10-19,246.99859619140625,249.7256286014124,246.30118948184122,247.78541961474116,139901600,245.40612014770508,255.08631439208983
2018-10-22,245.889892578125,247.99103516882502,245.3534196095032,247.66916775934115,82415800,245.4290087890625,255.00969212849935
2018-10-23,244.63819885253906,245.76478975236694,240.16763469278806,242.25988273137074,146352700,245.44343238830567,254.93401514689128
2018-10-24,237.22592163085938,244.77223288692176,236.6715762779976,244.38774379619645,177806700,245.4180588531494,254.7143295288086
2018-10-25,241.48194885253906,243.028773664762,238.03963674594348,239.0678609058157,138061500,245.4158184814453,254.57254867553712
2018-10-26,237.23484802246094,242.3044776982892,234.51676577843952,237.76239838793074,201574600,245.3835173034668,254.33728586832683
2018-10-29,235.92050170898438,241.63389345263403,232.33512928208398,240.33741946507135,160749100,245.33670112609863,254.0621676127116
2018-10-30,239.41651916503906,239.72946402976754,235.25890106550617,235.75067936326548,157116000,245.31155738830566,253.82988866170248
2018-10-31,241.97369384765625,244.29839203168262,241.51768769660106,241.99156627638658,128296300,245.28754974365233,253.62628377278645
2018-11-01,244.5487823486328,244.74548824135047,241.7502051283951,242.84102375416478,99495000,245.27849098205567,253.46737670898438
2018-11-02,243.10023498535156,246.0865671448511,241.04376008138152,245.65738336727543,122634100,245.2565853881836,253.29011255900065
2018-11-05,244.44140625,244.99575158155255,242.61740928316135,243.5919885412369,65622500,245.2313246154785,253.16353505452474
2018-11-06,245.9882049560547,246.14913864319658,244.3162190941852,244.3788135123445,60085900,245.21114990234375,253.07846298217774
2018-11-07,251.25454711914062,251.3350139649229,247.74066446976883,248.16984826675412,102752100,245.21779266357422,253.05446192423503
2018-11-08,250.7985382080078,251.44230025314266,249.6540753817843,250.4498212607428,65584900,245.2216254425049,253.05430959065754
2018-11-09,248.34872436523438,249.67199354933925,246.9360111777994,249.48423754356918,98812600,245.19873497009277,252.97950490315756
2018-11-12,243.70828247070312,248.08047897735392,243.1896818727975,247.8390783938713,99673600,245.1610272216797,252.8125239054362
2018-11-13,243.25225830078125,246.175996517838,242.52802931778416,244.17319313632996,98176600,245.13392417907716,252.6288922627767
2018-11-14,241.58920288085938,245.5322149037344,240.02450604169874,245.1298806596387,125335900,245.09788887023925,252.40760498046876
2018-11-15,244.1105499267578,244.57550582322787,238.7369531267973,240.31952220187745,135101400,245.07587173461914,252.23086242675782
2018-11-16,244.745361328125,245.65734601991065,242.49218094608602,243.01078134258177,126668000,245.08407997131349,252.07033665974936
2018-11-19,240.60574340820312,244.4325448378649,239.68480837891542,244.1374723538876,103061700,245.1224257659912,251.81530253092447
2018-11-20,236.15292358398438,238.7279712349983,235.28563360827678,237.26161404467183,136021300,245.1155606842041,251.45237833658854
2018-11-21,236.95770263671875,238.86216676983818,236.94878006563258,237.708753918513,75563700,245.11916229248047,251.10079040527344
2018-11-23,235.3750762939453,236.7788392330528,235.21414261951278,235.31248188072928,42807900,245.15915573120117,250.69968439737957
2018-11-26,239.17510986328125,239.39863800334038,237.24382345883228,237.63723516822836,79981400,245.20107154846193,250.37941665649413
2018-11-27,239.97976684570312,239.97976684570312,237.52990755897596,238.1378974527973,75502400,245.23006538391112,250.07241236368816
2018-11-28,245.50540161132812,245.50540161132812,239.91719840968304,241.0527387633923,127629600,245.28377479553222,249.86491673787435
2018-11-29,244.96897888183594,246.37271492011982,243.58308798630722,244.72755101777267,82346400,245.31896011352538,249.6600545247396
2018-11-30,246.46209716796875,247.02539239046868,244.49506610350457,244.81693349570614,98204200,245.34643081665038,249.49298400878905
2018-12-03,249.72555541992188,250.70908441086965,248.12511404289177,250.60179530024664,103176300,245.38986579895018,249.38861007690429
2018-12-04,241.63381958007812,249.32318987870704,241.3208748560492,248.89400620408404,177986000,245.40038803100586,249.1419563293457
2018-12-06,241.2672882080078,241.38352718649747,234.6508618650243,237.76238285894735,204185400,245.41503479003907,248.8751012166341
2018-12-07,235.6613006591797,242.50125764056205,234.82083250343803,240.92761049174274,161018900,245.40010711669922,248.51377436319987
2018-12-10,236.1082763671875,237.08285564331834,231.23535270038732,235.48238675059346,151445900,245.3683952331543,248.1345308939616
2018-12-11,236.16197204589844,239.50594453238014,234.68669167163603,239.31818852122177,121504400,245.32287475585937,247.75543975830078
2018-12-12,237.35113525390625,240.51630165936032,237.2706683901429,239.14831040307845,97976700,245.29861251831053,247.41901601155598
2018-12-13,237.27059936523438,239.1661132566384,236.1529588834023,238.29882315129095,96662700,245.28621536254883,247.0579584757487
2018-12-14,232.88951110839844,236.07254979647172,232.33516565957632,235.1158427612974,116961100,245.2693434906006,246.61928227742513
2018-12-17,228.32058715820312,233.05043666582344,226.68435951265047,231.9327959497144,165492300,245.22353729248047,246.0694485982259
2018-12-18,228.07020568847656,230.63631770070154,226.46080054770746,229.96573336230384,134515100,245.16275527954102,245.51941986083983
2018-12-19,224.65467834472656,231.93275278788266,222.94693401705405,228.1506611284641,214992800,245.08185081481935,244.92692082722982
2018-12-20,220.99777221679688,224.97656988325505,218.74460502694234,223.40293688569892,252053400,244.98310317993165,244.2774976094564
2018-12-21,216.46961975097656,224.57262520442833,215.82209838644843,221.90160300643558,255345600,244.85588943481446,243.56557006835936
2018-12-24,210.74990844726562,216.59557895300392,210.6869622084167,214.97677514532705,147311600,244.6790280151367,242.7462422688802
2018-12-26,221.39801025390625,221.39801025390625,210.22828499689444,212.21581893001292,218485400,244.55695137023926,242.10393524169922
2018-12-27,223.09771728515625,223.29555807400124,214.90478673882257,218.1513819409376,186267300,244.4513168334961,241.47490692138672
2018-12-28,222.80990600585938,226.092468254084,221.64076954664853,224.45568818938247,153100200,244.35050910949707,240.84361521402994
2018-12-31,224.7615203857422,225.0043443743529,222.55815513661517,224.4377596418432,144299400,244.26078346252442,240.2424659729004
2019-01-02,224.995361328125,225.92168792280407,221.19118255685348,221.21816147757016,126925200,244.17091156005858,239.6791913350423
2019-01-03,219.6263427734375,223.5474392159081,219.14069477160703,223.2416552536366,144140700,244.07063179016114,239.050572458903
2019-01-04,226.9828643798828,227.63038583409028,222.28834069825123,222.66605925941474,142628800,244.00509605407714,238.54456227620443
2019-01-07,228.7725372314453,230.18448416653186,226.3533271053869,227.25266090851673,103139100,243.9508127593994,238.07463709513345
2019-01-08,230.92190551757812,231.407553402941,228.43076103547978,230.9668886701133,102512600,243.93722648620604,237.7761428833008
2019-01-09,232.0011749267578,232.84655101625782,230.40036162982037,231.63244472214666,95006600,243.95393646240234,237.58698577880858
2019-01-10,232.81951904296875,233.07133138806674,229.77976666218711,230.463269075519,96823900,243.9434585571289,237.3551373799642
2019-01-11,232.90948486328125,232.93646378032568,231.155772918923,231.74033441854561,73858100,243.95341194152832,237.14788742065429
2019-01-14,231.4884796142578,232.2978744227249,230.5981480694925,231.0028317509834,70908200,243.95967208862305,236.82754262288412
2019-01-15,234.1415557861328,234.45632809913675,231.85724029361995,231.8662424140023,85208300,243.96448822021483,236.5506711324056
2019-01-16,234.70811462402344,235.5984461882233,234.36636343298102,234.573192615096,77636700,243.99730255126954,236.3435956319173
2019-01-17,236.48880004882812,237.352180227226,233.790798743684,233.8357818993962,96118400,244.0243995666504,236.16843236287434
2019-01-18,239.63653564453125,240.10420690075156,236.5248476153947,238.30553885804892,127900300,244.05487396240235,236.06420974731446
2019-01-22,236.39886474609375,238.37741004455046,234.78007491680293,238.16157871944208,115531200,244.05994453430176,235.92688751220703
2019-01-23,236.8935089111328,238.13459389066648,234.4203410722178,237.43311465599373,86030300,244.09371688842774,235.92134730021158
2019-01-24,237.01943969726562,237.60402869194115,235.697417759025,236.71366946300836,59204100,244.12244812011718,235.8469721476237
2019-01-25,239.02490234375,239.85230139834084,237.11831934961072,238.87200354343403,96883400,244.14282012939452,235.87680638631184
2019-01-28,237.2082977294922,237.27123023847457,235.43660900191273,236.87554860655177,85613700,244.16026710510255,235.8982696533203
2019-01-29,236.8935089111328,237.91873512542915,236.05713510161692,237.35217791108784,66136300,244.16652618408204,235.85621948242186
2019-01-30,240.6437225341797,241.4890984891939,237.64895310091936,238.41339230860103,92473700,244.19499229431153,235.83405329386395
2019-01-31,242.7571258544922,243.24277371082195,240.36489504910813,240.5807537883019,104012100,244.22436683654786,235.80419235229493
2019-02-01,242.87411499023438,243.89936882759727,242.0826967534265,242.95505174915888,85782500,244.24165481567383,235.80042368570963
2019-02-04,244.58285522460938,244.64581518850864,242.24458144765825,242.91908191530794,60744800,244.26660057067872,235.8027811686198
2019-02-05,245.6080322265625,245.91380238272245,244.51084404481884,245.01446870737473,79552800,244.30331771850587,235.79644495646158
2019-02-06,245.2843017578125,245.823907548752,244.54686887053546,245.32928491692698,58347800,244.34851791381837,235.69694086710612
2019-02-07,242.946044921875,244.21408142270855,241.28227190951557,243.66550098076533,95482000,244.38220397949217,235.5660659790039
2019-02-08,243.24282836914062,243.3417419191554,240.86857382289284,241.6959730438404,75788900,244.43327964782713,235.48096771240233
2019-02-11,243.37767028808594,244.16008617975504,242.84706672299407,243.89929917952213,68021400,244.48214973449706,235.47545750935873
2019-02-12,246.50746154785156,246.88516646857673,244.9246248825368,244.9965869739582,72270200,244.5347950744629,235.5297108968099
2019-02-13,247.30783081054688,248.15320690784648,246.92112380415273,247.34381185280256,65277200,244.59033447265625,235.6250213623047
2019-02-14,246.75921630859375,247.89238569693745,245.4012134667209,246.21961053102578,83234400,244.6522132873535,235.66916580200194
2019-02-15,249.44810485839844,249.48408587972227,248.33294020665923,248.53976932694636,97088700,244.7254541015625,235.74754486083984
2019-02-19,249.8798370361328,250.5363329748187,248.63875232261373,248.6477544408365,59120800,244.80873985290526,235.902113087972
2019-02-20,250.383544921875,250.8422139760838,249.34031434387538,249.8439391131867,76610800,244.8971141052246,236.1392901102702
2019-02-21,249.4931640625,250.10470438406435,248.53087042841463,249.7449763975845,64214700,244.9659725189209,236.34821446736655
2019-02-22,251.04002380371094,251.23785087131415,249.4751644927325,250.1136837390961,78114600,245.03857780456542,236.60929692586262
2019-02-25,251.3817138671875,252.9915286695105,251.30077713797343,252.46992726608116,69030700,245.11289154052736,236.81274032592773
2019-02-26,251.20188903808594,252.08321847570366,250.82415681804568,251.0310134439589,56844100,245.17487518310546,236.9997756958008
2019-02-27,251.0940399169922,251.44476587200535,249.54718448616842,250.48247199653218,56921600,245.2251547241211,237.09291966756186
2019-02-28,250.62637329101562,251.31887798296515,250.3026262497095,250.8781856938627,69268300,245.26941902160644,237.1872095743815
2019-03-01,252.19122314453125,252.60490905187496,250.75228342210553,252.20919994207057,78880500,245.32093101501465,237.2826950073242
2019-03-04,251.27377319335938,253.49512802541506,248.97148164015354,253.2523178619645,106494600,245.37618560791014,237.30849863688152
2019-03-05,250.93203735351562,251.59756284374268,250.38345706160013,251.3997083648344,59114600,245.4246802520752,237.46346893310547
2019-03-06,249.41221618652344,251.05801231437275,249.08846921116887,251.04901019433916,75039800,245.46659538269043,237.5992177327474
2019-03-07,247.32579040527344,249.10645371581236,246.48041446058755,248.96255701826064,94885100,245.5010912322998,237.7936258951823
2019-03-08,246.83111572265625,247.001991318599,244.9964947643539,245.46413840060012,85795800,245.52407508850098,237.97233988444012
2019-03-11,250.41050720214844,250.5723807003522,247.52365336888923,247.55063228525654,65098900,245.56832344055175,238.2098154703776
2019-03-12,251.35476684570312,251.87639576079215,250.7792075497791,250.9680599419041,79667500,245.61396995544433,238.44320933024088
2019-03-13,253.0186004638672,253.95391542061637,252.08328550711798,252.24518647046384,80639200,245.67041648864745,238.7056760152181
2019-03-14,252.85665893554688,253.4681992466123,252.4159942180858,253.0455113222465,67518400,245.72893356323243,239.03846181233723
2019-03-15,254.10589599609375,254.91885592443595,253.22065703577186,253.41036881993827,81309000,245.80756423950194,239.4682169596354
2019-03-18,255.0272979736328,255.3254007990882,254.09690510679866,254.3227288858009,62199800,245.87489654541017,239.9175018310547
2019-03-19,255.09051513671875,256.86096570593054,254.19626186361276,256.0931869709568,90268100,245.94994361877443,240.42476577758788
2019-03-20,254.32276916503906,256.084205946782,253.21173363886658,254.87379360759218,84609200,246.00936653137208,240.9801823933919
2019-03-21,257.1952819824219,257.6017483296289,253.45562618980728,253.50080749486474,79550400,246.0773924255371,241.6589434305827
2019-03-22,252.24510192871094,256.3550827151453,252.18186466950482,255.83118380005695,122659300,246.11978141784667,242.35052998860678
2019-03-25,252.05552673339844,253.09431080895118,250.7909188341871,251.9019544041013,85575200,246.15103240966798,242.86148859659832
2019-03-26,253.93429565429688,254.89178618542957,252.52515760597416,253.8168628892072,68125900,246.1918101501465,243.37543156941732
2019-03-27,252.60647583007812,254.51244287560738,251.05280711465497,253.92527899209728,72224700,246.22231605529785,243.87204106648764
2019-03-28,253.56396484375,254.0156124027296,252.0825751848141,253.23879183314673,56238500,246.25596984863282,244.35208180745443
2019-03-29,255.16282653808594,255.48799956359053,253.95241433251786,255.0815332817098,82186800,246.2960227203369,244.8548728942871
2019-04-01,258.1888732910156,258.4869761654388,256.8971676788719,257.16817279801876,77617900,246.35514854431153,245.49758173624676
2019-04-02,258.3153076171875,258.5501731705819,257.5204034977414,258.37854489177516,40070400,246.41180587768554,246.01978912353516
2019-04-03,258.7218322753906,259.93224457735374,258.11661234121766,259.53479247027536,68243200,246.47207138061523,246.51894404093426
2019-04-04,259.4082336425781,259.66115512252776,258.3513940024355,259.0469211807035,48997500,246.53830543518066,246.99371617635092
2019-04-05,260.66387939453125,260.71807489642094,259.7876820254754,260.0767430798067,58621700,246.61553535461425,247.47142791748047
2019-04-08,260.86260986328125,260.9710008689054,259.5799186418429,260.2393340145627,53566300,246.6916665649414,247.93881276448568
2019-04-09,259.5257263183594,260.22125365722127,258.9747295108935,259.8960806363654,66142300,246.76881309509278,248.38241678873698
2019-04-10,260.41094970703125,260.50128472947773,259.52571059326135,259.94121861686097,52601500,246.84816047668457,248.86445795694988
2019-04-11,260.338623046875,260.90770326118735,259.76954283256265,260.89866149068285,55093100,246.9437905883789,249.30107574462892
2019-04-12,262.10009765625,262.3801169192606,260.3838425572366,261.9555671388288,69727800,247.04555793762208,249.75760879516602
2019-04-15,261.9285583496094,262.2718149992693,261.1246122421021,262.17243817450026,49596700,247.15648139953612,250.1816047668457
2019-04-16,262.10009765625,262.86790396976,261.5039196092791,262.81370847152425,52153200,247.2614087677002,250.555997467041
2019-04-17,261.458740234375,263.2472466334618,261.0432047001605,263.2201488870022,58268300,247.36139335632325,250.97366205851236
2019-04-18,261.9736633300781,262.24466842923476,260.74519509298955,262.0459423830726,68708500,247.46137145996093,251.39166463216145
2019-04-22,262.1994323730469,262.35300465380254,261.1154949019298,261.2058299161169,40160100,247.566750869751,251.81133117675782
2019-04-23,264.5570373535156,264.7919028688459,262.33493942801596,262.56977737697116,52246600,247.67408309936525,252.23686676025392
2019-04-24,263.96990966796875,264.80996740806626,263.8253791589666,264.4757526662883,50392900,247.76819915771483,252.6828936258952
2019-04-25,263.8073425292969,264.4667579251877,262.6150138591549,263.8705798069263,57770900,247.85046546936036,253.13145751953124
2019-04-26,265.03582763671875,265.1080791179759,263.07566507367034,263.8525132206779,50916400,247.93442359924316,253.53799260457356
2019-04-29,265.45135498046875,265.9752816316039,265.03584690867245,265.12618194159734,57197700,248.0295386505127,253.91622975667318
2019-04-30,265.5868835449219,265.8759446670446,263.6899854011578,265.1081381216999,81111700,248.1141606903076,254.2947758992513
2019-05-01,263.5905456542969,266.42690555104076,263.58150388189347,266.2191377504172,71671900,248.18782165527344,254.6115707397461
2019-05-02,263.021484375,264.394510693582,261.52201106550615,263.4731319658217,65030200,248.2597497558594,254.90179494222005
2019-05-03,265.5958557128906,265.87587498706483,263.12985017934074,264.5028763663921,56543700,248.33952072143555,255.24032084147134
2019-05-06,264.5029296875,264.9455355520882,260.96200007164197,261.27815893194105,107198100,248.41120101928712,255.59960225423177
2019-05-07,260.0857238769531,262.68721789900485,258.1707428791583,262.09103988842,144729900,248.4655135345459,255.88031717936198
2019-05-08,259.7245178222656,261.4407735198439,259.12833956737035,259.7245178222656,91568300,248.51944358825685,256.15276463826496
2019-05-09,258.9386291503906,259.54382155286663,255.90354266478394,257.64692351154486,103471100,248.56713020324707,256.359950764974
2019-05-10,260.23931884765625,260.99808340918366,255.00019082799795,257.9991371185908,112429300,248.61504501342773,256.57547556559246
2019-05-13,253.69943237304688,256.0751027451459,252.85937459955716,255.108598000238,127290500,248.61957984924317,256.69114583333334
2019-05-14,255.99383544921875,257.52944820349205,254.59373901814234,254.72018600237837,77003200,248.63856826782228,256.80024134318035
2019-05-15,257.4932861328125,258.1346179031768,254.15108340328302,254.3588511897965,73956400,248.67359855651856,256.92713216145836
2019-05-16,259.8780517578125,261.24200882603384,258.1256567856661,258.1979082757085,76749600,248.7270947265625,257.0853739420573
2019-05-17,258.1978759765625,260.69097935008955,257.54750238200677,257.5655859270425,100353000,248.76604881286622,257.23045247395834
2019-05-20,256.49072265625,258.3063275433515,255.74097208735114,256.5900719117214,62877600,248.7985584259033,257.321297454834
2019-05-21,258.8031005859375,259.18246910932857,257.93591739971197,258.1888389374327,46847100,248.83582084655762,257.4449872334798
2019-05-22,258.0082092285156,258.9656999234851,257.5294638810309,257.8456227104374,49482500,248.8637239074707,257.5584259033203
2019-05-23,254.85568237304688,255.82218714026155,253.43750250783694,255.77703341365086,98733800,248.871236038208,257.62111994425453
2019-05-24,255.43382263183594,256.71651398058947,254.81054672125342,256.30097832927936,55268100,248.8774552154541,257.7012440999349
2019-05-28,253.05812072753906,256.671301184306,253.04006474915175,255.7138105685731,70029400,248.87232978820802,257.71569239298503
2019-05-29,251.35995483398438,252.34454333104983,249.95081647429592,251.93807701559138,104972900,248.86044914245605,257.7171287536621
2019-05-30,252.04641723632812,252.9587540600144,250.944396170323,252.1186687112762,62523800,248.8605009460449,257.735701751709
2019-05-31,248.6500244140625,250.32112580965443,248.62292666457193,249.4901097810255,86862800,248.84828842163085,257.7229985555013
2019-06-03,248.0177459716797,249.80625265423026,246.68085927957648,248.6861755345417,96428000,248.82490409851073,257.73453114827475
2019-06-04,253.40142822265625,253.5369170037464,249.86954030818822,250.3211879560785,77231900,248.83787284851076,257.84403635660806
2019-06-05,255.59645080566406,255.62354856417528,253.21176535751633,255.02737031054156,71169700,248.8516700744629,257.93046875
2019-06-06,257.2584533691406,257.93592474658715,255.2441227826834,255.8944964076873,69430400,248.86932662963866,258.02886352539065
2019-06-07,259.8327941894531,260.91675918660377,258.1074974782821,258.2791257289372,74272200,248.89713981628418,258.14243342081704
2019-06-10,261.02520751953125,262.6963091046184,260.93487248885987,261.3865200758358,60799100,248.92793365478516,258.2785758972168
2019-06-11,260.9619140625,263.22015151123463,260.3115405746094,262.84979726167717,58641300,248.9591677093506,258.39284286499026
2019-06-12,260.50128173828125,261.2871440484228,259.9863969259891,260.7271055086152,47096300,248.98978958129882,258.48407592773435
2019-06-13,261.57623291015625,261.93757307230334,260.7090771670483,261.41364637702054,48945200,249.01813179016114,258.59217122395836
2019-06-14,261.2872009277344,261.8923933268012,260.5193944281804,261.2872009277344,52324700,249.0349259185791,258.70824508666993
2019-06-17,261.386474609375,262.15428088695546,261.2148463508673,261.5219633486242,39205700,249.05159339904785,258.77809829711913
2019-06-18,264.12347412109375,265.1803414868671,262.84982475880395,263.21116484150195,85434800,249.07500358581544,258.9760711669922
2019-06-19,264.71966552734375,265.25260633990735,263.2834295952393,264.2589761951365,78674400,249.1066460418701,259.1871401468913
2019-06-20,267.2488098144531,267.65530353677303,264.78283243591983,267.4114238432043,116570000,249.15088996887206,259.40904871622723
2019-06-21,266.8603820800781,268.2400584370373,266.64254573436114,266.97838600082514,83309500,249.19541618347168,259.6466138203939
2019-06-24,266.53369140625,267.3868931981655,266.37937215743466,267.06922435138495,47582700,249.24178108215332,259.8627759297689
2019-06-25,263.9195556640625,266.61539201075107,263.81063746023005,266.58816245979295,82028700,249.27894721984865,260.0087214152018
2019-06-26,263.6562805175781,265.32642403868346,263.54736232931435,264.8181206931494,51584900,249.31728866577149,260.09984486897787
2019-06-27,264.5912170410156,265.099520422039,264.037540311866,264.4187539974052,40355200,249.3580795288086,260.204443359375
2019-06-28,265.9527893066406,266.45200701184416,265.05418635708986,265.5715478641416,59350900,249.4014505004883,260.32495930989586
2019-07-01,268.36712646484375,269.5108225885334,267.1598855119605,269.2929585599338,78705600,249.45658157348632,260.47427419026695
2019-07-02,269.06610107421875,269.12056016932945,267.4776461657612,268.32178984043225,61504500,249.50759765625,260.6143112182617
2019-07-03,271.2172546386719,271.2354261330715,269.60157056268866,269.7468040156415,40898900,249.56914672851562,260.7868886311849
2019-07-05,270.90863037109375,271.0720353102625,268.6848107539713,269.98279831789205,51677300,249.63600708007812,260.97660369873046
2019-07-08,269.4200744628906,270.72714796001725,268.87545588901264,269.5925374729595,45841800,249.68843719482422,261.1267557779948
2019-07-09,269.7558898925781,270.0554148453789,268.20375064534943,268.25820972767684,41101300,249.74116622924805,261.2837102254232
2019-07-10,271.0448303222656,271.99791979943893,270.29146110929497,270.82699396197586,58448500,249.78983734130858,261.4327891031901
2019-07-11,271.6801452636719,271.9252110985998,270.6726246863012,271.68923100955817,50826100,249.84287841796876,261.59531555175784
2019-07-12,272.896484375,272.96911495192194,271.86173410767776,272.1703448084738,40326000,249.9063377380371,261.77525533040364
2019-07-15,272.98724365234375,273.33216962252965,272.47894044378995,273.33216962252965,33900000,249.97145812988282,261.96739705403644
2019-07-16,272.10687255859375,273.1053355042266,271.7982617754811,272.8965571654491,36650100,250.0360661315918,262.1362838745117
2019-07-17,270.255126953125,272.242966703385,270.255126953125,272.0795894445706,36036300,250.08779388427735,262.2705454508463
2019-07-18,271.2445983886719,271.62583982575273,269.31124475203325,269.75600334491054,51392600,250.14433471679686,262.3820048014323
2019-07-19,269.73779296875,272.370083973612,269.5653299445961,272.3428544277168,58678600,250.1888265991211,262.47813618977864
2019-07-22,270.400390625,270.94500924900836,269.6197918342693,270.1371532116461,43638100,250.23739151000976,262.58802032470703
2019-07-23,272.3337097167969,272.3337097167969,270.6907961690993,271.52588156317177,44564500,250.29490768432618,262.70965169270835
2019-07-24,273.6136169433594,273.6136169433594,271.4805434806,271.57131786846395,47213200,250.3690165710449,262.84568939208987
2019-07-25,272.30657958984375,273.2142681884766,271.4987234408408,273.1598090885952,55394100,250.44383209228516,262.9576843261719
2019-07-26,274.1310729980469,274.33076561995375,272.86937240953034,272.99646212368054,45084100,250.5277700805664,263.13335978190105
2019-07-29,273.6318359375,274.1310813577222,273.078159110146,274.01307739111587,38126500,250.6110890197754,263.31019897460936
2019-07-30,272.9600524902344,273.36852334403153,271.8435858035198,272.2248271137605,45849000,250.73173149108888,263.4329355875651
2019-07-31,269.9737854003906,273.3957887926122,267.94965776248415,273.2051542622302,104245200,250.86484741210938,263.5241165161133
2019-08-01,267.6228942871094,273.0962552486723,266.8241239145336,270.1281236010141,142646600,250.96930976867677,263.64973602294924
2019-08-02,265.6078186035156,266.9693514261299,264.04659319223305,266.72428549022356,116749700,251.07062644958495,263.74779103597007
2019-08-05,257.6200866699219,261.6048236972155,255.71393579812286,261.4959055389037,178745400,251.10518104553222,263.72581532796227
2019-08-06,261.2327575683594,261.450621659971,258.03770379610796,259.51724058710084,120711700,251.1575756072998,263.74237263997395
2019-08-07,261.386962890625,262.15850337364276,256.0043787015929,258.1465094822172,140572300,251.22884719848633,263.87049814860023
2019-08-08,266.5155029296875,266.5155029296875,262.33107208403,262.88474879356926,87713900,251.32643173217772,264.04585927327474
2019-08-09,264.70013427734375,266.17058531714935,262.911986700436,265.5715075415884,93730000,251.42048294067382,264.16597340901694
2019-08-12,261.477783203125,264.69097993879154,260.5246938387905,263.19329973820805,65527600,251.50468086242677,264.19263559977213
2019-08-13,265.54425048828125,266.996557578567,260.83334511879997,261.1782711690439,94299800,251.64627250671387,264.31507517496743
2019-08-14,257.69281005859375,262.08601993460064,257.5657480479552,261.47788403280015,135622100,251.72732681274414,264.3351099650065
2019-08-15,258.3735046386719,259.2721350157383,256.3221476344596,258.5822829485868,99556600,251.8330200958252,264.3279500325521
2019-08-16,262.18585205078125,262.62152484118394,258.428008030815,260.03463454679644,83018300,251.9643468475342,264.39757741292317
2019-08-19,265.3445739746094,266.0253403674603,264.5367455926631,265.217511985514,53571800,252.09398712158202,264.57239227294923
2019-08-20,263.3113098144531,265.37175239434185,263.18424784983824,264.8362195925325,51596400,252.200675201416,264.70368372599285
2019-08-21,265.4535217285156,265.82564964948455,264.7908991293272,265.4807512764025,49524700,252.30519889831544,264.91027374267577
2019-08-22,265.3717956542969,266.796873242522,263.59273395652144,266.16150791497233,51666400,252.41655670166017,265.14380442301433
2019-08-23,258.55511474609375,265.7349352153813,257.30249999032617,264.06479144117753,149161500,252.48712524414063,265.2522827148438
2019-08-26,261.41424560546875,261.41424560546875,259.2176276035025,260.75162313576504,72423800,252.5642554473877,265.46501973470055
2019-08-27,260.3886413574219,263.18433794135507,259.6261862073836,262.81218226684956,66668900,252.6099259185791,265.6712013244629
2019-08-28,262.22216796875,262.38554526553645,258.91816823129676,259.72602436616955,59696700,252.66704406738282,265.81821365356444
2019-08-29,265.5715026855469,266.0979775546509,263.78335514133585,264.7909038319558,57899400,252.7531579589844,265.9844645182292
2019-08-30,265.4535217285156,267.0782642531926,264.5186036504583,267.0601204547532,62901200,252.86188415527343,266.1210489908854
2019-09-03,263.90130615234375,264.66376105424365,262.56700314890634,263.74701464267685,69101400,252.96512939453126,266.18885752360023
2019-09-04,266.89666748046875,266.9148112737629,265.326356796421,266.0797535750682,46887300,253.0916667175293,266.2867151896159
2019-09-05,270.3277893066406,271.2445358335886,266.8604126707686,269.39287128183264,83258100,253.22275291442872,266.44281311035155
2019-09-06,270.53656005859375,271.18103887059044,269.96473954298955,270.6455059524983,49584300,253.35170890808106,266.6100677490234
2019-09-09,270.6726989746094,271.61667499074713,269.7286952580193,271.5259283087568,51260300,253.5020436859131,266.76167551676434
2019-09-10,270.6091613769531,270.6727062164084,268.6485510056343,269.91022354385126,57947100,253.67432487487793,266.9170415242513
2019-09-11,272.5334167480469,272.6151053723937,270.2641959591372,270.91773265436115,68821100,253.85220344543458,267.1028238932292
2019-09-12,273.4775085449219,274.5394887043534,272.6787381375619,273.4411932444624,72908700,254.04271560668946,267.2587244669596
2019-09-13,273.2958679199219,274.27618679974927,272.92371239151043,273.9221750652425,62104800,254.21331939697265,267.4016611735026
2019-09-16,272.4517822265625,273.34132692462055,271.80733115066425,272.16131525979404,58191200,254.37567947387694,267.4883773803711
2019-09-17,273.1415100097656,273.2322566576739,272.07950276490743,272.2519657166403,41475500,254.51386001586914,267.59306284586586
2019-09-18,273.30499267578125,273.41391085565266,270.7089893535516,272.7512883274981,73375800,254.65554008483886,267.70591786702477
2019-09-19,273.28680419921875,274.6937378030169,272.9509639319972,273.69527504881034,76560500,254.7896636199951,267.862038675944
2019-09-20,271.9955749511719,274.17498158622584,271.202243775523,273.89227317408125,89565000,254.90101371765138,268.0010269165039
2019-09-23,271.9317932128906,272.65218638022174,271.07462357793355,271.3299489269606,43476800,255.05250358581543,268.12336985270184
2019-09-24,269.7979431152344,273.4181079889534,268.8313524986276,273.02600625036905,94869400,255.19515686035157,268.18745574951174
2019-09-25,271.3937683105469,271.8405806831163,268.3936747972442,269.880043908086,71854000,255.3738191986084,268.23789978027344
2019-09-26,270.828369140625,271.61257260947514,269.41496622426945,271.4028580125534,56179700,255.5474196624756,268.26727091471355
2019-09-27,269.36932373046875,271.69463423150086,267.81001685383865,271.5851852648957,84746600,255.71345642089844,268.2364720662435
2019-09-30,270.61865234375,271.3299177219799,269.84357650688395,269.8891593813916,51662400,255.87979400634765,268.2316390991211
2019-10-01,267.3997802734375,272.1597967306999,267.1809378983291,271.5032417769954,88242400,256.0304399108887,268.1979675292969
2019-10-02,262.6761779785156,265.8221754380826,261.3813238273113,265.81304773205215,122539500,256.1793732452393,268.07997233072916
2019-10-03,264.8282775878906,264.85563288257976,259.72174256169916,262.44825563642974,85278800,256.3619116973877,267.9763631184896
2019-10-04,268.4119873046875,268.66731269023387,265.4301207420645,265.48485916532,65091200,256.56362060546877,267.9218938191732
2019-10-07,267.2538146972656,269.24173451863544,266.9711340848841,267.60946130351056,59610500,256.77661628723143,267.8278493245443
2019-10-08,263.1047668457031,266.1322154876475,263.0682838493837,265.39359482532114,95708100,256.987151260376,267.6631413777669
2019-10-09,265.60333251953125,266.5425680006692,264.49996528325266,265.12916483966666,62359400,257.2328198242187,267.5547490437826
2019-10-10,267.3997802734375,268.28430531067295,265.35717723008116,265.5213090114124,55296300,257.5160691833496,267.50715993245444
2019-10-11,270.1717834472656,272.4150002739897,270.0441347283362,270.1626557429254,98720400,257.7599380493164,267.489279683431
2019-10-14,269.870849609375,270.52740420689605,269.52433081785495,269.85259420243335,40394800,257.9938037109375,267.49149729410806
2019-10-15,272.5427551269531,273.2905035601562,270.8010606279251,270.91960950494206,46754500,258.24246795654295,267.52720336914064
2019-10-16,272.10498046875,272.7980181586341,271.66729588850194,272.0776251824845,48928200,258.47918525695803,267.5233912150065
2019-10-17,272.9075012207031,273.78289840817706,272.2144633735832,273.27224772978605,45736600,258.7187459564209,267.5116226196289
2019-10-18,271.7129211425781,273.0169030385987,270.85575160138507,272.36947594373936,64304000,258.9791788482666,267.50172831217446
2019-10-21,273.55487060546875,273.75548531736456,272.5974077427296,273.03512015823924,39048600,259.2120388793945,267.4921249389648
2019-10-22,272.6612854003906,274.3847243679034,272.5700918221093,274.09291604875244,48594700,259.43148262023925,267.4759490966797
2019-10-23,273.4546203613281,273.50933094336335,272.1962213177716,272.40596376782213,34352200,259.644146194458,267.48419189453125
2019-10-24,273.9014892578125,274.5398166178063,273.0716748211722,274.39391242613976,35453100,259.8536477661133,267.5496536254883
2019-10-25,275.0231018066406,275.5702355478619,273.2722794004081,273.3269899916924,45205400,260.06466567993164,267.6729904174805
2019-10-28,276.5732421875,277.0747929739586,276.21762339483763,276.2449786865809,42147000,260.28298446655276,267.8557474772135
2019-10-29,276.4911804199219,277.4213160097594,276.17201679259284,276.29969337487427,44284900,260.5079979705811,268.17026570638023
2019-10-30,277.33929443359375,277.7131408765633,275.3787294789943,276.6918393686742,49643900,260.7239866638184,268.43870798746747
2019-10-31,276.6005859375,277.33010673416965,275.1416000009066,277.33010673416965,69053800,260.93344902038575,268.69226837158203
2019-11-01,279.1629638671875,279.2085467370334,277.88630957106443,278.0504691249233,71141500,261.14681983947753,268.903059387207
2019-11-04,280.28448486328125,280.8589735799601,279.910610812294,280.72219717798004,60606900,261.3500595855713,269.16279856363934
2019-11-05,279.9745178222656,280.7861043872324,279.68270954081447,280.48516840062047,42933200,261.56793785095215,269.47107747395836
2019-11-06,280.0383605957031,280.3119134712227,279.08999757995224,279.97452231529195,46487100,261.783662109375,269.71264597574867
2019-11-07,281.0232238769531,282.363688838868,280.54905620716414,281.3788705005756,54272300,262.0036810302734,270.1014862060547
2019-11-08,281.7162170410156,281.7709276162249,279.9745228545336,280.6766604552994,49032100,262.21713760375974,270.4905314127604
2019-11-11,281.1783447265625,281.3516042398141,280.1934982482501,280.3303025796257,35797300,262.4369878387451,270.80707295735675
2019-11-12,281.77099609375,282.673748632465,280.9958923187553,281.5430260321855,46484600,262.6613752746582,271.08084665934246
2019-11-13,281.86212158203125,282.263351019712,280.54901211841593,280.7769821248996,53917700,262.8674672698975,271.39002685546876
2019-11-14,282.2725830078125,282.3546767375342,280.94124533879,281.57957278704646,51219900,263.0650445556641,271.670344543457
2019-11-15,284.315185546875,284.36076843357273,282.9200097076864,283.6130198587448,62023600,263.2722499084473,271.98606770833334
2019-11-18,284.5247497558594,284.7618474294167,283.62199758095323,284.07793752033865,49228000,263.4719593811035,272.4188949584961
2019-11-19,284.4427185058594,285.1357562031034,283.7952915051212,285.12662849812847,67804700,263.6661328125,272.8027028401693
2019-11-20,283.385009765625,284.3698560003718,281.8257023603815,283.8500775891652,79406200,263.85663635253906,273.1859756469727
2019-11-21,282.92901611328125,283.60382628077144,282.1265850365531,283.4944051261436,54664700,264.0565512084961,273.53108978271484
2019-11-22,283.5582580566406,283.81358339847606,282.54608439634217,283.6768069347026,44850200,264.2581283569336,273.8308690388997
2019-11-25,285.7558288574219,285.7558288574219,284.48833013833155,284.48833013833155,48647200,264.4700191497803,274.1692408243815
2019-11-26,286.4032897949219,286.5856769464181,285.47318211038436,285.79234571131667,37569000,264.6694982910156,274.5442738850912
2019-11-27,287.67999267578125,287.67999267578125,286.66779112264317,286.88663347861814,44444600,264.8713591003418,274.8906626383463
2019-11-29,286.61297607421875,287.36072428911024,286.3850060937055,287.1144989000012,36592700,265.07062789916995,275.162082417806
2019-12-02,284.17828369140625,286.9321511485116,283.7496989976757,286.8683128725933,75767800,265.24427879333496,275.38944447835286
2019-12-03,282.2725830078125,282.3546767375342,280.06584789612697,281.451896166042,73941700,265.4062425231934,275.58277587890626
2019-12-04,284.01416015625,284.6160043447068,282.97463134227655,283.32115022305817,49080000,265.57439559936523,275.80619252522786
2019-12-05,284.5247497558594,284.73449214618824,283.2116405041602,284.71626456682435,40709000,265.749553527832,276.0060480753581
2019-12-06,287.1237487792969,287.5249783419981,286.4307108385623,286.43983854674417,48927000,265.92997215271,276.23348541259764
2019-12-09,286.2209167480469,287.40634969081657,286.1479507595981,286.731567353705,34838500,266.10416816711427,276.4489028930664
2019-12-10,285.9018249511719,286.8319328246587,285.2452700321289,286.1662780260528,52649800,266.27766784667966,276.6730702718099
2019-12-11,286.71337890625,286.9687042439302,285.81972631018215,286.35773227785194,53429100,266.45576454162597,276.8992680867513
2019-12-12,289.1846008300781,289.9688045218834,286.48544296353214,286.72251291564316,96389600,266.6485556793213,277.16392822265624
2019-12-13,289.3578186035156,290.58886238329086,288.17235770032045,288.9474614007992,81503900,266.8343886566162,277.4317784627279
2019-12-16,291.345703125,291.93841964706013,289.2939728213028,291.0903778003415,82749700,267.0347483062744,277.75428059895836
2019-12-17,291.4095153808594,292.0295871384412,291.3274495154474,291.72867896526407,61097700,267.23713569641114,278.0789093017578
2019-12-18,291.4277648925781,292.0296091125896,291.37305431152004,291.80163908205674,48133000,267.4472134399414,278.4394063313802
2019-12-19,292.622314453125,292.6952804439983,291.36391548009334,291.6192407914061,85310500,267.67369606018065,278.79321543375653
2019-12-20,293.90521240234375,295.0414939498362,292.6772889314625,293.65777641267516,147142100,267.9090665435791,279.1778294881185
2019-12-23,294.3542785644531,294.74830814974234,294.20765705163046,294.6933285780831,52990000,268.1287854003906,279.5942454020182
2019-12-24,294.3634338378906,294.62915909688604,294.0610182463545,294.5833521115951,20270000,268.34382873535156,279.98999176025393
2019-12-26,295.930419921875,295.9395925053962,294.73915860225463,294.74830322058216,30911200,268.5583878326416,280.4655024210612
2019-12-27,295.8571472167969,296.718531263471,295.325668617776,296.6635516830619,42528800,268.77339027404787,281.01851857503254
2019-12-30,294.2259826660156,296.0770548487809,293.7403111256771,295.939605915703,49729100,268.97399070739743,281.5084803263346
2019-12-31,294.94073486328125,295.1881708994425,293.3737611501004,293.7219837452948,57077300,269.1735578918457,281.9506261189779
2020-01-02,297.69903564453125,297.71738081409677,295.55474819517633,296.4802843719158,59151200,269.38660049438477,282.458046468099
2020-01-03,295.4447326660156,296.57186973652915,294.2442988268179,294.2992783946291,77709700,269.59221031188963,282.9970458984375
2020-01-06,296.5718688964844,296.6543382479676,293.5661700502953,293.68530176861276,55653900,269.78909324645997,283.51318817138673
2020-01-07,295.7380065917969,296.4802588000456,295.28896945413396,296.0037318756029,40496400,270.0065577697754,283.98549194335936
2020-01-08,297.314208984375,298.53296038155685,295.6830827425855,295.93049087022985,68296000,270.2328511810303,284.43786570231117
2020-01-09,299.330078125,299.40340285238955,298.2945830808425,298.8810690392002,48473300,270.4598300933838,284.9288528442383
2020-01-10,298.46868896484375,300.0723247739728,298.0013626882262,299.91655867016334,53029300,270.6891411590576,285.36095174153644
2020-01-13,300.5213928222656,300.5305374400755,298.66117621036113,299.0918681335702,47086800,270.9239282989502,285.83455861409504
2020-01-14,300.063232421875,301.1353620319294,299.50423615771473,300.0815496239874,62832800,271.14843032836916,286.2871541341146
2020-01-15,300.74127197265625,301.50184120269535,299.88906082009487,299.9715301608084,72056600,271.36119232177737,286.77095998128254
2020-01-16,303.2430114746094,303.2430114746094,301.89595605653415,302.1250469237905,54050300,271.5858308410645,287.26576232910156
2020-01-17,304.1868591308594,304.3976048271327,303.17885374044386,303.9577682678192,95846000,271.8131559753418,287.7911885579427
2020-01-21,303.5912170410156,304.3976213972453,303.1513804577593,303.2246772332371,77742400,272.034070892334,288.29346516927086
2020-01-22,303.6278381347656,305.10319771439003,303.4720720211028,304.4525595814496,48914900,272.24889068603517,288.78890431722004
2020-01-23,303.97607421875,304.388448943037,301.85927695982,302.9772414486863,51963000,272.4644580078125,289.2714538574219
2020-01-24,301.2727966308594,304.7183320973039,299.9807208309427,304.6358627439296,87578400,272.673193359375,289.68311309814453
2020-01-27,296.4434814453125,297.9279852860033,295.67373974885004,296.01278964268874,84062500,272.8533560180664,290.0156514485677
2020-01-28,299.5500793457031,300.4297804795818,296.53523558628365,297.873118472315,63834000,273.04941329956057,290.38583119710285
2020-01-29,299.3026428222656,301.1445424118308,299.10104173303364,300.9154515361215,53888900,273.2354260253906,290.764198811849
2020-01-30,300.27392578125,300.4846994121744,296.4801961809347,297.2315928492786,75491800,273.42715286254884,291.1160481770833
2020-01-31,294.8216552734375,299.80667522712497,293.9052917226155,299.6508811187989,113845600,273.59076065063476,291.35833435058595
2020-02-03,297.0116882324219,298.88107731999344,296.1869668001725,296.30609851158897,69083000,273.768525390625,291.6422871907552
2020-02-04,301.5385437011719,302.4091001332266,300.31062007845776,300.6313528673828,62573200,273.96634979248046,292.00062357584636
2020-02-05,305.020751953125,305.23152563303483,303.01394154526906,304.48010082486485,65951100,274.18045639038087,292.4005823771159
2020-02-06,306.0472106933594,306.23963927286115,304.9658800897266,305.98305851179026,50359700,274.3879072570801,292.8060989379883
2020-02-07,304.41595458984375,306.0562250590366,303.8661309172076,304.9840954643301,64139400,274.59013748168945,293.19339243570965
2020-02-10,306.6885070800781,306.7526592320417,303.4904076474018,303.52707001498,42070000,274.80454330444337,293.6086842854818
2020-02-11,307.2200622558594,308.8328431375756,306.6885557198552,308.0447838834138,54864500,275.01546447753907,294.0313166300456
2020-02-12,309.1993408203125,309.41008649783373,308.292122067066,308.65866182227705,43992700,275.2342044067383,294.48009592692057
2020-02-13,308.8695373535156,309.8408806095833,307.494991844152,307.76988975994476,54501900,275.45061767578125,294.8893351236979
2020-02-14,309.3642578125,309.4833895167541,308.0813547766656,309.2817884707523,64582200,275.67948623657225,295.3033269246419
2020-02-18,308.5671081542969,309.4284921282204,307.1742176610438,308.3655070547574,57226200,275.90721435546874,295.70540008544924
2020-02-19,310.0423583984375,310.72045829777164,309.25429937652905,309.53836976490896,48814700,276.1294468688965,296.14968922932945
2020-02-20,308.7686767578125,310.31733323101616,305.7721503679696,309.4925837509388,74163400,276.35077560424804,296.5803502400716
2020-02-21,305.5888366699219,307.7239508075557,304.7640873458037,307.4123906481904,113788200,276.5782911682129,296.947526550293
2020-02-24,295.4539489746094,305.66222441007517,294.37261872884346,296.11373185118,161088400,276.7569383239746,297.10916188557945
2020-02-25,286.5010070800781,297.460705347923,285.6213060596482,296.8467575397239,218913200,276.89475021362307,297.1107905069987
2020-02-26,285.4471435546875,291.50429102673195,284.71406416341443,287.90299027715696,194773800,277.0207893371582,297.07357635498045
2020-02-27,272.6273193359375,285.50221558469656,272.6273193359375,279.91239252884566,284353500,277.11542877197263,296.8404820760091
2020-02-28,271.48187255859375,272.9755496100988,261.65845424597956,264.55416640152885,384975800,277.1928689575195,296.62887522379555
2020-03-02,283.23876953125,283.3029216830661,269.8323680613231,273.26873092756443,238703600,277.3215963745117,296.64497833251954
2020-03-03,275.12896728515625,287.59151643262715,272.6822924096113,283.614502212992,300139100,277.3978509521484,296.496891784668
2020-03-04,286.6934814453125,286.91342770951513,277.9605380964338,280.5172001831721,176613400,277.5403289794922,296.5330373128255
2020-03-05,277.1632995605469,282.67065320761304,274.9182257388986,279.4725535047731,186366800,277.64369186401365,296.3670298258464
2020-03-06,272.58148193359375,273.79108847879223,265.95619165209234,268.6319574415611,228667200,277.71258377075196,296.1397059122721
2020-03-09,251.29437255859375,260.4213451842033,250.57961014752544,252.27486024960146,309417300,277.6790145874023,295.5629150390625
2020-03-10,264.29754638671875,264.38916035534675,250.62539203743287,260.8336938237853,276444100,277.7262239074707,295.18931783040364
2020-03-11,251.4134979248047,258.35954950898685,248.2245705699744,257.22326762073214,255316300,277.70612228393554,294.5597994486491
2020-03-12,227.3589324951172,244.35747701671542,226.96488894698197,234.5890394404426,392220700,277.57762634277344,293.52648468017577
2020-03-13,246.79501342773438,248.774361854502,227.73465068878733,241.08605901212414,329566100,277.5548016357422,292.7839731852213
2020-03-16,219.78981018066406,235.41379802822706,217.50805983351108,221.00856143695935,297240000,277.3935186004639,291.59031143188474
2020-03-17,231.65664672851562,234.7448005802353,217.24225582936077,224.54565851971734,262070500,277.30855171203615,290.59412612915037
2020-03-18,219.92723083496094,227.59718853589922,208.94920047757623,216.49086785316467,327597100,277.16809913635257,289.382541402181
2020-03-19,220.39456176757812,226.6899879899135,212.79791514547082,219.23994888867023,289322000,277.00306480407716,288.15736389160156
2020-03-20,210.8968048095703,225.3406531536405,210.62027646951373,223.5524524947323,347158800,276.7795665740967,286.76640599568685
2020-03-23,205.5045928955078,211.7079795342504,201.18157403211723,210.33457814055313,326025200,276.5207972717285,285.2854253133138
2020-03-24,224.12399291992188,224.99966857078434,215.50562016858646,216.07710190719624,235494500,276.34225326538086,284.0886515299479
2020-03-25,227.47914123535156,236.29110105973476,220.99001416132398,225.70937930607133,299430300,276.17452293395996,282.94901809692385
2020-03-26,240.76158142089844,242.23636179724778,229.56228861158792,229.9955130827895,257632800,276.07352127075194,282.0579447428385
2020-03-27,233.59039306640625,240.40213986879422,231.40584529989485,233.45213589060913,224341200,275.93896682739256,281.035439046224
2020-03-30,241.17645263671875,241.89541821302302,233.6918294245144,235.69202997036825,171369500,275.8369679260254,280.09339599609376
2020-03-31,237.58160400390625,242.72496834981945,236.17132441473314,240.17172515703047,194881100,275.71843994140625,279.1290105183919
2020-04-01,226.88922119140625,237.49859440441708,224.8152794471893,228.57602883114748,189554600,275.5459536743164,277.96763305664064
2020-04-02,232.12477111816406,232.90825175530057,225.45128263078988,226.00433936920624,177660400,275.38596015930176,276.9074124654134
2020-04-03,228.7696075439453,233.4981993171639,226.03200326101012,231.1385026260033,135561200,275.2062098693848,275.76500244140624
2020-04-06,244.13519287109375,246.10775542428493,228.7511655917904,237.66450470907907,188061200,275.090641784668,274.8450876871745
2020-04-07,244.38400268554688,253.50933776806502,244.16279130621646,252.75349471585136,201427200,274.9782598876953,273.9436762491862
2020-04-08,252.58767700195312,254.40352940586885,244.4946962858939,246.9926361077476,153774500,274.90852981567383,273.14478098551433
2020-04-09,256.431396484375,259.19665225611317,253.91500360542418,255.8598866626546,189999200,274.8710890197754,272.4175837198893
2020-04-13,254.090087890625,255.79533423465634,250.1726429976806,255.4542905917762,114839100,274.8232580566406,271.6400639851888
2020-04-14,261.583984375,262.6071155005401,253.9518796282053,258.99386373886557,134143400,274.80822189331053,270.94574686686195
2020-04-15,256.02581787109375,261.72223788702536,253.90577161399165,255.8506827589529,121775000,274.75858703613284,270.14306284586587
2020-04-16,257.2609558105469,258.1181783094226,254.18230790119935,257.3070321527782,131798300,274.7030561828613,269.37089182535806
2020-04-17,264.2109375,264.8192689063994,260.30269091667844,263.04952128306587,146684800,274.67878036499025,268.7139434814453
2020-04-20,259.5560607910156,264.34918093759455,259.3348493819713,260.4962374090838,100109300,274.62047439575196,267.9736099243164
2020-04-21,251.67506408691406,256.2838220749491,250.734859454394,255.07632973245404,126385700,274.524306564331,267.146981048584
2020-04-22,257.2609558105469,259.0122787598645,255.2423169392362,256.5696418992661,92951600,274.46351097106935,266.49393895467125
2020-04-23,257.2425231933594,261.7222523215309,256.9383574252864,258.5421968253092,104709700,274.4009441375732,265.7888130187988
2020-04-24,260.828125,261.50101398459896,256.7078930598151,258.76340983468236,85063200,274.3498606109619,265.1475710550944
2020-04-27,264.5888366699219,265.71337496446637,262.34898660009674,262.8098624891784,77896600,274.31440406799317,264.5528195699056
2020-04-28,263.3721923828125,268.59851013874606,263.0679984895078,268.24823990021906,105270000,274.2667826080322,264.02866185506184
2020-04-29,270.266845703125,271.8061836334451,267.6859518357042,268.7183093826725,118745600,274.25318061828614,263.58291447957356
2020-04-30,267.75048828125,270.36826016718874,266.00836377753785,268.8842250570301,122901700,274.2313986968994,263.01978022257487
2020-05-01,260.6622619628906,267.9164458693108,259.49161889294606,262.98506692974644,125180000,274.18343437194824,262.28047205607095
2020-05-04,261.3811340332031,261.6852997145049,257.2885542706401,258.77256099243385,80873200,274.1341170501709,261.53603744506836
2020-05-05,263.79620361328125,266.61676244530474,261.510248557089,264.21100325960634,79569900,274.10440910339355,260.85904159545896
2020-05-06,262.008056640625,265.8886254343582,261.5748319917063,265.50150527213367,73632600,274.0624474334717,260.1143674214681
2020-05-07,265.1695861816406,267.105270843854,264.6626338763726,265.2341155672962,75250400,274.0266268157959,259.4135261535645
2020-05-08,269.55712890625,270.02723137851206,267.1789932426563,268.3127582106148,76452400,274.00634437561035,258.7528226216634
2020-05-11,269.6123962402344,270.9950239132612,267.19741107208864,267.6214090155199,79514200,273.9928734588623,258.09853693644203
2020-05-12,264.2386169433594,271.2162571149369,264.1003316612484,270.80148565750676,95870800,273.94341117858886,257.3464429219564
2020-05-13,259.5653381347656,264.7179278299637,257.1318996402703,263.676343692379,144721100,273.8730786895752,256.5297467549642
2020-05-14,262.671630859375,262.8006614934409,251.62903335784046,257.1226947425799,121977900,273.8216365814209,255.74023462931316
2020-05-15,263.879150390625,263.9252267368411,259.3256934508307,260.27509684590956,111146300,273.79116340637205,254.9920758565267
2020-05-18,271.9167785644531,273.52984420000496,269.79676069529506,270.11935131869956,119703800,273.81263282775876,254.4308748881022
2020-05-19,269.1238708496094,273.032089431891,269.1054459405045,271.31764460727464,95189300,273.83021308898924,253.99204025268554
2020-05-20,273.69580078125,274.5622498678464,272.44223162680925,272.6726696151671,85861700,273.9105916595459,253.77862014770508
2020-05-21,271.8062438964844,274.37793994395184,270.70935672722777,273.5667936544539,78293900,273.9634590911865,253.55127182006837
2020-05-22,272.3223571777344,272.4974922721214,270.27606703298926,271.5204376032428,63958200,274.0181360626221,253.54618911743165
2020-05-26,275.67755126953125,278.5442143620378,272.3408138269783,278.30454986186453,88951400,274.0639463043213,253.61611709594726
2020-05-27,279.779296875,279.8161748198893,273.6404270787241,278.47962358154416,104817400,274.1393421173096,253.5584592183431
2020-05-28,279.26312255859375,282.8302972503383,278.59023366952,280.81165871274743,90405200,274.2282688140869,253.62736180623372
2020-05-29,280.5075988769531,281.0975055789317,276.03709567672706,278.79312538599464,119090800,274.3030855560303,253.52426376342774
2020-06-01,281.6412658691406,282.2496254643002,279.34611276939205,279.8622915538364,55758300,274.422827835083,253.59889653523763
2020-06-02,283.9732971191406,284.01940158934775,281.2264946134768,282.56301791606984,74267200,274.55082679748534,253.78876012166342
2020-06-03,287.7525329589844,288.71116291644955,285.6878174779567,285.9643318264377,92567600,274.6786602020264,254.3963961283366
2020-06-04,286.99676513671875,288.5084523188303,284.8951711459719,286.76632707576124,75794400,274.7869211578369,254.77471644083658
2020-06-05,294.35223388671875,296.131208215071,292.3428215947053,292.40735097564266,150524700,274.94212577819826,255.49036204020183
2020-06-08,297.91021728515625,298.10377730263014,294.619556339926,295.16338657068064,73641200,275.10440925598147,256.6662167867025
2020-06-09,295.6888732910156,297.9840270903737,294.3707463682276,295.23719561972075,77479200,275.255994644165,257.4811144510905
2020-06-10,294.038818359375,297.1635704015303,293.31985309484145,296.2694700481049,95000800,275.43341316223143,258.7185979207357
2020-06-11,277.08782958984375,287.72485456232124,276.5348009447045,287.088843490775,209243600,275.51178108215333,259.4757843017578
2020-06-12,280.4060974121094,284.8950240206499,275.2350834968645,284.12075591123715,194678900,275.6118683624268,260.48376541137696
2020-06-15,283.02392578125,284.1576908095664,273.52066540074225,274.70050677483175,135782700,275.7158771514893,261.52758814493814
2020-06-16,288.471435546875,290.94175175021076,283.59538877660174,290.7942680866062,137627500,275.8303768157959,262.82049865722655
2020-06-17,287.273193359375,289.78958611023603,286.5357749799992,289.49461875848573,83398900,275.9394751739502,264.1833086649577
2020-06-18,287.3838195800781,287.86312046362997,285.2914527967437,285.7523287681102,80828700,276.0568877410889,265.23763910929364
2020-06-19,285.741455078125,291.05558508026616,283.7879850934474,290.8611732701308,135549600,276.15111167907713,266.2086776733398
2020-06-22,287.5744934082031,287.9725840908727,283.9916207573374,285.13961370398266,74649400,276.237345199585,266.98889287312824
2020-06-23,288.8984680175781,291.1667096484841,288.4911101062854,290.23163422664027,68471200,276.3291547393799,267.91069412231445
2020-06-24,281.5290222167969,287.47272350488674,279.6866728739989,286.85241955719425,132813500,276.38343635559085,268.5832369486491
2020-06-25,284.54718017578125,284.81567248762656,278.9275171419336,280.95503953303563,89468000,276.45312644958494,269.36599655151366
2020-06-26,277.7887268066406,283.658375397714,277.2054913993457,283.4454293499117,127961000,276.47940299987795,270.21432164510094
2020-06-29,281.87152099609375,282.0103865578384,276.75180342802395,279.047817644744,79773300,276.52137306213376,271.0434341430664
2020-06-30,285.482177734375,287.18568953468224,281.27902922068364,281.43640077884385,113394800,276.58230461120604,271.98864364624023
2020-07-01,287.48193359375,288.75031447900784,286.1395287421861,286.60243281239894,72396500,276.657455368042,272.71108932495116
2020-07-02,289.0650329589844,292.277587748518,288.39845008972213,290.92588776838636,69344200,276.7370729827881,273.4557731628418
2020-07-06,293.5274353027344,294.1106989034285,292.1479903288781,292.89789260022195,61713800,276.83818519592285,274.1381024678548
2020-07-07,290.5000305175781,293.96254336558655,290.1204458505552,291.9813289550433,82910000,276.92425132751464,274.70591303507484
2020-07-08,292.7220458984375,292.83313836796316,289.5002512684918,291.26852016415074,54638600,277.027883682251,275.34977900187175
2020-07-09,291.05548095703125,293.5736794785643,287.6299805570749,293.33296039270607,83354200,277.1235021209717,275.8409706115723
2020-07-10,294.0273742675781,294.29586651217585,289.5557338319014,290.9907250034386,57550400,277.2446492767334,276.474329884847
2020-07-13,291.4814147949219,298.7675199209206,290.8240989639422,296.37894748735727,102997500,277.3450875091553,277.04467086791993
2020-07-14,295.25872802734375,296.0364034313033,288.8521236231709,290.05566283689916,93657000,277.4672393035889,277.56213404337564
2020-07-15,297.97137451171875,299.0730885288503,295.582773536278,298.48982484290724,87196500,277.61024955749514,278.20238927205406
2020-07-16,296.9900207519531,297.4436577294119,295.41613550865986,296.0642125508216,54622500,277.7421063995361,278.9576385498047
2020-07-17,297.85101318359375,298.6379557988609,296.0179027889811,297.99914588498484,62774900,277.8943625640869,279.6341395060221
2020-07-20,300.2580871582031,301.00798945239933,296.8325859166636,297.5824882108599,56308800,278.08227210998535,280.35106557210287
2020-07-21,300.8969421386719,302.674478119921,299.9063205508765,302.2301082513212,57292200,278.26261543273927,281.0188791910807
2020-07-22,302.6095886230469,302.92438820533135,300.4246953097078,300.53578774890565,57792900,278.4336034393311,281.6525583902995
2020-07-23,298.99896240234375,302.95218089089167,297.62878455914324,302.2485577259489,75738000,278.59232917785647,282.246337890625
2020-07-24,297.07330322265625,298.10093663670415,295.5642315215915,297.1381165695117,73766600,278.7621718597412,282.6931121826172
2020-07-27,299.2396545410156,299.4155603163811,296.9714137029349,297.7676232524971,48293000,278.9303534698486,283.21793162027996
2020-07-28,297.341796875,299.6285439888073,297.0455315052015,298.508295856773,57495000,279.0800635528565,283.8292572021484
2020-07-29,300.9986877441406,301.5634453071082,298.18422355708674,298.221263787466,48454200,279.23419807434084,284.4895497639974
2020-07-30,299.9247131347656,300.34133798246603,295.92524456254785,298.01755116070683,61861700,279.38446739196775,285.0916915893555
2020-07-31,302.2948303222656,302.39668389819855,297.48988434595253,301.72083385939374,84986800,279.5332277679443,285.7631378173828
2020-08-03,304.396484375,305.1648927454192,303.4151299484772,303.96135339317016,53077900,279.6946852874756,286.4169194539388
2020-08-04,305.57220458984375,305.57220458984375,303.5354155660307,303.5354155660307,41917900,279.8580088043213,287.01717071533204
2020-08-05,307.4701232910156,307.7293766896875,306.6091285143018,306.87762078191065,42697700,280.0367948150635,287.6481328328451
2020-08-06,309.525390625,309.6457501911528,306.56282183906575,306.8868603048418,43679400,280.2166474151611,288.4029123942057
2020-08-07,309.7475891113281,310.03458733084204,307.6459868706977,308.5532888812559,57308300,280.4020789337158,289.2392832438151
2020-08-10,310.6734619140625,310.85860660049394,308.25708784004365,310.20129069482834,44282100,280.5881731414795,290.0393137613932
2020-08-11,308.1089172363281,312.49726674092767,307.3775491967452,311.85845690646227,69601100,280.7592102813721,290.77647654215497
2020-08-12,312.4046630859375,313.1823384386921,310.52527392009245,310.55304703078303,53774400,280.9461180877686,291.45127461751304
2020-08-13,311.83984375,313.1545033203485,310.9140359057418,311.6361648941267,41816100,281.122451095581,292.16320749918617
2020-08-14,311.84918212890625,312.38616662319157,310.71969517068027,311.4510914457283,47260400,281.299241104126,292.7990971883138
2020-08-17,312.83984375,313.23793448435885,311.8584893449453,312.86761686510823,35481000,281.47674385070803,293.4829905192057
2020-08-18,313.5156555175781,313.94151931492354,311.63623802939264,313.2378961470677,38733900,281.6613191986084,294.16954549153644
2020-08-19,312.2102966308594,314.41369632346203,311.64553896028053,313.8952460130352,68054200,281.82655586242674,294.7784245808919
2020-08-20,313.1824035644531,313.6638136676709,310.34943267122867,310.4790311302615,42207800,281.99104545593264,295.33514302571615
2020-08-21,314.2933349609375,314.51551985748154,312.5065039064949,312.84907662656065,55106600,282.162639541626,295.9189798990885
2020-08-24,317.47808837890625,317.55214058660636,314.26553352330154,316.7374250348169,48588700,282.349838180542,296.53515472412107
2020-08-25,318.589111328125,318.672430675208,316.8763605178446,318.04288788385406,38463400,282.53766761779787,297.1509521484375
2020-08-26,321.78314208984375,322.05160610805416,318.6354000636554,319.1816234759962,50790200,282.738002243042,297.78111623128257
2020-08-27,322.4867858886719,323.9403116697603,320.82034228527885,322.6534528517524,58034100,282.9445444488525,298.36002044677736
2020-08-28,324.56982421875,324.69945092755256,322.3201170881674,323.5144175693778,48588900,283.15853858947753,298.98623809814455
2020-08-31,323.39404296875,325.2363921481631,323.1625909309977,324.3568913567579,66099200,283.3661981964111,299.4702682495117
2020-09-01,326.4399108886719,326.54173620841556,323.3291812746038,324.2272161769494,54908700,283.5870348358154,299.9457631429037
2020-09-02,331.1616516113281,332.1337390584206,327.20843195204856,328.3564534958987,69540000,283.8212671661377,300.53697611490884
2020-09-03,319.764892578125,329.93951517196746,317.1726127891446,329.4673439712891,148011100,283.997467880249,300.9657440185547
2020-09-04,317.15411376953125,322.02384556505757,310.02537950989625,320.44998861723474,139156300,284.1610248565674,301.6335154215495
2020-09-08,308.4885559082031,317.21894908878244,308.1830516203431,311.7288847499758,114465300,284.2865425872803,302.1015563964844
2020-09-09,314.5803527832031,317.05224467136924,311.6362614536504,312.5065233571741,91462300,284.44479927062986,302.6274968465169
2020-09-10,309.1180725097656,317.1170396063359,308.15522419835855,316.4597237823714,90569500,284.5725983428955,302.9716074625651
2020-09-11,309.27545166015625,311.9695566218667,306.4424811341146,310.9048829574324,84680200,284.6901964569092,303.33831176757815
2020-09-14,313.3489990234375,315.12656299224113,309.423581752998,312.450964043728,65605700,284.82492500305176,303.7710647583008
2020-09-15,314.9321594238281,316.64488183662957,313.3582743243969,315.8116601824572,52920900,284.96118583679197,304.25757649739586
2020-09-16,313.68231201171875,317.60772937455226,313.40455262542565,316.17273809901303,82096000,285.0965325164795,304.69270680745444
2020-09-17,310.9233703613281,312.64538801635723,308.28481178308215,308.81252914941524,91523300,285.2302579498291,305.0597885131836
2020-09-18,307.3438415527344,311.8426865400238,304.852750491152,311.73114938301563,105877900,285.3556142425537,305.49003550211586
2020-09-21,303.9232482910156,304.07197396170466,299.0526031336653,302.7427755109806,99450800,285.4551596832275,305.81296997070314
2020-09-22,307.01849365234375,307.5762077815948,302.89144880901273,305.41045242560136,63612100,285.56762840270994,306.30013275146484
2020-09-23,299.8984375,307.8550757850042,299.39649195231215,307.57620454005826,93112200,285.6315018463135,306.60058135986327
2020-09-24,300.6978454589844,303.7652309903187,297.2586315522572,298.5785542052481,76681300,285.7038864898682,306.8541758219401
2020-09-25,305.5591735839844,306.34923785839106,298.9689221639233,299.84263930150775,71069400,285.80217323303225,307.1554631551107
2020-09-28,310.63433837890625,311.3500540678067,308.73812155611176,309.7327085120084,64584600,285.9217780303955,307.51495157877605
2020-09-29,308.94256591796875,311.17339386110456,308.2454304128315,310.4297940022314,51304000,286.02056785583494,307.7718704223633
2020-09-30,311.2849426269531,314.4452844069557,309.4166104963907,309.61180048470607,104081100,286.13020347595216,308.11828562418617
2020-10-01,313.28338623046875,314.8635429083092,311.396474067229,313.8875646180699,88698700,286.2398918914795,308.46097462972006
2020-10-02,310.3089904785156,313.2555627207702,307.8457837333298,308.3198450119104,89431100,286.3343892669678,308.7818664550781
2020-10-05,315.811767578125,315.99765340639834,312.32608917461033,312.3725535400478,45713100,286.4563092803955,309.14493967692056
2020-10-06,311.32220458984375,318.0519071278788,310.81098309296726,315.9511958209937,90128900,286.5498087310791,309.4756195068359
2020-10-07,316.7412414550781,317.5499142029964,314.25942626677596,314.2873105557897,56999600,286.6639888763428,309.83366139729816
2020-10-08,319.54833984375,319.6134126353913,317.7636603816266,318.6838985828623,45242500,286.78995918273927,310.19327748616536
2020-10-09,322.4019775390625,322.8667345981165,320.58013781019633,321.2028963840777,59528600,286.9301519012451,310.61681009928384
2020-10-12,327.5886535644531,329.0665776070336,324.45619552767687,324.9488368752037,80388500,287.088443069458,311.11243743896483
2020-10-13,325.45074462890625,327.6258040067802,324.48404211656793,327.44919407568426,73255500,287.23641105651853,311.5323150634766
2020-10-14,323.4058532714844,327.1239098929824,322.67155751263357,326.02708999760546,57727900,287.3823104095459,311.9074635823568
2020-10-15,323.0061340332031,323.4894711297381,318.94416215249316,319.483267822993,60357700,287.5226374053955,312.2474060058594
2020-10-16,322.8109130859375,326.0270234645891,322.6343031631358,324.36318552338577,89501900,287.64819679260256,312.64427185058594
2020-10-19,317.9031066894531,324.707127920646,317.0014769337468,324.0750651798359,68425600,287.76048866271975,312.9914352416992
2020-10-20,319.17657470703125,322.42987424570373,318.48874331042714,319.2509233580746,60051900,287.8735121917725,313.32371724446614
2020-10-21,318.57244873046875,321.30522306306057,318.2656931238271,319.13013462158915,63575000,287.98768440246585,313.6775614420573
2020-10-22,320.3199462890625,320.90554490431583,316.6390771787211,318.7862531902976,55399300,288.1027130889893,313.999582417806
2020-10-23,321.4073791503906,321.60256916559945,318.9441724986455,321.54680058982547,49143900,288.2130995941162,314.35762685139974
2020-10-26,315.46783447265625,318.8047870098494,311.9635478227528,318.0146942752638,91473000,288.2980953216553,314.5771769205729
2020-10-27,314.38037109375,316.1464428343235,314.16657256327727,315.81183125604883,65994100,288.3673902130127,314.7435750325521
2020-10-28,303.6351013183594,314.408167114241,303.142459944312,308.6916606581954,127094300,288.3852495574951,314.71128997802737
2020-10-29,306.7210693359375,309.8999916354377,302.1757318242684,303.8674542744102,90597700,288.41514854431153,314.6988057454427
2020-10-30,303.5235595703125,306.4515234799912,299.861271536879,305.14090511981635,120287300,288.41655128479005,314.59877522786456
2020-11-02,306.92559814453125,308.93332384063365,304.1742157069411,306.92559814453125,86068300,288.4302449798584,314.5517420450846
2020-11-03,312.3446350097656,314.40815753311387,307.00923292891446,310.1695753283749,93294200,288.47401206970216,314.579594930013
2020-11-04,319.3253479003906,323.41520511296255,315.65375509941384,316.83422803861566,126959700,288.55249961853025,314.76653544108075
2020-11-05,325.55303955078125,327.3656035607772,324.2703054349714,324.6235253644289,82039700,288.6603844451904,314.9856750488281
2020-11-06,325.47869873046875,326.73354858554944,323.14560898928653,325.26490025051436,74973000,288.7814139556885,315.2129892985026
2020-11-09,329.5684814453125,338.69631572980416,329.10372444548926,338.31521158596723,172304200,288.94703895568847,315.50831095377606
2020-11-10,329.085205078125,330.1448364825855,325.8040211888103,328.57395526410835,85552000,289.0947145843506,315.77906697591146
2020-11-11,331.52978515625,332.3570379013313,330.03325280113376,331.2787982108576,58649000,289.2558502960205,316.07930246988934
2020-11-12,328.3136901855469,331.5762939810746,326.5011545842146,330.5166342173397,67546200,289.396049118042,316.34769236246746
2020-11-13,332.8590393066406,333.60263931693396,329.70797256583705,330.2284982463468,62892200,289.586236038208,316.6756362915039
2020-11-16,337.013916015625,337.20910602355747,334.2439539338636,335.53599207967227,74541100,289.78624717712404,317.05431264241537
2020-11-17,335.2013854980469,336.409770903095,333.0820943880079,334.59720697878305,66111000,289.9545613861084,317.3497009277344
2020-11-18,331.1673278808594,336.01939328368303,331.13013936912824,335.47098329337155,70591300,290.08529426574705,317.55933787027993
2020-11-19,332.56158447265625,332.9333844739087,329.1874434374099,330.53525035428703,59940900,290.21786613464354,317.73897857666014
2020-11-20,330.2842712402344,332.5058238145824,330.20992258482084,332.3013295540421,70417300,290.3472077178955,317.86893666585286
2020-11-23,332.2641296386719,333.5282836694918,329.85669132516,332.0968238948421,63230600,290.4750858306885,317.99717508951824
2020-11-24,337.6181640625,338.1665740612137,333.9651798999618,334.82031711721845,62415900,290.62707633972167,318.23424377441404
2020-11-25,337.09759521484375,337.56235227629367,336.0007753577867,337.5344679872675,45330900,290.7665676116943,318.41187184651693
2020-11-27,338.036376953125,338.51040981524136,337.02318170633714,338.19437845165817,28514100,290.91240180969237,318.5264506022135
2020-11-30,336.5399169921875,337.52519979831504,333.8536356408467,337.25563273127324,83872700,291.04828010559083,318.8060343424479
2020-12-01,340.22076416015625,341.7637610766728,339.2075971251857,339.8024998061892,74231400,291.2065483856201,319.190478515625
2020-12-02,340.9364318847656,341.09443337204704,338.52899414255984,339.1052882566728,45927000,291.3610187530518,319.7312764485677
2020-12-03,340.8435363769531,342.23780756286345,339.7374123001427,340.83423215842737,62882000,291.52139305114747,320.1689961751302
2020-12-04,343.7807922363281,343.7807922363281,341.33616563830765,341.4291227207132,50749900,291.7123528289795,320.7467081705729
2020-12-07,343.0743713378906,343.5670126985919,341.80094150173,343.00929853997224,48944300,291.9504549407959,321.31002349853514
2020-12-08,344.0782470703125,344.6452370556998,341.75446181901555,341.8009261774338,42458900,292.2383411407471,321.82217763264975
2020-12-09,340.9922790527344,344.8962215481374,340.1557219727567,344.7382200244361,74098300,292.5160668182373,322.25651295979816
2020-12-10,340.8807678222656,341.9310950867418,338.74286804799897,339.6166137038823,57735400,292.85733406066896,322.70982055664064
2020-12-11,340.4809265136719,340.8899148945368,337.6552247123488,339.179612741153,57698600,293.20232933044434,323.20244649251305
2020-12-14,338.9566345214844,343.73432251850494,338.78002456304864,342.65611106329436,69216200,293.4809186553955,323.7293263753255
2020-12-15,343.5390625,343.5390625,340.12776213787265,341.5034246498197,63865300,293.82296913146973,324.3895899454753
2020-12-16,344.0782470703125,344.99845695254,342.86986171972654,343.7529114618271,58420500,294.10989295959473,325.0072525024414
2020-12-17,346.0023498535156,346.20684410811197,344.8962257081794,345.7235069456668,64119500,294.45408821105957,325.77565104166666
2020-12-18,344.62078857421875,346.4597381046368,342.6044762600976,346.29171920031933,136542300,294.8142847442627,326.50770009358723
2020-12-21,343.3886413574219,353.28349765930517,337.9464860594787,340.6909091664854,96386700,295.2747560882568,327.13819122314453
2020-12-22,342.8098449707031,343.82733077167063,341.68034656595023,343.7153181678852,47949000,295.66731758117675,327.67444966634116
2020-12-23,343.11785888671875,345.0314737308344,342.79113651426565,343.7806190223121,46201400,296.12583938598635,328.24403788248696
2020-12-24,344.4527893066406,344.4807924589566,343.0059122912495,343.59397848988544,26457900,296.71130867004393,328.7968353271484
2020-12-28,347.411865234375,347.80390930273,346.3850356715312,347.01044880019464,39000400,297.2143929290771,329.3656433105469
2020-12-29,346.7490539550781,349.12009142950285,346.1609594035045,348.9427286762526,53680500,297.84918914794923,329.9729777018229
2020-12-30,347.2438659667969,348.2800395515808,346.85182184412906,347.57058839397877,49455300,298.4271252441406,330.4968460083008
2020-12-31,349.00811767578125,349.7362280379204,346.5344112202723,347.0478117815803,78520700,299.0725296783447,331.1249445597331
2021-01-04,344.2567443847656,350.47370017311397,340.5508422079817,350.34299981269083,110210800,299.69184059143066,331.58353627522786
2021-01-05,346.6278076171875,347.7199876295855,343.5660059125911,343.6126968288988,66426200,300.37049560546876,332.0348607381185
2021-01-06,348.7000732421875,351.9019187189158,344.5647799187049,345.11552753738533,107997700,301.08647300720213,332.4731623331706
2021-01-07,353.880859375,354.6276289954362,350.903067797057,351.08043056721175,68766800,301.7352573394775,332.91136576334634
2021-01-08,355.8972473144531,356.1119286701362,352.01398178898427,355.27180554640364,71677200,302.37734786987306,333.4188074747721
2021-01-11,353.4981689453125,355.2624244716988,352.5926957266306,352.7140522127588,51034700,302.9410308074951,333.92034606933595
2021-01-12,353.5727844238281,354.5902701047907,351.32310327167943,353.68482550183654,52547700,303.54094276428225,334.42979024251304
2021-01-13,354.5249938964844,355.52379194885276,352.7140474834026,353.4981642054425,45303600,304.10768547058103,334.9583582560221
2021-01-14,353.2834777832031,355.7758723579935,352.94743994612014,355.27178711492945,49989100,304.68619483947754,335.5480311075846
2021-01-15,350.70703125,352.4619426341767,348.8400787887009,351.6591667497863,107160000,305.3052838897705,336.0735387166341
2021-01-19,353.4607849121094,354.0022171031651,351.6871856917085,353.1714095466067,51233300,305.9119639587402,336.65501098632814
2021-01-20,358.3522033691406,359.1923262780923,355.36506804016375,355.7571121035388,61836100,306.5598769378662,337.2888819376628
2021-01-21,358.6788024902344,359.34159094892334,357.7546703833028,358.9121714859182,47840100,307.13259498596193,337.91007232666016
2021-01-22,357.4093933105469,358.5762386300744,356.4385700282183,356.82129871151545,52860500,307.69772193908693,338.6090983072917
2021-01-25,358.8189697265625,359.1736667921993,353.2834336002094,358.1468656490129,70402000,308.22887840270994,339.34974161783856
2021-01-26,358.2589111328125,360.1818702142021,358.0255420356784,359.77113832425107,42665300,308.7380159759521,340.26013844807943
2021-01-27,349.5028381347656,355.01968606374936,347.2625008838294,354.92633274341165,123351100,309.21507972717285,340.9731679280599
2021-01-28,352.5086975097656,356.5226346350152,350.884457689655,351.32316424973817,94198100,309.6697032928467,341.78958689371746
2021-01-29,345.45159912109375,351.61254871858694,343.77132460135704,350.64172533967934,126765100,310.1168321990967,342.4316869099935
2021-02-01,351.2017822265625,352.2379271972738,345.74094042873577,348.8587477068479,75817600,310.5865363311768,343.0793060302734
2021-02-02,356.1678466796875,357.72676452928016,351.2857841942282,354.3942475276346,64450700,311.0463208770752,343.69334767659507
2021-02-03,356.44793701171875,358.1748738940465,355.1690790166105,356.9986846197431,52427100,311.5307802581787,344.20826263427733
2021-02-04,360.4992370605469,360.54589948348286,356.5599656893547,357.48409816801393,47142600,312.07490112304686,344.79193827311195
2021-02-05,361.9181823730469,362.6276336614402,360.45264585154854,362.3756052504052,48669800,312.5981872558594,345.33109995524086
2021-02-08,364.5318298339844,364.578492252833,362.51551765835177,363.37429987972564,38365200,313.1346337890625,345.9218770345052
2021-02-09,364.2891845703125,364.88662317221474,363.2810425389031,363.69174596841026,35551100,313.65193908691407,346.4678670247396
2021-02-10,364.1303405761719,366.1839993687119,361.72198479894723,366.03463977585176,59154400,314.1496466064453,347.06481119791664
2021-02-11,364.7185363769531,365.63335345454,362.28217677979495,365.213277702474,42913300,314.656378326416,347.59580281575523
2021-02-12,366.52020263671875,366.76288713936884,363.8411013276768,363.9157953957539,50593300,315.137645111084,348.0875742594401
2021-02-16,366.2027587890625,367.94838348385304,365.48399225881036,367.75233294042647,50972400,315.62990646362306,348.6042638142904
2021-02-17,366.2867736816406,366.538802023483,363.43031003691596,364.44782425799957,52290600,316.1580290222168,349.18958791097003
2021-02-18,364.7278747558594,365.47464442889515,361.9461050220427,363.67304193930454,59712800,316.6747627258301,349.72569274902344
2021-02-19,364.0837707519531,366.2774458183221,363.6356918594277,365.9880704358901,83241000,317.17620056152344,350.2890177408854
2021-02-22,361.2833251953125,363.7010253533057,361.01260909636693,361.3113283443458,67414200,317.6725769042969,350.77267100016275
2021-02-23,361.72216796875,363.07572037935256,354.90780045747755,359.07109794974326,107284100,318.15533981323244,351.17440439860025
2021-02-24,365.7080993652344,366.1375190911044,359.64050176323667,360.6299846316439,72433900,318.63609466552737,351.6512461344401
2021-02-25,356.89599609375,365.8107122221224,355.44911916352476,364.43850086453193,146670500,319.07251266479494,351.9655731201172
2021-02-26,355.0570373535156,359.9297848553106,353.0687567328293,358.7816272202917,152701600,319.5266047668457,352.274191792806
2021-03-01,363.66375732421875,364.9146408859305,355.2531535465779,359.9391952565249,105348800,320.04709686279296,352.66490834554037
2021-03-02,360.82598876953125,364.12115944200514,360.3219035186955,363.8877903335086,79595300,320.5378686523438,352.99640096028645
2021-03-03,356.04656982421875,361.096651920439,355.9438726099805,360.12585700592814,119940200,320.9987057495117,353.2497848510742
2021-03-04,351.6405029296875,358.4548679302634,347.1411407192038,355.8598051821406,183433000,321.3973243713379,353.3807800292969
2021-03-05,358.10955810546875,359.1643910019848,347.8506615219816,355.15042536468866,152039600,321.8422528076172,353.6313664754232
2021-03-08,356.3265380859375,361.8900482908478,356.0465066194313,359.0709604074307,123149200,322.25540649414063,353.8355046590169
2021-03-09,361.4140625,363.9717786646601,359.67778162011194,360.1818668416844,113633600,322.7034455871582,354.1758677164714
2021-03-10,363.66375732421875,365.36269136779345,362.3475805463047,363.76645455127345,109899400,323.16015258789065,354.55558420817056
2021-03-11,367.3509216308594,369.3298867988707,365.6799911027068,366.13741385422924,86245000,323.61851943969725,355.00341746012367
2021-03-12,367.845703125,367.9857188856928,365.1759743296628,365.9880942291193,64653600,324.0588514709473,355.484901936849
2021-03-15,370.039306640625,370.3006788390914,365.95067629591756,368.09766017707483,73427200,324.5127323913574,355.92657267252605
2021-03-16,369.5726013183594,371.36485984183645,368.79780004485065,370.6554372330348,73722500,324.95805740356445,356.35147857666016
2021-03-17,370.8327941894531,371.63557011212924,367.1362076288322,368.28439370276624,97959300,325.40401504516603,356.7653193155924
2021-03-18,365.4372863769531,370.32869272760485,364.75583847059136,368.23771507922254,115349100,325.81133499145506,357.112260945638
2021-03-19,364.76116943359375,366.7185215102519,362.57902982560887,365.13577721148323,113624500,326.1963781738281,357.46846974690754
2021-03-22,367.67376708984375,369.0598472746513,365.2200533338156,365.2762430701566,73778600,326.5997631835937,357.88286844889325
2021-03-23,364.77984619140625,368.4885113362142,363.9931613777038,367.0368956527284,90686600,326.9519012451172,358.243901570638
2021-03-24,362.925537109375,367.82361875706545,362.8787218556425,366.1846847460537,97588600,327.2769778442383,358.5517807006836
2021-03-25,364.9672546386719,365.76328555063577,359.5353411325215,361.48334755567373,116128600,327.62336975097656,358.84437052408856
2021-03-26,370.8486633300781,371.2513660035237,365.51978373718055,366.11915050544366,114409100,328.0074189758301,359.24603068033855
2021-03-29,370.6612548828125,371.5696935881857,367.8797490389985,369.36883398437055,108107600,328.47528610229494,359.63632049560545
2021-03-30,369.67791748046875,370.35222281435466,368.07642444952893,369.3875943515062,76262200,328.92164520263674,359.9808171590169
2021-03-31,371.17633056640625,372.7403541757832,370.2210766312015,370.24917149456826,112734200,329.3624072265625,360.4294769287109
2021-04-01,375.1847229003906,375.24094121233566,372.90895304429756,373.1149915856355,99682900,329.7959736633301,360.9054255167643
2021-04-05,380.5698547363281,381.1130603362482,377.77900235176537,377.8539124789563,91684800,330.2624569702148,361.43658854166665
2021-04-06,380.3451232910156,381.3940366320322,379.6708177745414,380.007984823151,62021000,330.72726348876955,361.8776596069336
2021-04-07,380.78521728515625,381.13173016634283,379.71758377503375,380.17647612247123,55836300,331.2024822998047,362.29245910644534
2021-04-08,382.5926818847656,382.64887161223606,381.1035969453254,382.04013051081506,57863100,331.6775732421875,362.7773676554362
2021-04-09,385.3742370605469,385.54283484528173,382.34925154836947,382.4710055003902,61104600,332.15995208740236,363.3073918660482
2021-04-12,385.5147399902344,385.78631418087707,384.1661291967522,384.7748703761354,56704900,332.67988067626953,363.82388763427736
2021-04-13,386.6572265625,387.28471661462214,385.02766733627374,385.4116495202984,56551000,333.1904309082031,364.38011678059894
2021-04-14,385.3368225097656,387.68750278516484,384.7936169300577,386.6292150757349,61659900,333.72817138671877,364.95727996826173
2021-04-15,389.4762268066406,389.747829555442,387.43459040151805,387.48140564960147,60229800,334.2661949157715,365.55753733317056
2021-04-16,390.778076171875,391.3868173846605,389.3451806977681,390.7687016886695,82037300,334.792674407959,366.09796854654945
2021-04-19,388.8581237792969,390.2910191020154,387.52826201872847,389.84150124750823,78498500,335.2995553588867,366.6009572347005
2021-04-20,386.0110778808594,388.7457400683616,384.53133874397116,387.6406372471208,81851800,335.7842855834961,367.07765197753906
2021-04-21,389.6635437011719,389.8695822374006,385.252449845648,385.3929527509193,66793000,336.2649661254883,367.5917282104492
2021-04-22,386.1047668457031,390.3285432917998,385.03713321050617,389.4950430989676,97582800,336.7429898071289,368.0558258056641
2021-04-23,390.29107666015625,391.70525180773853,386.5917853934421,386.6666955199945,73209200,337.2308349609375,368.73562978108725
2021-04-26,391.1058044433594,391.67710483269894,390.35658895453304,390.94660972783475,52182400,337.7310865783691,369.37891489664713
2021-04-27,391.0215148925781,391.6021897569146,389.87894270910715,391.40549711447903,51303100,338.21605728149416,370.13841349283854
2021-04-28,390.9092102050781,392.41704451515596,390.4409432957331,391.29319250043034,51238900,338.71319625854494,370.80020395914715
2021-04-29,393.4002990722656,394.018414673779,390.0100520360835,393.64380695245677,78544300,339.2039041137695,371.4207448323568
2021-04-30,390.8155822753906,391.9769037380899,389.91651774035427,391.1246544654241,85527000,339.6681251525879,371.99353892008463
2021-05-03,391.6584167480469,393.19431720102517,391.1620550150992,392.8103349425953,68128300,340.1414671325684,372.51285858154296
2021-05-04,389.2421875,390.1600009463546,385.54289600428126,389.66363915758245,101591200,340.5984230041504,372.9682586669922
2021-05-05,389.3638610839844,391.12454890125105,388.8019351834701,390.89041549109834,60162200,341.0439518737793,373.3821258544922
2021-05-06,392.47314453125,392.6042443739079,387.42521468380295,389.4387562175052,74321400,341.5018328857422,373.8518585205078
2021-05-07,395.3296203613281,395.9852054159455,392.55748847526587,393.24116839903866,67733800,341.9654330444336,374.37184651692706
2021-05-10,391.4148864746094,395.9102366829871,391.2931325239228,395.68547774679007,81852400,342.4275126647949,374.81678568522136
2021-05-11,387.9215393066406,388.9142625462382,384.03493093492546,386.8820008235796,116888000,342.88175384521486,375.17347462972003
2021-05-12,379.6800842285156,386.4043885112803,378.3595684436156,385.13071655408515,134811000,343.28395599365234,375.3980967203776
2021-05-13,384.2409362792969,386.1795673476631,381.18782813766103,381.2346719578151,106394000,343.7184516906738,375.69733276367185
2021-05-14,390.1411437988281,390.993392781113,386.95693536241697,386.985030226416,82201600,344.16416397094724,376.1208872477213
2021-05-17,389.1484375,389.9632457530462,387.12552146147345,389.0267121378434,65129200,344.61028259277344,376.5386316935221
2021-05-18,385.79571533203125,389.6542298098184,385.63649201897573,389.41072188893645,59810200,345.0277870178223,376.9471715291341
2021-05-19,384.7842712402344,384.962214952343,379.6052403632547,381.0943542868471,106467100,345.42972595214843,377.3315399169922
2021-05-20,388.9237365722656,390.18806285746604,385.54286343600126,385.6645888163089,78022200,345.8464836120605,377.718467203776
2021-05-21,388.6053161621094,391.6584253302021,388.1464237708593,390.4128194386064,76578700,346.25215957641603,378.24695587158203
2021-05-24,392.56683349609375,393.64384150721315,390.609452962444,390.85296086401064,51376700,346.6673667907715,378.872119140625
2021-05-25,391.69580078125,394.00903989913496,391.1151545265216,393.6531525608854,57451400,347.0771078491211,379.3393198649089
2021-05-26,392.47314453125,392.9788520995929,391.24628779570753,392.28582637803873,43088600,347.48610626220704,379.8667724609375
2021-05-27,392.6792297363281,394.0184660906669,392.3982524731179,393.5033839792261,56707700,347.90895782470704,380.477316792806
2021-05-28,393.381591796875,394.5147894803722,393.14745839065523,394.25256120863554,58520200,348.3138424682617,381.1730016072591
2021-06-01,393.03515625,395.89157293552637,392.59498421648266,395.75109858030675,54216600,348.7198190307617,381.75509490966795
2021-06-02,393.6531982421875,394.49610143827164,392.67922377059676,393.69066759286113,49097100,349.12883911132815,382.37720591227213
2021-06-03,392.192138671875,393.3347107292872,389.86017931253383,391.3305438237686,58138800,349.5256005859375,382.89017384847006
2021-06-04,395.77911376953125,396.0788113874911,392.25773821034744,394.04652085532695,55938800,349.9369178771973,383.42542978922523
2021-06-07,395.3951721191406,395.9477235822755,394.4586384024901,395.7697798896526,51555000,350.3528422546387,383.89283396402993
2021-06-08,395.4794616699219,396.3504311779216,393.6438635649378,396.2567720889371,47134300,350.764327545166,384.3533966064453
2021-06-09,394.889404296875,396.3972383219587,394.66464536870893,396.32229962541095,48436300,351.1673078918457,384.76756490071614
2021-06-10,396.7250671386719,397.6803499011452,394.7958098076381,396.11632588813575,51020100,351.56354278564453,385.22010599772136
2021-06-11,397.3806457519531,397.4930252325909,395.98521956612944,397.27764075494946,45570800,351.9575004577637,385.6625701904297
2021-06-14,398.2702941894531,398.37329916833056,396.24737815172665,397.4929552839291,42358500,352.3399362182617,386.2097869873047
2021-06-15,397.53985595703125,398.4576407391281,396.65951194675006,398.4201999673124,51508500,352.7152015686035,386.756098429362
2021-06-16,395.3203125,397.90515522088754,393.26932954452,397.6803962297657,80386100,353.06895401000975,387.2168741861979
2021-06-17,395.1891174316406,396.1724663616995,392.70730889994087,394.90816876040657,90949700,353.42792938232424,387.7236953735352
2021-06-18,389.8579406738281,392.5921451007753,389.65122800614915,391.89685188869595,118676300,353.74501953125,388.172568766276
2021-06-21,395.43896484375,395.6268958014496,390.806756346262,391.6242015312024,72822000,354.0664060974121,388.68043060302733
2021-06-22,397.5531311035156,398.389386740263,394.70615149146886,395.4296600028668,57700300,354.4553472900391,389.125505065918
2021-06-23,397.0739440917969,398.4363433818504,396.9893837502826,397.6283032245522,49445400,354.8549464416504,389.5657165527344
2021-06-24,399.4229431152344,399.8457448281696,398.9719259471938,399.22563564919795,45110300,355.3096183776855,390.0614669799805
2021-06-25,400.8417663574219,401.292783582141,399.84579507613284,400.1746600103502,58129500,355.7409254455566,390.55589090983074
2021-06-28,401.6498107910156,401.81893148712265,400.1652591125572,401.3679429641706,53159600,356.2035841369629,390.9969757080078
2021-06-29,401.86590576171875,402.6739459356344,401.3303282468715,402.03502644822527,35970500,356.6665364074707,391.3519098917643
2021-06-30,402.2042236328125,402.8807351817524,401.37737299808055,401.405559784526,64827900,357.1108125305176,391.7162282307943
2021-07-01,404.4309997558594,404.59074396913576,402.89945103578833,402.9652297515047,53441000,357.55830673217775,392.110324605306
2021-07-02,407.5223083496094,407.87936005714425,404.51558429333807,405.5961445685343,57697700,358.0275067138672,392.5258183797201
2021-07-06,406.7799377441406,407.7947190990981,404.0363291087906,407.57860135192897,68710400,358.50678955078126,392.88258005777993
2021-07-07,408.2176208496094,408.499517372538,405.44582475675105,407.46595413696065,63549500,359.01115844726564,393.2609614054362
2021-07-08,404.89141845703125,405.6524902342203,401.6967636141339,402.8806657894251,97595200,359.5159992980957,393.56486460367836
2021-07-09,409.21356201171875,409.51424014433434,404.69409956711894,406.40417418784455,76238600,360.02697463989256,393.9628102620443
2021-07-12,410.6792907714844,410.93300046535035,408.69675367452527,409.12896052529857,52889600,360.58087890625,394.3161946614583
2021-07-13,409.279296875,411.39339138063787,409.0162107057125,409.89002955289146,52911300,361.12378616333007,394.6245483398437
2021-07-14,409.8900451660156,411.46859091611077,408.64039298286,410.9799818157925,64130400,361.64544052124023,394.97508036295574
2021-07-15,408.49005126953125,409.22293624099797,406.5826693133908,408.54642483085615,55126400,362.13471908569335,395.34972991943357
2021-07-16,405.2860412597656,409.7209432529059,404.89142630984423,409.6739748407586,75874700,362.61643646240236,395.61010487874347
2021-07-19,399.30078125,405.3517919065615,396.4819885344928,400.4470914346093,147987000,363.05651565551756,395.8300384521484
2021-07-20,405.0229797363281,406.3008475109484,399.16927577919,399.96793955404695,99608200,363.51521362304686,396.07557017008463
2021-07-21,408.3021545410156,408.44311713039826,404.97599944679223,406.2256517266708,64724400,364.0051794433594,396.36217600504557
2021-07-22,409.1572265625,409.40153115228975,407.49414887432897,408.4807150382148,47878500,364.47190673828123,396.66443786621096
2021-07-23,413.3665466308594,413.7047879837423,410.406820096168,411.09270795314995,63766600,364.9821284484863,397.0387268066406
2021-07-26,414.3813781738281,414.390783326833,412.7277056770462,412.77467409357666,43719200,365.47032913208005,397.38841145833334
2021-07-27,412.4928283691406,413.3666474180511,409.655224737186,413.33846063177174,67397100,365.935051574707,397.74969889322915
2021-07-28,412.3236389160156,413.70484865800637,410.8954607595387,413.1223026819993,52472400,366.3846598815918,398.0941192626953
2021-07-29,414.03369140625,415.1142229497678,413.244432835135,413.25383798722675,47435300,366.81688507080077,398.50731099446614
2021-07-30,412.02294921875,413.4793140165647,411.32762750222685,411.4591849287355,68951200,367.24974609375,398.8849624633789
2021-08-02,411.1585388183594,414.2967915787936,410.80148711775246,413.74243239731,58783300,367.6885095214844,399.1963857014974
2021-08-03,414.5034484863281,414.6256007542447,409.7584923853187,411.9571471850933,58053900,368.14599609375,399.5159495035807
2021-08-04,412.4645690917969,414.47529306625523,412.22966968933605,413.2162357099742,46732200,368.5942643737793,399.8667775472005
2021-08-05,415.07666015625,415.1612205024383,413.3102120156651,413.62967177045795,38969700,369.08013214111327,400.319362894694
2021-08-06,415.76251220703125,416.18534257573646,415.11418760127896,415.39608407182965,46930000,369.5630618286133,400.9207366943359
2021-08-09,415.4242858886719,416.0538002146291,414.65380898521596,415.73434047583487,41222600,370.0473210144043,401.4404591878255
2021-08-10,415.9410095214844,416.6551127888344,415.18934300002945,415.8752308154411,43339300,370.5254263305664,401.8704569498698
2021-08-11,416.9746398925781,417.0686053915082,415.88470318832685,417.012231826999,44034300,371.00326263427735,402.33422698974607
2021-08-12,418.2243347167969,418.3652973166653,415.92233746699225,416.8243432652148,38909400,371.51704513549805,402.8747039794922
2021-08-13,418.98541259765625,419.0041942286406,418.18674883001233,418.67532930381714,39470300,372.0400703430176,403.4447230021159
2021-08-16,419.9718933105469,420.1034220491868,416.11953784781855,417.6792731297716,73740000,372.6217543029785,403.96219228108725
2021-08-17,417.2189636230469,418.08337743473044,414.2216447172126,417.40686595529536,92673900,373.17424377441404,404.43908640543617
2021-08-18,412.65240478515625,417.7732224017278,412.40812894452165,416.2040820299649,89351900,373.71988800048825,404.77384592692056
2021-08-19,413.2913818359375,414.49409427742756,409.7772960279677,409.9182299315039,92812200,374.2517169189453,405.133772277832
2021-08-20,416.5799560546875,416.9088209320755,413.1504307316215,413.6390398091952,72008700,374.77289352416994,405.5355524698893
2021-08-23,420.2444152832031,421.1558260664564,416.65514571004115,418.2712546656788,54973000,375.277488861084,405.9949722290039
2021-08-24,420.9115905761719,421.44716815686525,420.3948233013429,420.9115905761719,38744700,375.75428161621096,406.4538055419922
2021-08-25,421.7947692871094,422.3115365062703,420.7236142411114,421.0994762269488,40529700,376.23586196899413,406.933132425944
2021-08-26,419.3048400878906,421.74777094308087,419.21087459171173,421.5128715397554,57829600,376.68454376220706,407.36065979003905
2021-08-27,423.0538330078125,423.4296663250528,420.05651427346226,420.1128878373361,77235100,377.15438690185545,407.87502136230466
2021-08-30,424.9142761230469,425.7035347462911,423.4860692744892,423.73037385105744,48357400,377.62130935668944,408.36060740152993
2021-08-31,424.2846984863281,425.1585173900656,423.68337092085335,424.8202760109067,59300200,378.10116439819336,408.8420995076497
2021-09-01,424.51019287109375,425.7410634582663,424.2752934663014,425.22429623742056,48721400,378.5594201660156,409.32594502766926
2021-09-02,425.8162536621094,426.62429386298294,424.61356983864454,425.93840594229823,42501000,379.00343185424805,409.84139251708984
2021-09-03,425.712890625,426.22968653702213,424.27530736753846,424.67935614944514,47170500,379.4559893798828,410.32452290852865
2021-09-07,424.1907653808594,425.4592279980526,423.5142538966394,425.3652624941409,51671500,379.9211065673828,410.7713582356771
2021-09-08,423.6739196777344,424.3880229661524,421.74772756403854,423.6551380501278,56181900,380.3766682434082,411.1947519938151
2021-09-09,421.860595703125,425.2337480854494,421.61629111955517,423.4767049325357,57970400,380.83454986572264,411.60009765625
2021-09-10,418.53436279296875,424.21891687872017,418.41221051546853,423.79611515765436,89948200,381.26590103149414,411.98699849446615
2021-09-13,419.6054992675781,421.8041829670538,417.28469196190423,421.54109677619476,83738600,381.6758377075195,412.39393819173176
2021-09-14,417.3410949707031,421.259201058738,416.44846574600996,421.05248843166396,78197100,382.07705520629884,412.85199076334635
2021-09-15,420.8269958496094,421.32498145214555,416.6551800315069,417.7638983655694,78792200,382.49100830078123,413.275124613444
2021-09-16,420.1598815917969,421.2779763825917,417.2001261406688,420.30081550036397,77786700,382.9091081237793,413.6519037882487
2021-09-17,416.0671081542969,419.80926254964635,415.7089125610423,419.3851062677207,118425000,383.28833984375,413.9684565226237
2021-09-20,409.1295471191406,411.5049087070392,404.2468162615164,409.9213343151068,166445500,383.6293054199219,414.1302332560221
2021-09-21,408.7430419921875,412.77740239408223,408.2151839034243,411.4765989731629,92526100,383.96880294799803,414.2619211832682
2021-09-22,412.730224609375,414.7756961285755,408.85612048010717,411.0241068459511,102350100,384.3135501098633,414.4465947469076
2021-09-23,417.7449035644531,419.35678355873563,414.3703804133432,414.6060323552564,76396000,384.6869027709961,414.71124471028645
2021-09-24,418.43304443359375,419.1494355881211,415.887991791221,416.104801947488,62094800,385.0586767578125,414.9817250569661
2021-09-27,417.2359924316406,418.56504431306104,416.5384429949807,417.39621967244216,61371100,385.43989532470704,415.1951416015625
2021-09-28,408.827880859375,414.78516941905406,408.0926478816121,414.45525091590594,130436300,385.7796308898926,415.2169011433919
2021-09-29,409.5160217285156,411.9573727856747,408.9504512241524,410.21354238310084,82329200,386.1248063659668,415.2625025431315
2021-09-30,404.5107421875,411.7028158417851,404.1713884067889,410.9958599619211,140506000,386.45257690429685,415.2007212320963
2021-10-01,409.3180236816406,411.0052997880748,402.7103622124351,406.2451416508228,129240100,386.7814717102051,415.27449798583984
2021-10-04,404.0394592285156,409.05411133426054,401.89028562676936,408.1492158156004,128570000,387.0812777709961,415.1882629394531
2021-10-05,408.2434387207031,410.49625637556306,404.74637188186426,405.5475654887487,90682500,387.39248321533205,415.1476654052734
2021-10-06,409.9401550292969,410.14752991038995,403.00257494565346,404.6332681429632,113032200,387.7190800476074,415.15867970784507
2021-10-07,413.4843444824219,416.33100970659876,413.05075294528,413.22985073007703,72437500,388.0695585632324,415.21858469645184
2021-10-08,412.730224609375,414.64374599907245,412.0986935121197,414.25727336121037,74557400,388.4191604614258,415.2892542521159
2021-10-11,409.7421875,414.9925198577681,409.67619805003494,412.07042992014857,65233300,388.75228210449217,415.3635233561198
2021-10-12,408.7336120605469,411.0712898886133,407.9418249170345,410.6659754162395,71181200,389.07368621826174,415.52073720296227
2021-10-13,410.20404052734375,411.02410468083355,406.77296321895665,409.7610137268703,72974000,389.38764709472656,415.6070882161458
2021-10-14,417.10394287109375,417.2547635679065,413.4089077144482,413.88021160469805,70236800,389.73942153930665,415.75378468831383
2021-10-15,420.2805480957031,420.64817895672934,418.60270731079913,419.2248319298455,66260200,390.1046049499512,415.9391733805339
2021-10-18,421.5248107910156,421.86413581254226,417.8297753264415,418.48961233422193,62213200,390.46718841552735,416.0751444498698
2021-10-19,424.7768249511719,424.842785639923,422.5428201325496,423.15553826181207,46996800,390.8697888183594,416.24840189615884
2021-10-20,426.4451599121094,426.74680128485727,425.12551486396814,425.23862318722246,49571600,391.268875579834,416.48094075520834
2021-10-21,427.5574645996094,427.78368126436493,425.4083199861109,425.84191151559463,41305400,391.6631625366211,416.7348378499349
2021-10-22,427.11444091796875,428.5755002648435,425.1632358718283,427.123876201105,58845100,392.0293304443359,416.9528503417969
2021-10-25,429.40496826171875,429.7348867422343,426.4263529523227,428.20786672133556,45214500,392.3968690490723,417.2425506591797
2021-10-26,429.79144287109375,432.17623944578014,429.4144055056858,430.9602960997976,56075100,392.77833541870115,417.55309906005857
2021-10-27,427.88739013671875,430.92258842537706,427.8119654031517,430.25334493703315,72438000,393.1499084472656,417.7761647542318
2021-10-28,432.0159912109375,432.09138717390806,429.31071156896627,429.32011808552153,51437900,393.53736343383787,418.1020217895508
2021-10-29,432.89263916015625,433.1848452815996,429.41441402054215,429.7066201419855,70162400,393.93540924072266,418.3989547729492
2021-11-01,433.63726806640625,434.2593926199993,431.9028732955281,433.88232651519985,48433600,394.35006042480467,418.69686737060545
2021-11-02,435.3905334472656,435.70161012769955,433.6749803616617,433.80695926029597,48908400,394.7597091674805,419.0296381632487
2021-11-03,438.0486755371094,438.4539899664902,434.381917575128,434.82494436908786,52509800,395.1581915283203,419.3980992635091
2021-11-04,440.1130065917969,440.19783784094693,438.303186978276,438.6519472579283,52847100,395.56536254882815,419.7837387084961
2021-11-05,441.6401062011719,443.6384304731289,440.1225211938107,442.34706217093657,66390600,395.98651611328125,420.174001566569
2021-11-08,442.0170593261719,443.24246669971006,441.3289740571507,442.7428857270056,50405200,396.4025065612793,420.5578623453776
2021-11-09,440.5560302734375,442.6203436197412,439.1421185987696,442.38469167396323,51149100,396.8139921569824,420.9009312947591
2021-11-10,437.0118408203125,440.5560554928544,435.52253309482785,438.85934412646145,69429700,397.25153717041013,421.23081258138023
2021-11-11,437.1532287597656,438.5860110906729,437.13438695871474,438.51058635425227,34848500,397.67475982666014,421.63915964762367
2021-11-12,440.452392578125,441.0085277991881,437.47374809793996,438.4257913026316,53466700,398.14976379394534,422.0918431599935
2021-11-15,440.60308837890625,441.9038915427437,439.47197645486267,441.74366435073625,46980500,398.59677032470705,422.49222869873046
2021-11-16,442.3470153808594,443.4875628369249,440.2638600648137,440.33925603652415,48857500,399.0276661682129,422.86060536702473
2021-11-17,441.27239990234375,442.2621265199657,440.65027534385655,442.0830287486085,47858300,399.451788482666,423.1999521891276
2021-11-18,442.7711181640625,443.0350471651785,439.5756643046647,442.3092208375317,50625600,399.8631478881836,423.54955800374347
2021-11-19,441.9793701171875,443.9117045350223,441.61173927995986,442.65802009464244,57315600,400.2634538269043,423.9274668375651
2021-11-22,440.735107421875,446.3624767742698,440.52773256865373,443.8645720191761,72762000,400.64447021484375,424.22215474446614
2021-11-23,441.319580078125,442.17735669005066,437.7942358564973,440.4052492954006,73206500,401.0296221923828,424.4955764770508
2021-11-24,442.4977722167969,442.6203158234828,438.49168939015044,439.3117535073813,61858800,401.42145935058596,424.7991277058919
2021-11-26,432.6286926269531,437.2757420644132,431.49755178793635,435.80527623335524,112669600,401.7610101318359,424.93443603515624
2021-11-29,437.93560791015625,439.78311122075047,435.23032801383044,437.4360269059508,86268800,402.11808715820314,425.1364252726237
2021-11-30,429.4144287109375,437.39831833000216,429.1693414654298,435.48482555019865,148559600,402.4341455078125,425.19811757405597
2021-12-01,424.6448059082031,438.00157083991655,424.4468663284383,435.1454704103125,131939200,402.72593566894534,425.20568491617837
2021-12-02,431.1488342285156,432.7230020293936,424.4657478783706,424.86165584108255,127637800,403.05804046630857,425.3302668253581
2021-12-03,427.3972473144531,433.8823649056814,423.1555121550906,432.81724224030523,137331600,403.3746078491211,425.42254435221355
2021-12-06,432.4591064453125,434.34432233227955,427.5292565450936,429.951765863713,98977500,403.7304867553711,425.6546234130859
2021-12-07,441.4043273925781,441.9698977591198,432.3270107462003,437.7564402392346,95484700,404.12889755249023,426.0179372151693
2021-12-08,442.5732116699219,443.02567377766377,440.03759434211855,441.80029512259415,72238800,404.51322311401367,426.4384724934896
2021-12-09,439.5851745605469,442.67692714355326,439.387234967476,441.28185717622887,61272600,404.92666900634765,426.75110880533856
2021-12-10,443.72320556640625,443.87402627279704,439.7359928119884,442.2998872884148,77159800,405.3699998474121,427.14383087158205
2021-12-13,439.79254150390625,443.55353753495234,439.5097418956549,443.2047772409396,87724700,405.75064376831057,427.5392547607422
2021-12-14,436.7667541503906,439.0101654081396,433.8352575809866,436.51226038984663,97264100,406.13034759521486,427.9998748779297
2021-12-15,443.59124755859375,443.836306031787,434.29711945911913,436.8233302887185,116899300,406.56807098388674,428.58067830403644
2021-12-16,439.6794128417969,445.7309387127813,438.1240869835833,445.4481678837098,116568600,407.0082655334473,429.0298314412435
2021-12-17,434.99993896484375,439.60656170872556,433.28782720309647,436.5890765889238,135511600,407.3927174377441,429.3174153645833
2021-12-20,430.3744201660156,430.77169014947333,426.7420931242701,429.9014604647388,107134800,407.76295684814454,429.51643829345704
2021-12-21,438.0174255371094,438.1593076705926,431.6324697258457,433.80807275170514,69806300,408.1459736633301,429.86279551188153
2021-12-22,442.3970642089844,442.5105699227821,437.5634008705162,437.7620647368325,58890200,408.5396401977539,430.4222819010417
2021-12-23,445.14959716796875,446.6536052855438,443.2956035526589,443.3996408121307,56439700,408.92863357543945,431.0161748250326
2021-12-27,451.44952392578125,451.49680835120154,446.4834468354877,446.530731260908,56808600,409.34665267944337,431.7984878540039
2021-12-28,451.0805969238281,452.9156829394374,450.31440448987655,451.88463421803556,47274600,409.7518591308594,432.4945307413737
2021-12-29,451.6576843261719,452.67926475490066,450.1820521140223,451.1847245436323,54503000,410.16228454589844,433.28816782633464
2021-12-30,450.4090270996094,453.0954349828374,449.9455357877482,452.08329420204046,55329000,410.5601657104492,433.99092763264974
2021-12-31,449.27386474609375,451.0711058110778,448.99956890774945,449.9171118694179,65237400,410.9793486022949,434.646489461263
2022-01-03,451.87518310546875,452.0076256878553,448.2239477980202,450.5414331852414,72668200,411.4149186706543,435.28633677164714
2022-01-04,451.72381591796875,454.0224220905845,449.8603534710493,453.303514080452,71178700,411.8351689147949,435.9362299601237
2022-01-05,443.0497741699219,452.1306070232727,442.9551764477384,451.3549461154086,104538900,412.2265185546875,436.4913564046224
2022-01-06,442.633544921875,445.3577975269539,440.25927789073734,442.58626049675826,86858900,412.62505859375,437.05635528564454
2022-01-07,440.883544921875,443.82536910158984,439.5214187529986,442.6429699179935,85111600,413.004640045166,437.5676803588867
2022-01-10,440.3349609375,440.55250393034436,431.9068153934691,437.6769296616079,119362000,413.3520715332031,437.9548639933268
2022-01-11,444.34564208984375,444.44023980411635,437.0620510983953,440.07009675611505,74303100,413.7204934692383,438.35594889322914
2022-01-12,445.5469055175781,447.6090315640581,443.5794060432317,446.0860864554399,67605400,414.09983840942385,438.7563171386719
2022-01-13,439.407958984375,447.3063921299082,438.3769102525567,446.6537054029599,91173100,414.44099655151365,439.0001693725586
2022-01-14,439.587646484375,439.9376320291072,435.0283082374195,436.24855229559944,95890900,414.7630111694336,439.2192108154297
2022-01-18,431.8027648925781,435.08510657220825,430.6865868583265,434.8770031364011,109709100,415.01917572021483,439.2899658203125
2022-01-19,427.319091796875,434.7540044741665,427.04476708624003,433.3540622278281,109357600,415.2540455627441,439.2933766682943
2022-01-20,422.5894470214844,433.9310101841873,420.4611285977612,429.21088211751214,122379700,415.46306671142577,439.1797846476237
2022-01-21,414.29376220703125,423.828616436145,414.26538578156715,421.46381809024535,202271200,415.62157211303713,438.9214899698893
2022-01-24,416.0531311035156,416.5639355956219,398.0050040098035,408.6655038635692,251783900,415.77496658325197,438.72425231933596
2022-01-25,410.9736328125,415.9397100242834,404.0494953719495,409.6398828972748,167997300,415.90226104736325,438.37354634602866
2022-01-26,409.94256591796875,420.02607047448777,405.6669916326692,416.88561104852806,186391100,416.0186877441406,437.9910451253255
2022-01-27,407.9183044433594,417.7085767658078,406.2251293704537,414.55867762115867,149878300,416.1315951538086,437.5623957316081
2022-01-28,418.0491027832031,418.0963872077387,404.68325664580124,409.28041120998864,164457400,416.2744595336914,437.273371887207
2022-01-31,425.57861328125,425.9285988508346,416.0248212857858,417.37747913959595,152251400,416.4484622192383,437.06553751627604
2022-02-01,428.4541931152344,429.09741136310794,422.76920842520514,426.30693765567827,123155400,416.646442565918,436.87122395833336
2022-02-02,432.6162109375,433.3445584287272,428.5487405020681,430.8662544052309,117361000,416.87946823120114,436.72082570393883
2022-02-03,422.44757080078125,428.4730722035846,421.6056887562871,426.5623255842212,118024400,417.0433883666992,436.39466756184896
2022-02-04,424.43408203125,428.2934208063521,419.8274299173056,422.21116548081926,118454400,417.23503494262695,436.12596842447914
2022-02-07,423.07196044921875,426.6002216728821,421.7382105038977,425.20027930229384,84472900,417.3989393615723,435.8936370849609
2022-02-08,426.5528869628906,427.4798983462463,421.142226961754,422.5705744611604,81012000,417.57617477416994,435.7169647216797
2022-02-09,432.79595947265625,433.1175685965065,430.4027846055387,430.6014195917351,92589900,417.7850469970703,435.5893575032552
2022-02-10,425.0205078125,432.95675649430774,423.0151633217596,426.9312545906798,140103700,417.9556034851074,435.32964782714845
2022-02-11,416.6396484375,427.18664391321806,415.20186134997584,425.1056385655254,153214600,418.0718002319336,434.9011917114258
2022-02-14,415.2774963378906,417.7179843894402,411.7965201108774,416.1288468336951,123006300,418.1941098022461,434.4679433186849
2022-02-15,421.9746398925781,422.14489845233356,419.2125426099258,419.7328155876255,88482700,418.34569091796874,434.12133534749347
2022-02-16,422.44757080078125,423.82860491443665,418.03958333979466,419.92195353446533,84863600,418.5117178344727,433.7958053588867
2022-02-17,413.423583984375,422.41928787627376,412.8182105012126,419.2504517040746,102259100,418.6320164489746,433.34061330159506
2022-02-18,410.74658203125,414.9369979489971,408.46691286548753,413.6789090102442,132642900,418.72338363647464,432.83106333414713
2022-02-22,406.33856201171875,411.94785655168494,402.8291806124182,408.5331017233057,124391800,418.77842834472654,432.22840983072916
2022-02-23,399.13067626953125,409.8290216743736,398.5631188932216,409.26146429806397,132578000,418.8170072937012,431.6701095581055
2022-02-24,405.13726806640625,405.57241177540527,388.43235684105287,388.79178196515704,213942900,418.9030859375,431.1234705607096
2022-02-25,414.07623291015625,414.16136219529494,404.72107583636694,406.376434848572,121804500,419.0750666809082,430.86783396402996
2022-02-28,413.0168151855469,414.501915654171,407.4075197600478,408.66557993038384,145615000,419.2189460754395,430.67403411865234
2022-03-01,406.7264709472656,413.52763436039083,404.0116577742562,411.51282123663765,137785900,419.30187271118166,430.2669947306315
2022-03-02,414.2087097167969,415.9397297253389,408.23049146199816,408.9872155261009,117726500,419.42717407226564,430.0471857706706
2022-03-03,412.146484375,417.25444275036347,410.33977507312505,416.6490694177286,105501700,419.55892791748045,429.7086420694987
2022-03-04,408.79803466796875,409.93312072448435,404.7400320130342,408.4007357845267,113978200,419.67899673461915,429.1652038574219
2022-03-07,396.74688720703125,408.9208628174518,396.68066593423123,408.2114234101577,137896600,419.71811248779295,428.4014317830404
2022-03-08,393.7389831542969,404.10625256186984,392.67008952422367,396.9267271799458,164772700,419.74378082275393,427.63732859293617
2022-03-09,404.29547119140625,406.28190798476885,399.9537039976244,402.14824424299974,116990800,419.80242401123047,426.9801996866862
2022-03-10,402.46978759765625,403.3683936870223,397.7023458467199,399.6698454526476,93972700,419.8562939453125,426.35815378824867
2022-03-11,397.3523254394531,405.5818059910525,396.8415209370115,404.9669642223323,95636300,419.8806898498535,425.7012466430664
2022-03-14,394.4483642578125,401.5900437184911,393.3038099407346,398.12800434178155,95729200,419.88953552246096,424.88219858805337
2022-03-15,403.12255859375,403.75630854434826,395.7916818763262,397.06865021078295,106219100,419.9382403564453,424.2729176839193
2022-03-16,412.0614318847656,412.1181847431763,401.8265763662033,406.6413318363514,144954800,420.03337173461915,423.8906092325846
2022-03-17,417.2166442871094,417.2166442871094,409.7627953751919,410.1411573323763,102676900,420.15118896484375,423.6713129679362
2022-03-18,421.786376953125,422.10898522065065,414.8597246560477,415.59983278904184,106345500,420.29916015625,423.4007954915365
2022-03-21,421.6629943847656,423.6271083158259,418.1427105740209,421.6155341135983,88349800,420.4285795593262,423.0552276611328
2022-03-22,426.59710693359375,427.5364671803006,423.0578558191134,423.0578558191134,74650400,420.58458923339845,422.7460194905599
2022-03-23,421.1031188964844,425.553264705478,421.0177251614294,424.05408198421577,79426100,420.71270751953125,422.24024607340493
2022-03-24,427.4510498046875,427.4605476512933,422.01411175984157,423.13375729905124,64736900,420.8755157470703,421.84642028808594
2022-03-25,429.5384521484375,429.813629026265,425.4963085380302,428.0867008309711,77101300,421.03958267211914,421.477766418457
2022-03-28,432.5938720703125,432.5938720703125,427.04304675034354,428.94076282849704,68529800,421.21564880371096,421.18084716796875
2022-03-29,437.9453430175781,438.4387676476558,433.79883871425596,436.4935916191658,86581500,421.41402404785157,420.9920384724935
2022-03-30,435.2411804199219,437.6133254430153,433.1252166348571,436.79729249751,79666900,421.602530670166,420.714805094401
2022-03-31,428.5422058105469,435.2980695823939,428.086743583502,434.4725678233123,121699900,421.7686401367188,420.328444925944
2022-04-01,429.7567138671875,430.2690762616763,426.1700323215467,430.1267533743183,89048800,421.9414781188965,420.1068939208984
2022-04-04,433.4382629394531,433.5426523625932,429.13046906348876,429.9559707763532,59601000,422.1593797302246,419.9536392211914
2022-04-05,427.9634704589844,434.4156939980702,426.81536025846015,431.93918824030493,74214500,422.32200225830076,419.7383046468099
2022-04-06,423.6840515136719,425.97080270252854,420.7900462798935,424.0351532872962,106898000,422.45265686035157,419.4607894897461
2022-04-07,425.8190002441406,427.640820370861,420.8469935201735,422.8016387112071,78097200,422.5963821411133,419.152012125651
2022-04-08,424.68035888671875,427.5838618920814,423.1337157978344,425.0598962746841,79272700,422.7226692199707,418.80423634847006
2022-04-11,417.421630859375,422.24181683640415,416.9187372695067,421.397319303444,89770500,422.80556854248044,418.4377975463867
2022-04-12,415.87493896484375,422.95341082268646,414.3187981025761,420.41994747730763,84363600,422.8766941833496,418.0425857543945
2022-04-13,420.6382751464844,421.3973500313862,415.4480202657074,415.62830561832044,74070400,422.9705560302734,417.856510925293
2022-04-14,415.4005126953125,421.9855889099312,415.29612326761054,420.8659145684745,97869500,423.03653747558593,417.65786794026695
2022-04-18,415.5713195800781,417.26028558117775,413.33199974941584,414.4706408777996,66002500,423.09223907470704,417.54089914957683
2022-04-19,422.2797546386719,423.00086699763705,415.29614499530715,415.4669324784689,77821000,423.16602630615233,417.6739990234375
2022-04-20,421.9666442871094,424.6803932967964,420.7995674484736,424.06364137177405,65224400,423.24195983886716,417.7725575764974
2022-04-21,415.65679931640625,426.99566580375813,414.7459035993521,425.60084316349423,85417300,423.2791557312012,417.8506103515625
2022-04-22,404.2514343261719,415.6756627769985,403.6821137856455,414.5655152319754,132471800,423.27595581054686,417.7557581583659
2022-04-25,406.5951232910156,406.7659107697977,397.41965431182905,402.00265435707155,119647700,423.2628636169434,417.7337051391602
2022-04-26,394.8197937011719,404.25144391924186,394.79132912131234,404.05216290337904,103996300,423.1835661315918,417.34654998779297
2022-04-27,395.9300231933594,401.29109481653217,393.7856235009425,395.90155860761035,122030000,423.11681976318357,416.85240681966144
2022-04-28,405.9308776855469,407.6673037805403,396.2430470687456,400.6931927368039,105449100,423.09702392578123,416.4770182291667
2022-04-29,390.9295349121094,404.09019204899124,390.17992890957805,401.9267967519265,145491100,423.0092213439941,415.78224029541013
2022-05-02,393.28271484375,394.64907282127996,384.3064963886446,390.99596335297906,158312500,422.94920471191404,415.296159362793
2022-05-03,395.0854797363281,397.5050559376166,392.2199101812944,393.7855489717306,100028200,422.9281282043457,414.80701599121096
2022-05-04,407.1169738769531,407.68629441618054,392.5519991195414,395.7496456535838,144247900,422.9385981750488,414.54109954833984
2022-05-05,392.64691162109375,403.26463455087514,388.5004069530426,402.83763688449426,172929100,422.8603219604492,413.9759999593099
2022-05-06,390.30322265625,393.58626302991394,384.98014349725037,390.075506016204,151770800,422.766051940918,413.2677876790365
2022-05-09,377.8067932128906,385.62537367241526,376.2221876512533,384.3823720398505,155586100,422.58825317382815,412.4808924357096
2022-05-10,378.6797180175781,385.3122258608909,374.6281049717166,383.80354518634044,132497200,422.40974487304686,411.8482269287109
2022-05-11,372.6639709472656,383.37658562932586,371.9143650365518,377.71190234105785,142361000,422.2106005859375,411.13800150553385
2022-05-12,372.27490234375,375.5579425463097,365.45261177508553,369.45679324266854,125090800,422.0103569030762,410.3096725463867
2022-05-13,381.1752014160156,382.5605258590705,375.3776645184311,376.421414012587,104174400,421.846064453125,409.6217997233073
2022-05-16,379.6286315917969,383.31020563192266,377.265984202447,379.5242711006799,78622400,421.68409286499025,409.05855051676434
2022-05-17,387.4377136230469,387.6749281280144,381.99124889833473,385.73924965956155,83029700,421.5654887390137,408.6700693766276
2022-05-18,371.8194885253906,383.1488555613553,370.57648684005943,382.86420973908423,117674500,421.352068939209,408.0947514851888
2022-05-19,369.5422668457031,373.98294475283024,367.31244452339,368.7452295179755,98510700,421.1374574279785,407.601611328125
2022-05-20,369.7034912109375,376.7250335567143,361.07837677134614,373.1383520179056,131432200,420.91059158325197,407.01104838053385
2022-05-23,376.6207275390625,377.38930019728645,370.415188153358,372.7398728634355,76414900,420.7148826599121,406.3867899576823
2022-05-24,373.7456970214844,374.9412384284281,367.1700889774752,372.4836996470706,91448800,420.50648971557615,405.7322713216146
2022-05-25,377.0476989746094,379.02133983121746,371.84797566495524,372.24647980927637,91472900,420.3120231628418,405.2376251220703
2022-05-26,384.58160400390625,386.2231386417738,378.0724525251895,378.2812024273643,82168300,420.1500579833984,404.7438400268555
2022-05-27,394.0227355957031,394.1365939090982,386.8493722833649,387.04862433180637,84768700,420.029049987793,404.4417775472005
2022-05-31,391.8119812011719,395.1614492463279,389.0602984118207,392.4002686094712,95937000,419.89318283081053,404.15867665608727
2022-06-01,388.6427307128906,394.9526303936965,386.1187650491988,393.93737437755783,86585800,419.7365370178223,404.0236073811849
2022-06-02,396.0439147949219,396.0913461194014,386.22322720889935,388.4815142256935,79609600,419.63066177368165,404.06202290852866
2022-06-03,389.54425048828125,392.86525416229904,388.5669277082016,391.30911282718364,71874300,419.51512100219725,403.8161692301432
2022-06-06,390.7303161621094,395.3037905604016,389.55371233393424,393.5673928404074,57508900,419.4023156738281,403.6205113728841
2022-06-07,394.4782409667969,394.93370326048847,386.76402029869297,387.22898043918536,59272400,419.2918070983887,403.5726099650065
2022-06-08,390.1894226074219,394.5541755868327,389.39238529138436,392.76081990811025,64350000,419.14153213500975,403.5016276041667
2022-06-09,380.9095458984375,390.68277140939495,380.9095458984375,388.40551807213615,86289800,418.94152191162107,403.13141072591145
2022-06-10,369.8647766113281,375.53895695216045,369.8173453017882,374.6849906825372,132893900,418.6818719482422,402.4281331380208
2022-06-13,355.82177734375,362.28349850376446,354.2087070370515,360.42374478876593,170004900,418.3644566345215,401.4048853556315
2022-06-14,354.7495422363281,358.6114013157457,351.6372890983715,357.5771495518812,104011800,418.02293518066404,400.2876047770182
2022-06-15,359.8069763183594,364.2665916822706,353.089045254612,358.06105206229864,125666800,417.6973986816406,399.2566711425781
2022-06-16,347.8987731933594,351.96938204270447,345.460201230786,351.5613800602234,134473300,417.31546905517575,397.94503224690754
2022-06-17,348.6487731933594,352.00319986018303,345.1323892326363,348.3152615671358,111113900,416.9361619567871,396.73745981852215
2022-06-21,357.4255065917969,358.81681534819097,354.3188581815829,354.3951110098947,76811900,416.59420822143557,395.57036743164065
2022-06-22,356.77752685546875,360.9038171947583,352.7655576024374,353.18486094043567,90059400,416.2495314025879,394.35768534342446
2022-06-23,360.2748718261719,361.0086381463317,355.3481010957897,358.92168935710464,79292100,415.9299519348144,393.1523686726888
2022-06-24,371.7293701171875,371.7389089912618,363.4291246578567,363.45771219814634,98050300,415.6702291870117,392.04876912434895
2022-06-27,370.3094482421875,372.9491278864309,369.2135538308483,372.65371362985945,66009600,415.412473449707,390.9665735880534
2022-06-28,362.7430114746094,374.6645107225344,362.62866130813416,371.87235419067196,86548900,415.1335166931152,389.8699203491211
2022-06-29,362.4476013183594,364.286801041329,360.6179404700163,363.29574686594935,65676000,414.8477272033691,388.74810180664065
2022-06-30,359.50299072265625,362.75257724327525,355.033620532644,358.5404949469073,112508300,414.55853668212893,387.515847269694
2022-07-01,363.3052673339844,363.7436484326006,356.21526590396945,358.84543616792405,74839700,414.27092803955077,386.438210550944
2022-07-05,363.9913330078125,364.01041075424905,355.35754763192216,358.19736906756344,81438000,413.99008529663087,385.4433319091797
2022-07-06,365.2206726074219,367.7174146268019,361.7423863037376,364.1342879585382,70426200,413.7358531188965,384.43335978190106
2022-07-07,370.6906433105469,371.49112350460933,365.2397294426553,367.0027052771426,64525900,413.54365859985353,383.53353118896484
2022-07-08,370.3857116699219,372.26303762487726,367.51730255509904,369.05154895851365,72397800,413.3518719482422,382.749599202474
2022-07-11,366.1545715332031,368.6703621550962,365.45890265708556,367.69835676876295,58366900,413.11899368286134,381.9209264119466
2022-07-12,362.91448974609375,367.99376527770045,361.1610528959377,365.60183463812973,62219200,412.8448416137695,380.9588633219401
2022-07-13,361.0086364746094,363.9532987804005,357.0348226323127,357.4541259795869,84224600,412.5577195739746,380.05233205159504
2022-07-14,360.13189697265625,361.2182525694564,353.585088606192,356.0341654064419,89704800,412.2721990966797,379.1283416748047
2022-07-15,367.01226806640625,367.1266182327333,362.6381997127906,364.5536231626373,79060400,412.06312103271483,378.2072168986003
2022-07-18,363.9818420410156,370.78593810865794,362.75251969143335,370.10934695957155,63203600,411.8354501342773,377.24080352783204
2022-07-19,373.81634521484375,374.38812509860895,367.26002700439284,367.9175404264999,78506000,411.6819781494141,376.54346262613933
2022-07-20,376.1987609863281,377.61868645262103,372.63471171351443,374.00697188868077,71843800,411.5163818359375,376.07591807047527
2022-07-21,380.0296325683594,380.07726877334886,373.2064587109506,375.6174381384512,64903900,411.3963327026367,375.6331598917643
2022-07-22,376.50372314453125,381.35427008262405,374.2738075771249,380.15356421213477,72197300,411.23763412475586,375.32789204915366
2022-07-25,376.961181640625,377.8188370654713,374.7121881521154,377.1327069092067,53631500,411.0727392578125,375.0117446899414
2022-07-26,372.5013122558594,375.52216914554964,371.6055305018474,375.31251747797376,52946400,410.86782409667967,374.45458526611327
2022-07-27,382.1737976074219,383.9272346038622,375.51260989744463,375.8080241745554,82342100,410.7150419616699,374.3086563110352
2022-07-28,386.96710205078125,387.6627417716443,379.4196728167708,382.98375035485293,73966600,410.60116653442384,374.203396097819
2022-07-29,392.608642578125,393.5997257422066,387.63420717412276,388.40609981595657,87003700,410.5205416870117,374.1621154785156
2022-08-01,391.44610595703125,393.9619262005739,389.1876026959049,389.9023203902835,69997500,410.4267520141602,373.9009343465169
2022-08-02,388.86358642578125,393.5711957915866,387.6819291877356,389.8737184031951,63435400,410.2855502319336,373.83787892659507
2022-08-03,394.9529724121094,396.12509070824535,390.71230285807104,390.9981782761689,67820600,410.15891235351563,373.9153747558594
2022-08-04,394.6861267089844,395.562830670343,393.0375009919587,394.87670061792033,45656600,410.0247189331055,374.1966969807943
2022-08-05,394.01904296875,394.6670466027406,390.3311048647374,390.38827994526997,56814900,409.87093002319335,374.45235239664714
2022-08-08,393.5616455078125,397.9738404362048,392.4562120570023,395.715337324213,53886100,409.7065124511719,374.80064697265624
2022-08-09,391.9988098144531,393.3329436008308,390.92196391054046,392.82787762877587,44931800,409.5287191772461,375.1293787638346
2022-08-10,400.2323303222656,400.3752971125264,397.11617195301557,399.07926069918796,68665700,409.3943086242676,375.4469975789388
2022-08-11,400.2323303222656,404.95901714510643,399.4890251570347,403.0912008165285,59489700,409.2484454345703,375.79039255777997
2022-08-12,407.00787353515625,407.1126848285764,401.2234185174377,402.1763753606097,61694500,409.1345275878906,376.11656188964844
2022-08-15,408.68511962890625,409.2092634211038,404.7303539478563,404.78752904054124,54048300,409.03851623535155,376.73098907470705
2022-08-16,409.4855651855469,411.4200664046575,406.79821992098886,407.60823905019834,59289000,408.9258641052246,377.3967107137044
2022-08-17,406.5789489746094,409.2948812439527,404.5682244020966,405.87377035970786,63563400,408.7942956542969,378.0113016764323
2022-08-18,407.7607116699219,408.4468126683968,405.4831308884467,406.7791382170342,49023200,408.66491287231446,378.5303014119466
2022-08-19,402.28118896484375,405.25440946456814,401.4044559314192,404.98758272951426,68016900,408.49936614990236,379.0058929443359
2022-08-22,393.9046936035156,397.6021705890649,392.99937302336656,397.43061626518767,77695600,408.27864624023437,379.28684285481773
2022-08-23,392.9517822265625,395.8773668795127,392.39905094051335,393.4758968870475,49105200,408.0428401184082,379.4263458251953
2022-08-24,394.20965576171875,395.5818868105569,392.0369154016521,392.72301638510424,49177800,407.8056878662109,379.4294611612956
2022-08-25,399.77490234375,399.8225385492928,394.609863874263,395.70575833914074,50942300,407.5944770812988,379.5621765136719
2022-08-26,386.242919921875,400.2037312847819,386.1857448401869,399.6605680087445,103087000,407.322911529541,379.52217966715494
2022-08-29,383.68902587890625,386.74800926201755,382.3263045463414,383.27926140804027,65370800,407.056297454834,379.31626485188804
2022-08-30,379.47698974609375,385.0899203011062,377.3709629694345,384.8516810568073,85652400,406.7679162597656,379.1484771728516
2022-08-31,376.5894775390625,382.36439367038383,376.4560787038959,381.1160225349225,76029700,406.4486016845703,378.91279652913414
2022-09-01,377.7712097167969,378.11426026201076,371.69133967759535,374.4072728216257,78740100,406.13444229125975,378.6343460083008
2022-09-02,373.7877502441406,382.66931422719347,371.96759934267,381.4495307376448,99632100,405.79164596557615,378.3609848022461
2022-09-06,372.37738037109375,375.5793010181184,370.1474651172163,374.6358831635364,76637400,405.4471708679199,378.21878204345705
2022-09-07,379.0671081542969,379.8390007408785,371.84370929408584,372.0628707187139,70964200,405.1286508178711,378.37215423583984
2022-09-08,381.5447692871094,382.0021698440257,375.5792516472874,376.7895251452927,80821700,404.8264778137207,378.8008707682292
2022-09-09,387.47222900390625,388.33942315556953,383.52697401163135,383.79380074430213,76706900,404.5601634216309,379.3462488810221
2022-09-12,391.63665771484375,392.360914189905,389.2447268378426,389.5496799938614,69256300,404.31174880981445,379.8767435709635
2022-09-13,374.6073303222656,384.1368984857324,373.48284825864073,382.92662471653426,122947100,403.9722966003418,380.32188618977864
2022-09-14,376.0367736816406,377.561510437167,372.72047341951594,375.912884639726,85023700,403.68933700561524,380.7783528645833
2022-09-15,371.76751708984375,377.3327815354644,370.4905584164042,374.473911020677,87633800,403.35849655151367,381.0173863728841
2022-09-16,368.93133544921875,369.59157905276464,365.63011743148934,367.57259441105026,103084800,403.05608108520505,381.2199498494466
2022-09-19,371.7923278808594,371.7923278808594,365.69706243853807,365.7736284944843,73278500,402.79181869506834,381.41190745035806
2022-09-20,367.5247497558594,369.467197620889,364.75940646491324,368.45291622543897,77274900,402.47369827270506,381.3418304443359
2022-09-21,361.1137390136719,372.51963061277917,361.10416095449915,369.4576302203021,106746600,402.1422807312012,381.1885686238607
2022-09-22,358.0804138183594,361.98443625276843,357.3340552999548,360.33861628892794,89472600,401.77038726806643,381.1108586629232
2022-09-23,352.080810546875,354.63564059434674,347.62178673365196,354.5973575655179,122346900,401.3237696838379,380.9380788167318
2022-09-26,348.5978698730469,354.2434061426016,347.3730754647319,350.607305955811,92581200,400.8538929748535,380.7563268025716
2022-09-27,347.7079162597656,354.42514263246454,345.3061598238864,352.14778414446056,108294100,400.3945066833496,380.49637095133465
2022-09-28,354.549560546875,356.2432124213187,346.96157731312644,348.66480724606794,110802200,399.94863845825193,380.3390080769857
2022-09-29,347.1433410644531,351.2770028154836,344.186612303056,350.98995311103505,112952300,399.4853924560547,380.03771921793617
2022-09-30,341.77532958984375,350.1288276674464,341.64138277467254,346.19607091427036,153711200,399.01043533325196,379.55579732259116
2022-10-03,350.798583984375,352.65491669915065,343.7177419885129,345.50708670190903,89756500,398.54647201538086,379.2293451944987
2022-10-04,361.6686706542969,361.6973756271638,350.7603429439157,356.3388901479635,103602800,398.1564183044434,379.15458017985026
2022-10-05,360.82659912109375,363.09437945569084,354.951424456926,357.2861927916206,88065700,397.7855516052246,379.11978200276695
2022-10-06,357.1044006347656,362.38631999103904,356.6068088422916,359.42001295633844,82333500,397.41920150756835,379.0547114054362
2022-10-07,347.1433410644531,357.190489539672,345.3731233499691,353.0567985872474,107789500,396.9648310852051,378.83823547363284
2022-10-10,344.4928283691406,348.50212184161734,342.24420395687974,348.2629039933855,76042800,396.47530990600586,378.4629114786784
2022-10-11,342.3111267089844,347.3729840208437,340.3686791539774,342.78956235505893,92482800,395.96111755371095,378.1017328898112
2022-10-12,341.18212890625,344.30153960769394,340.9333329505069,342.72270733783915,76991800,395.40978057861327,377.55782928466795
2022-10-13,350.18621826171875,351.6598083555464,333.09648032022864,334.14904467296265,147254500,394.9053086853027,377.12428690592446
2022-10-14,342.2059326171875,354.2912233950089,341.5648159134059,352.6549522321895,123737000,394.3580499267578,376.49389190673827
2022-10-17,350.99957275390625,352.1095470782715,341.8710114527869,348.31076646522916,93168200,393.8610026550293,376.0688227335612
2022-10-18,355.12371826171875,359.25741007782193,351.66939702235186,358.95120419483646,97162900,393.39025192260743,375.70486501057945
2022-10-19,352.6071472167969,355.8126725772297,349.7843646155051,353.07600490663964,79746900,392.89391174316404,375.37329559326173
2022-10-20,349.650390625,356.5972865092172,348.8848759647924,352.15738908420826,88283100,392.3835446166992,374.83123881022135
2022-10-21,358.1474304199219,358.63541501231197,347.86106212496895,349.37290619784375,131038400,391.9590328979492,374.35091094970704
2022-10-24,362.5299072265625,363.6685866686993,357.01831794034774,359.6784487928094,85436900,391.55851470947266,373.84959869384767
2022-10-25,368.3189697265625,368.63472445502714,362.33852319095206,362.4533430922119,78846300,391.1956918334961,373.46414642333986
2022-10-26,365.5440368652344,370.8642400246991,364.90294931837184,365.1612941087104,104087300,390.8217372131348,373.0754872639974
2022-10-27,363.592041015625,368.3955254058148,362.97005118304014,366.54877042964904,81971800,390.4179692077637,372.552805074056
2022-10-28,372.24212646484375,372.7205621969107,363.3049504940016,363.486758408299,100302000,390.0514453125,372.1787384033203
2022-10-31,369.55328369140625,371.6488343281588,368.6442734105965,369.7733746190449,96631300,389.70217193603514,371.77097574869794
2022-11-01,367.9361877441406,373.55304750624583,366.759254586953,373.313829651351,85407600,389.34391464233397,371.34388478597003
2022-11-02,358.7024230957031,371.8689845944629,358.5971812448632,367.34297177891386,126990400,388.9784129333496,370.78894500732423
2022-11-03,355.0089111328125,358.0613336104434,352.88465519542365,355.44906385457017,87100100,388.6168620300293,370.03522135416665
2022-11-04,360.1185607910156,362.5298662303547,354.04242150065716,360.74052136688584,103505200,388.30450759887697,369.3666585286458
2022-11-07,363.56329345703125,364.15654904195054,359.3339090978177,361.4198817033071,68286900,388.050855255127,368.6425821940104
2022-11-08,365.52490234375,368.51033666449064,361.4294936112006,364.6732727169054,84641100,387.79821411132815,367.9232452392578
2022-11-09,357.9942932128906,364.70197091504775,357.4967014075901,363.5441355230192,78495500,387.53331741333005,367.0650573730469
2022-11-10,377.6676025390625,378.00251339358414,369.00792742280294,371.31396196649206,141455800,387.37194259643553,366.5832015991211
2022-11-11,381.32281494140625,382.1265833794771,376.6341219172314,378.5287377221533,93839900,387.2389651489258,366.14256998697914
2022-11-14,378.0789489746094,382.92071497584607,377.8014481464744,379.5525388188877,71903500,387.0391143798828,365.7391993204753
2022-11-15,381.3036193847656,384.95887460948086,377.47613434143494,383.8489004427477,93194500,386.8177394104004,365.52918141682943
2022-11-16,378.394775390625,380.6242727188842,377.76323681489697,379.6674013983378,68508500,386.5674423217773,365.2865646362305
2022-11-17,377.2369689941406,377.9163687088292,373.3138196401911,373.6199962931831,74496300,386.29054611206055,365.0036865234375
2022-11-18,378.94976806640625,380.6529979395274,376.08873201022436,380.5860099351908,92922500,386.0730570983887,364.65660095214844
2022-11-21,377.5718688964844,378.74883118944996,375.7251141679959,377.6197299856339,51243200,385.8387460327148,364.51208343505857
2022-11-22,382.6529235839844,382.8156045946471,378.1077837621158,379.52396415596064,60429000,385.6366508483887,364.49481506347655
2022-11-23,385.0642395019531,385.5522241069887,382.08835397059227,382.31799378472664,68261600,385.429207611084,364.58793589274086
2022-11-25,384.9780578613281,385.53305962661244,384.2221504796513,384.49962216089574,30545400,385.1901181030273,364.7277455647787
2022-11-28,378.8349304199219,383.52359408000194,378.0694158378015,381.8777742301874,67881600,384.9591902160644,364.74547424316404
2022-11-29,378.1842956542969,380.16499726824185,376.3375116508364,378.9689080128027,52310000,384.76691345214846,364.81875
2022-11-30,390.0972595214844,390.0972595214844,376.50970545498825,378.43299678751555,144566700,384.6410122680664,365.1140813191732
2022-12-01,389.8102111816406,392.3172091630941,387.29363514332283,391.1402470231034,76398200,384.4801901245117,365.29313303629556
2022-12-02,389.3605651855469,390.26957554211833,384.7962988819975,384.9015407248155,85342700,384.31475509643553,365.4233963012695
2022-12-05,382.3562316894531,387.46592136062503,380.99749068100294,386.52820609599246,77289800,384.15941833496095,365.338129679362
2022-12-06,376.8446350097656,382.7389660938728,374.74911359581864,382.1935716115177,77972200,383.9899085998535,365.09159596761066
2022-12-07,376.20355224609375,378.576603761954,375.0648729769194,375.9930393761272,65927900,383.8392335510254,365.1181996663411
2022-12-08,379.1507263183594,380.2224176484129,376.3088170014075,378.09819110581316,60737900,383.73933380126954,365.17009887695315
2022-12-09,376.318359375,380.4711774858571,376.1939614285939,377.9067693033474,81447700,383.5952392578125,365.2459462483724
2022-12-12,381.74383544921875,381.74383544921875,376.4427600120724,377.11255243392947,75405800,383.43357727050784,365.45948791503906
2022-12-13,384.63360595703125,392.78613994486886,381.85868467865026,392.52779517391076,123782500,383.2916612243652,365.6735092163086
2022-12-14,382.1744079589844,388.01132898247715,379.2176790178847,384.28908544733156,108111300,383.1689009094238,365.9176701863607
2022-12-15,372.8257751464844,378.2033872647171,371.16082840278256,377.29434783488267,117705900,382.9619862365723,366.11287078857424
2022-12-16,368.42413330078125,371.60591903070724,366.28053050111725,370.2601535058197,119858000,382.74337448120116,366.28526611328124
2022-12-19,365.300048828125,368.95287477023777,363.62745650152823,368.6164260296432,79878100,382.52588455200197,366.5055867513021
2022-12-20,365.7999267578125,367.4244675561658,363.2141206035338,364.5406714883894,74427200,382.3711497497559,366.7922876993815
2022-12-21,371.26953125,372.4038173364099,367.86664365527946,368.40494991105,78167400,382.25880249023436,367.1849812825521
2022-12-22,365.972900390625,371.2502371282494,360.25336052462114,368.21263547412264,100120900,382.06718963623047,367.3753702799479
2022-12-23,368.07818603515625,368.22236999693916,363.38720557518013,364.94445103342724,59857300,381.89523162841795,367.72428436279296
2022-12-27,366.6266174316406,368.30883188044186,364.9444029828394,367.9627904177246,51638200,381.7416030883789,368.1384724934896
2022-12-28,362.0701599121094,368.53948537894604,361.83946564754007,366.5592520446096,70911500,381.5797120666504,368.32633209228516
2022-12-29,368.5875549316406,369.4623098415616,364.39642312891414,364.92513662505775,66970900,381.4070370483398,368.44164683024087
2022-12-30,367.6166687011719,367.76085262399994,363.7716076364888,365.89602499627745,84022200,381.1848132324219,368.5548146565755
2023-01-03,366.0690612792969,371.4617455709304,363.19485806302197,369.4815413852033,74850700,380.9290753173828,368.7042256673177
2023-01-04,368.8952331542969,370.93311118520086,365.28086572711294,368.3376827734689,85934100,380.6646195983887,369.06675720214844
2023-01-05,364.6848449707031,367.04954946455626,364.08886516079207,366.9342023188302,76970500,380.37972885131836,369.4032908121745
2023-01-06,373.0478515625,374.1725449520528,364.71369723961243,367.7897288196835,104189600,380.1119825744629,369.91556955973306
2023-01-09,372.83642578125,378.4502421621429,372.6538123234202,375.2492115932317,73978100,379.8706491088867,370.4431411743164
2023-01-10,375.45098876953125,375.51828438119253,371.3079376645078,372.24998822129896,65358100,379.61064880371094,370.86422068277994
2023-01-11,380.19964599609375,380.2765636489995,376.2200228551562,377.03710423821616,68881100,379.3639547729492,371.49744923909503
2023-01-12,381.5838928222656,383.05462766402485,377.21976916675254,381.3051469866937,90157700,379.108904876709,372.00718790690104
2023-01-13,383.064208984375,383.6409740118004,378.10407668529746,378.37322978669755,63903900,378.83449920654294,372.4728627522787
2023-01-17,382.36248779296875,384.7272215523522,381.6799976439543,383.0450072774721,62677300,378.5701057434082,372.96878509521486
2023-01-18,376.3258056640625,384.6215312800991,376.1239481313385,383.55454070020716,99632300,378.3090237426758,373.41337534586586
2023-01-19,373.586181640625,375.93164211812586,372.2596307570735,374.27826453413996,86958900,378.02817108154295,373.6706878662109
2023-01-20,380.5457458496094,380.6995518316875,373.3362554518386,374.9896330898137,91806400,377.7637084960937,373.97095184326173
2023-01-23,385.1117248535156,387.0534702139708,380.39190867323447,381.35317398077467,84178800,377.5494497680664,374.2508310953776
2023-01-24,384.69842529296875,385.61160982281007,382.2375882127455,383.4295479228715,59524900,377.3545216369629,374.57007090250653
2023-01-25,384.84259033203125,385.17903907302156,378.315590364586,380.6130286416279,84800300,377.14963958740236,374.9242467244466
2023-01-26,389.0721435546875,389.2355715689227,384.53497000924045,387.5148984088141,72287400,376.9715985107422,375.20474700927736
2023-01-27,389.9660949707031,392.3500434455685,387.8128701130754,388.02434964984155,68346200,376.83432083129884,375.544960530599
2023-01-30,385.07330322265625,389.4374563543724,384.7753132953742,387.1976915435842,74202000,376.6803126525879,375.83057912190753
2023-01-31,390.73516845703125,390.78321999260135,385.24632192810753,385.5923927248843,86811800,376.53079711914063,376.364458211263
2023-02-01,394.8877868652344,397.64664301137975,386.7651124067299,389.51431717670346,101459200,376.42823348999025,377.0291061401367
2023-02-02,400.6361999511719,402.1069348680651,396.8872706861001,398.79055744002517,101654500,376.3535578918457,377.7044001261393
2023-02-03,396.3778076171875,400.8188492290389,395.16660378286696,395.64723649991566,94736800,376.22404815673826,378.25130869547525
2023-02-06,393.95538330078125,395.35885189681073,392.292412944782,393.91695380659627,60295300,376.0839918518066,378.7251500447591
2023-02-07,399.1077880859375,400.3574213852453,391.78295035245776,393.0325836517656,90990700,376.0012467956543,379.4103749593099
2023-02-08,394.74359130859375,398.47330538262435,394.0514791161398,397.1275398238218,76227500,375.9537075805664,379.6949747721354
2023-02-09,391.321533203125,398.51180904846075,390.0911146487058,398.35800306222177,78694900,375.8773396301269,379.8616200764974
2023-02-10,392.23468017578125,392.6191804080484,389.3220476465138,390.13909963927375,70769700,375.8644140625,380.09754892985023
2023-02-13,396.8392028808594,396.97379412491824,392.42699798489616,392.88841596174933,64913500,375.8689599609375,380.3564753214518
2023-02-14,396.6565246582031,398.9731481995332,392.6864943036978,395.3107297793623,88389300,375.8225881958008,380.6608378092448
2023-02-15,397.94464111328125,398.02152943385084,393.6093249869712,394.4552431906893,61555700,375.85766372680666,381.0059656778971
2023-02-16,392.46539306640625,396.9160560713669,392.3308311796985,392.9556477537095,76431500,375.85357711791994,381.2312260945638
2023-02-17,391.4849548339844,391.72527118315116,388.399271789129,390.3314246237872,89257800,375.8355744934082,381.4631108601888
2023-02-21,383.63134765625,388.50496954671286,383.3718165977976,387.4475718975758,82655900,375.7181463623047,381.4794179280599
2023-02-22,383.1026916503906,385.59236532715204,381.6415495785843,384.04471289617135,83742300,375.67042526245115,381.4467254638672
2023-02-23,385.1405334472656,386.6208901264533,380.90135023106023,386.0056662936268,96242400,375.64461181640627,381.4494333902995
2023-02-24,381.0263977050781,381.86269393959924,378.3925398013232,380.103591101692,108194400,375.6607098388672,381.4859578450521
2023-02-27,382.3240661621094,385.7461683533758,381.3820155880344,384.381158691797,80444700,375.67893157958986,381.55495402018227
2023-02-28,380.9110107421875,383.81402149088365,380.8052563009639,381.8434392898417,96438600,375.7201667785645,381.40184987386067
2023-03-01,379.4498596191406,381.32433871048954,378.142552876725,380.0939202853675,99706800,375.7560415649414,381.229177347819
2023-03-02,382.40093994140625,383.2468580842527,377.13319562899125,377.4696443451899,85127800,375.76217025756836,381.11318359375
2023-03-03,388.5338134765625,388.7837518351791,383.57368114205974,384.2273344879158,90120000,375.8066961669922,381.21614329020184
2023-03-06,388.80303955078125,391.6676211659376,388.36086565565427,389.36056060676793,72795900,375.8135227966309,381.4154500325521
2023-03-07,382.8431701660156,388.9952923529964,382.2279755486132,388.7549759968016,108310600,375.868641204834,381.52611033121747
2023-03-08,383.46795654296875,384.2273349889294,381.2281920235724,382.95848712046245,74746600,375.93826965332033,381.5980641682943
2023-03-09,376.39300537109375,385.9287692148654,375.40290337271455,384.25614779204574,111945300,375.9717172241211,381.59930826822915
2023-03-10,370.9618835449219,377.93105674639065,369.4334752872032,375.84509820468116,189253000,375.9434230041504,381.4196090698242
2023-03-13,370.43316650390625,375.26835892366137,365.90561534334864,367.02068656518105,157790000,375.9268603515625,381.1829350789388
2023-03-14,376.5564880371094,378.20986562096294,372.05774388118834,375.3741210898015,149752400,375.924404296875,381.0893030802409
2023-03-15,374.20135498046875,374.4032124796235,368.8471002165206,370.94268086644354,172996900,375.8725030517578,381.1122294108073
2023-03-16,380.7667541503906,381.1128248858043,371.32715193693457,371.8366213327071,143254200,375.80622314453126,381.3179397583008
2023-03-17,376.3146667480469,380.5700299625412,374.92515919035674,379.43141471171157,140553400,375.72873657226563,381.5015167236328
2023-03-20,379.9331359863281,380.3480800216105,376.39184439630725,377.09622742972954,93055800,375.6851885986328,381.73707021077473
2023-03-21,384.9217834472656,385.40425039458904,381.7085370875222,383.3103308863294,91524200,375.6295779418945,381.96460774739586
2023-03-22,378.36029052734375,388.3763110569279,378.32171436604824,384.74817891591067,111746600,375.57365814208987,382.1710642496745
2023-03-23,379.38311767578125,385.28850910550153,376.6619967001418,381.23577448444496,119351300,375.5169221496582,382.35947977701824
2023-03-24,381.8726806640625,381.9595212017763,375.74534306966535,378.0997846947485,107682400,375.45389434814456,382.6135808308919
2023-03-27,382.5866394042969,384.93145120313267,381.6892579286953,384.1594864009113,74010400,375.4158804321289,382.95552215576174
2023-03-28,381.72796630859375,382.5867424134429,379.88493849683937,381.89198862810855,62871700,375.4199725341797,383.1745290120443
2023-03-29,387.2762145996094,387.5174480671004,384.6998282099293,385.9059955473846,77497900,375.5070297241211,383.50218811035154
2023-03-30,389.5439453125,390.1711466481683,387.6719706231514,389.92025433491915,69840000,375.67564056396486,383.89343617757163
2023-03-31,395.0343322753906,395.3334594504177,390.36402594491756,390.47018399433404,112062600,375.87706451416017,384.32908782958987
2023-04-03,396.5397033691406,396.9449592242726,394.1177092132841,394.5133357511201,67391100,376.06072814941405,384.8600021362305
2023-04-04,394.339599609375,397.47563517993467,392.95972157826725,397.18613730495184,66601500,376.29293228149413,385.2148646036784
2023-04-05,393.30712890625,394.36856226217395,391.6474411444736,393.60625610917623,65200200,376.5162240600586,385.55604298909503
2023-04-06,394.8414306640625,395.1212698294833,391.45450217305506,392.50627692537915,63743300,376.70330368041994,385.8792170206706
2023-04-10,395.24658203125,395.32379323799756,391.73423775786677,392.3517801746106,63681000,376.8956489562988,386.12999928792317
2023-04-11,395.352783203125,396.76157868174016,394.5808477361319,395.87385583944314,59297900,377.07103851318357,386.35948079427084
2023-04-12,393.74127197265625,397.7168244356443,393.15267641967523,397.42732659287077,86420400,377.18109802246096,386.5374318440755
2023-04-13,398.97125244140625,399.3282733011196,393.68340364910426,394.83167743693525,85814800,377.32440704345703,386.8142445882161
2023-04-14,397.9966125488281,400.5343933179485,395.6807771690888,398.33434529007945,78161500,377.5006750488281,387.17542470296223
2023-04-17,399.42474365234375,399.4440317293952,396.6746761290546,397.9097903516003,66436400,377.68556076049805,387.60606740315757
2023-04-18,399.685302734375,401.14236249332856,398.30545418576855,401.0072575989454,63560000,377.88647232055666,387.92506001790366
2023-04-19,399.6177978515625,400.52480875839643,397.70721784941026,397.76511153607095,55227300,378.0680349731445,388.16682790120444
2023-04-20,397.4370422363281,399.19322927918245,395.8834830992031,396.79052346430586,75840400,378.2352635192871,388.37913818359374
2023-04-21,397.7458190917969,398.2089685800001,395.7870041880718,397.73616032830944,73457400,378.397889251709,388.5941919962565
2023-04-24,398.1607360839844,398.58530941572457,396.2019211683217,397.54316416601694,64332100,378.53523971557615,388.74566853841145
2023-04-25,391.8403625488281,396.7422434689911,391.7824688680539,396.18256529157753,97766700,378.6425129699707,388.7769063313802
2023-04-26,390.1806945800781,393.5386754708215,389.6210458220118,392.4579541121772,80447000,378.76264358520507,388.86202952067055
2023-04-27,397.948486328125,398.2186667054327,392.4772968783276,392.7281891742036,92968400,378.93781356811525,388.9822514851888
2023-04-28,401.3450012207031,401.3546599841194,397.00279811610284,397.0606918017015,89433100,379.1394953918457,389.0898717244466
2023-05-01,400.9397277832031,402.9757243479049,400.7081236035476,400.90112217868585,62122300,379.3435345458984,389.09493052164714
2023-05-02,396.4335021972656,400.2739503234408,393.5194119627244,400.22568595239403,103998500,379.4906407165527,389.0958587646484
2023-05-03,393.7123107910156,399.3571798738377,393.4710773212151,396.9351864138577,91531800,379.63929306030275,389.09180755615233
2023-05-04,390.9237365722656,392.98868012756435,389.5824641073576,392.6606060841038,94901900,379.72483001708986,388.9554066975912
2023-05-05,398.1607360839844,399.21251064978856,394.3106587025835,394.5711802912855,87891800,379.83463989257814,389.0123591105143
2023-05-08,398.266845703125,398.74931269823855,396.8580503226791,398.4887911219587,50046800,379.92582595825195,389.1281143188477
2023-05-09,396.5203552246094,397.63968229335507,396.2887804681279,396.71335381997807,49220100,380.02590911865235,389.1995422363281
2023-05-10,398.37298583984375,400.0037265657887,394.5325381303641,399.3668666271847,96142900,380.1329681396484,389.22510528564453
2023-05-11,397.67828369140625,397.96775213394324,395.59402256278725,397.50460262588405,70157100,380.2588529968262,389.2421346028646
2023-05-12,397.1571960449219,399.1353284857044,394.72557287711214,398.923041820046,70481500,380.33376998901366,389.22901051839193
2023-05-15,398.5274353027344,398.9326911272858,395.84491972814425,397.76512913138123,54289400,380.3915716552734,389.3300445556641
2023-05-16,395.86419677734375,398.34408437055214,395.8545380135922,397.417726473918,57705500,380.40784942626954,389.40303192138674
2023-05-17,400.6695861816406,401.2774699124527,396.240542315304,397.89057133669587,87287000,380.4539668273926,389.68700256347654
2023-05-18,404.529296875,404.95387019652003,400.1292001314732,400.3511161080979,97177200,380.5322953796387,390.04411265055336
2023-05-19,403.940673828125,405.9670411550364,402.71521822657564,405.4363392242152,103793300,380.5772338867188,390.3574483235677
2023-05-22,404.1047058105469,405.64860605306404,402.71519853702625,403.9599716044401,60745400,380.62432678222655,390.74208679199216
2023-05-23,399.5694885253906,404.0371373438998,399.1738620794214,402.45463156002285,86383500,380.65207901000974,391.0295104980469
2023-05-24,396.6746826171875,398.3440289039843,395.5071208163936,397.9580612245218,89213700,380.66764419555665,391.2922383626302
2023-05-25,400.1098937988281,401.56695362242056,397.9484509723996,400.19673432873464,90961600,380.7081996154785,391.636572265625
2023-05-26,405.29156494140625,406.0152654358038,400.6888403981192,400.76602216064424,93830000,380.7334957885742,392.01808268229166
2023-05-30,405.4459228515625,407.7617583438751,404.0564156666858,407.2310564728573,72216000,380.7595637512207,392.299951171875
2023-05-31,403.19769287109375,404.5196477889496,401.6248456806696,403.6126074392259,110811800,380.7405128479004,392.53986206054685
2023-06-01,407.0284729003906,408.0899062054044,402.17485598730195,403.4292584266687,88865000,380.7322296142578,392.9429504394531
2023-06-02,412.9145812988281,413.70580481996393,409.0837920383036,409.6144939735416,91426200,380.7493746948242,393.43372751871743
2023-06-05,412.12335205078125,414.5549753347994,411.41893957028475,413.2619671994321,65460200,380.77709671020506,394.0292332967122
2023-06-06,413.0207214355469,413.55142338559835,411.0522477225799,411.70842525853584,64022200,380.8033967590332,394.73021392822267
2023-06-07,411.59259033203125,414.5549448111663,411.1680170116852,413.41632974635155,85373300,380.84995376586915,395.4162043253581
2023-06-08,414.0821228027344,414.53564295041497,410.88819369048633,411.6601290941159,61952800,380.9508409118652,396.04163157145183
2023-06-09,414.82513427734375,416.84184286960624,413.8312534027369,414.88302796344124,85742800,381.06020767211913,396.7186945597331
2023-06-12,418.58837890625,418.6655901207844,415.08569304232174,415.80939357946767,76104300,381.1821012878418,397.34905497233075
2023-06-13,421.3481140136719,421.994603349192,419.38929903191627,420.0551058951808,95899700,381.2899673461914,398.0996124267578
2023-06-14,421.849853515625,423.6639342094121,418.38574387055274,421.6858312205728,100612100,381.46800201416016,398.79822438557943
2023-06-15,427.0798034667969,428.33420591477267,420.9331784663069,421.0296483104209,110303100,381.6849559020996,399.50085805257163
2023-06-16,425.6250305175781,429.644375425383,425.1504660236212,429.0729531930917,114165800,381.915696105957,400.2886037190755
2023-06-20,423.4168395996094,424.56937878552253,421.3345310858184,423.6783584670495,76160400,382.14983291625975,401.02249908447266
2023-06-21,421.24737548828125,423.2328262923549,420.65656392245774,422.4289690630937,76982300,382.36721374511717,401.67874399820965
2023-06-22,422.7679748535156,422.8744976898845,419.9495827719529,420.28857012220664,70637200,382.61211486816404,402.34843292236326
2023-06-23,419.5718078613281,421.3635726421897,418.85511377171673,419.3006239174076,92074500,382.84808700561524,402.9791636149088
2023-06-26,417.8575744628906,420.92776119205604,417.6154448665978,419.00041906375236,72823600,383.0420393371582,403.4888529459635
2023-06-27,422.4386901855469,423.05852660175333,418.2837379082009,418.7389427456429,72813700,383.2465089416504,404.03709869384767
2023-06-28,422.6517639160156,423.6686964256791,420.73408682017543,421.35392323417744,75636000,383.42240661621094,404.4973892211914
2023-06-29,424.31756591796875,424.48222704472147,421.8284961877175,422.23525734843753,67882300,383.58581115722654,404.9603535970052
2023-06-30,429.3248291015625,430.3127072151387,427.2231311982605,427.542758817571,104964000,383.85939865112306,405.54344075520834
2023-07-03,429.8187255859375,430.0995745995723,428.6952408609036,428.97611943136997,32793400,384.12830841064454,406.15196736653644
2023-07-05,429.1795349121094,429.9156183055728,427.98824671850423,427.99794136005,58418400,384.41536849975586,406.7242691040039
2023-07-06,425.81884765625,426.24499816119686,423.3006936425201,425.5864126742204,80658300,384.699806060791,407.23380686442056
2023-07-07,424.74371337890625,428.7049794666193,424.5015837898049,424.82121139924607,86134200,384.9645629882813,407.7236557006836
2023-07-10,425.81884765625,425.9931738927722,423.81400726572804,424.38542963444337,62443500,385.2560334777832,408.2582819620768
2023-07-11,428.5306396484375,429.02459348677553,425.60572474369303,426.5839377782571,64463800,385.593117980957,408.75093841552734
2023-07-12,431.9785461425781,433.3926042220803,430.9035049555948,432.3369227617404,91924500,385.9626086425781,409.31730397542316
2023-07-13,435.40716552734375,436.2013577746271,433.3636057217178,433.7994213036379,72425200,386.37924041748045,409.9170110066732
2023-07-14,435.13592529296875,437.15043046608764,434.3707875167091,436.29815914154455,69815800,386.8119306945801,410.50785471598306
2023-07-17,436.6468200683594,437.7025015489115,434.9422182723966,434.9906619251845,52680200,387.25662521362307,411.125005086263
2023-07-18,439.8913269042969,440.54021761031777,435.88164697449844,436.317492030114,80668200,387.68333404541016,411.83257649739585
2023-07-19,440.86962890625,442.06088773375006,439.8139177410891,440.68560802842114,65891700,388.15196548461915,412.55130666097006
2023-07-20,437.9446105957031,440.7726971193373,437.2279164909502,439.87198216766114,70591600,388.63281188964845,413.2143712361654
2023-07-21,437.9446105957031,439.87198216766114,437.9349455110671,439.66857203779847,71275600,389.06854202270506,413.98277537027997
2023-07-24,439.90106201171875,440.7146139077843,438.0608534359134,439.09717520084894,54023400,389.4597039794922,414.8114481608073
2023-07-25,441.1020202636719,442.36108235466685,439.5814392896044,439.6298829434647,55191200,389.86108108520506,415.53067372639975
2023-07-26,441.1697692871094,442.6031574189834,439.10682063047216,440.1625020043204,71052900,390.2814079284668,416.19441986083984
2023-07-27,438.2448425292969,444.97605663564536,437.33443294941236,444.5692659386792,92194400,390.736915435791,416.81617177327473
2023-07-28,442.5354309082031,443.3683425271831,438.2448720243851,441.5281635177411,80011800,391.2271284484863,417.5845372517904
2023-07-31,443.3780517578125,443.73639884087777,441.69280962360494,443.0100100324472,62040400,391.73246307373046,418.41229960123695
2023-08-01,442.1092529296875,442.8550013949116,441.1503996951611,441.9058428017626,55291500,392.23709869384766,419.26539154052733
2023-08-02,435.9591979980469,439.24246004875226,435.2037548181366,438.9809707176882,93933400,392.6659635925293,419.8953659057617
2023-08-03,434.7097473144531,436.59836980954043,433.2860242407128,433.9349445023742,64276100,393.1284826660156,420.50274759928385
2023-08-04,432.74365234375,438.641925149683,432.2206441941938,436.5305623830598,100128900,393.53720306396485,421.1064692179362
2023-08-07,436.5209045410156,436.6758710264232,433.8865334027571,434.58386780867363,58357500,393.94418899536134,421.7422678629557
2023-08-08,434.62261962890625,436.5112422778829,431.2521650523819,433.9736993143693,71361300,394.35426635742186,422.3580067952474
2023-08-09,431.71710205078125,435.0585025489514,430.9519641941149,434.89384140631273,78789600,394.7645999145508,422.93400522867836
2023-08-10,431.8719787597656,437.4797077337631,430.7000799467868,434.0801991995361,93005500,395.13322265625,423.48974761962893
2023-08-11,431.6202087402344,432.6371707700478,429.39262829617013,429.9931049607352,68690900,395.47867416381837,424.08568115234374
2023-08-14,434.0027770996094,434.0027770996094,430.390222291899,430.70015528143995,47867400,395.8070932006836,424.6412343343099
2023-08-15,428.9471435546875,432.57908768331487,428.37569166843355,432.22071103488054,75707500,396.12410873413086,425.04819844563804
2023-08-16,425.7994384765625,430.19649067911223,425.6928860842807,428.5306378687395,80107200,396.43514572143556,425.4125111897786
2023-08-17,422.5549011230469,427.5330703308015,422.0318929109953,427.2715810031936,95711300,396.68670959472655,425.720014444987
2023-08-18,422.7582702636719,423.79459201752337,419.3781505964978,419.7268030238674,98852000,396.9527345275879,426.106494140625
2023-08-21,425.50885009765625,426.2545985897725,421.6154169550539,423.77519396809026,68719000,397.2405978393555,426.5870635986328
2023-08-22,424.3562927246094,427.29090202930854,423.79456510834734,427.29090202930854,64994200,397.5688671875,426.9911702473958
2023-08-23,429.08270263671875,429.7025685957629,425.27643244437724,425.42170429201707,68441000,397.93923614501955,427.3876892089844
2023-08-24,423.1359558105469,431.20369989250065,423.1068718882564,430.6903863981727,88517300,398.2543231201172,427.6825230916341
2023-08-25,426.1190185546875,427.40713495192443,421.30548118508113,424.8696216104319,102325100,398.56710174560544,428.0645451863607
2023-08-28,428.82122802734375,429.44106445082383,426.1190533411667,428.31757952912716,61595400,398.88358337402343,428.4277577718099
2023-08-29,435.0197448730469,435.30062349579674,428.53065951997604,428.71468038762214,83081900,399.2687106323242,428.7961771647135
2023-08-30,436.81146240234375,437.450688048326,434.651655881381,435.35868490424787,69053900,399.56442993164063,429.2076456705729
2023-08-31,436.1722106933594,438.5741170969809,435.9881898567165,437.43127262707503,66084600,399.8386769104004,429.5935038248698
2023-09-01,436.9858093261719,439.38774554402755,435.523337117232,438.9034863550366,58944100,400.1332112121582,430.01672414143883
2023-09-05,435.0971374511719,436.8598477933536,435.02936363557404,436.5402497697778,55166200,400.40217880249025,430.36697438557945
2023-09-06,432.1722412109375,434.39015641541886,429.83810853841925,434.2836040318296,70758500,400.6710661315918,430.65609283447264
2023-09-07,430.84539794921875,431.5233430664757,428.81150348377855,429.1601559057676,70355400,400.93910827636716,430.8603764851888
2023-09-08,431.49432373046875,433.03426449961563,430.53549993531846,430.8938470281792,61659700,401.2018310546875,431.02947998046875
2023-09-11,434.3320617675781,434.64196517344953,432.41438481227607,434.12865163508343,60180100,401.48563201904295,431.23751678466795
2023-09-12,431.94952392578125,434.4095690069945,431.36843651488084,432.8793228968955,67565400,401.73211502075196,431.3186787923177
2023-09-13,432.4531555175781,433.6153598507793,431.06815175751416,432.17227690873267,60199300,401.96905960083006,431.43248087565104
2023-09-14,436.181884765625,436.87921911968556,433.62501183862486,434.93251744709244,83430800,402.2250787353516,431.64523162841795
2023-09-15,430.92669677734375,434.9213639440362,430.4893439452129,434.5909096949505,111848900,402.4855375671387,431.80655364990236
2023-09-18,431.1794128417969,432.4818018322225,430.13943555280594,430.61567408318183,55752200,402.75051315307616,431.94674428304035
2023-09-19,430.2851867675781,430.8489254828746,427.5929384264587,430.25602991410364,66514600,402.95145278930664,432.1253005981445
2023-09-20,426.32940673828125,431.96661554798703,426.1252791165085,431.54869078908297,82562600,403.13404876708984,432.26649780273436
2023-09-21,419.28289794921875,423.7343455427682,419.12738484772433,423.47193386836017,104095800,403.2836604309082,432.21390126546225
2023-09-22,418.3401184082031,421.9168307442946,417.922163972963,420.31314452968047,100829700,403.463579864502,432.1420405069987
2023-09-25,420.0993347167969,420.13819074776075,416.68783452035365,417.12521698798207,70874500,403.6798533630371,432.0717366536458
2023-09-26,413.9275207519531,417.75694552801576,413.091641554904,417.0474225773536,96168400,403.86847320556643,431.815114847819
2023-09-27,414.0927734375,415.66733259102807,410.4383190788538,415.1035938461481,104705800,404.0431834411621,431.55301564534506
2023-09-28,416.493408203125,418.17486575562594,412.94585281051326,413.53874834610116,92258300,404.2440586853027,431.3415802001953
2023-09-29,415.482666015625,419.73001600884464,413.9567213820376,419.5550748773884,115111300,404.4127528381348,431.1693105061849
2023-10-02,415.3174133300781,416.5712173953041,412.54739350922256,414.6467760157312,83798600,404.566171875,431.01220550537107
2023-10-03,409.75799560546875,415.37577765670255,408.387563955285,413.1306106041516,103760600,404.70408981323243,430.7445246378581
2023-10-04,412.7418212890625,413.49020038088855,408.7568828162418,410.22451380445284,87453000,404.90367004394534,430.4813776652018
2023-10-05,412.5863037109375,413.43188220244974,409.3497740259949,412.4502186078416,70142700,405.1244808959961,430.1581736246745
2023-10-06,417.48480224609375,419.0301747224433,408.7957044273052,410.12725010221135,113273300,405.3854046630859,429.859467569987
2023-10-09,420.1576232910156,420.7310611548999,415.02580970699125,415.57978989546524,80374400,405.65719314575193,429.60982920328775
2023-10-10,422.344482421875,424.94926011159197,420.39088432404174,420.78938108166943,78607300,405.91256790161134,429.3714569091797
2023-10-11,424.07452392578125,424.32720675947064,421.02263495712657,423.4136154975306,62451700,406.2030760192871,429.1078435262044
2023-10-12,421.4892272949219,425.0659400566885,419.1274329708011,424.6869009279122,81154200,406.47013122558593,428.7848368326823
2023-10-13,419.38983154296875,424.2009202698343,417.8153020428582,422.9957010478843,95143100,406.73394729614256,428.47559051513673
2023-10-16,423.8023986816406,424.8715327429623,421.4017188780287,421.64470254373396,75433200,407.04260848999024,428.2398869832357
2023-10-17,423.7829895019531,425.84351613825277,420.3132049010381,420.66308718236917,75324700,407.31858566284177,427.97125244140625
2023-10-18,418.1360168457031,422.9665334664685,417.04745473303933,422.0043276099341,93559800,407.5711824035645,427.58848571777344
2023-10-19,414.46209716796875,420.6727739909263,413.78176069076767,418.85526089082725,121323000,407.81314758300783,427.1433578491211
2023-10-20,409.3691711425781,414.56902762423476,409.2622429037748,414.02474657512494,123919900,408.01551727294924,426.66209665934247
2023-10-23,408.65960693359375,412.5376460937697,406.0742573805063,407.83345660487464,92035100,408.23539108276367,426.097499593099
2023-10-24,411.7407531738281,412.89735798428967,408.9318473023939,410.7882463707725,78564200,408.4288555908203,425.5702112833659
2023-10-25,405.831298828125,410.0786781386675,405.31617465313394,410.0495212857847,94223200,408.59382995605466,424.96557871500653
2023-10-26,400.97161865234375,405.61746498467414,400.04829855300767,404.76218742791497,115156800,408.72143310546875,424.3824523925781
2023-10-27,399.1540832519531,402.9640798283335,397.72533824344663,402.56558309414174,107367700,408.816205291748,423.78985799153645
2023-10-30,403.9263610839844,404.9857664071122,400.650945706927,401.95333471869225,86562700,408.92791763305667,423.30956980387367
2023-10-31,406.4631042480469,406.78382964883156,402.58506461745475,404.49977716687243,79665200,409.044912109375,422.80860646565753
2023-11-01,410.79791259765625,411.6143341639396,406.9004450659712,407.4350269329694,98068100,409.1870892333984,422.4115280151367
2023-11-02,418.6706237792969,418.82613689913995,414.58848595142564,414.6079139684955,94938900,409.3988133239746,422.194086710612
2023-11-03,422.49029541015625,424.04539685609643,420.8574522394109,420.9838084956757,100167800,409.6433338928223,422.03772532145183
2023-11-06,423.46221923828125,423.909300881896,421.5086210577569,423.2483924241886,67831700,409.8579162597656,421.9017588297526
2023-11-07,424.6673889160156,425.30886932835017,422.3153237318798,423.4621994716184,64256100,410.0556945800781,421.7461690266927
2023-11-08,424.97845458984375,425.7948761919887,422.6652452198862,425.2700231402192,61746000,410.2570947265625,421.680024210612
2023-11-09,421.6641540527344,426.1642165380997,421.23650040437826,426.1253308443145,83174400,410.441202545166,421.6111028035482
2023-11-10,428.244140625,428.555166852525,421.6544244424177,423.74410780896307,89462200,410.6370625305176,421.70592346191404
2023-11-13,427.8359069824219,428.9438970364139,426.11559336599885,426.90285804309843,52236100,410.8264115905762,421.7905507405599
2023-11-14,436.1362609863281,437.4289210638544,433.57033918584983,433.79389484093616,97176900,411.0817263793945,421.9676742553711
2023-11-15,437.0595703125,438.71187109713105,436.20426306686005,437.47749509718125,77327600,411.3133483886719,422.1793955485026
2023-11-16,437.5941162109375,437.91484157114996,435.5433188253415,436.6124527945321,66665800,411.5268800354004,422.3212524414063
2023-11-17,438.13848876953125,438.75081242808767,436.68058659624296,437.60390684266815,83133200,411.7143914794922,422.57129465738933
2023-11-20,441.5110778808594,442.3566563462381,437.87602183807985,437.8857506768845,69936200,411.94005783081053,422.8278289794922
2023-11-21,440.54876708984375,441.38464623474823,439.2755351898342,440.46129653882275,49244600,412.1730247497559,423.0232879638672
2023-11-22,442.249755859375,443.57160259273735,441.1514944659898,442.2108998239053,59394900,412.38873458862304,423.14378814697267
2023-11-24,442.52178955078125,442.7161883255682,441.9678093987068,442.2982635869737,29737400,412.627625579834,423.2389602661133
2023-11-27,441.724853515625,442.70648730503876,441.3360559416218,441.8900657895949,50506000,412.8796421813965,423.331504313151
2023-11-28,442.1622009277344,443.4645897337832,440.77234156692367,441.3360505846412,62115000,413.12927978515626,423.4177775065104
2023-11-29,441.8512268066406,445.45712595738206,441.4527596750205,444.3199492892873,63146000,413.35433990478515,423.5303456624349
2023-11-30,443.5910339355469,443.94094588506704,440.6169158395578,442.69687053551013,79752700,413.58901245117187,423.72065887451174
2023-12-01,446.21527099609375,446.74982326971923,442.38584552507564,442.9787115136022,89183400,413.83036560058594,423.976823425293
2023-12-04,443.87286376953125,446.23465798918113,441.5888112755702,442.81345849809685,72430900,414.08740295410155,424.183132425944
2023-12-05,443.78533935546875,444.7475451072162,442.10388183818117,442.4829505652876,69793500,414.34890487670896,424.34068705240884
2023-12-06,441.99700927734375,445.9624895836762,441.5596268220381,445.9333327307286,69124700,414.64073318481445,424.5081451416016
2023-12-07,445.36968994140625,446.02086964113835,443.4841340740485,444.0867288986708,66995400,414.9520681762695,424.72342071533205
2023-12-08,447.2843322753906,447.81888446185815,444.3782275382068,444.6212111977086,83194400,415.26278717041015,424.90846150716146
2023-12-11,449.0240478515625,449.19901861867453,446.57478338397874,446.7886101783695,65002200,415.60277542114255,425.2100840250651
2023-12-12,451.0749206542969,451.17212006092257,447.67314905005793,448.6742406500045,68327600,415.9465296936035,425.5416758219401
2023-12-13,457.2952880859375,457.54800060597285,451.0943397950226,451.4539508974767,93278000,416.3284510803223,425.9918441772461
2023-12-14,458.7629089355469,460.43463781217446,456.08035966207416,459.23914744875873,119026000,416.7250163269043,426.53240254720055
2023-12-15,458.0075378417969,459.3445120086127,456.15338074265475,458.1636814623305,141553700,417.10304931640627,427.17781321207684
2023-12-18,460.5838623046875,461.56950587867277,458.5540548031128,459.61775529658735,70375300,417.4632995605469,427.8818756103516
2023-12-19,463.3846435546875,463.46273025955963,461.05231697495356,461.1303738984737,55761800,417.8362075805664,428.6032974243164
2023-12-20,456.9633483886719,464.4190197192671,456.5339609015259,462.52581937540066,102921000,418.20680847167966,429.32056121826173
2023-12-21,461.2962341308594,461.5694780045962,457.5293402486141,459.95926004653603,86667500,418.59594985961917,430.10728556315104
2023-12-22,462.2233581542969,463.9116332478234,460.3204190717401,462.42828364105014,67160400,419.02510162353514,430.8694513956706
2023-12-26,464.17510986328125,465.08266680219026,462.55515318900285,462.6332398955009,55387000,419.491167755127,431.68099212646484
2023-12-27,465.01434326171875,465.16071859872636,463.4334300593357,463.9701495554804,68000300,419.96407363891603,432.5092742919922
2023-12-28,465.1899719238281,466.02921033768064,464.77035271690187,465.3753906024884,77158100,420.4072410583496,433.43314056396486
2023-12-29,463.8432312011719,465.52173770845934,461.88171255182243,464.9947567704623,122283100,420.85545043945314,434.2848307291667
2024-01-02,461.2474365234375,462.2428483505155,459.13954238423355,460.7692671751978,123623700,421.2578538513184,435.095849609375
2024-01-03,457.4805908203125,459.82268558708614,456.8755528985423,459.08101082809003,103585900,421.6636834716797,435.762446085612
2024-01-04,456.0069885253906,459.59820232067887,455.78252649517907,457.0023705654277,84232200,422.044052734375,436.3599355061849
2024-01-05,456.6315612792969,459.09075619444957,455.1774869016725,456.21191228687286,86118900,422.40260162353513,436.93138682047527
2024-01-08,463.1504211425781,463.29679648061466,457.00238891288757,457.1292574663028,74879100,422.8265522766113,437.58265177408856
2024-01-09,462.4477844238281,463.4724415596584,459.97882114615163,460.4862655726299,65931400,423.24187561035154,438.2652943929036
2024-01-10,465.0631408691406,465.9316842003945,462.4380338715852,462.7210460536215,67310600,423.65782791137696,439.0265162150065
2024-01-11,464.85821533203125,466.5855039297226,460.8668888410367,466.0682912006048,77940700,424.0691857910156,439.7107798258464
2024-01-12,465.1802062988281,467.053899879707,463.76520505733885,466.31222516082903,58026400,424.4864469909668,440.4007334391276
2024-01-16,463.4724426269531,465.1119059605971,461.64756060638337,463.79449814902443,85014900,424.8674281311035,441.1563405354818
2024-01-17,460.8961486816406,461.3840863262476,458.53451737794865,460.437486104456,68843900,425.22418914794923,441.930241394043
2024-01-18,464.99481201171875,465.5510680800572,461.02302217587135,462.5746603285912,91856200,425.57399154663085,442.8573354085286
2024-01-19,470.79150390625,471.07451607606174,465.04361399672933,466.12682126184484,110834500,425.9452505493164,443.8928670247396
2024-01-22,471.7869567871094,473.5142454606471,471.13310718922804,472.3334446086135,75844900,426.3324873352051,444.8936370849609
2024-01-23,473.1628723144531,473.4068411336017,471.2404266096584,472.333402154428,49945300,426.7317660522461,446.01582997639974
2024-01-24,473.6801452636719,476.97857889434994,473.1824393105692,476.0417469073494,81765000,427.12595962524415,447.22763875325523
2024-01-25,476.25640869140625,476.529652576822,473.6801134548218,475.817252905647,72525000,427.53100875854494,448.5126775105794
2024-01-26,475.6513671875,477.3201055543282,474.8023604707163,475.8270175879346,76641600,427.9325016784668,449.7080942789714
2024-01-29,479.4182434082031,479.564648526909,475.4171785408518,475.9636663212125,61322800,428.3608865356445,450.92401326497395
2024-01-30,479.04742431640625,479.7597942015554,478.2862130177268,478.72536880060346,58618400,428.76126739501956,452.06150512695314
2024-01-31,471.23065185546875,477.28106061845324,471.21111529014115,476.8321663361625,126011100,429.12743759155273,452.93750559488933
2024-02-01,477.398193359375,477.427468426182,472.12844308332853,472.93843623390336,91891600,429.5173048400879,453.8526372273763
2024-02-02,482.42401123046875,484.08298154607263,477.4958225785378,477.8373849257178,99228200,429.93099838256836,454.83533376057943
2024-02-05,480.6673889160156,482.453257473618,478.4033807510974,481.78966938702735,75757100,430.3362463378906,455.76866709391277
2024-02-06,482.06292724609375,482.39472129899326,480.1794651432731,481.6140031321535,55918600,430.75937576293944,456.7200749715169
2024-02-07,486.0835266113281,486.50314587191764,483.40960785248996,484.3171945782859,70556500,431.2010643005371,457.7937311808268
2024-02-08,486.2982177734375,486.67879367849736,485.2637922717278,486.0835240024401,52343600,431.6417517089844,458.7612991333008
2024-02-09,489.1087341308594,489.5478601666735,486.46409050709747,486.80565283363205,63979400,432.1280935668945,459.78251291910806
2024-02-12,488.8940124511719,491.3532074553824,488.171844486811,489.0794311383801,56502300,432.62166015625,460.6618087768555
2024-02-13,482.16046142578125,485.097855647228,478.8815346699486,482.59961722906473,113099200,433.04272003173827,461.41349029541016
2024-02-14,486.5421447753906,487.0300824146668,482.4727317600331,484.8050879708214,68387800,433.46870574951174,462.2292907714844
2024-02-15,489.899169921875,490.08458861177627,486.7665887596598,487.2447879089923,61683000,433.91350296020505,463.0919687906901
2024-02-16,487.4595031738281,490.7384300384019,486.7178283814998,489.5966725621618,75532900,434.3686329650879,463.85777587890624
2024-02-20,484.7758483886719,486.386036759877,482.5215787127143,485.712680385879,71736700,434.82395065307617,464.59489390055336
2024-02-21,485.2149353027344,485.3710789199038,481.6529965187708,483.4681400096849,59293400,435.2954066467285,465.31098022460935
2024-02-22,495.2566833496094,496.2227903053238,490.8847515615135,491.8508882985767,76402500,435.78088638305667,466.1898951212565
2024-02-23,495.5982360839844,497.8232303927623,494.8663296695002,496.9839622178527,61321800,436.2675433349609,467.08778483072916
2024-02-26,493.7831115722656,496.4765368105967,493.65624302388784,496.03738103257336,50386700,436.75385711669924,467.94813334147136
2024-02-27,494.7004699707031,494.9249320161117,492.5730689156793,494.47603770664597,48854500,437.23549453735353,468.8289540608724
2024-02-28,494.0466003417969,494.63210165101094,492.7779446820202,493.1390137498183,56506600,437.71733612060547,469.6698801676432
2024-02-29,495.82269287109375,497.4426493891131,493.15857245054144,495.8129543697353,83924800,438.21066360473634,470.4966705322266
2024-03-01,500.4776306152344,500.90701813560685,496.2911469636296,496.70102769902195,76844800,438.7204145812988,471.4400833129883
2024-03-04,499.94091796875,501.79510491460894,499.64816728327304,499.6774721331723,49799300,439.24079818725585,472.37600962320965
2024-03-05,494.9444274902344,498.3795276061861,492.7292012805933,497.9306035256283,72855600,439.7121723937988,473.2584665934245
2024-03-06,497.45245361328125,499.71649154527415,496.1545525173592,498.2331419712469,68382400,440.1767881774902,474.1265126546224
2024-03-07,502.39031982421875,503.44428173979026,497.51094372229056,500.76062488372975,58652100,440.6690364074707,475.0449457804362
2024-03-08,499.3749084472656,505.7180680999103,498.7991455954804,503.0247023113752,86532500,441.1453874206543,475.8841267903646
2024-03-11,498.9455261230469,499.53105726392937,496.2325939589306,498.1648377894375,62557200,441.64226760864256,476.6819702148438
2024-03-12,504.3128967285156,504.89839811896644,498.53567171677753,501.06321510475107,73114400,442.1804586791992,477.4655970255534
2024-03-13,503.5223693847656,504.8105319780075,502.078092945087,504.6348815647523,55104100,442.6975210571289,478.21158803304036
2024-03-14,502.5269775390625,504.654378460411,499.4724832072711,504.4982050635474,110171800,443.1836981201172,478.9535786946615
2024-03-15,499.0762939453125,500.90687568424926,497.4023708325974,499.4482834978892,107646300,443.65184997558595,479.5951192220052
2024-03-18,502.04241943359375,504.60715196314635,501.63129506757195,503.15838817484575,88893300,444.1460736083984,480.2394154866536
2024-03-19,504.8323974609375,505.1162591206256,500.33918584369417,501.3474892259076,60755300,444.63509323120115,481.03723297119143
2024-03-20,509.5016784667969,509.63873983527566,504.21561462485215,504.89106308633967,69594600,445.118028717041,481.84065704345704
2024-03-21,511.18548583984375,513.0551727931278,510.90156443882734,512.350388103231,60256100,445.6133393859863,482.6566925048828
2024-03-22,510.21630859375,511.5867430006875,509.9813206475284,511.0972893379752,79070800,446.09931732177733,483.4240458170573
2024-03-25,508.80670166015625,509.96180518438194,508.65004302256665,508.8360378123517,48512100,446.585387878418,484.15391845703124
2024-03-26,507.86700439453125,510.5785973246413,507.4656786032491,510.23594384645116,65463700,447.05431228637696,484.86520233154295
2024-03-27,512.1349487304688,512.174143263585,508.53257680183424,510.7057822180554,82999800,447.5408613586426,485.67006429036456
2024-03-28,512.0370483398438,513.5445440719409,511.7531867321709,512.1741097012416,96294900,448.0081047058105,486.516557820638
2024-04-01,511.14630126953125,513.319506934626,509.9813989834302,512.7811197724956,62477500,448.4570956420898,487.410986328125
2024-04-02,507.8962707519531,508.0332723605118,505.5860042023949,507.30889054535044,74230300,448.8873277282715,488.2758076985677
2024-04-03,508.45428466796875,509.9618403568663,506.7509952902305,506.79992871244065,59155800,449.29420013427733,489.13951975504557
2024-04-04,502.2480163574219,512.8202041062084,501.944557459695,512.4776104224978,96858100,449.67731506347656,489.79114634195963
2024-04-05,507.49493408203125,509.4625474298725,503.1681802920817,503.6087005524252,74546500,450.0977055358887,490.54193216959635
2024-04-08,507.77880859375,509.2080348808952,506.9663584849502,508.1997913461109,48401800,450.53036270141604,491.2538599650065
2024-04-09,508.3662109375,509.76604138501335,503.5010099681644,509.5213145288516,68049200,450.95835388183593,491.97899322509767
2024-04-10,503.27587890625,505.27282853748704,501.28872790887357,502.64936381684595,82652800,451.3768742370605,492.613921101888
2024-04-11,507.0740051269531,508.52276887946033,501.2788903691615,504.8029329149541,70099000,451.82295639038085,493.3406138102213
2024-04-12,500.0748291015625,504.93999985889445,498.3421439610696,503.52057224224995,92561100,452.2111370849609,493.9935918172201
2024-04-15,493.809814453125,504.4309350820484,492.9581399821633,504.2645375653604,92101400,452.56692733764646,494.47384185791014
2024-04-16,492.9092102050781,495.81656619092587,491.6170453505055,494.28947313511503,73484000,452.90988555908206,494.84247029622395
2024-04-17,489.9920959472656,495.54251414976056,488.59226550978076,495.37608674425394,75910300,453.21322189331056,495.14588928222656
2024-04-18,488.9837951660156,493.49657364344756,488.0440524623093,491.39192878796825,74548100,453.50904724121096,495.4095713297526
2024-04-19,484.71575927734375,489.9039562000147,483.4431618183188,488.90548147354247,102212600,453.7867283630371,495.59349822998047
2024-04-22,489.1795959472656,491.78349315664354,484.98007493251976,487.3294466640699,67961000,454.10353210449216,495.8088846842448
2024-04-23,494.9844970703125,495.4152186955436,488.99358884976584,491.19613039401867,64633600,454.4547360229492,496.131103515625
2024-04-24,494.7495422363281,496.6681921802562,492.51763478656846,495.87527965691265,55928100,454.7993894958496,496.3866251627604
2024-04-25,492.8700866699219,493.6336332615344,486.9966421578613,488.6509980853357,69122400,455.121086730957,496.6170028686523
2024-04-26,497.53948974609375,499.1253149704082,495.03348916650594,495.6697730082035,64306100,455.4488914489746,497.0554835001628
2024-04-29,499.30145263671875,499.9769010603671,496.55072552691377,499.33081866062173,46415400,455.7683628845215,497.42053782145183
2024-04-30,491.3919372558594,498.8120420500729,491.3919372558594,497.83313467029427,77483600,456.0496429443359,497.57000325520835
2024-05-01,489.7963562011719,497.4709871436864,489.32646986326426,490.8046296954004,80242800,456.315390625,497.72215270996094
2024-05-02,494.3775939941406,495.2194698771777,489.0131707855575,493.516150718059,62550200,456.5878219604492,497.9273971557617
2024-05-03,500.5055847167969,501.7389877556503,497.83315669716075,500.37832197197366,72756700,456.886001739502,498.16776479085286
2024-05-06,505.6741943359375,505.7133291220876,502.47314807215434,502.9136683443448,47264700,457.22464965820313,498.4906977335612
