Price,Close,High,Low,Open,Volume,MA200,MA60
Ticker,SQQQ,SQQQ,SQQQ,SQQQ,SQQQ,,
Date,,,,,,,
2016-03-14,156546.671875,159201.3286549252,155375.49976620948,158732.859811409,704,,
2016-03-15,156624.734375,159669.78155377618,156156.26557826521,158342.4532963609,638,,
2016-03-16,152408.53125,157874.0011206455,151237.35913486168,157874.0011206455,1003,,
2016-03-17,152876.953125,155531.6091036772,151705.78136970123,154048.12488029877,612,,
2016-03-18,151862.0,154516.65706940874,150846.98406169665,151862.0,757,,
2016-03-21,150300.4375,153111.25087662338,149831.9686038961,153033.17272727273,588,,
2016-03-22,148973.09375,152798.92267754194,147879.9997707023,152564.6882534067,652,,
2016-03-23,152564.6875,153579.70333290685,149441.5618602866,149519.64000127942,694,,
2016-03-24,152330.453125,155609.73504773193,152252.37498398256,155297.42248366223,614,,
2016-03-28,153111.234375,153892.01578435747,151159.2808516063,151237.35899254205,395,,
2016-03-29,145771.890625,154672.7987831414,145381.49991630958,153970.09550749866,749,,
2016-03-30,143585.71875,144522.65655587276,140852.98348287112,143195.32799755302,1076,,
2016-03-31,144366.5,144834.96890210925,142258.38994050838,143898.03109789075,547,,
2016-04-01,139525.671875,147411.56603245664,139447.59371502517,146708.86259268326,744,,
2016-04-04,141321.4375,142180.29706491713,139291.40580110496,140072.18722375692,582,,
2016-04-05,145147.265625,145849.96890129102,142882.99951250674,144522.6404905191,689,,
2016-04-06,138120.25,144913.0491803279,138042.17184850198,144913.0491803279,880,,
2016-04-07,144210.328125,145771.89096338657,139837.95217751758,140384.49917095288,870,,
2016-04-08,144522.609375,145928.015625,140384.46875,141399.484375,967,,
2016-04-11,146006.125,146006.125,140384.49879679145,142492.60862299465,832,,
2016-04-12,142258.375,148348.4700878156,141477.5935784852,145849.96953896817,1247,,
2016-04-13,136871.0,139603.7353108956,136246.374786081,139057.1882487165,879,,
2016-04-14,136871.0,137964.09412435823,135309.4369652025,136792.92184826013,637,,
2016-04-15,137885.984375,138901.00011501982,136246.34356419876,137417.51557191391,564,,
2016-04-18,135699.84375,139291.43915420023,135465.60926711737,138979.12651035673,502,,
2016-04-19,138198.28125,140228.3125,134684.765625,134919.0,672,,
2016-04-20,137807.921875,139525.64101451842,135855.96830736543,138198.31258852693,589,,
2016-04-21,137807.921875,139603.7191572238,136246.35902089236,137886.00001770537,671,,
2016-04-22,143976.109375,147177.31354223157,141243.37411029014,142883.01526911606,884,,
2016-04-25,144054.1875,146084.21941056912,143976.1093495935,145459.59420731707,423,,
2016-04-26,145615.75,147411.5474530831,142336.46769436996,143273.40549597854,473,,
2016-04-27,149519.640625,153111.23512565275,148582.70292917755,150534.656462141,1004,,
2016-04-28,154828.953125,155843.96895486637,146396.5139230333,149051.17070883763,784,,
2016-04-29,157327.40625,161153.2339950372,154048.12532568237,155375.45331885855,1194,,
2016-05-02,153033.1875,158186.34585459184,152330.4840880102,156390.54824617348,630,,
2016-05-03,157249.375,158498.62524826216,154204.327519861,156468.59359483616,829,,
2016-05-04,160216.328125,161465.57824683236,158420.53107486598,159982.09372715643,713,,
2016-05-05,160450.5625,161387.5000912409,157561.67159367396,158498.60918491485,599,,
2016-05-06,157874.0,163261.39169139467,157874.0,162871.0009891197,754,,
2016-05-09,156702.828125,158108.23465526907,154360.48390788492,157874.00023355754,648,,
2016-05-10,150066.171875,155687.7974603278,149910.0156087409,154828.9379959027,550,,
2016-05-11,154126.296875,154360.531368731,149363.52883580292,150690.85763361194,561,,
2016-05-12,156234.34375,159435.5471951524,152486.5933751874,152720.8277736132,944,,
2016-05-13,157874.0,158810.93768545994,153813.93669634027,156546.67161226508,882,,
2016-05-16,152096.203125,157639.75056949435,150300.4060655159,157327.43803741015,595,,
2016-05-17,157795.953125,158967.12546387926,151081.23171542553,152252.4040543048,934,,
2016-05-18,156000.125,159669.7976101101,153501.62449949948,158732.85992242242,1056,,
2016-05-19,158498.609375,161855.9690809729,156702.81232296798,157952.0624461207,981,,
2016-05-20,153267.390625,156780.90696637798,151315.43710201222,156390.51626178043,991,,
2016-05-23,154048.140625,154204.296875,151081.171875,152798.890625,377,,
2016-05-24,144600.703125,151393.50073400378,144054.15619094225,151315.42260056696,788,,
2016-05-25,141477.59375,143663.78173289183,140150.26533181567,142883.00031043045,656,,
2016-05-26,140228.359375,142024.15685029232,139681.81231730233,141009.14088599666,464,,
2016-05-27,137964.09375,139994.12568972836,137964.09375,139994.12568972836,423,,
2016-05-31,137183.296875,139291.40673022196,136558.671732712,137417.531303358,526,,
2016-06-01,137261.34375,138822.90625,136246.328125,138510.59375,525,,
2016-06-02,136402.53125,140150.28253792215,136324.45309816828,138120.25059029766,440,,
2016-06-03,138198.28125,140774.859375,136949.03125,137261.34375,712,,
2016-06-06,136714.828125,138120.234696245,135543.6559822958,137417.5314106225,359,,
2016-06-07,137651.78125,137964.09385635282,136090.21821823597,136324.45267300057,305,,147368.58828125
2016-06-08,137261.34375,138588.671875,136246.328125,137027.109375,430,,147047.16614583333
2016-06-09,137651.78125,139525.65688811685,137261.390492059,138744.87537223482,543,,146730.95026041666
2016-06-10,142180.28125,143819.92205518947,140696.79671197146,141243.3436470346,768,,146560.47942708334
2016-06-13,145928.03125,146474.5781835206,142414.51524879615,144913.0155163189,821,,146444.6640625
2016-06-14,145849.984375,149129.26667893468,144444.5776733137,147021.15662640525,880,,146344.46380208334
2016-06-15,147099.203125,147958.06259122878,144132.2340598461,144756.85912619426,704,,146291.10989583333
2016-06-16,146006.125,152252.3763368984,145459.57800802137,149519.64137700535,933,,146241.66041666668
2016-06-17,150846.984375,152018.15661393633,146552.68616556676,146552.68616556676,683,,146213.03203125
2016-06-20,148270.359375,148504.59375,143585.671875,145537.625,861,,146145.36380208333
2016-06-21,146943.046875,148426.53140774442,145928.0311420696,147489.59380811636,460,,146042.56067708333
2016-06-22,147645.78125,148192.3282985193,143976.10820994183,146552.68715296139,649,,146073.7921875
2016-06-23,141633.75,146240.36039140023,141477.59371554575,144054.1724090408,633,,146041.259375
2016-06-24,158889.0,159825.9375921376,150300.4054054054,157483.59361179362,2228,,146283.30104166668
2016-06-27,168180.34375,170600.76652448933,162246.40404480038,162324.48219881614,1717,,146760.87890625
2016-06-28,157483.625,163105.25167327715,157327.46870352008,162949.09537679722,1229,,147030.24869791666
2016-06-29,149207.34375,153970.11087127158,148192.32780612246,153735.87642268447,1208,,147097.91666666666
2016-06-30,144132.265625,149910.04875406285,143819.95302342903,148426.56389660077,886,,147198.11692708332
2016-07-01,141867.984375,144288.40678315907,140150.26524662907,144132.2504987617,700,,147159.07786458332
2016-07-05,144444.578125,146630.76633445945,143429.56217060811,144054.18737331082,908,,147157.77734375
2016-07-06,140931.046875,147801.9233985457,140618.73430574793,146552.6731215374,1023,,147073.19270833334
2016-07-07,139603.703125,141555.65646847035,138588.6873863954,140462.56259612695,633,,147028.94817708334
2016-07-08,133123.234375,138042.1574046921,132888.99994501466,137573.6885447214,944,,146966.48541666666
2016-07-11,130858.9609375,131795.89860531024,129375.4762968004,131795.89860531024,648,,146866.284765625
2016-07-12,128828.9375,129375.48450757576,127735.84348484849,128516.62492424242,607,,146715.333984375
2016-07-13,129765.8359375,129843.91405779934,127735.80480971721,128048.11729091457,542,,146616.43385416668
2016-07-14,127111.21875,128126.23462453931,126330.43730804669,127267.37503839067,516,,146431.64947916666
2016-07-15,127892.0,128594.70329670329,126018.12454212454,126330.43711843711,395,,146266.38411458334
2016-07-18,125237.3203125,127579.66420861908,124534.61714366429,127579.66420861908,554,,146056.87408854166
2016-07-19,126564.671875,127189.29702922578,125393.49971082664,126486.59373072177,380,,145766.68346354167
2016-07-20,122192.28125,125003.09410942493,121411.49990015975,124612.70343450479,580,,145402.318359375
2016-07-21,122894.9765625,123988.07038198857,121177.25770330368,121879.9608729749,458,,145023.63880208333
2016-07-22,121489.5859375,123831.93013937982,121021.11709712404,122660.75803843992,357,,144556.47122395833
2016-07-25,121333.4609375,122582.71150056306,121255.38277730855,121880.00805884009,300,,143998.21302083333
2016-07-26,121021.09375,122816.890625,119615.6875,121567.640625,427,,143393.1078125
2016-07-27,118522.609375,119928.01581027667,117507.59361618906,117976.06242794795,547,,142817.93151041667
2016-07-28,117273.375,118991.09420772304,116804.90612516645,117898.00016644475,459,,142151.66484375
2016-07-29,116492.59375,117585.68779323057,115555.65599865951,116336.43745810991,549,,141422.9359375
2016-08-01,114696.8046875,116648.75847728045,113681.78871681416,116258.36771932436,580,,140660.37330729168
2016-08-02,117273.375,119381.484936751,114852.95248002664,115165.26506324901,802,,139983.69622395834
2016-08-03,116024.109375,117741.82835632571,116024.109375,117741.82835632571,398,,139305.717578125
2016-08-04,115165.2421875,117039.11731461865,114696.77340572033,116102.17975105932,379,,138724.03541666668
2016-08-05,111729.8125,113681.76589797346,110949.03114081062,113291.37521837876,445,,138017.42734375
2016-08-08,112120.2109375,113213.30491599931,111417.5076656076,111807.89837221449,301,,137282.191796875
2016-08-09,111261.34375,112120.20324561403,110246.32798245613,111885.9688377193,632,,136505.31419270832
2016-08-10,112120.2109375,113057.14863335656,111105.19510032209,111261.35138296484,329,,135839.04765625
2016-08-11,110792.90625,111729.84414640591,109934.04651162791,111105.2188821353,279,,135055.66354166667
2016-08-12,110480.578125,111651.75033127208,110480.578125,111339.43774293286,301,,134297.00442708333
2016-08-15,109153.2734375,110168.28957103899,108372.49179631617,110012.13324280223,386,,133474.58216145833
2016-08-16,110792.90625,110949.06256606766,109699.81203752643,109777.89019556025,345,,132766.67408854168
2016-08-17,110324.4296875,112666.77426685244,110168.27338220984,110870.97675601557,522,,132037.94557291668
2016-08-18,110246.34375,111183.28151558075,109777.87486720964,110636.73448565864,291,,131465.37291666667
2016-08-19,110324.4296875,111729.83643511147,109543.64816104919,110792.89860337049,530,,130946.153515625
2016-08-22,110168.265625,111417.5159793586,109465.56230067328,110870.96894932672,400,,130445.151953125
2016-08-23,109465.5625,109621.71879457918,108216.31214336662,108840.93732168332,370,,129970.17643229167
2016-08-24,111729.8125,112744.82826694619,109309.39028651293,109777.85910202656,515,,129545.95169270833
2016-08-25,112120.2109375,112900.9923507138,111105.19510032209,112588.67978542828,519,,129126.9328125
2016-08-26,111651.7421875,113681.77386363636,109465.55422858392,111964.05475305945,1044,,128714.41966145833
2016-08-29,111183.296875,111651.76582250702,110246.35897998595,111573.68766458918,405,,128264.169921875
2016-08-30,112198.2890625,113369.4611821503,110714.8043776096,111729.82021463987,589,,127855.5609375
2016-08-31,112588.6796875,114072.16437131587,112276.36712248613,112822.9141112604,545,,127437.842578125
2016-09-01,111807.90625,114150.25065467876,111339.43736906424,112432.531424581,697,,127013.61861979167
2016-09-02,110714.796875,111885.96891528562,109387.4685626763,110090.17178684767,554,,126564.66888020834
2016-09-06,108606.71875,110870.98535226456,108606.71875,110090.20376527678,615,,126005.10950520834
2016-09-07,108450.5546875,109621.72698434125,107825.929462518,108294.3983812545,371,,125380.48489583333
2016-09-08,110324.4296875,111183.2893665959,109231.33555046887,109231.33555046887,433,,124788.39231770833
2016-09-09,118600.71875,118600.71875,112354.46628127056,113135.24783986175,1303,,124313.417578125
2016-09-12,112276.3984375,120708.84004476704,111729.85129628825,120708.84004476704,1503,,123751.25546875
2016-09-13,115243.34375,116804.90667344173,112900.9993648374,113994.0934112466,1459,,123157.86145833334
2016-09-14,113525.640625,115009.12561253438,111651.76485127235,115009.12561253438,890,,122578.7828125
2016-09-15,108372.484375,113525.64285392652,107825.93726359871,113369.4865363833,1021,,121935.94010416667
2016-09-16,108606.71875,110090.20376527678,108138.24979780732,108606.71875,698,,121285.2890625
2016-09-19,109777.8671875,110480.57046252667,106576.66337904516,107747.83550408961,632,,120754.35768229167
2016-09-20,109231.34375,109855.9690180486,107904.01505539671,108684.79664045747,439,,119926.730078125
2016-09-21,106030.1171875,109777.86801592415,105561.64833394699,107903.99260171207,1085,,118890.89296875
2016-09-22,103531.625,104468.56278280543,103141.2342571644,104156.25018853696,627,,117991.69296875
2016-09-23,105483.5703125,105873.9610242413,103922.00746553479,104078.16375023131,549,,117262.96341145833
2016-09-26,108138.2265625,108606.6954140343,106888.97629174187,107435.52328519855,673,,116663.06276041667
2016-09-27,104937.0234375,108684.77427455357,104780.86715262277,108294.3835623605,563,,116047.54674479166
2016-09-28,104312.3984375,106030.11757344686,104234.32029495695,104546.63286512911,490,,115378.67708333333
2016-09-29,106576.671875,107982.07853708792,104312.4055860806,105015.10891712455,945,,114806.10416666667
2016-09-30,104390.484375,106186.28178758414,103297.39029777487,105873.96919409125,652,,114219.2171875
2016-10-03,104624.703125,105952.03144822762,104312.39057835822,104780.8593983209,622,,113744.24166666667
2016-10-04,105171.2734375,106342.44574749444,103063.16327951003,103843.94481950632,799,,113316.11354166667
2016-10-05,104000.109375,104390.5001759572,103063.17145270269,104390.5001759572,502,,112902.29973958334
2016-10-06,104234.328125,105717.81294475656,103531.62478932584,104546.64071863296,539,,112476.774609375
2016-10-07,104858.953125,106420.51609037603,103453.54645616158,104000.09349404319,620,,112105.903515625
2016-10-10,102828.921875,103375.46891609719,102204.29668517463,103375.46891609719,460,,111688.185546875
2016-10-11,107201.296875,108684.7816824472,103141.23319146031,103375.46763474145,801,,111387.58515625
2016-10-12,107513.625,108606.71922657952,106420.53077342048,107201.31236383443,642,,111070.06770833333
2016-10-13,108606.71875,111651.76693925234,107825.93716301222,109855.96928918044,913,,110843.64166666666
2016-10-14,108450.5546875,108606.71099374551,105795.8974813265,107123.22608441325,605,,110602.90130208334
2016-10-17,109309.4140625,109699.80482700892,107982.08546316964,108606.71068638393,572,,110399.8984375
2016-10-18,106264.3359375,106498.57032972078,104780.85145343497,105327.39836861682,639,,110148.74635416667
2016-10-19,106498.59375,106967.06263746334,105873.96856671554,106498.59375,423,,109906.7046875
2016-10-20,106732.828125,108606.70367364667,106030.1247942575,106888.98442072056,485,,109710.20833333333
2016-10-21,105639.7421875,107513.61788040465,105327.42957201588,106576.68003395233,415,,109516.314453125
2016-10-24,101813.8984375,103531.61758291794,101579.66400857936,103453.53943994439,764,,109271.66953125
2016-10-25,102828.921875,103219.31261864085,101501.59334662111,101579.67149534928,489,,109073.871484375
2016-10-26,104702.796875,105717.81280294555,103063.1557606264,104858.953171607,574,,108864.36184895833
2016-10-27,106186.265625,106654.73444393382,103219.29643841911,103297.37457490808,575,,108700.39778645833
2016-10-28,108138.2265625,109153.24240749098,105561.64787906138,107201.28885943141,959,,108583.280859375
2016-10-31,108606.71875,108684.79690869877,107045.15557602444,107045.15557602444,425,,108531.229296875
2016-11-01,110949.046875,113837.93831368754,107982.07728932089,108060.15543631246,875,,108511.70989583334
2016-11-02,113603.703125,114462.5627362543,110480.57726589347,111105.20243771479,982,,108550.74921875
2016-11-03,116961.0859375,117429.55490654206,113135.25602365655,114306.42844626168,824,,108631.43046875
2016-11-04,118288.375,118913.00008250824,115477.56212871286,117897.98432343233,889,,108756.35494791667
2016-11-07,109699.796875,113057.15720640568,109465.56243327401,112510.61017571174,997,,108743.34192708334
2016-11-08,107747.8671875,110949.07193727356,106186.30389492754,110246.36845561594,740,,108719.91848958333
2016-11-09,106108.1953125,111807.89969646798,105639.72645902318,111573.66526972958,2194,,108641.83997395834
2016-11-10,111339.4375,115555.65743338008,104156.24798387097,104624.71686535764,2622,,108658.75677083334
2016-11-11,111027.140625,113916.032469673,110402.51536128692,112979.09457410338,1218,,108671.77005208333
2016-11-14,114462.546875,116258.34399513985,110714.79636340383,111027.10890603684,1054,,108740.738671875
2016-11-15,109777.8671875,112354.44586259779,108606.69506245555,111964.05515424964,1112,,108734.23203125
2016-11-16,107747.8671875,111339.46276041667,107591.71085824276,111261.38459578805,612,,108705.60377604167
2016-11-17,105483.5703125,108606.69600643043,105405.49217015175,107903.99272529608,759,,108601.49973958333
2016-11-18,106654.75,106967.06259150806,104546.64000732065,105249.34333821377,470,,108510.40872395833
2016-11-21,103375.46875,106108.20395109517,103063.15615558912,106108.20395109517,695,,108372.47083333334
2016-11-22,102360.4453125,103141.22674127575,101657.74202660183,102282.36716962243,466,,108225.42330729167
2016-11-23,103531.625,104937.03167420815,103063.15610859728,103375.46870286576,627,,108080.97890625
2016-11-25,102672.75,103609.68764258556,102516.59372623575,103297.37509505704,231,,107915.71341145833
2016-11-28,103297.3828125,103609.69538336167,101891.97624362244,103063.14838435373,536,,107773.87135416667
2016-11-29,102204.296875,103922.01615021008,100798.89019528266,103063.15651260504,871,,107632.0296875
2016-11-30,106030.1171875,106030.1171875,101735.81936326399,101891.97564778167,774,,107589.086328125
2016-12-01,111261.34375,111964.0469736842,106030.10864035087,106030.10864035087,908,,107635.9328125
2016-12-02,110792.90625,112198.31309460888,109465.57756342494,111261.37519820296,665,,107643.74075520833
2016-12-05,108060.15625,110636.73512012284,106888.98403630781,108997.09402095377,564,,107468.06471354167
2016-12-06,107513.625,108762.87554466231,106888.99972766884,107357.4686819172,301,,107388.68515625
2016-12-07,103297.3828125,109075.16537344104,102985.07024163831,108138.227660856,904,,107189.58580729166
2016-12-08,102828.921875,103843.93780846622,102048.1403877183,103219.31261864085,1025,,107011.30716145833
2016-12-09,100564.65625,101735.82848893633,100330.42180221273,101735.82848893633,887,,106881.17669270834
2016-12-12,101735.8203125,103063.14874328474,101189.27331158865,101735.8203125,713,,106766.66171875
2016-12-13,97831.921875,100876.96972266561,96270.35887619713,100798.89157272546,1399,,106567.56263020834
2016-12-14,98456.5390625,99393.47678553726,96582.66361642545,97597.67948304916,1393,,106387.98255208334
2016-12-15,97831.921875,98846.93782422187,96348.43702613728,98144.23447476058,1080,,106251.34596354167
2016-12-16,99081.1640625,99705.78921025414,96894.97604536051,97519.60119311465,748,,106177.17161458333
2016-12-19,97909.9921875,99315.39877392346,96114.1948826256,98846.92991178231,627,,106050.9453125
2016-12-20,96738.8359375,97363.46118971954,96270.36699833536,97207.30487666465,397,,105860.95546875
2016-12-21,97051.140625,97753.84397626709,96582.67172415527,96738.82802443685,347,,105729.52408854167
2016-12-22,97988.078125,99003.09407370519,96973.06217629483,96973.06217629483,441,,105624.11875
2016-12-23,97597.6796875,98690.77369999999,97597.6796875,98378.46112499999,310,125007.0126953125,105474.46888020834
2016-12-27,96270.3515625,97285.3674346107,94474.55425030414,97207.28929060219,661,124705.63109375,105339.13333333333
2016-12-28,98456.5390625,98612.69534967287,95333.41331904242,95645.72589338818,831,124414.7901171875,105236.33059895833
2016-12-29,98925.015625,99783.87527131019,97831.92152969613,98534.62487667719,566,124147.3725390625,105132.22630208333
2016-12-30,101735.8203125,102750.83617133538,98378.46016404452,98456.53830703185,1196,123891.666875,105094.48815104166
2017-01-03,99237.3359375,100876.97720790716,97988.08544576121,99783.88302763572,860,123628.5435546875,105011.20494791666
2017-01-04,97519.609375,98846.93792534027,96973.06232485989,98846.93792534027,827,123364.6394140625,104888.88255208333
2017-01-05,96036.125,97753.8443089431,95723.81239837398,97675.76615853659,589,123099.9545703125,104775.66927083333
2017-01-06,93381.4765625,96348.44655361622,92600.69498589047,95567.66497700669,888,122804.038515625,104545.33893229166
2017-01-09,92522.6015625,93381.4611550633,91976.05454905063,93147.22672072785,663,122504.9992578125,104295.48854166667
2017-01-10,91897.9921875,92991.08640213466,91039.1324474299,92522.61745300553,773,122198.933046875,104017.009765625
2017-01-11,91273.3515625,93225.30518872969,91117.19527240163,91741.82043279512,732,121926.4403515625,103730.723046875
2017-01-12,91566.1484375,94103.68825776754,91409.99214086815,92132.21501279045,1715,121666.3425,103435.001953125
2017-01-13,90590.1640625,91409.9845517534,90180.25381787331,91409.9845517534,1291,121397.4608203125,103173.76575520834
2017-01-17,91449.0234375,92229.8048542556,90921.99598118996,91429.50390208111,1405,121157.077578125,102922.93958333334
2017-01-18,90922.0078125,91761.34794473217,90648.73428107557,91078.1641161711,995,120905.0804296875,102659.42591145834
2017-01-19,91000.09375,91605.19947849635,89575.16735708923,90590.1834177928,1129,120634.3445703125,102415.43177083334
2017-01-20,90394.96875,91156.23063323257,89145.7184800799,89906.98036331245,1533,120395.7181640625,102225.11627604166
2017-01-23,90277.875,91937.03594594594,89848.4451081081,90687.78535135134,1092,120126.0558984375,102015.93216145833
2017-01-24,88403.9765625,90141.21522756128,87994.0663156878,89692.2659096241,981,119845.462734375,101744.28515625
2017-01-25,85710.2734375,86979.04314222273,85690.7539035812,86842.40640479105,1181,119543.9834765625,101403.01861979166
2017-01-26,85456.53125,85925.00012848333,84949.02329830972,85417.49217679305,1004,119259.9742578125,101024.99036458334
2017-01-27,84968.5390625,85827.39863492132,84753.82416939468,84988.05859823685,702,119000.461953125,100631.020703125
2017-01-30,86940.0078125,88384.4533845981,85846.91386604737,85905.47247032162,1015,118750.8069921875,100230.87005208334
2017-01-31,87467.046875,89028.60986317229,87467.046875,87857.43762204307,1130,118498.7123046875,99795.25911458333
2017-02-01,85671.25,86900.98086124401,85202.78110047846,85729.80861244019,998,118248.5693359375,99273.76184895834
2017-02-02,85944.515625,86900.9728736089,85202.77326893595,86159.23051754486,943,117987.3005078125,98734.69752604167
2017-02-03,85222.3046875,85944.52760858051,84949.03114979387,85632.2149940592,805,117724.372421875,98326.73932291666
2017-02-06,84909.9921875,85885.9691091954,84870.95311063218,85749.33234015804,648,117459.8827734375,97946.10807291667
2017-02-07,83973.046875,84617.19158603557,83465.53892085077,84441.51575575315,894,117159.8674609375,97577.18893229167
2017-02-08,83582.6484375,84812.37913613673,83250.81634421708,84324.39076366184,847,116857.509765625,97114.57578125
2017-02-09,82645.734375,83465.5550749882,82118.70678215045,83289.87921070501,1110,116542.6596875,96641.55234375
2017-02-10,81845.3984375,82548.10159603805,81494.04685823098,82196.75001676903,1030,116204.2884765625,96097.933203125
2017-02-13,80440.0078125,81181.75018009888,80147.21477265834,81103.6720361411,952,115832.34375,95608.96888020834
2017-02-14,79620.1875,81123.19177494483,79620.1875,80381.44940549154,1190,115443.80765625,95140.17421875
2017-02-15,78253.8125,79952.01197306061,78136.69529496133,79776.33616550261,1142,115069.91078125,94686.344921875
2017-02-16,78312.3671875,78936.99224981306,77648.70305879238,78117.17185552717,1229,114675.2257421875,94213.971875
2017-02-17,77336.421875,78702.78975265018,77316.90233389071,78663.7506704316,1276,114260.8262109375,93779.98776041667
2017-02-21,76165.2265625,77004.56657843734,76009.07028046515,76906.96890216555,911,113839.39953125,93343.40078125
2017-02-22,76067.625,76770.32823325635,75950.50779445728,76418.97661662818,712,113430.36765625,92885.66744791667
2017-02-23,76946.0,77882.93759512938,75774.82800608828,75774.82800608828,1079,113031.583515625,92456.88828125
2017-02-24,76516.59375,78058.63734853316,76516.59375,77902.48103475766,1093,112663.835625,92010.541796875
2017-02-27,76223.796875,77336.41055537772,76223.796875,76926.50025208067,675,112274.323125,91577.53346354167
2017-02-28,76867.9296875,77570.63295533901,76184.74595487874,76301.86316618526,863,111877.4910546875,91091.49700520834
2017-03-01,74388.9453125,75891.94945552349,73998.55462600039,75521.07830334886,1662,111460.06578125,90476.95703125
2017-03-02,75521.1015625,75774.85558687645,74408.48776331094,74447.52684398423,783,111077.1902734375,89889.09361979166
2017-03-03,75111.1796875,76301.87146529042,75052.62107547752,75755.32441974727,641,110663.76640625,89339.94401041667
2017-03-06,75579.6328125,76516.57040934918,75247.80074694926,75911.46487805076,711,110261.6639453125,88807.71080729166
2017-03-07,76009.0703125,76399.46101775167,75013.57401410825,76106.66798881291,702,109849.21625,88352.90559895833
2017-03-08,75599.1640625,76087.15246982314,74896.46075595469,75950.51571577265,936,109460.8751171875,87899.07630208334
2017-03-09,75423.4921875,76653.22303838315,75111.17959045031,75657.72663528727,820,109067.751875,87480.05690104167
2017-03-10,74506.0546875,75482.0313011691,74135.18357430573,74427.97655840647,936,108717.2786328125,87026.22747395834
2017-03-13,74076.6328125,74701.25791131423,74076.6328125,74584.14070528655,587,108380.273828125,86630.30598958333
2017-03-14,74681.75,75560.12918191323,74545.11323836906,74603.67185049661,626,108052.54078125,86234.05950520834
2017-03-15,73315.3828125,74915.98488668131,72788.35530026957,74232.80107453075,1264,107729.2972265625,85825.45052083333
2017-03-16,73412.9609375,73939.98830929275,72885.93356570725,72885.93356570725,875,107410.445546875,85397.64713541667
2017-03-17,73627.671875,73647.19140625,72944.48828125,73256.80078125,616,107092.2771875,84992.941796875
2017-03-20,73334.8984375,73900.96499451026,72846.91002628427,73588.65241133218,644,106776.9390234375,84602.876171875
2017-03-21,76633.6953125,76809.3711295689,72300.35849146714,72515.0733789958,2101,106469.11609375,84262.58541666667
2017-03-22,75150.21875,76946.01618506493,74915.98430194805,76575.14497564935,1940,106161.293046875,83881.95442708333
2017-03-23,75696.765625,76087.15637087416,74818.38644678314,75423.49210288809,1108,105851.51796875,83516.93919270833
2017-03-24,75228.296875,76126.19559224183,74115.6832471134,75013.58196435521,1313,105541.352734375,83166.23828125
2017-03-27,74876.9375,77375.43802137644,74506.06632885819,76887.4496382951,1218,105227.478515625,82773.244921875
2017-03-28,73471.5234375,75384.43770340728,72846.89837108129,75013.56657022117,975,104883.9347265625,82349.02005208333
2017-03-29,72515.0625,73588.63677658144,72436.98437079409,73373.92192126515,751,104516.8698828125,81862.007421875
2017-03-30,72144.2109375,72807.8752156047,71909.97648640422,72554.1212269176,703,104148.341015625,81410.45533854167
2017-03-31,72319.875,72710.26568825911,71714.76943319838,72456.5117408907,640,103774.444375,80990.459765625
2017-04-03,72436.984375,73647.19537776207,71617.16401829022,72144.1913904608,1191,103406.598671875,80597.14075520834
2017-04-04,72105.1640625,73120.17990745127,72066.12499154033,73100.66037197143,665,103012.8895703125,80242.535546875
2017-04-05,72983.53125,73393.44142818936,70543.5897131586,71812.35931231613,1823,102636.4554296875,79916.884375
2017-04-06,72866.4375,73452.02365724617,72319.89041990356,72768.83980712564,1156,102266.0723828125,79599.691796875
2017-04-07,72983.53125,73783.83207408398,72339.38668427388,73003.05078229474,1065,101892.7611328125,79294.86145833334
2017-04-10,72905.453125,73510.55862617135,72027.07417168675,72807.85546352075,903,101549.1196484375,78983.84986979167
2017-04-11,73803.375,75443.01623247818,72827.39807590585,73178.74976857974,1365,101123.6915234375,78704.07005208333
2017-04-12,74759.8203125,75013.57427178526,73744.80447535901,73900.96075799609,989,100656.58890625,78425.91666666667
2017-04-13,75657.7265625,75696.76563709365,73803.37051930148,75072.1404435952,1120,100247.4594140625,78171.51197916667
2017-04-17,73803.375,75130.70361676805,73783.85546151812,75072.14500132241,755,99870.4395703125,77884.9
2017-04-18,74096.1484375,74701.25397005072,73510.56243825737,74584.1367702022,854,99520.258984375,77613.25299479166
2017-04-19,73783.8359375,74115.66800388558,72476.02720527447,73237.28900462964,1022,99179.8382421875,77338.35234375
2017-04-20,72027.09375,73256.82461890244,71480.54669715447,72924.9924796748,1368,98817.7508203125,77065.404296875
2017-04-21,72007.5703125,72554.11733574478,71695.2577277887,71792.85541051098,783,98473.1334375,76837.02591145833
2017-04-24,69430.984375,69997.05087679224,69235.78902955439,69665.21878953472,1141,98122.26984375,76569.93346354166
2017-04-25,67928.0078125,68943.02402119253,67557.13650547773,68786.86768139368,1218,97796.2937109375,76285.924609375
2017-04-26,68181.7421875,68318.37894539078,67381.44117699684,67888.9491348769,916,97482.9076171875,75973.28684895833
2017-04-27,67010.5546875,67869.41411256554,67010.5546875,67693.73832107487,806,97173.815703125,75632.3453125
2017-04-28,66639.703125,66971.53527295694,66112.67559589191,66249.31236269772,815,96858.1850390625,75315.15286458333
2017-05-01,64941.47265625,66073.60533255372,64629.16019382138,66034.56627475015,1002,96547.33630859375,74965.1021484375
2017-05-02,64570.625,65117.17200725513,64473.027320133006,64648.70314389359,780,96230.72943359375,74620.90748697917
2017-05-03,65195.24609375,65702.7539974738,64961.0116766467,64980.531211405316,1007,95930.5190625,74292.32838541667
2017-05-04,65097.65625,65780.84004872564,64843.90226761619,65156.21486131934,973,95623.183984375,73977.73854166667
2017-05-05,64414.46875,65351.40647727273,64414.46875,64629.183645833335,628,95334.294921875,73658.26888020833
2017-05-08,63985.0234375,64707.24609375,63985.0234375,64336.375,476,95039.74515625,73347.25703125
2017-05-09,63321.3828125,63848.410351321676,62891.95296605272,63711.773581997535,1278,94748.904140625,73038.5234375
2017-05-10,63223.78125,63887.445517520835,63145.7031008799,63243.30078728002,733,94458.3557421875,72751.586328125
2017-05-11,63379.9453125,64590.15677211657,63321.386693486296,63731.29702658223,907,94170.15,72480.915625
2017-05-12,62930.97265625,63438.480500252015,62911.45312378838,63282.324240559086,682,93892.19181640625,72225.5349609375
2017-05-15,62364.9296875,63028.594040982,62267.33198845853,62911.47680213224,603,93617.64958984376,71959.7443359375
2017-05-16,61603.65234375,62423.47281220295,61584.13280878684,61915.964903160646,744,93343.2048828125,71697.53151041667
2017-05-17,66268.8359375,66307.87501610824,62696.76024484536,63048.11195231959,2811,93101.0650390625,71532.59166666666
2017-05-18,64551.11328125,66600.66480666012,63906.96851612111,66307.87173160152,2159,92837.45373046875,71340.6498046875
2017-05-19,63750.8125,63985.046961114516,62930.99188609921,63946.0078842621,1211,92576.08724609375,71120.73001302083
2017-05-22,62130.66796875,63399.4375,62052.58984375,63360.3984375,865,92310.914375,70880.96458333333
2017-05-23,61974.53515625,62423.48454478346,61584.144383612205,61584.144383612205,819,92062.13798828125,70643.47688802083
2017-05-24,61115.6640625,61935.48453219818,61037.58592252874,61408.457087392206,710,91807.11525390625,70380.93912760417
2017-05-25,59573.63671875,60842.40683235379,59105.167753727066,60393.45740754014,1354,91548.67671875,70134.01731770833
2017-05-26,59261.3046875,59788.33210072875,59183.22655220685,59515.05862720273,623,91284.3821875,69863.020703125
2017-05-30,59124.6640625,59456.496115673486,58909.94920456421,59358.8984529754,583,91026.0409765625,69596.57877604167
2017-05-31,59222.2734375,60081.13303909855,58500.05059070122,58539.08966350116,1204,90769.749453125,69323.95611979166
2017-06-01,58461.01171875,59554.10576090359,58441.49218228297,58812.363375156514,957,90516.28814453125,69031.4884765625
2017-06-02,56489.5390625,58168.21921432274,56470.0195258509,57894.945701235316,1678,90244.77130859374,68712.9947265625
2017-06-05,56528.58984375,56782.34387274473,56235.796733371455,56509.07030305809,594,89975.792109375,68398.0796875
2017-06-06,57211.765625,57465.51961787786,56196.74965348857,56684.7381013306,1119,89710.61921875,68109.84153645833
2017-06-07,56548.09765625,57524.07448842553,56411.46089974543,56743.29302268511,1017,89441.73755859376,67817.69928385416
2017-06-08,56352.8984375,57289.83613233893,56099.14447848112,56138.183549099405,1200,89172.66072265625,67512.21842447917
2017-06-09,60510.546875,62794.33203125,55982.015625,56157.69140625,5265,88927.88564453126,67298.8044921875
2017-06-12,61545.0859375,63867.91030367903,61271.812482655405,62072.113314700284,5889,88676.96201171874,67101.00657552083
2017-06-13,60100.65625,61506.06295672296,59846.90226128613,60510.566539460866,2702,88416.86423828125,66875.55631510417
2017-06-14,60861.9296875,62345.41482420622,59378.44455079378,59397.96409206623,3829,88162.91517578125,66667.67350260417
2017-06-15,61701.25,63867.918380259405,61506.054650427075,62774.82442265106,3693,87915.50494140625,66418.7994140625
2017-06-16,62442.9921875,63204.25404911691,61837.88660518912,61837.88660518912,1757,87666.72845703125,66207.0123046875
2017-06-19,59436.9921875,60998.555200636285,59241.796810857966,60764.32074866584,2125,87400.97001953125,65936.01608072917
2017-06-20,60783.84765625,60861.92581637364,59378.440774024566,59612.67525439547,1803,87145.8497265625,65695.27526041666
2017-06-21,59046.6015625,60510.566890495866,58949.00387396694,60432.48873966942,1924,86887.50875,65431.436328125
2017-06-22,59066.1171875,59534.58606142597,58421.97248585178,58792.84367770985,1524,86639.8057421875,65191.34622395833
2017-06-23,58421.9765625,59768.82466901938,58187.74210919228,59300.35576240394,1230,86389.6628515625,64956.46145833333
2017-06-26,59202.74609375,59593.13677026665,57114.15597438592,57426.46851559924,1857,86134.05443359374,64740.77037760417
2017-06-27,62384.4453125,62443.00392825015,59690.7489879928,59924.98345099343,2929,85852.97306640625,64575.1798828125
2017-06-28,59807.8515625,62852.898835264365,59612.65622450229,61779.324476276925,2750,85590.63033203124,64364.6943359375
2017-06-29,62852.90234375,64609.6604837927,60530.077691915765,60549.59722680513,4432,85328.678125,64210.489973958334
2017-06-30,63009.0625,63418.97275789963,61857.40987066295,62384.43734510533,2631,85076.095234375,64044.248828125
2017-07-03,64765.828125,64941.50396982369,61740.2996863698,61974.53414613472,1950,84858.061953125,63909.238671875
2017-07-05,62970.03125,64882.946024488534,62403.96463305951,64277.84033051767,2387,84629.878515625,63742.347005208336
2017-07-06,64590.14453125,65292.84782624093,63575.12866070754,64375.42963555833,3340,84403.93990234374,63603.758528645834
2017-07-07,62638.1875,64004.5549431287,62033.081918043004,64004.5549431287,2230,84170.97412109375,63417.6720703125
2017-07-10,61349.90625,62930.9887846007,60900.95688832326,62423.480810531335,1430,83947.57306640624,63194.173502604164
2017-07-11,60861.9296875,62306.37574166132,60588.6561096857,61642.71133839801,1627,83734.22458984375,62947.576888020834
2017-07-12,58675.7265625,59651.70338489687,58461.01166157269,59261.31265593812,2232,83500.18537109374,62695.4494140625
2017-07-13,58304.8515625,58792.83994183127,57875.42178868849,58480.52737905926,2154,83251.01849609375,62432.2611328125
2017-07-14,56938.48046875,58070.613436589396,56704.24606161082,57602.144622311025,2336,83011.02578125,62151.505208333336
2017-07-17,56860.41015625,57172.72274207218,56255.304521219536,56782.33200979446,1525,82773.76583984375,61898.7271484375
2017-07-18,55747.796875,57504.55517988445,55689.23826483718,56977.52768841911,1906,82519.62146484375,61627.73092447917
2017-07-19,54732.78125,55298.847817849506,54498.54680813124,55240.28920738231,1666,82271.33294921875,61382.76087239583
2017-07-20,54498.5546875,55279.3362732808,54205.7615928322,54361.917909988355,2051,82020.70220703125,61158.93665364583
2017-07-21,54557.109375,55455.008133944546,54557.109375,55103.656445661894,1558,81767.63138671876,60931.85944010417
2017-07-24,53873.93359375,54830.39111045063,53737.29680564991,54635.19569887908,1435,81517.0005078125,60712.915755208334
2017-07-25,54244.79296875,54693.7423168181,53893.44130504453,54361.91018998516,1267,81267.05283203124,60506.33391927083
2017-07-26,53756.8125,54108.16421568627,53659.21480119826,53873.92973856209,1331,81011.54212890625,60319.92291666667
2017-07-27,54693.7421875,56606.656796484654,52546.59313659886,52683.229894383476,5522,80770.86623046875,60155.308203125
2017-07-28,54908.45703125,56021.070629110385,54635.18351598605,55689.23850343272,3015,80509.40203125,59983.86171875
2017-07-31,55650.1953125,55982.0274136268,54244.78876655121,54459.503655515604,2076,80250.0848828125,59826.404036458334
2017-08-01,55259.8203125,55767.32837612593,55006.06628068704,55084.14444432179,1593,79983.350390625,59673.8265625
2017-08-02,54830.3828125,56352.90679234158,54147.1989753916,54205.75759000089,3531,79715.24953125,59521.24921875
2017-08-03,55435.48828125,55747.80089128521,54615.667679907565,54615.667679907565,2563,79445.87990234375,59389.817643229166
2017-08-04,55181.72265625,55825.867278696496,54771.81244196586,55162.20312223647,2123,79190.4668359375,59255.78333333333
2017-08-07,54166.72265625,55084.141021959455,54108.16403716216,54849.90654560811,1491,78928.80748046875,59102.22962239583
2017-08-08,54439.98828125,54869.41809200206,53093.14023843672,54420.468744397636,2679,78667.34328125,58960.713216145836
2017-08-09,54596.15625,56118.680450035754,54557.11716794781,55767.32871156597,2681,78412.1253515625,58831.233658854166
2017-08-10,58148.69921875,58304.85551071038,55455.00318243328,55572.12040140357,4834,78193.79935546876,58773.651106770834
2017-08-11,56840.890625,58304.85587117961,56450.49989268544,57894.94560224932,3721,77963.85919921874,58616.51868489583
2017-08-14,54654.70703125,55533.086251395085,54361.9139578683,55533.086251395085,2422,77713.61875,58451.57858072917
2017-08-15,54518.0546875,54967.003938417474,54205.742165122625,54322.85936101414,2002,77455.2776953125,58297.69928385417
2017-08-16,54264.3046875,54791.33210712679,53464.003791029674,54127.66794907823,2432,77185.9080859375,58166.59322916667
2017-08-17,57582.62109375,57582.62109375,54654.69120762712,54888.92559851695,4422,76930.78759765625,58093.39466145833
2017-08-18,57758.3125,58421.97678692125,56528.58161541061,57504.55850794187,4360,76664.83392578125,58037.438802083336
2017-08-21,57933.98046875,59027.074439858494,57348.394412799025,57719.265581567975,2836,76386.4853125,58010.11119791667
2017-08-22,55337.8828125,57055.60192625661,55123.16792328042,57036.082390873016,2400,76078.369296875,57944.72083333333
2017-08-23,55923.46875,56294.33992146597,55533.07804319372,56157.70317408377,1990,75766.544765625,57891.367578125
2017-08-24,56430.984375,57348.40266127638,55337.8902466707,55533.08562672951,3032,75500.200703125,57844.84609375
2017-08-25,56782.328125,56997.04301306291,55357.40204967343,55786.83182579924,2411,75245.3730078125,57816.86803385417
2017-08-28,56313.86328125,56801.85169789861,55845.39440126733,56274.82420791811,1694,74996.40134765625,57813.940104166664
2017-08-29,55572.12109375,57855.90689212329,55318.36711615297,57680.23106147919,2707,74717.564765625,57797.99895833333
2017-08-30,53678.73046875,55572.12568892046,53385.93739346591,55494.04753551137,3435,74430.82271484374,57739.1150390625
2017-08-31,52136.6796875,53288.3322901067,51941.48433112598,53190.734611919695,2761,74119.19337890625,57665.59140625
2017-09-01,52136.6796875,52566.10947152284,51531.574082740546,51726.76943911456,2158,73830.98744140625,57595.32109375
2017-09-05,53542.08984375,54732.78159747539,52292.839479185655,52644.191144219374,4867,73559.9585546875,57479.18014322917
2017-09-06,53112.65625,54244.78931229327,52702.746003307606,53073.61717888644,2675,73298.103984375,57338.6396484375
2017-09-07,52741.78515625,53307.85168827489,52312.35537333457,52761.30469183707,2695,73028.53916015624,57215.991796875
2017-09-08,54049.59375,54244.78910482123,52858.90208559047,52936.98022751896,2103,72781.90978515625,57102.452864583334
2017-09-11,52331.8828125,52858.91035294667,51961.011580333834,52858.91035294667,2418,72531.76697265625,56946.29674479167
2017-09-12,51863.41015625,52605.15256721631,51648.695247812386,51804.85154485792,2053,72273.4258984375,56769.970377604164
2017-09-13,51687.734375,52390.43771242447,51629.17576354796,52117.16419231495,1621,72018.5008203125,56640.816080729164
2017-09-14,52566.1171875,52663.714880012994,51804.855185898625,52214.76549445321,1689,71764.8444921875,56503.85390625
2017-09-15,52078.12109375,52858.9025194434,51453.49595319528,52624.66809173538,2070,71514.21361328124,56387.712565104164
2017-09-18,52253.80078125,52722.269671332186,51375.42161234591,51863.41003951485,2125,71245.33203125,56274.17395833333
2017-09-19,51980.53125,52507.558791776195,51765.81632557266,51980.53125,1205,70948.92796875,56166.81653645833
2017-09-20,52448.98828125,53659.1993990161,51863.402256524474,52078.11713225717,2996,70657.20837890625,56054.25390625
2017-09-21,53444.48828125,53991.03527609113,52585.62871792823,52585.62871792823,2806,70384.1300390625,55905.254622395834
2017-09-22,53600.6484375,54127.67593488256,53366.41399421886,53991.03917630189,1908,70114.56515625,55801.80123697917
2017-09-25,55259.8203125,56099.16057157365,54166.72602161339,54264.323726156836,4205,69874.37734375,55675.24986979167
2017-09-26,54888.93359375,55455.00012085481,54127.6717124711,54439.98427914963,2709,69634.67740234375,55539.914388020836
2017-09-27,53385.9296875,54420.465070840946,52780.82408592322,54030.074360146245,3139,69398.78376953125,55350.2494140625
2017-09-28,53503.05859375,54147.203407173474,53288.343655942175,53776.33215095996,1850,69157.6199609375,55192.466536458334
2017-09-29,52331.8828125,53561.61374020888,52214.765581289634,53132.183892437526,2353,68930.119765625,54988.16217447917
2017-10-02,52175.71875,52897.941568462404,51551.093609708194,52078.1210718294,2115,68698.7156640625,54813.7876953125
2017-10-03,51863.41015625,52312.35951025593,51668.21478494308,52000.04691616485,1662,68468.87310546875,54655.679427083334
2017-10-04,51707.265625,52292.851872168736,51375.433418271045,52156.2150811627,2051,68232.00361328125,54503.10169270833
2017-10-05,50223.765625,51336.379165856975,50145.68748178197,51160.7033436164,2797,67993.57248046875,54362.235677083336
2017-10-06,50028.57421875,50711.758025873,50009.05468140363,50692.23848852663,2581,67760.021171875,54224.29772135417
2017-10-09,50165.2109375,50360.40631079767,49638.183429596305,49794.33972823444,1507,67525.5915234375,54111.409895833334
2017-10-10,50067.61328125,50750.79708820663,49521.0662356847,49657.70299707603,1717,67285.98919921875,53998.196614583336
2017-10-11,49618.66796875,50340.890909286485,49599.14842981658,50126.17598101888,1427,67046.094140625,53896.04446614583
2017-10-12,49930.96875,50067.605490129004,49325.86318657154,49833.37107847928,1532,66814.3972265625,53816.0142578125
2017-10-13,49364.90625,49501.54300118624,49150.19135527877,49286.82810646501,1494,66568.9390625,53730.453450520836
2017-10-16,48857.40234375,49306.35170607771,48798.84373127248,48974.51956870506,1400,66318.60099609375,53635.458333333336
2017-10-17,48701.24609375,49111.15638151303,48642.68748121243,48915.96100638778,1344,66053.428125,53549.246875
2017-10-18,48837.88671875,49052.6016483688,48486.535015737405,48486.535015737405,1637,65801.43087890625,53459.13177083333
2017-10-19,49403.95703125,50418.97313777904,49364.917950229654,49657.71105788226,2074,65560.8526171875,53386.5841796875
2017-10-20,49013.5625,49169.7188122262,48642.691258462764,48779.32803166069,1394,65325.7398046875,53291.91451822917
2017-10-23,49970.015625,50165.210998535156,48681.72615966797,48701.245697021484,2529,65108.6825,53209.607161458334
2017-10-24,49696.7421875,50262.80877172525,49384.429589306754,49696.7421875,1860,64894.553203125,53110.38294270833
2017-10-25,50301.84765625,51375.422208478856,49521.06616371993,50009.05459655123,3252,64686.57248046875,53027.75006510417
2017-10-26,50750.80078125,50809.359397536056,50009.05830829327,50340.8904672476,2069,64483.9597265625,52959.75703125
2017-10-27,46358.8984375,48447.488809210525,46066.10539473684,48310.85205592105,5566,64257.9234765625,52808.48053385417
2017-10-30,46027.0703125,46593.136910914975,45480.52325196141,46515.05875940946,3501,64035.1080078125,52655.902994791664
2017-10-31,45539.0859375,45988.03534879983,45324.371001660955,45617.164095986926,2024,63805.5583203125,52512.109049479164
2017-11-01,45597.64453125,46085.6330215245,44894.94110525471,44973.01926369863,2404,63578.93650390625,52364.736653645836
2017-11-02,45851.38671875,46768.80484381652,45675.71090756705,45734.2695112947,2294,63353.19296875,52218.990494791666
2017-11-03,44543.58984375,45812.359931323954,44504.55076413234,45285.33235648554,2370,63123.93607421875,51992.238671875
2017-11-06,44094.62890625,44680.214947501656,44036.070302124834,44621.65634337649,1557,62893.01984375,51779.8009765625
2017-11-07,44036.078125,44465.50796487145,43840.88274324025,44192.2344304078,2373,62671.1803515625,51602.823828125
2017-11-08,43470.00390625,44250.785296573304,43450.48437149191,44055.58994899248,1789,62459.97900390625,51418.6896484375
2017-11-09,44192.23046875,45500.039409300465,44094.63278661937,44543.582124420274,4587,62253.6575,51250.82174479167
2017-11-10,44172.7109375,44719.25795749558,44075.11325535794,44485.02352035462,1784,62049.678359375,51027.3232421875
2017-11-13,44016.5625,44680.226856984475,43840.88664079823,44660.70731707317,1651,61835.0611328125,50798.29407552083
2017-11-14,44485.02734375,45129.17210125055,44348.39057700746,44504.54688185608,2632,61620.15103515625,50574.144856770836
2017-11-15,45168.203125,45831.867302290404,44777.81243247623,45090.12498649524,2867,61417.63580078125,50404.6501953125
2017-11-16,43411.453125,44445.988653608365,43099.14051258993,44426.46911533274,3081,61204.97048828125,50196.1166015625
2017-11-17,43938.47265625,44036.0703298534,43294.32801046757,43391.92568407097,2059,60998.551328125,49987.90807291667
2017-11-20,44036.078125,44211.75396858378,43704.24597600842,43821.36320506427,1036,60794.1817578125,49775.47057291667
2017-11-21,42611.15234375,43450.492495276,42552.59372852726,43411.453418460835,2184,60587.37228515625,49547.092057291666
2017-11-22,42454.99609375,42728.26963182471,42337.87886314655,42494.03517061782,1054,60381.7340234375,49328.473307291664
2017-11-24,41986.5234375,42396.433708159,41967.00390080195,42318.35556136681,746,60178.43796875,49133.603190104164
2017-11-27,42045.0859375,42337.87901505919,41752.292859940804,42064.60547600395,1433,59979.43640625,48965.4099609375
2017-11-28,41732.765625,42454.98841645229,41674.20702028765,41771.804694808234,2616,59785.9001953125,48792.011393229164
2017-11-29,43899.43359375,44485.01963546299,41869.401982478324,41869.401982478324,5438,59607.29642578125,48631.300455729164
2017-11-30,42845.37890625,43665.199368237474,42591.62495373007,43372.406346099095,3526,59430.2542578125,48460.17916666667
2017-12-01,43372.40625,45226.76205276778,42767.30067225473,43626.1602019577,5360,59255.554453125,48304.0228515625
2017-12-04,44894.94140625,44992.53910495924,42415.95985903533,42552.596637228264,4092,59093.34705078125,48151.4453125
2017-12-05,44797.34765625,45402.45344158496,43255.30388071895,44953.50398794934,3761,58936.50765625,48025.8697265625
2017-12-06,44231.26171875,45460.99229610272,43997.02732306377,45304.8360323119,2816,58777.32583984375,47898.667252604166
2017-12-07,43762.796875,44348.38291703836,43391.92571504237,44211.74617389608,2562,58611.40982421875,47766.5849609375
2017-12-08,43216.25390625,43391.92973513719,42474.511517615174,42786.82410230352,2014,58444.908125,47610.75390625
2017-12-11,42181.71875,43157.69558364183,42142.67967665433,43157.69558364183,1933,58274.697734375,47445.8138671875
2017-12-12,42376.91796875,42630.67196856287,41986.52719980711,42259.80073806713,1809,58102.24267578125,47281.19915364583
2017-12-13,42142.68359375,42318.35944013432,41713.25374703277,41869.41005492995,1847,57941.0113671875,47117.235026041664
2017-12-14,42240.27734375,42357.39456374192,41615.6521704598,41927.9647571049,1810,57774.60724609375,46947.08984375
2017-12-15,40834.875,41947.48870697897,40639.67961281071,41732.77378107075,2711,57603.22572265625,46736.92962239583
2017-12-18,39780.81640625,40210.2462202527,39663.699184249264,40034.570387251595,2126,57424.231640625,46506.59908854167
2017-12-19,40444.47265625,40795.82425268461,39878.40619532758,39995.52339413912,2654,57246.40865234375,46259.67662760417
2017-12-20,40620.15625,41088.62513515137,40034.57014356079,40054.0896804421,2051,57071.51361328125,46021.863671875
2017-12-21,40639.67578125,40756.79300252161,40093.128748649135,40463.99994934258,1520,56897.59453125,45809.426106770836
2017-12-22,40776.3125,41088.625089755864,40717.753889420776,40795.83203685974,1619,56728.9458203125,45597.313671875
2017-12-26,41421.37890625,41870.973863703395,41284.5456583294,41421.37890625,1153,56565.66955078125,45415.471940104166
2017-12-27,41421.37890625,41558.2121541706,41089.069589871404,41440.9265130958,1059,56399.3676953125,45236.23294270833
2017-12-28,41323.64453125,41440.9301827105,41030.430402598744,41049.978011175495,868,56239.40900390625,45060.57018229167
2017-12-29,42046.90625,42125.09668468154,41186.811468503016,41186.811468503016,1863,56082.57873046875,44899.564192708334
2018-01-02,39896.671875,41753.694818716314,39838.02904519843,41460.48066970848,2717,55913.92373046875,44727.445963541664
2018-01-03,38723.81640625,39759.83976290384,38626.07835373549,39759.83976290384,2606,55740.8683203125,44539.03333333333
2018-01-04,38528.3359375,38665.169195522576,38156.931380010144,38293.76463803273,1808,55550.3415234375,44345.08541666667
2018-01-05,37375.02734375,38196.026898372125,37277.28930153308,37981.0032054949,2720,55361.46556640625,44133.542317708336
2018-01-08,36944.98046875,37394.57546916336,36866.79003389551,37355.48025173612,1370,55167.706640625,43922.314192708334
2018-01-09,36925.4375,37257.74688988883,36593.128110111174,36710.41377713076,2237,54976.19234375,43705.555338541664
2018-01-10,37199.10546875,37902.819497586046,37160.010244925776,37433.676811695346,2614,54787.80318359375,43502.7919921875
2018-01-11,36436.7421875,37160.003700878486,36436.7421875,36984.075224651286,1964,54602.62927734375,43295.780989583334
2018-01-12,35674.38671875,36651.76717679794,35518.00584546233,36554.02913099315,2170,54418.4258984375,43078.666666666664
2018-01-16,35948.05078125,36260.81250637235,34384.242155638254,34931.57517460237,4346,54237.44509765625,42863.83606770833
2018-01-17,34814.29296875,35967.60194413251,34618.81687122754,35498.45931007861,3276,54049.9171875,42620.675
2018-01-18,34775.19140625,35205.23874235877,34540.62013200885,34951.11986193086,2776,53861.60822265625,42383.368815104164
2018-01-19,34462.43359375,34970.67141192215,34306.05272662011,34481.981202141236,2261,53673.3945703125,42124.90911458333
2018-01-22,33367.7734375,34599.27298440246,33367.7734375,34481.987313268895,2320,53475.31578125,41852.75963541667
2018-01-23,32546.76953125,33094.10259243618,32449.031484609608,33055.00737378003,2441,53273.71744140625,41556.84166666667
2018-01-24,33172.28515625,33719.61808752578,32116.71450307528,32370.833364024747,4987,53074.6612109375,41263.86640625
2018-01-25,33230.9296875,33543.69137867647,32468.57306525735,32507.66827665441,3561,52876.28859375,41045.06692708333
2018-01-26,31764.8671875,32879.08099038462,31745.319576923077,32664.057274038463,3285,52666.0960546875,40807.363541666666
2018-01-29,32194.91796875,32370.84648224044,31706.227653498787,31921.25139220932,3334,52453.27154296875,40584.9607421875
2018-01-30,32937.71875,33465.504154302675,32546.76659866469,33074.55200296736,4591,52239.67150390625,40373.96197916667
2018-01-31,32605.419921875,33191.84833773606,32214.46764463429,32429.49139711668,3741,52033.68172851563,40153.19586588542
2018-02-01,33406.8671875,33719.62896339234,32390.391415849914,33309.12913253365,3605,51830.235322265624,39967.583821614586
2018-02-02,35381.171875,35459.36231008288,33582.791868093926,33797.81556457183,6662,51638.22200195312,39822.359537760414
2018-02-05,39486.171875,39642.55275371287,34657.9122447401,36378.10191058169,11642,51475.51739257813,39746.52776692708
2018-02-06,36436.7421875,41812.33451666443,36299.90892821218,41265.00147951314,11705,51297.66325195313,39629.30673828125
2018-02-07,37805.0703125,37863.71313097854,35635.28602879395,36788.59479220527,6136,51139.53368164063,39522.85406901042
2018-02-08,42555.140625,42652.87866042719,37453.215175700505,37492.31038987138,10847,51012.66934570312,39495.89456380208
2018-02-09,40522.1953125,45467.74061595514,39544.814817746024,40854.50468071635,14134,50874.371611328126,39437.655110677086
2018-02-12,38274.20703125,40209.4197463132,37511.85050713419,39290.68239673774,9880,50730.689873046875,39334.141438802086
2018-02-13,37785.53515625,39153.8680382663,37511.86857984674,38997.487137464435,4152,50586.41903320313,39211.09697265625
2018-02-14,35557.1015625,38469.69536833425,35459.36351532436,38391.504930593735,6739,50439.497177734374,39080.19111328125
2018-02-15,33758.7265625,35811.22586132021,33719.63133776057,34697.01195624638,6133,50285.43768554687,38910.52867838542
2018-02-16,34051.93359375,34306.05250116604,33035.45796408582,34012.838377224456,6737,50129.721123046875,38744.12626953125
2018-02-20,33973.74609375,34540.62678231084,33074.556036032795,34501.5315624101,5700,49974.10157226562,38600.16949869792
2018-02-21,34247.4140625,34247.4140625,32449.033872003423,33485.057242615585,6140,49823.26629882812,38463.37646484375
2018-02-22,34188.7578125,34501.51946201401,33250.47286395798,33758.71054441824,6797,49674.28497070313,38333.41370442708
2018-02-23,32175.361328125,33856.455540894596,32175.361328125,33445.95579126481,5841,49518.55486328125,38168.918294270836
2018-02-26,30924.314453125,31784.409166106983,30904.766846011775,31706.21873765408,4722,49357.05752929687,37988.77744140625
2018-02-27,32058.08203125,32058.082031250004,30709.296872618143,30885.225371570123,7224,49200.448212890624,37791.42158203125
2018-02-28,32664.056640625,32683.60425082286,31158.890655389736,31491.200028753366,6539,49049.1136328125,37621.73287760417
2018-03-01,34227.859375,35127.049284337525,32155.813062178757,32585.86041012279,11716,48908.42828125,37469.32376302083
2018-03-02,33328.6796875,35850.32172837243,33152.75117302053,35439.821861253666,8692,48767.05341796875,37276.552734375
2018-03-05,32273.103515625,34169.221650704116,31960.341761385145,33797.81706754429,5877,48597.07475585937,37067.81533203125
2018-03-06,31843.056640625,32449.03254968539,31491.19966117058,31803.96142068562,5892,48433.53447265625,36861.34524739583
2018-03-07,31608.490234375,32722.704175846477,31510.752169333646,32546.775658772032,6102,48272.822861328124,36658.77347005208
2018-03-08,31119.794921875,31608.485168763742,31022.05687249725,31256.62819100385,4301,48117.76849609375,36457.1658203125
2018-03-09,29360.505859375,30592.00510647262,29340.958252278215,30455.171856795107,4745,47954.698349609374,36243.47893880208
2018-03-12,28930.462890625,29243.22465160473,28617.701129645273,29047.7485509924,4816,47793.77234375,36019.371354166666
2018-03-13,29986.037109375,30240.156067929023,28617.704255622553,29047.75172394475,8403,47645.83434570312,35816.760579427086
2018-03-14,30044.67578125,30416.080361499677,29477.79510613208,29536.43793459255,6715,47499.75120117187,35613.50055338542
2018-03-15,30161.96484375,30455.179019159106,29595.08410462573,29946.941115116657,4784,47354.937705078126,35435.61871744792
2018-03-16,30376.9921875,30435.63502956081,29771.016152871623,30005.587521114867,3693,47210.71129882812,35278.88831380208
2018-03-19,32292.64453125,33113.64396848517,31237.073826233354,31237.073826233354,9407,47079.86946289062,35143.02451171875
2018-03-20,32058.08203125,32624.962750095277,31803.96308831936,32292.65336318598,5138,46957.71217773438,35000.32327473958
2018-03-21,32479.25390625,32871.042252525636,31401.83595399201,32302.949150425968,5782,46837.46549804688,34864.316243489586
2018-03-22,34869.1640625,34967.1111525632,33125.705859375004,33732.977817766856,11013,46725.75249023437,34765.86376953125
2018-03-23,37631.26953125,37690.037781428946,34692.85702230284,34947.51943974493,10318,46631.168349609376,34702.69527994792
2018-03-26,33439.13671875,37200.30499643014,33302.010791959576,35398.07853004174,10549,46516.599541015625,34569.65791015625
2018-03-27,36690.97265625,37533.31746362787,32694.732174736386,32714.32158886145,10440,46397.501669921876,34492.44671223958
2018-03-28,37925.10546875,38806.62909793066,36201.23703835227,37278.65480735085,14041,46279.40176757812,34423.75003255208
2018-03-29,35907.40234375,38434.43720591244,34771.216126653715,37317.84040635229,9968,46158.43549804688,34357.26220703125
2018-04-02,38904.58203125,40079.94704729985,36162.06366046702,36632.20966688696,11862,46048.64875976562,34360.27496744792
2018-04-03,37690.0390625,39805.69614085239,37200.30362769621,37964.29090599013,10437,45928.592705078125,34346.30335286458
2018-04-04,35907.40234375,40021.18002634002,35574.38224563557,39903.64352112316,10431,45795.914755859376,34321.842936197914
2018-04-05,35358.90234375,36122.88970740997,34692.86207799515,34869.16685422438,6833,45675.524306640626,34295.40830078125
2018-04-06,37983.87109375,38473.6064095539,35456.836864201905,36455.89690844185,10437,45561.52442382812,34313.04886067708
2018-04-09,37239.47265625,37376.59854188585,34927.92201267425,36965.2208849783,8372,45452.48877929687,34313.72164713542
2018-04-10,34849.56640625,36260.00416974072,34399.00989846824,35476.4276344681,9303,45331.40602539063,34287.268717447914
2018-04-11,35319.72265625,35456.848590023576,34242.304605171936,35378.49091358153,6509,45215.89475585937,34281.357649739584
2018-04-12,34144.3515625,34771.21286485227,33732.973832831325,34692.855202058236,6300,45090.602783203125,34251.29599609375
2018-04-13,34594.8984375,35065.04428263024,33439.12323488816,33595.83851659824,7630,44951.65504882813,34247.639420572916
2018-04-16,33850.50390625,34555.7227376302,33458.715666594326,33948.45096616392,5071,44821.86831054687,34232.22796223958
2018-04-17,31695.67578125,33027.756098385355,31441.013367680003,32851.4513505292,6110,44666.08217773437,34186.11533203125
2018-04-18,31519.3671875,32126.6390226849,31166.757734811996,31636.90367172934,4611,44508.63370117187,34155.30856119792
2018-04-19,32302.943359375,32675.142221611582,31754.439772921087,31950.333910940342,6182,44346.31927734375,34151.244791666664
2018-04-20,33830.92578125,34222.71415161769,32538.024159036624,32596.79241459178,6704,44200.62375,34162.22213541667
2018-04-23,34163.9453125,34712.44902164564,33027.75905784117,33439.136839700404,5386,44048.49275390625,34177.77239583333
2018-04-24,36299.1875,37023.99588505127,33517.49045466811,33693.79519697787,10208,43916.79775390625,34253.344401041664
2018-04-25,36162.06640625,37709.63046155539,35750.68861939667,36181.65582467159,9769,43790.8585546875,34319.463541666664
2018-04-26,33968.05078125,35202.18411413278,33576.26242160467,34829.98517246972,7332,43656.38916015625,34336.6357421875
2018-04-27,33870.09765625,34477.369505494506,32459.659812843405,32498.838641826922,7579,43532.361015625,34357.713704427086
2018-04-30,34594.8984375,34888.7395907064,33027.745620399204,33654.60674723952,5808,43413.81125,34377.51422526042
2018-05-01,33478.31640625,35143.416988187535,33419.54815041691,34869.16512763312,5766,43296.5104296875,34345.799967447914
2018-05-02,34026.80859375,34144.345065576425,32968.98034731217,33282.41093884931,6519,43182.342421875,34254.81057942708
2018-05-03,34066.0,35691.92179413456,33693.80103507763,34536.146060954576,10137,43073.9334375,34215.29820963542
2018-05-04,32146.23046875,34594.907378313525,31891.568070155394,34496.96030193099,8497,42961.00068359375,34120.984212239586
2018-05-07,31362.65625,31774.034002186134,31029.63616489694,31734.855168644597,5453,42845.32119140625,33934.44280598958
2018-05-08,31480.185546875,32126.63615238021,31245.11259941856,31578.132608315183,5883,42729.93657226562,33783.74264322917
2018-05-09,30402.76953125,31617.31315943138,30363.590704534472,31245.114305633862,5178,42612.58075195312,33652.552018229166
2018-05-10,29501.65625,30206.875124501992,29423.298597277557,30128.51747177955,6830,42488.86506835937,33514.48736979167
2018-05-11,29580.0234375,29971.81182740066,29384.12924254967,29638.7916959851,6002,42367.98112304688,33414.869401041666
2018-05-14,29423.30078125,29580.016098327233,28874.797171479695,29384.121951980695,6652,42241.62891601562,33342.6123046875
2018-05-15,30402.76953125,30872.915451836343,30089.338917525776,30148.107157599068,7286,42119.100478515626,33281.79290364583
2018-05-16,29815.087890625,30344.00206476881,29599.604338196044,30324.412650911632,4350,41989.92494140625,33212.48193359375
2018-05-17,30187.28515625,30637.8416511194,29501.65570753569,30148.106330609182,6015,41864.562265625,33144.81311848958
2018-05-18,30637.84765625,30794.56298953005,30226.469906389866,30500.721739629957,4680,41743.59958984375,33085.63128255208
2018-05-21,30128.51953125,30539.897236163033,29540.837095659946,29932.625386053314,6112,41617.06474609375,33051.517252604164
2018-05-22,30265.6484375,30422.363769215208,29580.018861245953,29736.734192961165,6069,41492.484375,33040.53948567708
2018-05-23,29501.65625,30970.86223854582,29501.65625,30951.272825365206,11526,41369.15904296875,32997.932389322916
2018-05-24,29560.43359375,30441.957458374753,29384.128820825048,29540.844174536116,5015,41244.76126953125,32946.205338541666
2018-05-25,29482.068359375,29736.730743874585,29149.048318106314,29560.4260161441,4382,41119.19083007812,32867.10882161458
2018-05-29,29854.263671875,30383.177792046015,29364.52837542036,29873.853083733185,6929,40977.71865234375,32809.201888020834
2018-05-30,29207.814453125,29736.728598151407,29070.68856367371,29540.83447036385,4257,40839.55327148437,32758.113736979165
2018-05-31,29286.173828125,29521.246795307274,28718.08082410117,29266.58441419314,5664,40712.71060546875,32715.4990234375
2018-06-01,27914.91796875,28894.38877467105,27856.149720394737,28855.20994243421,5650,40579.694921875,32653.939485677085
2018-06-04,27190.11328125,27738.617007384724,27150.934443668946,27699.438169803674,4719,40444.32396484375,32588.444791666665
2018-06-05,26955.03515625,27288.055212686228,26798.319835574126,27013.80340150345,5406,40291.18603515625,32548.35361328125
2018-06-06,26445.7109375,27248.87697337963,26445.7109375,26857.088663194445,6010,40134.62302734375,32506.941080729168
2018-06-07,27072.576171875,27503.54337576881,26445.71478439309,26465.3042027519,8934,39980.31600585938,32458.3833984375
2018-06-08,27092.16796875,27699.439991187635,26994.22086835683,27542.724630558565,4252,39839.087431640626,32409.174934895833
2018-06-11,26896.267578125,27209.698227251,26700.37342242125,27209.698227251,4329,39693.95142578125,32354.746647135416
2018-06-12,26484.88671875,26876.674983820267,26406.529065735947,26778.7279175527,6100,39544.2209375,32289.87822265625
2018-06-13,26524.0703125,26661.196229920606,25916.798392494464,26367.354978305022,8914,39392.9296484375,32193.735319010415
2018-06-14,25701.314453125,26191.049865722656,25583.777954101562,26171.46044921875,8714,39239.866904296876,32087.789192708333
2018-06-15,25955.974609375,26347.762905365566,25818.848705778302,25995.153438974055,7571,39091.786171875,31979.06787109375
2018-06-18,26014.7421875,26719.961102221387,25955.97394460655,26445.709302051957,5731,38953.46623046875,31831.494173177085
2018-06-19,26249.81640625,27248.876582905785,26249.81640625,27013.803600163246,6428,38824.0319140625,31641.803287760416
2018-06-20,25681.9453125,25957.03883535769,25367.552714948353,25917.73976066373,5707,38691.7582421875,31512.516764322918
2018-06-21,26369.6796875,26526.87598966095,25446.151412304396,25505.100025614753,6384,38555.89619140625,31340.49521484375
2018-06-22,26625.123046875,26841.267957218635,26074.93600236393,26114.235076971865,4393,38423.458525390626,31152.162174479166
2018-06-25,28334.62890625,29081.3112213939,27175.306364316057,27253.904502752255,13135,38301.422744140626,31025.949283854166
2018-06-26,28039.890625,28373.932769796775,27529.002638840222,28059.54016292922,6162,38171.374228515626,30844.87109375
2018-06-27,29140.263671875,29218.86182068653,27293.20717480403,27666.5483816588,10494,38055.4161328125,30702.374837239582
2018-06-28,28413.228515625,29474.30343944502,28118.48548123055,29297.45761880835,8890,37938.16522460937,30577.471940104166
2018-06-29,28275.685546875,28314.984623382126,27587.95170800035,28000.59201132514,6053,37821.10498046875,30459.418326822917
2018-07-02,27627.248046875,29218.860487697813,27627.248046875,29022.36512463327,5997,37696.41063476563,30286.807942708332
2018-07-03,28609.72265625,28668.67126062414,27332.502894810266,27371.801964393027,4074,37579.068642578124,30142.978776041666
2018-07-05,27548.650390625,28511.477686731007,27489.701780659325,28059.53834366084,6730,37455.542890625,30021.296842447915
2018-07-06,26330.37890625,27548.650169076493,26232.13122376399,27411.10341359608,6697,37327.29212890625,29871.474446614582
2018-07-09,25564.044921875,26192.830039092525,25564.044921875,25898.08701539681,4941,37192.86741210937,29728.4693359375
2018-07-10,25524.75,25799.843533487296,25347.90415704388,25505.100461893762,4763,37053.26872070313,29577.3001953125
2018-07-11,25937.38671875,26192.8306788589,25642.643687855114,26133.882072679924,7319,36914.95241210938,29445.414908854167
2018-07-12,24620.8671875,25642.643000548684,24601.21765263368,25564.0448610834,7113,36761.75764648437,29327.501432291665
2018-07-13,24542.2734375,24817.366974829867,24424.376207215773,24601.222052642115,4760,36610.024345703125,29211.216536458334
2018-07-16,24738.767578125,24856.66480248461,24404.725442439438,24542.272204192315,3772,36466.78853515625,29085.146940104165
2018-07-17,24247.52734375,25485.44810765296,24109.980592205226,25485.44810765296,6893,36320.51087890625,28925.4236328125
2018-07-18,24404.724609375,24640.51905004529,24188.579705427233,24286.827389039856,3334,36180.87508789063,28762.769954427084
2018-07-19,24797.712890625,24876.311029739503,24444.02126460975,24699.465216731875,5138,36043.98505859375,28571.0787109375
2018-07-20,24837.013671875,24915.61181640625,24326.125732421875,24581.569702148438,4468,35908.85307617187,28382.32783203125
2018-07-23,24601.21875,25347.901108226837,24561.91967851438,25013.85900059904,3807,35773.32284179688,28226.21396484375
2018-07-24,24286.826171875,24601.218743679205,23559.79334957777,23834.886849906452,7836,35643.63814453125,28066.4927734375
2018-07-25,23265.048828125,24286.82462125211,23225.74975915857,24267.175086768897,7289,35509.820517578126,27877.661946614582
2018-07-26,24286.826171875,24424.37292203934,24011.732671546317,24227.87756466171,5510,35380.42859375,27724.470442708334
2018-07-27,25308.603515625,25740.89332722729,23854.537785690023,23893.836859472052,8916,35256.633544921875,27579.167024739585
2018-07-30,26389.330078125,26762.67130782297,25288.955927436244,25308.6054658414,9763,35140.48685546875,27451.222526041667
2018-07-31,25898.08984375,26546.5245666967,25505.099102570184,26133.88428845789,7571,35020.3224609375,27347.086848958334
2018-08-01,25524.75,25957.03983833718,25288.955542725173,25642.647228637412,7278,34901.1216796875,27249.788411458332
2018-08-02,24502.97265625,26114.23469138432,24404.724971180833,26074.935617356656,7719,34779.34953125,27133.501529947916
2018-08-03,24286.826171875,24699.46642236802,24267.176636137236,24365.42431482605,4529,34657.27743164063,27031.569140625
2018-08-06,23834.88671875,24424.372787639117,23834.88671875,24345.774645120568,4539,34532.26243164062,26937.122981770834
2018-08-07,23599.095703125,23815.240626301,23461.548933831185,23658.04431853664,4488,34403.238125,26837.440852864584
2018-08-08,23559.794921875,23893.837051709757,23382.94908843307,23697.341681218724,4355,34275.96928710937,26739.715755208334
2018-08-09,23579.443359375,23677.691040039062,23304.349853515625,23579.443359375,4727,34144.01642578125,26625.99365234375
2018-08-10,24109.982421875,24385.075945840974,23834.888897909026,24031.38427217044,6993,34016.082626953124,26530.908561197917
2018-08-13,24188.580078125,24227.87915217557,23540.145356290617,24011.73424489744,7110,33885.5162890625,26430.930143229165
2018-08-14,23775.939453125,24326.126481792355,23658.042232696283,23933.13574702996,4827,33750.641982421876,26316.565006510416
2018-08-15,24601.21875,25053.158072084665,24090.3308206869,24286.826178115018,9910,33641.853583984375,26224.443326822915
2018-08-16,24424.375,24542.27222445696,23913.487027353178,24090.332864038617,4625,33533.84010742188,26127.08876953125
2018-08-17,24385.080078125,25033.51492307111,24208.234211321513,24601.22502644037,5367,33428.070078125,26041.8125
2018-08-20,24444.021484375,24758.414043659566,24208.227064911574,24227.87659986686,4176,33322.301962890626,25956.53896484375
2018-08-21,24188.580078125,24286.827763251422,23756.290263568746,24247.528689200855,4601,33213.9879296875,25868.31416015625
2018-08-22,23913.486328125,24444.02382266845,23834.88818078523,24365.42567532868,4004,33110.83741210937,25769.301204427084
2018-08-23,24031.384765625,24149.28199260272,23540.146319884505,24031.384765625,5495,33010.52119140625,25683.027376302085
2018-08-24,23363.30078125,23815.240157169894,23324.001705083054,23815.240157169894,5231,32907.1573046875,25584.312825520832
2018-08-27,22675.5625,23127.5017872617,22675.5625,23009.60458188908,5830,32803.18509765625,25496.990234375
2018-08-28,22577.31640625,22714.863155461273,22400.47058583551,22498.71826384356,4416,32695.11052734375,25420.110286458334
2018-08-29,21771.689453125,22479.072864959388,21752.039913907378,22459.423325741765,8649,32583.105419921874,25333.72119140625
2018-08-30,21909.234375,22145.028825672645,21535.89316143498,21928.883912556055,7878,32472.568779296875,25258.113248697915
2018-08-31,21830.6328125,22066.42722631638,21653.787002137713,21987.829088377588,5467,32359.296806640625,25170.747526041665
2018-09-04,22125.3828125,22479.074544849023,21928.88740563943,22046.784649755773,5849,32244.082705078126,25087.9677734375
2018-09-05,23009.60546875,23206.10081861123,22243.273604291204,22262.923139277325,9419,32142.073466796875,25023.190071614583
2018-09-06,23599.095703125,24070.68462641809,22872.062779714823,22950.660933597002,11345,32040.37658203125,24975.0935546875
2018-09-07,23834.88671875,24168.928824453833,23284.699721120156,24129.62975319456,7964,31939.370625,24930.273828125
2018-09-10,23638.388671875,24051.02887312968,23441.893337944202,23500.84193812344,4979,31844.506806640624,24895.891731770833
2018-09-11,23107.85546875,24129.631390837585,22989.958246970662,23972.4350951318,5411,31747.771103515624,24848.423079427084
2018-09-12,23324.0,23913.48609941028,23166.803706823925,23225.752316764952,7646,31654.458486328123,24803.577376302084
2018-09-13,22636.26953125,22931.012624104816,22459.42367553711,22911.363084581164,5667,31557.414404296876,24743.351595052085
2018-09-14,22793.46875,23068.56233836207,22439.77699353448,22557.674245689654,4592,31462.717919921874,24695.210319010417
2018-09-17,23795.58984375,23854.53845607969,22872.06158391825,22931.010196247935,6215,31362.198701171874,24652.308821614584
2018-09-18,23186.453125,23756.289684851694,22852.411003707628,23716.990611758472,8984,31263.904072265625,24594.99765625
2018-09-19,23265.048828125,23716.988121238915,23029.254414326435,23186.450690192145,6530,31163.36728515625,24510.504654947916
2018-09-20,22498.720703125,22970.309608692685,22400.473014465064,22793.463769104805,7989,31051.386181640624,24418.151822916665
2018-09-21,22891.712890625,22970.311046472638,22223.628565920066,22302.226721767704,6335,30941.8580078125,24314.009309895835
2018-09-24,22695.212890625,23658.040104166666,22655.913820684524,23382.946614583332,5800,30834.177763671876,24218.709049479166
2018-09-25,22596.970703125,22950.662418478263,22538.022083899457,22734.517481317936,3911,30728.3486328125,24124.063802083332
2018-09-26,22591.03515625,22689.85858213036,21938.800545439633,22571.27047107393,8134,30625.2225390625,24040.126920572915
2018-09-27,21998.09765625,22334.097350909702,21760.92140119609,22255.038599225067,7081,30524.30443359375,23929.933170572916
2018-09-28,22017.861328125,22314.331633261332,21859.74383205229,22195.743511206798,7688,30422.509150390626,23837.753352864584
2018-10-01,21899.275390625,22057.392902470667,21405.15816610729,21622.56974489508,7326,30321.292109375,23763.901627604166
2018-10-02,22017.861328125,22195.743511206798,21543.508839906866,21978.331954106823,5660,30220.180029296876,23704.798567708334
2018-10-03,21998.09765625,22077.156407934635,21602.80389782682,21741.156713274933,6917,30125.996142578126,23646.021028645835
2018-10-04,23223.5078125,23717.625,22215.50875,22215.50875,13724,30043.209599609374,23600.789713541668
2018-10-05,24112.919921875,24765.15464107326,23025.86205654457,23263.03831807121,15703,29961.5518359375,23592.32392578125
2018-10-08,24527.98046875,25397.62683508763,23915.27507428485,24429.157018029815,13956,29881.09095703125,23592.085709635416
2018-10-09,24350.095703125,24686.095400327213,23757.15506100345,24527.977895761465,10152,29799.643056640623,23585.607845052084
2018-10-10,27532.212890625,27650.801029421662,24725.626939104,24765.156318702888,23227,29733.42255859375,23640.352604166666
2018-10-11,28540.21484375,29449.390662872232,26741.62789722559,27848.450633548306,38094,29669.01673828125,23709.27744140625
2018-10-12,26168.447265625,27927.504521395862,25931.27100641994,26366.094148295884,35887,29592.752080078124,23732.123014322915
2018-10-15,27176.44921875,27453.15488352273,26346.33222443182,26484.685056818184,15825,29522.016103515623,23771.113606770832
2018-10-16,24883.7421875,26464.917227214057,24587.271867553613,26326.564411239076,16990,29436.200283203125,23775.822330729166
2018-10-17,24765.150390625,25535.973108290105,24369.85668925828,24389.621374326616,17395,29360.54267578125,23783.794401041665
2018-10-18,26445.15234375,26800.916725056057,25041.859506376124,25081.388882076793,18762,29299.14935546875,23836.796126302084
2018-10-19,26603.26953125,26879.975157875186,25199.976710507985,25951.034839919204,15805,29239.5240234375,23875.403515625
2018-10-22,26168.447265625,26800.917290171827,25555.74192934526,26128.917889090822,14417,29183.491123046875,23889.734244791667
2018-10-23,26445.15234375,28500.67988018498,26089.387962443947,27611.268926919845,20002,29130.991982421874,23890.664615885416
2018-10-24,30101.619140625,30239.971953484077,26445.151943635097,26563.740068942876,21122,29096.872890625,23960.7234375
2018-10-25,27057.85546875,29133.147524424763,26484.679567658874,28718.08911328981,18728,29046.166640625,23986.2751953125
2018-10-26,29034.322265625,30279.4974206518,27551.97089059309,29785.380295641164,22789,29009.154541015625,24061.797688802082
2018-10-29,30734.087890625,32552.439071292203,27453.149890725483,27848.443625653137,25929,28984.453046875,24169.25205078125
2018-10-30,29409.857421875,31623.502604166664,29350.563354492184,31149.150065104164,30835,28951.762080078126,24262.168229166666
2018-10-31,27433.39453125,28046.100028705874,26583.51271219831,28046.100028705874,25068,28914.857587890627,24326.073209635415
2018-11-01,26227.740234375,27848.44460454738,26188.21085949275,27196.209918990204,15416,28872.12033203125,24370.53896484375
2018-11-02,27453.15234375,28026.32831061015,26049.85945936825,26524.211983666308,23777,28837.07392578125,24435.10078125
2018-11-05,27710.09375,28639.034125356633,27413.623417439372,27413.623417439372,11861,28808.78552734375,24495.10263671875
2018-11-06,27077.62109375,27848.443884010037,26623.033294365876,27749.620449361315,10904,28781.43978515625,24543.2533203125
2018-11-07,24587.271484375,26326.564000954582,24567.506796686597,26148.681811758943,18071,28738.514716796875,24556.775520833333
2018-11-08,25041.86328125,25417.392407014602,24686.098846315115,24923.275136271706,11777,28697.569384765626,24564.119596354165
2018-11-09,26287.041015625,26919.511175399435,25575.51208587876,25773.15901080827,16584,28670.18025390625,24595.164029947915
2018-11-12,28658.798828125,28797.15165005388,26721.85932112069,26879.97683189655,17767,28652.499658203124,24666.39267578125
2018-11-13,28619.271484375,28895.977147897964,27097.390334998705,28322.801130600397,17068,28630.907421875,24735.98017578125
2018-11-14,29330.798828125,29805.15136981974,27532.21210753243,27808.917756854364,17097,28614.53431640625,24821.683821614584
2018-11-15,27789.15234375,30259.738434054943,27551.976079080723,29548.20964004712,18638,28586.4457421875,24886.278255208334
2018-11-16,28085.62109375,28955.267348588142,27690.327341550845,28619.267659218858,16836,28549.96798828125,24953.848860677084
2018-11-19,30852.685546875,31109.626553991835,28401.863632837525,28559.98117567865,17981,28506.800556640625,25078.671940104166
2018-11-20,32473.3828125,33698.79348466981,31247.97214033019,32947.735330759286,22697,28486.983759765626,25241.9689453125
2018-11-21,31781.61328125,31959.495445137596,30832.908407182837,31228.202104710825,11363,28456.866474609375,25395.373893229167
2018-11-23,32512.91015625,32591.968904350306,31524.6758049962,32572.20421732523,5773,28406.655322265626,25574.39423828125
2018-11-26,30259.736328125,31564.205693021308,30200.442266084257,31129.382571389204,10344,28355.34302734375,25713.569270833334
2018-11-27,29923.73828125,31208.44302912401,29706.326708532863,30714.32581840324,8201,28313.59068359375,25848.454361979166
2018-11-28,27117.15234375,29805.14995216837,27077.622967155614,29291.268056441328,12885,28260.24876953125,25931.650520833333
2018-11-29,27374.095703125,27986.80109431408,26800.919692012638,27433.389773240073,10406,28219.333740234375,26004.392024739584
2018-11-30,26741.625,27670.565410199553,26702.09562084257,27255.50692904656,8321,28184.248232421876,26056.767513020834
2018-12-03,25417.388671875,25970.799933782077,24903.50678581843,24982.56553751944,10822,28141.0755078125,26083.142545572915
2018-12-04,28243.732421875,28382.08520490728,25575.50017768107,25812.676377164975,20412,28112.425439453124,26159.898274739582
2018-12-06,27710.09375,30358.562054208272,27710.09375,29963.268277460767,22842,28079.738837890625,26236.60224609375
2018-12-07,30496.91796875,30734.09425885045,27611.273105861146,28105.390376903757,20396,28061.279638671876,26356.15087890625
2018-12-10,29528.44140625,31603.733472954318,29133.147679258702,30635.26384182564,19766,28048.0450390625,26471.02041015625
2018-12-11,29231.978515625,30002.801478511665,28065.86172561697,28105.39110832911,14539,28039.583359375,26578.32890625
2018-12-12,28461.150390625,28500.679766167534,27097.386934407554,27947.268508572048,14266,28021.598701171875,26656.088248697917
2018-12-13,28441.38671875,29014.562684589993,27571.74042575139,27967.034195296215,13653,28000.4853515625,26743.670475260416
2018-12-14,30536.4453125,30753.856897249192,29133.152356391587,29449.387388754047,16046,27982.02828125,26864.860416666666
2018-12-17,32671.02734375,33343.02669625302,30220.20617579779,30931.734901977463,20615,27978.74001953125,27034.398860677084
2018-12-18,32018.791015625,32888.437191358025,31070.086096643518,31860.673529128086,16709,27977.46845703125,27186.516829427084
2018-12-19,34370.796875,35121.85511608683,30655.035050675677,32196.680913959175,25217,27990.107158203125,27381.109895833335
2018-12-20,35774.08203125,37177.374751812844,33560.43717627762,34687.02428996892,30105,28010.9351171875,27600.72841796875
2018-12-21,39331.72265625,39825.83977504711,34667.257054805275,35418.315075376886,30294,28051.994755859374,27879.739876302083
2018-12-24,42197.609375,42237.1387514637,38639.96549326698,40142.081798887586,18068,28116.1802734375,28216.398404947915
2018-12-26,34438.11328125,41707.05760705017,34358.67126676038,40833.19544766436,28013,28143.718525390625,28423.402604166666
2018-12-27,33921.73046875,37993.1325449173,33901.869970817475,35709.175282677104,18906,28163.3969921875,28623.77685546875
2018-12-28,34021.0390625,34875.04062682429,32293.175432355518,33365.64251313485,22643,28183.27880859375,28823.829817708334
2018-12-31,33286.203125,34219.646768720166,32710.2485363216,33008.15608218974,15337,28198.9,29011.964908854166
2019-01-02,32769.828125,35411.27487689394,32233.594573863636,35331.83286931818,17901,28210.8641796875,29171.070247395834
2019-01-03,36007.08984375,36225.55536403751,33842.29514271925,34239.50517960563,23647,28229.43640625,29369.306412760416
2019-01-04,31280.287109375,34656.5720672123,30843.35611483135,34318.94357142857,24928,28225.547431640625,29481.844856770833
2019-01-07,30287.271484375,31439.18082607582,29790.758837090165,31121.412731813525,12661,28214.58751953125,29580.797786458334
2019-01-08,29433.265625,30783.779837213227,29115.49757506748,29433.265625,17966,28187.40802734375,29612.481998697916
2019-01-09,28777.869140625,29492.84725592003,28340.938070166925,29135.358198272515,18703,28143.141025390625,29616.442903645835
2019-01-10,28479.95703125,29890.052532797246,28460.09653122821,29433.261032296028,17150,28118.345126953125,29654.96806640625
2019-01-11,28797.73046875,29314.103566810343,28718.288453663794,28996.33550646552,9581,28078.878916015627,29681.989420572918
2019-01-14,29612.001953125,29969.490910305583,29214.792000702128,29592.141455503857,10344,28037.3133984375,29760.79375
2019-01-15,27884.146484375,29254.52120476095,27745.122962017005,29234.66070156695,16027,27997.197119140626,29812.777018229168
2019-01-16,27844.42578125,27923.867794891226,27149.308161889265,27745.123264198464,12122,27941.896337890626,29836.0982421875
2019-01-17,27228.748046875,28321.07564904723,26871.25901343682,28162.191634185816,12651,27889.5898828125,29846.522884114584
2019-01-18,26454.19140625,27169.169552364863,26076.84182913382,26652.79644683746,15910,27842.323828125,29851.285286458333
2019-01-22,27983.4453125,28618.981330952804,26990.420283667492,27030.141284820795,14900,27805.44654296875,29876.923502604168
2019-01-23,27923.865234375,28897.0298122444,27228.747678754,27586.236707359087,14261,27755.146513671876,29840.627604166668
2019-01-24,27407.498046875,28003.313221807064,27308.195517719654,27705.40563434103,9600,27705.986640625,29846.45498046875
2019-01-25,26414.470703125,27050.006840343045,26196.005155956296,26752.099276022087,11597,27663.811162109374,29802.790787760416
2019-01-28,27407.498046875,28062.89473930027,27407.498046875,27467.079564368203,13100,27624.2500390625,29747.347623697915
2019-01-29,28201.916015625,28499.823579170334,27347.914333461707,27387.63534193442,9459,27594.537861328125,29727.215266927084
2019-01-30,26056.98046875,27526.6577207984,25759.07291765911,27228.75016970751,14498,27551.848271484374,29704.275032552083
2019-01-31,24885.205078125,25699.485531599163,24527.716098550976,25620.04353613827,14705,27507.02177734375,29681.899446614585
2019-02-01,25242.69921875,25421.44374508261,24706.465639752165,25262.559721675847,10842,27474.75689453125,29645.058561197915
2019-02-04,24329.1171875,25282.42137117347,24309.25668367347,25183.118852040818,7660,27438.80564453125,29588.708951822915
2019-02-05,23673.716796875,24229.81081559354,23574.414293532405,24209.950314925023,9642,27395.65951171875,29531.977213541668
2019-02-06,23852.46484375,24190.09340523522,23514.83628226478,23653.859807582223,9436,27345.76720703125,29519.730436197915
2019-02-07,24825.62890625,25381.72299375,24329.116328125,24527.721359375002,17880,27299.075625,29516.126529947916
2019-02-08,24686.603515625,25580.32608859614,24686.603515625,25520.744583731397,13192,27241.012705078127,29489.452571614584
2019-02-11,24766.046875,24964.651902064954,24249.673804631115,24448.27883169607,7015,27184.032607421876,29424.573372395833
2019-02-12,23693.58203125,24368.839188888305,23574.419003431474,24249.67616106978,11323,27132.660263671874,29342.478548177085
2019-02-13,23673.716796875,23713.43779821204,23157.343779493498,23375.809286847212,8961,27081.678359375,29248.19384765625
2019-02-14,23554.55859375,24150.373735244517,23316.23253715219,23931.908183363194,12100,27026.47666015625,29177.61728515625
2019-02-15,23296.369140625,23614.137176643755,23038.18261135976,23038.18261135976,8711,26975.566923828126,29097.796419270835
2019-02-19,23157.341796875,23514.830778301886,22938.876308225237,23494.970279333727,5136,26921.21958984375,28969.540690104168
2019-02-20,23157.341796875,23554.551776238208,22839.573813384435,23117.620798938682,8530,26866.676298828126,28814.27333984375
2019-02-21,23435.390625,23812.74013506356,23177.20411811441,23375.809123411018,11007,26823.122099609376,28675.16962890625
2019-02-22,22919.01953125,23316.22957511915,22859.438024669627,23276.508570732236,8833,26780.903916015624,28515.271451822915
2019-02-25,22660.83203125,22720.41353527607,22223.90100172546,22382.785012461656,8827,26736.8071484375,28388.623046875
2019-02-26,22601.251953125,22958.740999835234,22382.786424579852,22879.298989455183,7843,26697.799560546875,28266.581608072916
2019-02-27,22680.69140625,23375.808918700746,22581.38890447132,22919.017410518827,8773,26663.694736328125,28192.640592447915
2019-02-28,22839.580078125,23018.324617866845,22581.393520720107,22879.30108695652,6364,26629.99251953125,28117.06533203125
2019-03-01,22343.064453125,22839.576996527776,22263.622446180554,22343.064453125,9245,26594.591337890626,28043.755989583333
2019-03-04,22343.064453125,23097.76351909722,21826.69140798611,21985.575421875,16324,26554.2928125,27992.517252604168
2019-03-05,22303.341796875,22660.83080163346,22104.736794231412,22323.20229713936,10667,26516.73408203125,27893.5107421875
2019-03-06,22660.83203125,22799.85554064417,22243.761503067482,22263.62200440951,13182,26479.10181640625,27809.356380208334
2019-03-07,23554.55859375,23792.884650347805,22839.580423956577,22879.301433389544,16902,26443.68537109375,27693.650390625
2019-03-08,23633.998046875,24428.418149290967,23614.137544314603,24348.97613904937,17008,26411.212763671876,27595.40966796875
2019-03-11,22184.1796875,23395.670252350046,22144.458685373767,23375.809751286928,18193,26370.805419921875,27477.946354166666
2019-03-12,21806.83203125,22184.181583703325,21647.948009164393,22005.437058857013,11574,26332.331298828125,27367.041048177085
2019-03-13,21369.900390625,21588.365915064474,20992.55084841136,21489.06340395562,12178,26291.3786328125,27249.182942708332
2019-03-14,21429.484375,21489.065888554218,21230.879329819276,21310.321347891568,7786,26251.115712890623,27097.400260416667
2019-03-15,20932.966796875,21270.59529359879,20674.780299380338,21191.153294369662,12339,26206.509228515624,26901.76591796875
2019-03-18,20714.50390625,21032.271943162752,20535.759385486577,20893.248427013423,7509,26164.04267578125,26713.3611328125
2019-03-19,20535.755859375,20793.942345034455,20178.26687923114,20496.03486158124,11910,26120.2905859375,26482.777115885416
2019-03-20,20274.853515625,20812.595210047275,19916.35905267682,20533.7661833098,17193,26082.090263671875,26224.456640625
2019-03-21,19338.791015625,20493.940221501674,19259.125553150745,20493.940221501674,17877,26042.83365234375,25891.24111328125
2019-03-22,20633.34765625,20693.096732474663,19458.28249049831,19597.69700168919,23386,26011.22521484375,25531.836751302082
2019-03-25,20732.93359375,21191.009936359267,20533.769966528576,20892.264495527135,26005,25982.661328125,25303.41708984375
2019-03-26,20454.1015625,20772.76332004625,19896.44348679406,20274.854323880234,15887,25949.568955078124,25078.956608072916
2019-03-27,20852.431640625,21310.5079803904,20235.024400071634,20374.438938261104,21056,25918.3702734375,24859.479817708332
2019-03-28,20713.015625,21111.34284855769,20493.935652043267,20732.931986177882,13209,25887.454013671875,24649.926692708334
2019-03-29,20254.939453125,20633.350318030974,20215.106730503318,20294.772175746682,12927,25856.30427734375,24441.34521484375
2019-04-01,19478.197265625,19896.440765193634,19398.531837135735,19657.444479725844,13927,25821.074912109376,24165.863671875
2019-04-02,19239.20703125,19557.868845432196,19199.374304477227,19418.454301727485,8782,25788.764375,23965.17900390625
2019-04-03,18920.541015625,19119.704605263156,18562.046554276316,18920.541015625,12519,25753.58720703125,23775.73349609375
2019-04-04,18960.37890625,19298.957101004464,18721.38253348214,18940.462541852678,9014,25718.315390625,23601.185384114582
2019-04-05,18661.634765625,18860.798423742664,18641.718399813235,18781.132960495597,6194,25680.374482421874,23432.581477864584
2019-04-08,18522.21484375,19000.207484879033,18482.382123655912,18781.12752436156,8370,25644.575830078124,23266.619108072915
2019-04-09,18721.375,18860.789494680852,18542.12779255319,18721.375,9065,25606.334306640623,23098.679850260418
2019-04-10,18422.62890625,18721.374239864865,18422.62890625,18661.625173141892,7025,25565.3218359375,22912.190299479167
2019-04-11,18581.962890625,18681.544685322882,18342.96658335008,18382.79930122923,5840,25516.558505859375,22757.15390625
2019-04-12,18323.048828125,18562.0451171875,18303.132470703124,18323.048828125,6768,25467.974296875,22598.464290364584
2019-04-15,18342.96875,18701.46325325733,18263.303304831705,18362.885111292075,6192,25413.987822265626,22450.36796875
2019-04-16,18143.8046875,18323.051934687155,18024.30652270856,18143.8046875,6162,25362.640703125,22311.8615234375
2019-04-17,17964.55859375,18143.805852445952,17745.47861089939,17825.144059208702,7112,25311.085068359374,22144.880078125
2019-04-18,17924.7265625,18243.388368055555,17884.893836805553,17904.810199652777,5524,25262.5724609375,21978.227766927084
2019-04-22,17765.39453125,18183.638124474495,17745.47816966788,18143.805401310256,4501,25208.3508203125,21817.526041666668
2019-04-23,17088.240234375,17705.647515570367,17028.491142646417,17625.982059932256,8713,25156.04876953125,21662.0888671875
2019-04-24,17247.568359375,17287.40108075924,16988.65567037745,17048.40475245381,6651,25110.634716796874,21492.756705729167
2019-04-25,17088.240234375,17347.152965198864,16849.243867460664,16869.160231370195,9739,25068.255693359373,21307.528776041665
2019-04-26,17028.484375,17586.142342836258,17008.56801900585,17147.98251096491,7489,25025.774365234374,21157.053841145833
2019-04-29,16928.908203125,17108.15546645221,16849.242752757353,17008.573653492647,5507,24980.73197265625,21024.448893229168
2019-04-30,17327.234375,17685.728879310343,17227.652568247126,17327.234375,8038,24944.26380859375,20892.524479166666
2019-05-01,17526.39453125,17546.310888671876,16829.322021484375,16968.7365234375,10995,24909.1844140625,20779.145768229166
2019-05-02,17725.5625,18084.057022471912,17247.56980337079,17526.398876404495,13331,24874.118388671875,20680.00986328125
2019-05-03,16889.072265625,17406.89759452388,16849.239548017395,17307.315800504864,9152,24837.32611328125,20563.9533203125
2019-05-06,17187.8203125,18044.223873841252,17128.071226825028,17944.642064382966,14417,24801.241591796876,20436.656510416666
2019-05-07,18203.55078125,18681.54336193928,17546.310982802243,17765.39091561816,22953,24768.27078125,20328.605631510418
2019-05-08,18342.96875,18581.965085504886,17924.72516286645,18362.885111292075,16229,24735.800556640625,20221.554329427083
2019-05-09,18641.71484375,19458.285686264688,18462.46758563702,18960.376635950855,21793,24706.003037109374,20137.35654296875
2019-05-10,18621.794921875,19816.776414187836,18323.049548796793,18880.70757854278,23244,24677.677880859374,20053.157845052083
2019-05-13,20553.68359375,20713.014474321706,19737.11283082001,20015.941871820494,27461,24664.1210546875,20003.14326171875
2019-05-14,19876.525390625,20454.099775723324,19498.114586595064,20215.10347844126,19387,24642.06955078125,19946.145865885417
2019-05-15,19059.958984375,20294.773464031477,18880.71172119906,20274.857101456375,19304,24610.826328125,19877.85615234375
2019-05-16,18482.380859375,19099.787978599812,18103.970044366244,19020.122543861125,14721,24571.29158203125,19799.94013671875
2019-05-17,19059.958984375,19099.79170952521,18283.220843945925,19020.12625922479,19831,24537.100927734376,19727.016276041668
2019-05-20,20015.9453125,20215.108947450248,19617.6180425995,19836.698041044776,17064,24509.556904296875,19678.631705729167
2019-05-21,19438.369140625,19697.281844342342,19219.28916055648,19498.11822609823,11813,24484.23388671875,19624.923990885418
2019-05-22,19657.447265625,19757.029065349543,19318.869146561552,19757.029065349543,11007,24461.0869921875,19575.860579427084
2019-05-23,20553.68359375,20952.010795179263,20314.687272892443,20334.603632963906,17398,24444.6809765625,19540.41044921875
2019-05-24,20673.18359375,20688.12086513277,20035.86001475193,20220.086361806058,24703,24430.051416015624,19504.303841145833
2019-05-28,20872.345703125,20872.345703125,20100.586737479873,20439.16486434354,21163,24416.614169921875,19479.791861979167
2019-05-29,21380.21484375,21713.813910944053,21041.636686000817,21240.80030820622,28918,24405.61802734375,19463.744368489584
2019-05-30,21116.322265625,21484.77495311763,20942.05410262173,21210.92498268392,18206,24390.6497265625,19443.960709635416
2019-05-31,22127.078125,22161.931758410214,21659.04361920567,21868.165419666966,23288,24380.342216796875,19435.064811197917
2019-06-03,23546.119140625,23939.46729290019,22151.97379078888,22321.262868983267,33086,24379.193115234375,19434.924153645832
2019-06-04,21649.083984375,23093.02012868704,21604.272172999797,22839.08653089423,24734,24364.43244140625,19401.842252604165
2019-06-05,21156.15625,21838.29167156978,20996.825348611437,21021.7208019534,22670,24348.09134765625,19384.708528645835
2019-06-06,20663.22265625,21340.378868599397,20513.849962349395,21076.487109375,20544,24329.482060546874,19365.648372395834
2019-06-07,19488.158203125,20419.24803040767,19219.287343909684,20354.519860596578,24393,24304.702744140624,19334.286002604167
2019-06-10,18806.0234375,19094.810665293222,18243.386252316654,19079.873394890124,21039,24277.7899609375,19290.561653645833
2019-06-11,18711.42578125,18920.547623403407,18103.976620709152,18218.495724745542,22612,24251.779658203126,19253.535970052082
2019-06-12,19040.0390625,19149.579036185933,18771.16821799817,18885.6872813971,17539,24226.8229296875,19225.62822265625
2019-06-13,18716.400390625,18935.480363273975,18586.944043150605,18825.940376949486,17136,24203.588427734376,19195.305631510415
2019-06-14,18980.291015625,19189.412794915726,18830.91831613162,19035.06100543924,14086,24185.1120703125,19173.72958984375
2019-06-17,18621.794921875,18910.582115850604,18472.422235335896,18865.77030988887,14011,24165.334462890623,19161.779654947917
2019-06-18,17835.103515625,18118.91169552188,17426.818063843522,17974.51806013575,26618,24145.651533203127,19115.142252604168
2019-06-19,17621.0,18069.118112461147,17506.480926815486,17735.519073184514,17804,24124.210361328125,19063.276692708332
2019-06-20,17152.96484375,17541.333859080187,16889.073076923076,16899.031256803337,19866,24100.822021484375,19008.257747395834
2019-06-21,17212.712890625,17337.190131662206,16904.009332852725,17222.671069907978,18232,24076.258671875,18947.595768229166
2019-06-24,17237.609375,17257.52573476314,17078.278496894858,17143.00666612507,10016,24047.39869140625,18889.672330729165
2019-06-25,18107.11328125,18197.373053906467,17244.631009199322,17269.70316827056,32525,24019.938779296874,18853.875227864584
2019-06-26,17876.44921875,17956.680126884643,17420.13592873422,17746.073993031205,19654,23990.146591796874,18827.179427083334
2019-06-27,17685.900390625,17821.29004487702,17550.51073637298,17685.900390625,16961,23960.384150390626,18801.290983072915
2019-06-28,17625.7265625,17806.246094861308,17495.3513446835,17550.510090682787,15813,23932.973505859376,18779.7107421875
2019-07-01,16918.69140625,17154.369680136708,16542.609054303128,16612.81109333321,21716,23900.946962890626,18745.6826171875
2019-07-02,16718.115234375,17074.139883937274,16713.100802691024,16938.750228469933,14457,23871.35619140625,18713.290625
2019-07-03,16352.0595703125,16647.91100074747,16347.045139288179,16602.781121528576,12470,23839.149145507814,18677.12137044271
2019-07-05,16447.3359375,16873.562631002285,16362.090598799541,16677.99979516006,20570,23802.40787597656,18639.22071940104
2019-07-08,16803.361328125,16998.924172588406,16753.21700903182,16768.260304759773,15840,23770.492416992187,18612.23292643229
2019-07-09,16537.595703125,17084.168756988136,16487.451386256824,17044.053303493594,13707,23736.85515136719,18578.16013997396
2019-07-10,16056.2109375,16342.03355568785,15920.821276253122,16256.788213421298,22839,23704.64260253906,18540.379508463542
2019-07-11,16096.32421875,16256.786017815419,15875.689245035046,15986.006731892523,18279,23670.66565917969,18502.935432942708
2019-07-12,15830.55859375,16101.33786649707,15825.544162773202,16056.207987705891,12359,23636.342387695313,18464.38133138021
2019-07-15,15685.140625,15855.631283967392,15670.097331561701,15715.2272118766,10397,23601.783237304688,18426.391031901043
2019-07-16,15925.8359375,16071.254464637123,15700.186498838948,15750.330818541404,13979,23568.457241210937,18393.07618815104
2019-07-17,16156.5,16161.514432029797,15845.605214152702,15915.807262569833,16537,23539.249252929687,18366.261279296876
2019-07-18,16096.32421875,16557.651891063084,16026.122181658877,16402.204523218457,23852,23509.641567382812,18349.729345703126
2019-07-19,16477.421875,16527.56618989653,15770.387034958916,15775.40146644857,21921,23482.532299804687,18336.89357096354
2019-07-22,16081.28125,16362.08940403804,15980.99262355784,16352.060541393825,19474,23452.849399414063,18320.110921223957
2019-07-23,15780.412109375,16146.465520237527,15775.39767908921,15820.527551661304,18087,23421.760971679687,18299.309716796874
2019-07-24,15444.4443359375,15960.93062379515,15444.4443359375,15955.916193815949,19101,23382.865654296875,18274.56865234375
2019-07-25,15885.7216796875,15975.981461958452,15599.899035829487,15599.899035829487,23495,23341.72966308594,18250.54344075521
2019-07-26,15409.3505859375,15609.927879604113,15339.148533154184,15594.884582579116,18363,23296.136513671874,18215.259375
2019-07-29,15554.7666015625,15850.618061746958,15434.420244877298,15439.434676405848,19225,23252.15986816406,18179.079443359376
2019-07-30,15760.35546875,15950.9038326738,15584.850396714923,15915.802818266784,15124,23193.30058105469,18160.267496744793
2019-07-31,16417.248046875,16863.532431777832,15614.939040308109,15645.025628054367,36553,23132.68574707031,18147.42462565104
2019-08-01,16667.970703125,16923.70671571807,15439.434956354353,16342.032647859318,65494,23085.183364257813,18121.831624348957
2019-08-02,17440.193359375,17721.001533073966,16988.89450878738,17049.06768886573,51937,23036.50208496094,18106.78536783854
2019-08-05,19280.490234375,19701.70250477487,18508.267738641905,18508.267738641905,63370,23008.485825195312,18117.43162434896
2019-08-06,18458.119140625,19175.182720388482,18292.64292991035,18743.94168640485,41719,22976.950668945312,18114.703694661457
2019-08-07,18217.431640625,19491.097381532996,18097.085271405347,19064.870657213392,51662,22935.812065429687,18075.766162109376
2019-08-08,16998.921875,18092.067883480824,16978.864150073747,17911.54835914454,30183,22887.79032714844,18027.806103515624
2019-08-09,17480.306640625,17876.446693582366,17069.123294517354,17249.64281232071,37486,22844.349624023438,18001.478564453126
2019-08-12,18077.025390625,18322.732531856796,17640.76985415222,17801.231660670943,36573,22802.50898925781,17994.72263997396
2019-08-13,16888.60546875,18187.343240842118,16522.551965419018,18112.126767554928,42666,22736.443920898437,17958.53341471354
2019-08-14,18418.005859375,18503.251190060917,17550.509258865368,17710.971057803567,51883,22693.244672851564,17931.90109049479
2019-08-15,18478.181640625,18899.393922256615,18167.286861325476,18312.705387126865,30695,22640.463969726563,17915.89796549479
2019-08-16,17605.669921875,18021.867758250854,17465.26583249519,18021.867758250854,22404,22574.821879882813,17881.70167643229
2019-08-19,16813.38671875,17034.021677182747,16657.939361672383,16843.47330399083,18792,22511.83952636719,17819.363395182292
2019-08-20,17149.3515625,17164.394853344296,16718.110558296783,16898.63004842836,18198,22460.419311523438,17760.632861328126
2019-08-21,16703.072265625,16883.591809774654,16547.624880385018,16698.057833843064,18918,22412.795971679687,17691.144970703124
2019-08-22,16873.564453125,17264.690167045876,16502.496468123143,16627.857273867012,24707,22359.898032226563,17616.034130859374
2019-08-23,18418.005859375,18618.583108047747,16768.257989041656,17224.571229772155,53835,22313.437592773436,17571.06219075521
2019-08-26,17660.828125,18182.329012279955,17640.770398566154,17861.405389338444,27721,22266.353627929686,17496.62469075521
2019-08-27,17756.1015625,17971.722112397627,17194.485246487577,17289.759442953968,29713,22232.19777832031,17400.124397786458
2019-08-28,17600.65625,18202.388087606836,17495.3531784188,17941.637624643874,22446,22194.991743164064,17332.65060221354
2019-08-29,16778.2890625,17134.31372581067,16632.870538049163,16928.722018828452,25421,22147.447983398437,17259.686149088542
2019-08-30,16893.619140625,17189.470588917335,16507.507928446867,16517.536791100847,25833,22088.622084960938,17196.859423828126
2019-09-03,17385.03125,17575.579616743584,16988.8912244015,17244.627190294203,25184,22032.45088378906,17161.80730794271
2019-09-04,16657.9375,17044.048634105962,16612.80762718242,16918.68787627935,20838,21969.08657714844,17126.00587565104
2019-09-05,15740.3017578125,16141.456310416832,15604.912096308537,16116.384150879061,31049,21908.84232421875,17076.487141927082
2019-09-06,15780.412109375,15895.744005948125,15655.051352230297,15670.094643087661,20041,21847.316279296876,17022.160026041667
2019-09-09,15890.7353515625,16136.442524874763,15629.984881924995,15645.028178250235,18712,21772.50652832031,16975.06560872396
2019-09-10,16026.123046875,16467.39301812813,16021.108615383488,16151.483834162822,24149,21690.270229492187,16925.829475911458
2019-09-11,15594.8818359375,16056.209530119573,15564.795247186496,15955.920900949557,20307,21609.336572265624,16875.380924479166
2019-09-12,15389.2919921875,15464.508473087732,15043.29618004643,15304.046647167237,24390,21523.718481445314,16834.61739908854
2019-09-13,15559.7802734375,15629.982311409825,15364.217453371739,15454.477216479014,16807,21450.218701171874,16800.263736979166
2019-09-16,15780.412109375,15915.801727091277,15685.137933945027,15865.657424233395,23637,21379.5020703125,16777.387858072918
2019-09-17,15564.7958984375,15875.690661872784,15549.752603432566,15780.416460174874,17061,21321.740288085937,16749.92257486979
2019-09-18,15579.8349609375,16166.523306746862,15559.777239713248,15655.051415528444,21468,21262.768984375,16722.293001302085
2019-09-19,15514.646484375,15599.891794728708,15223.809543168229,15499.60319431258,18657,21206.634091796874,16679.085221354166
2019-09-20,15980.99609375,16161.515660544792,15404.33636648886,15444.451825776592,20224,21159.45212890625,16647.4943359375
2019-09-23,15991.0234375,16186.586282925682,15845.604911414235,16041.167756839917,15789,21098.188583984374,16619.24638671875
2019-09-24,16622.84375,16833.44991515837,15675.11600678733,15775.404656862745,37734,21042.752333984376,16602.531673177084
2019-09-25,16070.681640625,17094.32405450855,15939.574730472426,16680.833030181206,23692,20970.62115234375,16588.398177083334
2019-09-26,16247.1728515625,16615.28074050231,16100.938210750795,16136.236227498448,20103,20904.214809570312,16580.54913736979
2019-09-27,16837.1484375,17200.21363291779,16151.358623933063,16181.614056884546,32193,20842.240659179686,16588.633951822918
2019-09-30,16393.40625,16771.59925792064,16307.682501537989,16680.832936019688,16416,20781.901938476563,16587.735123697916
2019-10-01,16786.724609375,16877.490918467443,15934.529818451487,16216.913891183538,30992,20723.628627929687,16587.457845052082
2019-10-02,17654.046875,17946.516089153098,17134.661891245356,17134.661891245356,34641,20659.21663574219,16606.065364583334
2019-10-03,17059.025390625,18314.626136195686,17053.982817349617,17669.176756946497,32862,20581.156625976564,16622.778938802083
2019-10-04,16337.9384765625,16872.451278573495,16267.342446108218,16837.153263346354,22908,20502.75236328125,16626.80584309896
2019-10-07,16504.341796875,16579.980393560953,16105.978520995646,16494.256650650208,21771,20413.420087890627,16638.035563151043
2019-10-08,17240.5546875,17270.81012128912,16590.06286103393,16806.893469855953,34975,20320.752451171877,16663.959130859374
2019-10-09,16721.16796875,16953.12626988465,16494.252239379148,16786.72140167936,23209,20207.699677734374,16677.21466471354
2019-10-10,16348.01953125,16766.553035597237,16151.359209930211,16716.127312181907,24303,20078.451728515625,16680.406656901043
2019-10-11,15737.8681640625,15818.549320943308,15329.419807353413,15798.379031723107,39682,19984.95050292969,16674.432389322916
2019-10-14,15722.7412109375,15838.720379587776,15576.506606987152,15793.337226637668,15892,19893.955556640623,16661.854378255208
2019-10-15,15132.7626953125,15606.764592466572,15021.82608108495,15586.594298970655,28692,19799.514174804688,16646.045735677082
2019-10-16,15238.6552734375,15389.932460136084,15132.76124274849,15278.995856557121,21315,19709.276435546875,16637.016455078126
2019-10-17,15127.7177734375,15304.207814127603,14905.844579427083,14971.398023111979,15444,19621.065883789062,16631.737679036458
2019-10-18,15556.3388671875,15793.339815893436,15107.549836659238,15193.273584063512,24616,19518.81212890625,16626.247965494793
2019-10-21,15152.931640625,15465.571161995631,15127.718775998335,15339.506838862311,13427,19438.1753515625,16621.97431640625
2019-10-22,15510.953125,15531.123415149546,14926.0147106632,15001.653298723993,18308,19364.293759765624,16621.244091796874
2019-10-23,15430.2734375,15692.487234477125,15425.23086448121,15631.976358251633,14076,19294.278798828123,16615.742724609376
2019-10-24,14986.5283203125,15314.295595151098,14966.358026476279,15102.507509870773,23225,19225.32209472656,16591.897395833334
2019-10-25,14648.671875,15233.610235585198,14613.373870481928,15218.482519363168,22163,19156.165668945312,16558.242415364584
2019-10-28,14194.8408203125,14431.84171500333,14144.415098037854,14421.756570548401,16159,19083.151220703126,16504.153206380208
2019-10-29,14527.65234375,14542.780062261367,14215.012827848403,14270.48112905675,17062,19007.72947265625,16424.93924153646
2019-10-30,14325.951171875,14704.144180636218,14255.355143572904,14457.058081578889,18652,18939.93849609375,16356.069775390624
2019-10-31,14315.8662109375,14562.952313204474,14189.801873046188,14215.01474062445,21382,18872.29569824219,16291.043684895832
2019-11-01,13927.5869140625,14199.885861694425,13927.5869140625,14129.289838234296,18276,18805.789892578126,16239.854768880208
2019-11-04,13675.4560546875,13746.05206676922,13579.647181148022,13645.20062093819,18833,18741.896215820314,16176.440592447916
2019-11-05,13665.3740234375,13786.39578600669,13574.60770151061,13614.948289033671,17041,18670.305859375,16102.913069661457
2019-11-06,13746.052734375,13947.75563583318,13695.627009010455,13700.66958154691,17663,18599.416796875,16050.537190755209
2019-11-07,13614.9462890625,13730.925461154515,13342.64736328125,13534.265125868056,19125,18530.454038085936,15970.486197916667
2019-11-08,13448.54296875,13796.480525871766,13448.54296875,13695.62906003937,14983,18465.624399414064,15886.65888671875
2019-11-11,13509.0537109375,13710.756640552094,13493.925991216405,13650.245761667717,9713,18396.132177734376,15818.381949869792
2019-11-12,13393.0732421875,13539.307852136084,13256.923777752612,13473.754406297063,16549,18322.087963867187,15761.376725260418
2019-11-13,13413.2431640625,13564.520342604557,13347.689720027607,13534.264906896145,17266,18258.86927734375,15699.108251953125
2019-11-14,13418.2890625,13665.375182027434,13393.076193160467,13539.310835329763,15067,18201.534697265626,15644.361865234376
2019-11-15,13171.19921875,13312.391247128637,13145.98635653953,13191.369508518377,15357,18141.177197265624,15582.655777994793
2019-11-18,13090.5185546875,13352.732331591873,13035.05025572696,13186.327434710252,19688,18084.98420410156,15493.864322916666
2019-11-19,13050.1767578125,13196.411350539147,12954.36788671573,12959.410458878718,17837,18031.86650390625,15417.020133463542
2019-11-20,13287.177734375,13574.604349501897,13030.006552419354,13145.985712909154,26541,17979.040068359376,15342.538069661457
2019-11-21,13382.9873046875,13498.966471231513,13297.263572894099,13327.51900764471,20692,17921.82686035156,15272.243587239584
2019-11-22,13347.6904296875,13569.563636678906,13251.881544850303,13267.009263508808,16481,17865.132294921874,15215.066943359376
2019-11-25,12873.6884765625,13181.285420185812,12868.645903716217,13181.285420185812,15472,17805.670502929686,15148.068098958332
2019-11-26,12808.13671875,12914.030762487697,12757.71098363681,12863.605027374508,12929,17751.243276367186,15071.7865234375
2019-11-27,12550.962890625,12757.708362105765,12540.877745674718,12722.41035477978,14708,17695.629506835936,15003.336946614583
2019-11-29,12722.41015625,12737.537873439358,12581.218129149327,12631.643853113854,9817,17641.468764648438,14953.038753255209
2019-12-02,13135.90234375,13322.47754018714,12702.241076355565,12712.326222108924,28780,17590.666430664063,14908.963590494792
2019-12-03,13418.2890625,13846.90784127208,13403.16134089628,13635.119738819993,32668,17541.97116699219,14867.75615234375
2019-12-04,13216.58203125,13277.092899000858,13120.77315731114,13211.539458937428,18382,17492.267368164063,14820.93046875
2019-12-05,13151.0302734375,13342.648045826543,13085.476824988616,13085.476824988616,15633,17440.84556640625,14780.199609375
2019-12-06,12742.5810546875,12888.815661171844,12697.19790095098,12873.68794325967,18370,17389.96337402344,14736.087760416667
2019-12-09,12898.900390625,12914.028108049502,12616.516332034305,12798.048941128323,13313,17341.153715820314,14691.739762369793
2019-12-10,12929.1552734375,13024.96414636859,12752.665244353915,12883.772123101722,16813,17292.793232421875,14644.218815104166
2019-12-11,12727.453125,12908.985736925515,12697.197689679082,12858.560011390651,12629,17243.027041015626,14596.929768880209
2019-12-12,12445.0703125,12828.305865072933,12303.878266815234,12772.837561411061,36426,17191.0544921875,14544.68369140625
2019-12-13,12329.08984375,12550.963035212168,12192.94038535276,12475.324447213701,29818,17140.984619140625,14491.591080729168
2019-12-16,11976.1103515625,12102.174671052631,11915.599478207236,12097.132098273027,16028,17089.149848632813,14424.842985026042
2019-12-17,11955.939453125,12001.322605836145,11885.343437796551,11920.641445460777,13073,17037.412836914064,14357.591585286458
2019-12-18,11930.7265625,11950.896852546493,11814.747394732673,11915.598844965132,12332,16983.762309570313,14279.389632161457
2019-12-19,11688.68359375,11905.514221244068,11683.64102101758,11905.514221244068,13441,16924.43293457031,14206.356331380208
2019-12-20,11562.6181640625,11628.17160328309,11497.06472484191,11527.320158328335,14908,16864.07603515625,14128.280419921875
2019-12-23,11466.80859375,11497.064025395779,11411.340302399407,11436.553162104223,9418,16810.4891796875,14038.774755859375
2019-12-24,11455.6650390625,11531.66458598242,11425.265220294532,11440.465129678516,5627,16758.733344726563,13956.479069010416
2019-12-26,11151.666015625,11404.997819705532,11151.666015625,11399.931183623921,11307,16707.642172851563,13862.56142578125
2019-12-27,11192.1982421875,11273.264413249066,11030.065900064366,11040.199171447062,17743,16656.4557421875,13754.863948567709
2019-12-30,11410.064453125,11572.196807698712,11187.132465586144,11207.399009907858,25318,16608.84123046875,13660.714599609375
2019-12-31,11344.19921875,11567.131226621817,11323.932672579835,11516.464861196406,18533,16561.98970703125,13577.485611979168
2020-01-02,10791.93359375,11131.398171581573,10791.93359375,11065.531910211268,25799,16513.270595703125,13482.27880859375
2020-01-03,11080.7333984375,11217.532576195988,10888.201222332962,11212.46593998271,29139,16467.299995117188,13379.615120442708
2020-01-06,10867.93359375,11384.73043597028,10867.93359375,11344.197350305945,25101,16424.945708007814,13282.061214192709
2020-01-07,10873.0,10979.399347623486,10781.80055917987,10857.800093196645,17691,16376.143969726563,13190.810888671875
2020-01-08,10629.8046875,10933.80291497855,10482.872210885367,10883.136543732126,29224,16325.628325195312,13105.676497395832
2020-01-09,10361.26953125,10553.801679018949,10305.536541106356,10381.536073120415,27716,16275.164165039063,13016.318636067708
2020-01-10,10447.40234375,10498.068698472356,10239.670289388336,10249.803560332808,30932,16223.139018554688,12938.229296875
2020-01-13,10082.6044921875,10371.402711310458,10082.6044921875,10325.80299250157,25107,16169.986962890625,12852.2951171875
2020-01-14,10204.205078125,10254.871438989574,10052.205995531282,10113.00562856877,37181,16119.733291015626,12770.236572265625
2020-01-15,10199.138671875,10295.404759687033,10052.206222056631,10194.072035674366,30865,16073.337998046874,12680.94990234375
2020-01-16,9910.3388671875,10113.004283694401,9905.272231774827,10052.204658742332,25390,16026.693657226562,12593.573356119792
2020-01-17,9758.341796875,9930.60743607217,9738.075251087097,9783.674979109877,22365,15980.882661132813,12497.696500651042
2020-01-21,9778.6083984375,9854.607945575615,9702.608851299385,9849.54130909974,19694,15934.97380859375,12403.502083333333
2020-01-22,9702.6083984375,9738.074852113252,9530.34276629814,9631.675491086,21796,15890.178676757812,12315.436751302082
2020-01-23,9611.408203125,9854.606723815565,9601.27493142956,9722.874191774841,28432,15845.624643554687,12231.482356770834
2020-01-24,9859.673828125,9991.406366424719,9444.209668872047,9484.742757579652,39371,15801.316137695312,12159.229573567709
2020-01-27,10467.6708984375,10599.403446046104,10310.605168596474,10513.270626455864,46922,15761.54134765625,12091.563216145832
2020-01-28,9986.3408203125,10330.872111931601,9915.407907332095,10254.87256230974,33681,15718.563237304688,12019.236376953126
2020-01-29,9945.806640625,10072.472542823485,9788.74092189888,9819.140738426517,30482,15676.677026367188,11946.40205078125
2020-01-30,9834.33984375,10229.537426342737,9824.206572401468,10133.271348531685,48260,15634.133881835938,11878.181266276042
2020-01-31,10315.669921875,10411.935996784443,9712.740294810596,9712.740294810596,58542,15594.993208007812,11822.184830729168
2020-02-03,9849.5390625,10183.93699363426,9768.472897376543,10163.670452353395,49271,15554.418110351562,11758.587581380209
2020-02-04,9175.6787109375,9540.476539312707,9114.879072874965,9444.210445713694,56163,15510.67287109375,11682.414680989583
2020-02-05,9069.279296875,9241.544937150837,8836.214018854747,8836.214018854747,44422,15467.192294921875,11606.653564453125
2020-02-06,8846.34765625,9109.812763996277,8836.214382875143,9013.546666935137,27849,15425.98283203125,11529.950309244792
2020-02-07,8957.8115234375,9038.877691070418,8815.945730079893,8962.878158914556,35358,15384.534047851563,11454.096272786459
2020-02-10,8633.546875,9059.144256161971,8633.546875,9054.07762067195,30571,15342.260581054688,11374.770833333334
2020-02-11,8633.546875,8704.47977186033,8410.614913438967,8496.747716769367,39584,15300.285893554688,11295.109228515625
2020-02-12,8385.2822265625,8547.414571728663,8370.082319203173,8486.614942291353,25595,15257.567763671876,11211.22578125
2020-02-13,8420.7490234375,8593.014647262335,8314.34966754569,8567.681467288094,33578,15213.035336914063,11132.051611328125
2020-02-14,8354.880859375,8466.3468259646,8324.481050305109,8385.280668444891,25823,15167.177768554688,11053.12431640625
2020-02-18,8334.615234375,8501.814202602583,8289.015515767478,8476.481025598405,30925,15120.223032226562,10974.531624348958
2020-02-19,8101.55126953125,8223.150538117085,8050.884907620485,8192.750720970625,25670,15076.285427246094,10888.104516601563
2020-02-20,8334.615234375,8623.413452222645,8106.616641337387,8152.2163599449095,49529,15032.019401855468,10803.964982096355
2020-02-21,8810.8818359375,8912.214577006362,8415.68414576894,8446.083968089599,61292,14985.056057128906,10728.351505533854
2020-02-24,9834.33984375,9961.005735606646,9505.00852492272,9778.606851333076,112160,14942.512912597656,10677.69569498698
2020-02-25,10624.736328125,10721.00241788865,9489.809796174593,9591.142522241595,141867,14902.428020019532,10641.305688476563
2020-02-26,10472.7373046875,10710.869212438014,9910.340671489477,10457.53739568215,120406,14861.682731933593,10606.668595377605
2020-02-27,12038.3291015625,12073.795559353299,10786.869805230035,11273.266940646701,169664,14819.105959472656,10595.267244466146
2020-02-28,11855.9287109375,13375.919571314102,11790.06244032118,13239.120393880208,201670,14779.002976074218,10573.934350585938
2020-03-02,10168.73828125,12007.927118366964,10153.538373505231,11506.33016278961,121467,14734.546872558594,10519.775170898438
2020-03-03,11187.1318359375,11435.396989905315,9738.073998492697,10097.805139956266,138580,14698.070627441406,10485.951000976562
2020-03-04,9793.8076171875,10867.934474323429,9783.674344950368,10558.86967109092,102389,14651.739870605468,10429.997290039062
2020-03-05,10660.2021484375,10878.06749652819,10031.939284175975,10548.736156391102,90529,14604.961154785156,10395.290974934896
2020-03-06,11192.1982421875,11992.726681420467,11050.332442829758,11739.394896853073,128673,14563.73030029297,10366.845939127605
2020-03-09,13507.65234375,13695.117886405196,12327.12608865107,13553.252070341805,104632,14532.981325683593,10376.487556966145
2020-03-10,11399.9287109375,13548.181943576388,11399.9287109375,12002.858273871527,116631,14487.212551269531,10354.362150065104
2020-03-11,12808.45703125,13254.321041831487,11921.795646570905,12185.260743732693,95815,14447.88891845703,10360.418595377605
2020-03-12,16350.033203125,16431.099373329525,13730.582578391308,15351.905982481794,137302,14425.27735595703,10427.434318033855
2020-03-13,11714.064453125,16111.905259921063,11653.264810634731,13695.119470932903,154005,14376.946604003906,10423.06688639323
2020-03-16,15549.5068359375,15939.637831821237,13254.320587426686,15199.90893053519,135212,14349.112526855468,10482.959676106771
2020-03-17,12707.1240234375,16005.504302248431,12023.128113085004,14485.513390353994,167090,14302.012756347656,10495.899633789062
2020-03-18,13649.517578125,15706.57182338066,13228.986784144163,14824.97714684252,136188,14252.529748535157,10528.580200195312
2020-03-19,13477.251953125,14855.376964873121,12068.72712494126,13847.116386425048,166209,14211.670588378905,10560.490763346354
2020-03-20,14855.376953125,15078.308940143246,12286.592466346563,12524.7243615706,166549,14180.166691894532,10616.96690266927
2020-03-23,14936.443359375,16339.901571907862,13983.915763865332,14799.644183424143,161576,14151.532795410156,10674.97987467448
2020-03-24,11572.1953125,13016.186408849606,11556.995406222635,12646.322022767075,174516,14111.95298095703,10681.988696289063
2020-03-25,11767.8203125,12209.875738746763,10446.735130613126,11396.900242200994,168613,14076.76196533203,10691.582397460938
2020-03-26,9892.89453125,11503.602064072933,9760.786026980611,11452.791100892398,179134,14032.669309082032,10666.296232096354
2020-03-27,10848.1416015625,10954.844633709015,10080.895989461358,10614.41115019394,132630,13991.709821777344,10658.028605143229
2020-03-30,9674.408203125,10680.465358702075,9608.353945435596,10548.356843323267,139439,13946.499860839844,10639.403181966145
2020-03-31,9887.8125,10091.056333504626,9186.621274409044,9735.379624871532,147727,13901.037468261718,10619.521166992188
2020-04-01,11153.0078125,11396.900466258541,10334.951203018223,10771.925541002278,142936,13863.693532714844,10624.272403971354
2020-04-02,10492.46484375,11422.305553874092,10472.140456643463,11310.521424788136,163036,13826.980339355468,10617.930151367187
2020-04-03,10904.0322265625,11290.195530019513,10319.706175278861,10589.004268479148,126740,13793.395500488281,10622.500610351562
2020-04-06,8612.4580078125,9897.975338772123,8409.214161020464,9699.812588149889,144559,13750.692966308594,10593.353751627605
2020-04-07,8587.052734375,8627.701504715236,7784.239520155325,7835.050483080621,166134,13707.564665527343,10562.347924804688
2020-04-08,8043.376953125,8587.054359305906,7951.917202552511,8338.080593858576,134014,13661.59350341797,10528.360799153646
2020-04-09,8002.72802734375,8221.215205233135,7713.105489211309,7835.051821056547,159118,13611.071577148437,10491.669514973959
2020-04-13,7733.42724609375,8246.617884632165,7687.697387214089,8099.266117131036,114197,13560.356467285157,10450.57432454427
2020-04-14,6722.2900390625,7347.264849950397,6666.397982804233,7265.967313574735,131333,13505.538415527344,10397.440177408855
2020-04-15,6945.8583984375,7179.588820038177,6783.263322541377,7047.480320872577,105140,13452.13907470703,10350.565454101563
2020-04-16,6569.85693359375,6935.695834768344,6468.235016600806,6722.289809083164,143971,13400.39490234375,10297.086263020834
2020-04-17,6407.26220703125,6686.722493618656,6275.153707917203,6315.802476875371,114859,13348.840637207031,10242.163826497395
2020-04-20,6615.587890625,6625.750084005376,6336.127572664651,6564.776923723119,86157,13300.158278808594,10192.23348795573
2020-04-21,7342.18505859375,7464.131384826448,6762.940008988429,6808.669881325692,146575,13254.632524414063,10150.275341796874
2020-04-22,6681.64306640625,6986.508909740376,6549.534534294796,6884.886961962334,84050,13204.023933105469,10087.174877929687
2020-04-23,6732.4521484375,6778.1820120872635,6361.532143278301,6605.424749410377,104801,13154.99821533203,10032.943400065104
2020-04-24,6402.18115234375,6828.993229166666,6376.775671580481,6691.803633045015,96153,13106.72806640625,9973.882975260416
2020-04-27,6275.15380859375,6351.370251613107,6158.288595964069,6204.018461775683,73637,13057.62221435547,9914.563208007812
2020-04-28,6605.4248046875,6635.911380709134,6102.396300330529,6107.477396334135,104528,13011.496545410157,9852.725789388021
2020-04-29,5924.55810546875,6270.072643352005,5817.855086416568,6173.531816590507,108957,12962.6936328125,9787.309440104167
2020-04-30,5883.91015625,6041.424158705743,5822.936994009067,5828.018090862479,89451,12912.48400390625,9732.446630859375
2020-05-01,6412.34326171875,6498.721895196736,6092.234208241506,6264.991475197479,103522,12863.763220214843,9688.164363606771
2020-05-04,6183.6943359375,6559.695470579551,6163.369950281173,6513.965602852814,70241,12814.200070800782,9643.786808268229
2020-05-05,5975.36962890625,6046.504981631325,5761.963570731027,5995.694015399128,81538,12761.689809570313,9594.079443359375
2020-05-06,5863.58447265625,5939.800908609321,5695.908313559494,5838.178994005226,91895,12710.601325683594,9547.913403320312
2020-05-07,5634.935546875,5751.800756593778,5563.800201828787,5640.016642949729,94721,12659.873942871094,9497.936547851563
2020-05-08,5406.28759765625,5589.207102840109,5391.044305557595,5502.828447614398,83798,12609.683159179687,9448.286637369793
2020-05-11,5269.0966796875,5523.151485844081,5182.718045594262,5502.827101351555,89125,12556.600034179688,9395.759098307291
2020-05-12,5584.12548828125,5589.206585176866,5172.556639736408,5218.286511796946,105176,12507.473908691407,9349.579842122395
2020-05-13,5792.44970703125,5995.693556400767,5401.205296994928,5548.557087787829,175337,12458.66232421875,9307.210416666667
2020-05-14,5599.3681640625,6066.829027123978,5599.3681640625,5899.152847982361,127786,12407.857387695312,9265.507364908854
2020-05-15,5487.583984375,5868.666205512152,5487.583984375,5833.098531539352,119261,12353.209067382813,9218.056844075521
2020-05-18,5182.7177734375,5330.069553270527,5106.501335592831,5274.177498851103,93447,12295.782802734375,9157.587443033854
2020-05-19,5228.44873046875,5233.529827388545,5020.123756757167,5172.556664351008,92159,12234.724079589843,9080.822591145834
2020-05-20,4908.33837890625,5040.446865295031,4882.932900754561,5040.446865295031,91258,12162.8633203125,8985.549291992187
2020-05-21,5060.77197265625,5101.420743520958,4862.609214690794,4903.257985555503,105987,12095.876584472657,8895.349869791668
2020-05-22,5015.04150390625,5162.393280616768,4999.798216660334,5101.4201316331055,69979,12029.864633789062,8778.295076497396
2020-05-26,5040.44775390625,5076.015429589056,4760.9874449699155,4776.23073454826,80486,11970.072263183594,8664.703727213542
2020-05-27,4969.3115234375,5396.123556125383,4964.230427810264,5086.176722863945,131899,11907.517287597657,8578.046614583332
2020-05-28,4994.71826171875,5055.691424628847,4766.068900805888,5045.529230810497,118955,11842.105751953124,8474.839721679688
2020-05-29,4791.47412109375,5070.9344356856445,4755.906444691145,4964.23140647783,135543,11781.620095214843,8391.467496744792
2020-06-01,4725.41943359375,4857.527933887769,4705.095048933132,4837.203549227151,63071,11713.157163085938,8292.554451497395
2020-06-02,4639.04052734375,4852.446553793298,4628.878335608058,4710.1758694936,86448,11643.961457519532,8183.33515625
2020-06-03,4557.7431640625,4649.202893107233,4522.175491656215,4598.391932526825,77562,11578.72182373047,8034.170003255208
2020-06-04,4664.44580078125,4745.743331078091,4506.93183583112,4593.310461771514,84338,11517.977119140625,7921.911954752604
2020-06-05,4390.06689453125,4628.878403840242,4349.418126989294,4608.554020069264,117280,11454.180695800782,7781.605452473958
2020-06-08,4283.365234375,4481.528038812277,4278.284136825326,4400.230478017497,71238,11392.082160644532,7580.494319661459
2020-06-09,4186.8232421875,4344.337223386301,4141.09337667817,4334.175031050895,89423,11328.648454589844,7455.040299479167
2020-06-10,4029.30908203125,4130.931000871887,3958.173738842804,4100.444425219695,118114,11256.704970703126,7263.037003580729
2020-06-11,4633.9599609375,4644.1221538342925,4166.4990876850325,4232.553341514185,189568,11191.570629882812,7128.484269205729
2020-06-12,4527.25634765625,4776.2300412984005,4257.958270859638,4334.174707688868,211308,11125.426403808593,6976.44658203125
2020-06-15,4359.58056640625,4781.311553599396,4318.931796556308,4725.419495055726,145018,11059.221025390625,6824.4853922526045
2020-06-16,4141.0927734375,4344.336590538727,4049.633055741948,4080.1196283071317,152103,10996.035043945312,6645.913989257812
2020-06-17,4095.36328125,4146.1742400744415,3998.8224594835606,4059.7956100728907,99174,10932.043764648437,6465.229321289063
2020-06-18,4059.794677734375,4156.335477330061,4049.6324883032503,4115.686719605562,72259,10865.41758178711,6340.022644042969
2020-06-19,4064.877197265625,4156.336934204101,3922.606495361328,3937.849784851074,112185,10802.452280273437,6211.6402587890625
2020-06-22,3922.6064453125,4085.201531128562,3912.444252448996,4069.958241833306,88704,10743.363803710938,6112.1354573567705
2020-06-23,3820.984619140625,3866.71448825268,3709.2004946444895,3836.227908844643,121056,10683.566666259765,5995.016174316406
2020-06-24,4044.55322265625,4125.850774870446,3795.579469000275,3861.6337301743088,199872,10624.335755615235,5901.18525797526
2020-06-25,3932.76806640625,4181.741755364786,3922.6058750201873,4049.6332673459706,134489,10563.86898071289,5801.934517415365
2020-06-26,4217.31103515625,4242.716523319842,3942.9317629894576,3953.0939582548945,158603,10506.981126708984,5686.339571126302
2020-06-29,4090.283203125,4369.743546195652,4080.1210088315215,4227.472826086956,128589,10450.486082763671,5579.6365437825525
2020-06-30,3841.309326171875,4095.364175786417,3810.82274421813,4085.2019818018352,113478,10391.893728027344,5461.924495442709
2020-07-01,3704.119140625,3861.633123285322,3653.3081784765086,3836.2276422110767,134571,10331.512263183593,5380.11884765625
2020-07-02,3627.9033203125,3648.22770866159,3536.4435727415967,3597.4167377888657,122537,10271.82780029297,5297.466357421875
2020-07-06,3363.685546875,3490.7129466814577,3333.1989709214504,3490.7129466814577,142119,10210.747053222656,5219.471500651041
2020-07-07,3429.73974609375,3439.9019379340275,3262.0635807291665,3378.928786892361,151924,10150.32251953125,5143.255029296875
2020-07-08,3292.550537109375,3434.8212393301505,3292.550537109375,3373.8480812355324,125769,10086.880291748046,5069.240417480469
2020-07-09,3211.252685546875,3384.009950275663,3180.7661094182654,3226.49597361118,184147,10022.981437988281,5010.723128255208
2020-07-10,3140.1171875,3317.95553954288,3135.036091727346,3216.3336240898057,132420,9955.56780517578,4947.294108072917
2020-07-13,3333.198974609375,3368.766646594536,2936.8734867747235,3038.4954067323265,269991,9891.880391845703,4893.34980875651
2020-07-14,3262.063720703125,3561.84839285497,3246.8204322886245,3429.7398932626315,334667,9826.954846191406,4840.929833984375
2020-07-15,3241.739013671875,3373.847500122453,3175.6847704465863,3216.3335355083022,168723,9758.977799072265,4784.69901936849
2020-07-16,3312.875244140625,3439.902669146017,3287.4697591395466,3353.5240201423508,156566,9693.575144042969,4717.543855794271
2020-07-17,3307.7939453125,3389.0914923555106,3262.0640751008063,3287.4695585517475,114773,9626.180490722656,4661.313037109375
2020-07-20,3018.171630859375,3323.037452158302,2992.7661457511313,3272.226481941814,158403,9553.001114501953,4599.408361816406
2020-07-21,3109.630859375,3140.117436427696,2962.279070286969,2962.279070286969,161275,9483.254141845704,4544.53252360026
2020-07-22,3074.0634765625,3165.5232163610535,3043.5768966296487,3094.3878631844004,119008,9416.934766845703,4491.181018066406
2020-07-23,3317.955810546875,3373.8478686112176,3068.982097351168,3094.387578289505,220467,9351.002836914062,4436.389868164062
2020-07-24,3414.49609375,3577.0911458333335,3358.604044596354,3475.46923828125,271052,9281.872543945312,4394.555501302083
2020-07-27,3226.49658203125,3378.929491418553,3216.3343880720963,3348.4429095410924,131230,9214.399187011719,4350.265275065104
2020-07-28,3348.442138671875,3363.685426101337,3236.658030855818,3262.063509904922,111384,9149.401300048828,4299.200256347656
2020-07-29,3231.5771484375,3312.8746867629716,3201.090571565448,3292.550302181604,102637,9086.869844970703,4249.998303222656
2020-07-30,3180.766357421875,3358.604732038114,3165.5230681690546,3317.9559606972593,169909,9024.159970703126,4203.42158203125
2020-07-31,3013.090087890625,3196.009553597307,3008.008991620995,3013.090087890625,182106,8963.561607666015,4155.913342285156
2020-08-03,2896.224853515625,2947.0358158580043,2865.738276110197,2941.9547196237663,134528,8901.849455566406,4110.2681640625
2020-08-04,2855.575927734375,2936.873463043539,2855.575927734375,2916.5490792162477,108742,8840.488746337891,4067.7563028971354
2020-08-05,2840.3330078125,2875.9006841178443,2825.0897179673525,2845.4141044275493,87859,8776.908717041015,4027.2769083658854
2020-08-06,2723.46728515625,2865.7379642315764,2713.3050937937264,2850.4946771877912,150306,8714.761395263671,3979.5992716471355
2020-08-07,2814.92724609375,2886.062591662906,2718.3864199641807,2743.7919005245935,187796,8651.28126586914,3929.9738972981772
2020-08-10,2855.575927734375,2972.441134741298,2804.764968166148,2809.8460641229703,165835,8588.407778320312,3884.2440266927083
2020-08-11,3018.171630859375,3038.4960189459703,2850.4954291449653,2896.2253023398043,166501,8528.565994873046,3843.0871541341144
2020-08-12,2784.440673828125,2947.035749672103,2753.954097107379,2941.954653551979,169947,8469.244838867187,3803.115869140625
2020-08-13,2769.197021484375,2799.6835941979643,2698.061685152666,2769.197021484375,159062,8412.116619873046,3762.128340657552
2020-08-14,2784.440673828125,2825.0894427891194,2743.7919048671306,2753.954097107379,111889,8353.400561523438,3726.730045572917
2020-08-17,2682.81884765625,2733.6298106800427,2672.6566550514917,2723.467618075284,85846,8295.184899902344,3687.0974934895835
2020-08-18,2606.602294921875,2695.0133669133775,2591.359006647478,2651.315940526773,185515,8236.638580322266,3646.9568400065104
2020-08-19,2658.42919921875,2670.623828572964,2575.0992319649513,2606.6020244633387,262116,8180.2927917480465,3607.2565307617188
2020-08-20,2546.645263671875,2692.980825510961,2532.4181951597416,2681.802414537142,267351,8124.648737792969,3566.878759765625
2020-08-21,2493.802001953125,2559.856252208607,2481.6073711367285,2543.5967444534117,264829,8068.790877685547,3525.1968221028646
2020-08-24,2446.03955078125,2510.0613587161147,2384.050181193524,2407.4232221856178,297816,8012.290811767578,3486.1062459309896
2020-08-25,2389.13134765625,2479.5748567763717,2388.115128452653,2467.380226333209,233814,7956.161737060547,3447.1681111653647
2020-08-26,2235.682373046875,2361.693561345881,2231.6174960049716,2358.644903564453,387394,7900.097434082031,3407.1121419270835
2020-08-27,2258.0390625,2310.88246090234,2191.9848144970747,2210.2767600978846,507615,7843.842360839843,3368.783740234375
2020-08-28,2220.43896484375,2259.0552946671196,2207.228115167334,2228.568718490775,287270,7787.979189453125,3328.05029296875
2020-08-31,2169.628173828125,2219.4229188012296,2125.930744566013,2209.2607259495753,390970,7731.761114501953,3291.0429809570314
2020-09-01,2056.82763671875,2147.2711444598413,2054.7951983425455,2109.6710345000615,387730,7674.953807373047,3253.9340209960938
2020-09-02,1997.8870849609375,2119.83339736954,1986.708672990149,1988.7411115302923,626356,7619.087246704102,3217.4517517089844
2020-09-03,2304.78515625,2361.693431712963,2080.2007120122353,2087.3142464451057,1382832,7565.158579711914,3188.709686279297
2020-09-04,2396.244873046875,2676.7213721821327,2263.120157877604,2340.3528170597765,1662614,7511.8889202880855,3151.414434814453
2020-09-08,2736.677978515625,2744.807731143967,2527.3368483358186,2679.7697101172307,965803,7459.136421508789,3121.571461995443
2020-09-09,2499.899658203125,2644.202809205094,2430.7967408219006,2569.0025755843494,605925,7404.720983276367,3090.5767801920574
2020-09-10,2643.186279296875,2692.981022736147,2379.9854925464365,2413.5207279239053,805107,7351.198462524414,3065.61167195638
2020-09-11,2699.078369140625,2804.765172751553,2560.8725490340266,2585.2618114057796,964651,7300.3254119873045,3042.3402567545572
2020-09-14,2560.872314453125,2623.8779031420513,2496.850506591797,2583.22913624597,576442,7249.089089965821,3017.3582173665363
2020-09-15,2449.088623046875,2499.899590330005,2410.4722879116957,2454.169719775188,510386,7198.57971862793,2990.428407796224
2020-09-16,2569.001953125,2575.0992678871635,2415.5528649438784,2430.796151849288,577282,7147.8126776123045,2967.8683329264322
2020-09-17,2684.85107421875,2789.521649784432,2628.9590193050367,2764.1161702781983,879757,7095.557421264649,2948.9327738444013
2020-09-18,2792.57080078125,2916.5495626791076,2635.0568000093817,2648.2676516870224,945849,7042.428829956055,2928.0664001464843
2020-09-21,2754.97021484375,2989.7168469458916,2752.9377764705714,2914.516627138279,909666,6990.120770874023,2908.4364359537763
2020-09-22,2603.553955078125,2787.48965604188,2585.2620069159834,2677.7379670690316,591027,6937.383389282227,2881.5404846191404
2020-09-23,2845.413818359375,2866.7544219970705,2607.618520682199,2613.7158360072544,800870,6887.897553100586,2860.7926615397137
2020-09-24,2801.716796875,2935.8577534174374,2693.997543893952,2923.663121004489,1027052,6837.411635131836,2843.4661193847655
2020-09-25,2604.56982421875,2835.251583913505,2579.164344076156,2786.473062039724,744181,6785.788707885742,2825.1402974446614
2020-09-28,2445.02392578125,2539.5323318900014,2442.9914869402014,2461.2834365096373,588761,6734.376561889649,2805.425640869141
2020-09-29,2476.5263671875,2491.7696562756464,2429.780280650518,2457.2182010091815,409170,6684.533842163086,2790.6396545410157
2020-09-30,2423.68310546875,2478.558949366156,2338.3206816283414,2471.4454140461216,662069,6635.0068084716795,2773.8720438639325
2020-10-01,2309.86669921875,2371.8560826997636,2293.6071887975004,2322.061332034687,558626,6586.675590209961,2757.4939798990886
2020-10-02,2500.915283203125,2526.3207614965336,2370.8392343408736,2461.2827370654077,882478,6539.400469360352,2745.6550231933593
2020-10-05,2343.401611328125,2451.1208527855324,2334.2556379968355,2449.088414267468,371702,6491.463844604492,2732.3764302571612
2020-10-06,2469.412841796875,2491.769665878987,2316.9799503279323,2364.742256321534,689499,6445.3674908447265,2717.9799947102865
2020-10-07,2339.33642578125,2411.487983657214,2317.9958241559652,2396.24469678201,408995,6399.251082153321,2702.6012064615884
2020-10-08,2300.72021484375,2329.1743517764467,2276.3309546157243,2279.379612144228,305810,6353.420640258789,2686.917559814453
2020-10-09,2197.066162109375,2270.233952891926,2194.017504160102,2260.0717597276825,343889,6307.127645874023,2668.320741780599
2020-10-12,1993.8221435546875,2109.6711366052655,1925.7354546565407,2084.2656556731213,689594,6261.338426513672,2646.421211751302
2020-10-13,1991.7900390625,2021.2604018853635,1940.9790686782526,1956.222359793527,464068,6215.336385498047,2629.3148518880207
2020-10-14,2041.5843505859375,2079.1844605768183,1955.2057195258058,1975.5301033046603,562226,6168.493984985352,2611.5140767415364
2020-10-15,2085.281982421875,2158.449771278783,2070.038693076686,2143.2064819335938,547510,6122.199398803711,2595.034385172526
2020-10-16,2117.800537109375,2124.9140705833506,2015.1624112705808,2046.6652023696167,392511,6078.828733520508,2575.031797281901
2020-10-19,2220.43896484375,2243.8120065789476,2052.762795873856,2075.119618403175,581219,6034.527261352539,2555.1308451334635
2020-10-20,2204.179931640625,2240.7638309209674,2129.995913655486,2200.115053942809,594054,5991.208493041992,2538.0922342936196
2020-10-21,2211.293701171875,2222.472116021549,2138.1258948830996,2199.0990667904125,506086,5947.8999615478515,2519.1397603352866
2020-10-22,2210.277099609375,2290.5584287446122,2169.6283253636852,2190.9689318426726,584590,5905.802323608398,2502.118092854818
2020-10-23,2195.033447265625,2267.1850096525973,2194.017228077076,2195.033447265625,389883,5864.971143188476,2485.68921101888
2020-10-26,2294.622802734375,2383.033867321572,2185.8873554834545,2251.941599140556,676716,5824.207245483399,2473.7147562662763
2020-10-27,2241.77978515625,2303.769162714968,2222.471618375666,2272.266364283488,474227,5785.003121948243,2462.8073384602862
2020-10-28,2504.980712890625,2511.0780290274784,2337.3045191271553,2352.547809469289,802102,5746.50700012207,2456.9640848795575
2020-10-29,2373.88818359375,2480.5912055446674,2287.5095467763404,2465.3479166945367,614706,5707.380747680664,2449.1900044759113
2020-10-30,2543.596923828125,2612.699836660851,2402.3424402435826,2424.699264983582,1016035,5670.547037963867,2446.1921651204425
2020-11-02,2535.466552734375,2619.8127346489855,2433.8446468131574,2484.6555997737664,684757,5634.432661743164,2441.5344868977863
2020-11-03,2406.407470703125,2510.061846552668,2342.3856503254656,2481.6077041625977,696548,5597.571657104492,2434.0483459472657
2020-11-04,2081.216796875,2214.341504096985,2033.4544973373413,2169.6278619766235,960473,5559.464699096679,2418.432432047526
2020-11-05,1920.6546630859375,1971.465633008846,1897.2816169213997,1939.9628316566427,706246,5521.010931396484,2404.035998535156
2020-11-06,1913.541015625,2008.049414166224,1900.3301642160116,1935.897841086365,722407,5481.280267333985,2389.7750651041665
2020-11-09,2030.406005859375,2039.5519788587414,1827.162161429007,1858.664957315714,925018,5439.0939428710935,2377.2078206380206
2020-11-10,2138.125,2200.1143654942966,2071.054538973384,2101.5411121673,1034930,5399.852863769531,2368.12958984375
2020-11-11,1995.854736328125,2092.395571333813,1985.6925431696316,2084.2658168070184,532778,5360.103104248047,2357.9504638671874
2020-11-12,2022.276611328125,2048.698315797739,1948.092594932671,1976.5467382076397,564468,5321.042788085938,2347.3479207356772
2020-11-13,1970.4493408203125,2035.4873799190746,1958.2547084892944,1988.7412893168394,419057,5279.316685180664,2337.7446553548175
2020-11-16,1925.735595703125,1989.7574123412764,1917.6058412093917,1975.5303419772429,341597,5239.69766784668,2328.2768819173175
2020-11-17,1940.9786376953125,1956.221925425904,1913.5407197802479,1919.6380348724845,317346,5203.524167480468,2319.859200032552
2020-11-18,1986.708740234375,1986.708740234375,1920.654485443974,1954.1897224914082,351990,5168.111314697266,2313.1521565755206
2020-11-19,1937.93017578125,2012.1141835589276,1931.8328600734958,1997.8871135741676,332208,5133.569227294922,2308.189619954427
2020-11-20,1978.5787353515625,1979.594954527398,1925.7353382081205,1940.978625845652,279570,5098.673063354492,2303.5319478352862
2020-11-23,1977.562255859375,2026.3407698785168,1930.816179924364,1957.2378750180658,311571,5065.393140258789,2299.484002685547
2020-11-24,1895.2486572265625,1994.8381309038834,1885.0864660349994,1955.2055852567862,362866,5031.701649169921,2294.9110107421875
2020-11-25,1858.664794921875,1893.2162454562347,1847.4863844548763,1875.9405201890547,277269,4999.068562011718,2291.6082967122397
2020-11-27,1808.8699951171875,1829.1943770847963,1786.5131749528177,1823.0970624945137,187304,4966.009166870117,2288.4580118815106
2020-11-30,1798.7080078125,1886.1028601694916,1790.578254104873,1802.7728846663135,430302,4933.228302612305,2280.0233927408854
2020-12-01,1726.556396484375,1776.3511365831005,1697.0860400994152,1757.0429720550233,413717,4900.188008422851,2268.8619181315103
2020-12-02,1719.44287109375,1780.4160225509752,1714.3617751389813,1747.897008440455,316513,4868.277466430664,2251.907999674479
2020-12-03,1712.3294677734375,1725.540318266645,1685.9077667870224,1716.3943448482705,277110,4835.166037597656,2238.7818298339844
2020-12-04,1690.9886474609375,1724.5238790512085,1689.9724283218384,1713.3454685211182,246060,4799.566571655273,2222.9118693033856
2020-12-07,1662.53466796875,1692.005025775042,1657.4535717952515,1688.9563680709427,249346,4758.707545776368,2205.6361409505207
2020-12-08,1646.2752685546875,1701.1511108398438,1641.1941720468026,1670.6645317925347,272060,4713.815240478516,2190.3928568522138
2020-12-09,1757.0430908203125,1776.3512566535026,1645.2589728386847,1649.3238498561984,645486,4670.23676940918,2178.8587646484375
2020-12-10,1737.7347412109375,1815.9836155227752,1717.410358272798,1796.6754517315426,506970,4618.733797607422,2165.0043111165364
2020-12-11,1747.89697265625,1807.85390369504,1746.880753486101,1766.1889177189316,433547,4568.1936389160155,2149.3884094238283
2020-12-14,1709.28076171875,1728.5889272791876,1675.7455267979897,1727.5727080391646,338122,4525.896351318359,2131.333575439453
2020-12-15,1656.4376220703125,1710.2972502725988,1656.4376220703125,1671.6809130709596,305902,4478.242880249023,2113.024698893229
2020-12-16,1628.99951171875,1666.5996252144419,1615.7886610310748,1649.323897392097,318155,4437.418839721679,2096.7821248372397
2020-12-17,1595.4642333984375,1621.885934078921,1592.4155756276125,1602.5777681970292,243999,4392.095150146484,2075.9496317545572
2020-12-18,1610.70751953125,1648.3076319745662,1582.2533803849567,1586.3182574058558,379437,4344.187696533203,2056.0994771321616
2020-12-21,1620.8695068359375,1702.16703695937,1610.7073155705084,1657.4533953914822,552857,4284.753782348633,2039.704471842448
2020-12-22,1606.6427001953125,1652.3725683223138,1591.3994108196455,1605.6264809036013,369183,4235.787352294922,2025.7314514160157
2020-12-23,1630.015625,1633.064282652743,1600.5452676901496,1606.6425829956358,260759,4179.895145263672,2011.622939046224
2020-12-24,1608.675048828125,1627.983214291002,1601.561514183907,1625.9507758212255,157865,4106.1883544921875,1998.0394714355468
2020-12-28,1559.8966064453125,1596.4805007984273,1552.783071432207,1567.010141458418,310148,4055.417515258789,1985.539969889323
2020-12-29,1555.83154296875,1571.0748304570134,1530.4260638216442,1540.5882554804866,391314,3985.449138793945,1969.78857421875
2020-12-30,1555.83154296875,1565.9937346275922,1533.474721319297,1538.555817148718,225566,3929.6926763916017,1956.6624064127604
2020-12-31,1542.6207275390625,1574.123522370229,1538.5558507866538,1556.8477961724925,286943,3869.158192138672,1941.2158711751301
2021-01-04,1609.6912841796875,1671.6806581285264,1522.2964291042751,1524.328867594401,716122,3809.8203887939453,1929.0551188151042
2021-01-05,1570.05859375,1625.950647249191,1568.0261554409385,1625.950647249191,404773,3743.3937969970702,1916.8774251302084
2021-01-06,1635.096923828125,1659.486188074163,1569.0426664951058,1642.2104592332194,822835,3676.887064819336,1907.5112711588542
2021-01-07,1513.150390625,1591.3992691193753,1502.9881986127434,1591.3992691193753,480905,3626.591840209961,1899.5000752766928
2021-01-08,1457.258544921875,1515.1830477534977,1452.177448182259,1482.6640286199552,697530,3575.0390313720704,1890.5912170410156
2021-01-11,1520.26416015625,1529.410134381789,1481.6478245373078,1498.9235536299925,539513,3533.1758795166015,1881.9025472005208
2021-01-12,1526.3614501953125,1567.0102238356671,1502.9884053521087,1519.2479148082505,446461,3486.566978759766,1872.5872049967447
2021-01-13,1497.9072265625,1532.458682263399,1484.696375853333,1524.3289279808346,335724,3445.6844738769532,1862.2556498209635
2021-01-14,1520.26416015625,1527.3776956650024,1475.5505083869486,1489.7775794044535,283622,3403.8467321777343,1850.5860697428386
2021-01-15,1556.84814453125,1575.1400940100768,1509.0858320032025,1525.3453426510484,492682,3355.8659338378907,1839.797206624349
2021-01-19,1487.7447509765625,1537.5394864942207,1480.6312173311828,1520.2637619268698,358135,3310.8423333740234,1827.738057454427
2021-01-20,1385.10693359375,1442.015215531571,1371.896082429613,1435.9178996096616,524582,3263.2477069091797,1813.9852213541667
2021-01-21,1349.5391845703125,1385.1068588624519,1341.409430446395,1368.8473506146167,372114,3226.9331127929686,1799.8936503092448
2021-01-22,1361.733642578125,1371.8958339406483,1349.539012943097,1364.782299986882,296681,3190.806517333984,1784.345497639974
2021-01-25,1324.1334228515625,1413.5606992989435,1301.7766037397173,1319.0523275988703,811772,3157.210299682617,1769.0513916015625
2021-01-26,1322.1011962890625,1340.3931421254983,1308.8903465183032,1320.0687578627917,361330,3123.807165527344,1749.3367329915366
2021-01-27,1429.8206787109375,1458.2748215708566,1350.5555664583055,1350.5555664583055,863249,3092.2891326904296,1733.602274576823
2021-01-28,1407.463623046875,1425.7555690503723,1339.3769351449682,1417.62581527104,657142,3065.7150006103516,1714.6667195638022
2021-01-29,1494.858642578125,1521.2803453021436,1415.5935344060695,1429.820605103618,889578,3038.460001831055,1697.3232543945312
2021-02-01,1383.074462890625,1475.5504188958027,1370.8798313295026,1446.0800592897572,672315,3012.5260894775392,1680.267704264323
2021-02-02,1318.036376953125,1347.50673542008,1301.7768688334256,1345.4742969051176,464027,2987.0799603271485,1667.5480305989583
2021-02-03,1331.247314453125,1333.2797531011452,1287.5498835206943,1291.6147608167344,425677,2960.658257446289,1657.7245747884115
2021-02-04,1284.5009765625,1332.2632755327827,1284.5009765625,1313.9713312462914,376750,2930.3698370361326,1647.2405741373698
2021-02-05,1271.290283203125,1294.6633259798411,1260.1118714403476,1274.3389409566096,374802,2903.3180731201173,1634.5886454264323
2021-02-08,1245.8846435546875,1272.3063407263203,1244.8684244327017,1251.9819582866028,353012,2875.8852355957033,1619.7179728190104
2021-02-09,1246.9010009765625,1258.0794125582595,1233.690150925466,1258.0794125582595,375858,2850.108834838867,1607.235410563151
2021-02-10,1255.0308837890625,1292.6309993357795,1225.5605229551493,1230.6416196506516,756834,2825.0082202148437,1594.4479817708334
2021-02-11,1234.7064208984375,1264.1767799157665,1230.6415437925991,1237.7550787278165,556934,2798.1546282958984,1582.1855997721354
2021-02-12,1215.3980712890625,1257.0630553382696,1212.3494139196084,1243.8522067373015,385786,2774.608828125,1570.346641031901
2021-02-16,1223.5279541015625,1237.7550233353015,1195.0738156340842,1205.236007943898,447960,2751.306917114258,1558.3891296386719
2021-02-17,1241.8199462890625,1283.484936303671,1238.7712884831155,1258.0794545874464,639890,2725.4543005371092,1545.97431640625
2021-02-18,1258.079345703125,1303.8092088344986,1249.9495922575475,1283.4848252205547,700362,2700.8262255859377,1534.6434692382813
2021-02-19,1274.3388671875,1286.5334974955144,1240.8036338404606,1241.8198530327952,526438,2677.3210717773436,1522.9061381022136
2021-02-22,1373.928466796875,1375.9609053572256,1310.9228714260125,1326.1661606286405,824762,2654.872791748047,1512.8455749511718
2021-02-23,1385.10693359375,1520.2641031960748,1363.766327867067,1444.0476541722073,1549617,2633.6236486816406,1504.343212890625
2021-02-24,1350.5552978515625,1457.2583123545076,1346.4904211085932,1422.7068600392681,926164,2613.3449871826174,1495.8747212727865
2021-02-25,1493.8424072265625,1513.150574394797,1352.5879211010576,1386.123158814307,1519481,2594.4687158203124,1490.6242614746093
2021-02-26,1471.4853515625,1520.2638715037983,1402.3824483123274,1449.1285299227382,1732058,2573.905515136719,1485.1705505371094
2021-03-01,1340.39306640625,1420.674379708823,1335.3119706276061,1400.3499965942476,765638,2551.6452319335935,1478.7344950358072
2021-03-02,1404.4150390625,1408.4799161654305,1331.2472512097504,1333.2796897612156,614727,2530.670466308594,1473.4840311686198
2021-03-03,1526.3614501953125,1528.3938888773303,1407.4637872972755,1420.6746387303908,1314785,2510.8643536376953,1470.3845642089843
2021-03-04,1601.5614013671875,1662.5345511654307,1484.6961975872214,1533.474717425816,2590718,2492.958571777344,1468.894110107422
2021-03-05,1528.3939208984375,1705.2160899385494,1514.1668498262447,1558.8805017674224,2426704,2474.458297729492,1466.6584309895834
2021-03-08,1658.4696044921875,1664.5669192145854,1508.069174673043,1537.5395291646323,1477632,2458.208953857422,1466.861669921875
2021-03-09,1462.339599609375,1542.620925786679,1429.8205814109733,1534.4911712370786,1269245,2440.2167919921876,1461.9499450683593
2021-03-10,1473.5179443359375,1484.6963563274514,1395.2690603953395,1400.3501567551186,1063167,2422.509174194336,1457.5463317871095
2021-03-11,1370.8798828125,1417.6259722190048,1346.4906187743236,1404.4151208649926,895859,2404.1613348388673,1451.262713623047
2021-03-12,1404.4150390625,1458.2746606763296,1403.3988197867673,1425.7556438528852,785867,2386.3368524169923,1446.1816182454427
2021-03-15,1359.701416015625,1423.7232315679303,1357.6689774266629,1401.3664070893474,499196,2368.1617681884763,1441.236014811198
2021-03-16,1337.344482421875,1356.6526474416437,1291.6146179013701,1330.2309479409075,743275,2350.891119995117,1436.37509765625
2021-03-17,1321.0850830078125,1399.33396869366,1296.695819936899,1376.9771442119893,957026,2333.8694482421874,1431.8021118164063
2021-03-18,1442.01513671875,1448.1124523074127,1369.8635689195737,1383.0744193616763,810626,2317.8843212890624,1428.9905721028647
2021-03-19,1423.7230224609375,1475.5501988674384,1404.4148587016527,1445.0636245106732,956178,2302.2142205810546,1425.7047973632812
2021-03-22,1346.4903564453125,1393.236436744546,1318.0362206109965,1393.236436744546,662738,2285.624443359375,1421.3689249674478
2021-03-23,1364.7825927734375,1374.9447863160544,1314.9878444146152,1333.2797927913255,811640,2270.498021850586,1416.9483744303386
2021-03-24,1432.869140625,1435.9177983710106,1345.4742852393617,1345.4742852393617,753206,2256.245541381836,1414.0182759602865
2021-03-25,1439.982666015625,1495.8747243295695,1418.6420619321188,1460.3070508570593,1114960,2242.5113385009768,1412.0197102864583
2021-03-26,1374.9443359375,1464.371609819614,1371.8956788733371,1444.0472293918608,868062,2229.239514770508,1409.0049235026042
2021-03-29,1376.97705078125,1422.7069159363468,1362.7499816218865,1383.0743661352628,751013,2212.9546002197267,1406.024015299479
2021-03-30,1397.3017578125,1434.901877840909,1390.188221590909,1403.3990745738636,520023,2197.3048272705078,1403.602032470703
2021-03-31,1333.2796630859375,1377.9933103235755,1311.9390587225193,1373.928433301972,645236,2182.173322753906,1398.9951721191405
2021-04-01,1264.1763916015625,1287.549427780691,1263.1601726372526,1284.5007708877613,583808,2167.7887408447264,1393.8971354166667
2021-04-05,1189.992919921875,1237.7552318230946,1179.830725900339,1234.7065736166337,554821,2153.261889038086,1386.4787353515626
2021-04-06,1193.0416259765625,1200.1551620769337,1169.668578789628,1193.0416259765625,447970,2138.928123779297,1381.1435892740885
2021-04-07,1182.8790283203125,1207.2682866361952,1173.7330564518566,1196.089876574749,440629,2124.5181329345705,1376.5705973307292
2021-04-08,1145.279052734375,1160.5223409251607,1144.262833521656,1151.3763680106892,420758,2110.6314959716797,1370.3208455403646
2021-04-09,1124.954833984375,1167.6360471978744,1122.9223952599227,1160.5225116622912,589418,2097.1513470458985,1363.6307352701822
2021-04-12,1130.035888671875,1149.3440558344341,1124.954792050149,1135.1169852936011,387774,2082.5787603759763,1357.4995463053385
2021-04-13,1089.38720703125,1115.808911679396,1085.3223293930737,1112.7602534507637,466623,2068.3618560791015,1350.3182637532552
2021-04-14,1129.01953125,1137.14928485036,1086.3383248481098,1087.3545440481548,541399,2052.9203985595705,1343.1877868652343
2021-04-15,1076.1763916015625,1100.5656582667536,1073.1277332684135,1098.5332193779877,605792,2037.849864501953,1336.3283142089845
2021-04-16,1073.1275634765625,1091.4195105812767,1071.095124909372,1074.1437827601578,399960,2024.0089556884766,1331.1286580403646
2021-04-19,1103.614013671875,1121.9059586498618,1077.1923153703383,1089.3869453556629,639063,2011.006430053711,1327.0299051920572
2021-04-20,1126.987060546875,1147.3114439652136,1096.5004854193671,1108.6951154703702,575549,1998.5018487548828,1323.1174621582031
2021-04-21,1097.5167236328125,1151.3763406259043,1095.4842852557147,1140.1979295518663,510230,1987.1710046386718,1319.340517171224
2021-04-22,1137.1494140625,1149.344045848693,1091.419544864276,1101.581738019437,864813,1975.7080529785155,1316.257987467448
2021-04-23,1094.4681396484375,1131.0520328957389,1080.2410700522646,1130.0358136388695,486552,1964.7176409912108,1310.6687784830729
2021-04-26,1072.111328125,1099.549248370853,1070.0788895882702,1091.4194942239337,496975,1954.0219342041016,1305.0795735677084
2021-04-27,1086.33837890625,1096.5005714123888,1068.0464323951999,1069.0626516458137,485086,1943.7530401611327,1298.2709025065103
2021-04-28,1098.5330810546875,1104.6303969532335,1080.2411333590499,1089.3871072068687,365026,1932.5797106933594,1293.528546142578
2021-04-29,1085.3221435546875,1118.8573783274448,1060.9328819017733,1064.9977588439256,534448,1921.696002807617,1289.6499755859375
2021-04-30,1106.6627197265625,1116.8249118268984,1085.3221163158576,1110.7275965666968,431578,1911.0206213378906,1285.9068990071614
2021-05-03,1123.9384765625,1130.0357919868898,1087.3545840161619,1095.484337915348,363408,1900.0759375,1283.2308573404948
2021-05-04,1184.911376953125,1225.5601377405392,1147.3112732247669,1151.376149303508,1035810,1889.4615246582032,1281.7912089029949
2021-05-05,1197.106201171875,1206.2521738463631,1153.4087761715434,1162.5547488460315,496106,1880.3561975097657,1280.9782348632812
2021-05-06,1170.6846923828125,1225.5605373382568,1168.652253680759,1201.171272913615,646254,1870.6614666748046,1279.7079630533854
2021-05-07,1141.21435546875,1153.4089879403662,1115.8088711528828,1139.1819167234805,606258,1860.9972210693359,1277.8110209147135
2021-05-10,1227.5927734375,1229.6252118041184,1154.4249922392382,1155.4412114225474,542145,1850.545405883789,1277.6924601236979
2021-05-11,1231.65771484375,1304.8254998839727,1223.5279609503918,1296.6957459906148,1037047,1839.6312139892577,1277.9634541829428
2021-05-12,1327.182373046875,1338.3607850710064,1263.1605587268496,1290.5984791497176,1294955,1830.1346429443358,1279.6910278320313
2021-05-13,1297.7119140625,1328.198489960601,1259.0955845915719,1290.5983796862763,939587,1819.8809918212892,1280.6225606282553
2021-05-14,1212.3494873046875,1264.1766657225744,1200.1548570887142,1257.0631314299233,699000,1809.784853515625,1279.8603963216146
2021-05-17,1233.690185546875,1266.2092019698568,1223.5279929146932,1231.6577470204386,551846,1800.04947265625,1279.1829182942708
2021-05-18,1258.079345703125,1262.1442224259138,1208.2846058489624,1221.495455198026,466590,1791.2744189453124,1277.252099609375
2021-05-19,1254.0145263671875,1328.1985299529288,1249.9496494583798,1323.1174338169192,890112,1783.0633673095704,1275.067226155599
2021-05-20,1180.8465576171875,1238.7710445226778,1170.6843669320137,1236.738606385643,665770,1774.6897204589843,1272.2387471516927
2021-05-21,1200.1549072265625,1205.2360033621533,1158.4899189147175,1163.5710150503082,484174,1766.4888299560546,1267.343955485026
2021-05-24,1139.1817626953125,1178.814312869369,1126.9871318725259,1174.74943592844,458792,1758.56740234375,1261.8055623372395
2021-05-25,1134.1005859375,1148.32765421987,1115.8086410030241,1122.9221751442094,440627,1750.1632690429688,1258.3673543294271
2021-05-26,1122.92236328125,1136.1332146139705,1117.841266614819,1129.0196792809672,351830,1741.500001220703,1253.6758097330728
2021-05-27,1136.133056640625,1138.1654950245975,1118.8573303768587,1126.9870839127489,354521,1732.0898083496095,1247.1720031738282
2021-05-28,1124.954833984375,1128.0034920710534,1108.695324188756,1122.9223952599227,359710,1723.7923791503906,1239.2285603841146
2021-06-01,1136.133056640625,1150.3601253284326,1105.6464808810376,1111.743796032955,473457,1715.6270593261718,1232.690879313151
2021-06-02,1130.035888671875,1147.3116171857437,1120.8899147527682,1132.0683273205655,399905,1707.3550354003905,1223.883650716146
2021-06-03,1165.6033935546875,1182.8791195271633,1146.2952292325087,1159.5060785055784,508244,1699.7689581298828,1218.938047281901
2021-06-04,1104.63037109375,1146.2953620917665,1100.5654939232118,1145.279142799132,629577,1692.2590985107422,1212.789921061198
2021-06-07,1095.484375,1117.8411989795918,1094.4681557282004,1111.743883348794,412586,1684.4443743896484,1208.1999959309896
2021-06-08,1094.4681396484375,1110.7276477583491,1068.046438969831,1077.192412281656,523978,1677.1834887695313,1203.0342142740885
2021-06-09,1092.435791015625,1094.4682296965843,1072.111404206032,1079.2249395893896,334262,1670.1766577148437,1198.5797871907553
2021-06-10,1057.8843994140625,1094.4682979528773,1056.8681800102065,1089.3872009335976,777025,1663.235881958008,1193.922119140625
2021-06-11,1049.7545166015625,1064.9978058068127,1049.7545166015625,1057.8842708443626,315215,1656.5389978027345,1189.3999430338542
2021-06-14,1020.2840576171875,1057.884167310251,1020.2840576171875,1046.7057563204214,373570,1650.462006225586,1182.3710917154947
2021-06-15,1039.5921630859375,1046.7056969486957,1020.2839997441655,1022.3164379906677,452394,1644.3697717285156,1175.9689107259114
2021-06-16,1051.7869873046875,1084.3060052696633,1025.3652852081445,1035.5274783221996,812466,1638.5265118408204,1171.057187906901
2021-06-17,1011.1383056640625,1061.949275797935,1001.9923310399654,1060.9330563952576,822594,1632.7340625,1165.1631164550781
2021-06-18,1034.51123046875,1041.624765452327,1015.2030640847557,1025.365256918437,652547,1627.62248046875,1158.523817952474
2021-06-21,1016.2192993164062,1053.8194133911134,1012.1544221191406,1033.495027404785,488807,1622.7141415405274,1151.4610951741536
2021-06-22,987.76513671875,1020.2841535654578,982.684040336452,1017.235495736079,591276,1616.129041442871,1145.008108520508
2021-06-23,985.7327880859375,992.8463236700628,975.5705943943299,986.7490074550983,417638,1609.0764810180665,1138.4873708089192
2021-06-24,967.4408569335938,973.5381732588055,954.230004895635,968.4570763211291,562975,1600.2302954101563,1131.3230224609374
2021-06-25,969.4729614257812,976.5864946857189,960.3269900915758,962.3594281658436,473511,1592.5781619262696,1125.2595774332683
2021-06-28,934.9218139648438,960.3272980399753,933.9055946018384,960.3272980399753,479222,1584.0368395996093,1119.7720011393228
2021-06-29,924.759521484375,944.0676873175652,924.759521484375,936.9541525369161,413761,1575.165245361328,1115.351444498698
2021-06-30,928.8244018554688,933.9054981457065,923.7433055652309,926.7919633393735,361911,1567.0050057983399,1110.9478240966796
2021-07-01,928.8244018554688,943.0514714681345,924.7595248232784,932.889278887659,374674,1559.4036846923827,1106.7135803222657
2021-07-02,896.305419921875,915.6135865641829,894.2729813279478,913.5811479702558,452681,1551.0402020263673,1102.5640197753905
2021-07-06,886.1431274414062,912.5648261953932,882.0782507100237,891.2242233556344,752240,1542.0466622924805,1098.5838246663411
2021-07-07,879.0296020507812,894.2728899476157,865.8187525401916,867.8511909264361,795751,1532.478956298828,1094.4003865559896
2021-07-08,895.2892456054688,926.7920453940835,888.17571016933,916.6298519138852,882074,1523.1805514526368,1091.1654205322266
2021-07-09,878.0132446289062,904.4349394904242,874.9645875295002,900.3700633578829,516157,1514.5528479003906,1086.981982421875
2021-07-12,868.8673706054688,880.0457812214456,864.8024940178409,866.8349323116548,418965,1504.6701156616211,1083.5268320719401
2021-07-13,868.8673706054688,873.9484663400037,845.4943302266082,870.8998088992828,832274,1495.0058685302733,1080.1224955240884
2021-07-14,863.7861938476562,869.8835081571691,845.4942509191177,850.575346177045,776626,1486.301950378418,1076.125365193685
2021-07-15,881.0621948242188,896.3054853921118,862.770246142747,863.7864655139399,900884,1478.4821417236328,1072.0266174316407
2021-07-16,902.4027099609375,905.4513677648596,867.8512548498205,873.9485704576647,660944,1470.6115234375,1068.774717203776
2021-07-19,924.759521484375,945.0839065719437,920.6946444668612,929.8406177562671,1068910,1463.116905517578,1065.2348856608073
2021-07-20,893.2566528320312,931.8729813958734,881.0620227592391,916.6296938048831,739705,1456.0338552856444,1061.8813608805337
2021-07-21,871.9160766601562,897.3215567493216,871.9160766601562,896.305337545755,455142,1447.8888592529297,1058.5447733561198
2021-07-22,853.6240234375,870.8997477213542,853.6240234375,870.8997477213542,494978,1440.4399713134765,1054.666200764974
2021-07-23,825.1699829101562,853.6241202518859,822.1213253378281,844.4781475349014,686675,1432.2187570190429,1050.1101491292318
2021-07-26,823.1376342773438,835.3322658962674,820.0889763726128,829.2349500868055,470524,1424.6377630615234,1045.7404073079426
2021-07-27,849.5592651367188,879.0296224201695,824.1537847199509,824.1537847199509,1006849,1417.3819583129882,1041.4553497314453
2021-07-28,839.3970336914062,857.6889787355288,828.2186228311091,842.44569119876,836006,1410.5936126708984,1036.7129923502605
2021-07-29,834.31591796875,843.4618902729142,827.2023839544001,843.4618902729142,515245,1404.7960815429688,1030.869734700521
2021-07-30,847.52685546875,863.7863634873352,844.4781977152653,862.7701442361736,640469,1399.074765625,1025.0434122721354
2021-08-02,847.52685546875,852.6079517245578,832.2835667013264,836.3484437059727,576138,1393.104478149414,1019.6574483235677
2021-08-03,832.2835693359375,866.8350239848043,832.2835693359375,843.4619811341003,657346,1386.8394860839844,1014.5086018880208
2021-08-04,828.2188110351562,840.4134438356739,822.1214946348974,833.2999080353719,558566,1380.3915774536133,1007.8523691813151
2021-08-05,812.9754028320312,828.2186916351319,811.9591835784912,824.1538146209717,434928,1373.3542596435548,1000.8743306477865
2021-08-06,823.1376342773438,831.2673886899595,815.007879864728,821.1051956741898,538201,1366.4490481567382,992.4735850016276
2021-08-09,820.0889892578125,828.2187437981626,816.0241119876374,820.0889892578125,532328,1359.493024597168,984.5132029215495
2021-08-10,832.2835693359375,840.4133233709649,813.9916227571257,816.0240612658826,625858,1352.6030569458007,978.1787709554036
2021-08-11,835.3321533203125,845.494344966545,819.0726466863405,823.1375233448334,626026,1345.8045504760742,971.5394704182943
2021-08-12,826.1862182617188,849.5592601067613,824.1537798404107,839.397068000221,457466,1338.462367553711,964.3412516276042
2021-08-13,818.0564575195312,828.2186495384075,816.024019115756,825.1699919327446,367321,1331.3437509155274,957.0752838134765
2021-08-16,817.0402221679688,852.6078935310022,817.0402221679688,826.1861948041773,734373,1322.904048461914,951.0118448893229
2021-08-17,839.3970336914062,855.656540397293,829.234842000227,835.3321570149345,1162784,1315.2315927124023,944.999213663737
2021-08-18,863.7861938476562,865.8186319508272,832.2834032485065,843.4618128159467,930999,1306.8325390625,940.4092875162761
2021-08-19,849.5592651367188,879.0296224201695,838.380853753341,878.0134032034988,1053963,1298.4030026245118,935.6669321695964
2021-08-20,823.1376342773438,845.494458912037,821.1051956741898,843.4620203088831,721627,1290.4866534423827,930.6705200195313
2021-08-23,786.5536499023438,817.040225479954,782.4887731586624,816.0240062940337,732145,1284.0133377075194,924.8441965738932
2021-08-24,779.4402465820312,786.5537820788685,775.3753691552671,782.4889046521043,483904,1278.307265625,919.0856201171875
2021-08-25,778.424072265625,783.5051693430769,773.3429751881732,778.424072265625,496667,1272.6316809082032,913.1238037109375
2021-08-26,791.634765625,794.6834232589858,777.4076966663993,782.4887927230424,771065,1266.4378247070313,907.4837849934896
2021-08-27,769.2779541015625,790.6185578481052,765.2130771974591,787.5699001700276,592823,1259.5935894775391,900.8783610026042
2021-08-30,741.8400268554688,764.1968495826198,739.8075884257278,764.1968495826198,645950,1253.3235159301757,894.8318552652995
2021-08-31,743.8723754882812,754.0345664102523,740.8237182116899,741.839937303887,624342,1246.9314947509765,888.9716552734375
2021-09-01,740.8238525390625,741.8400718155222,728.6292212215471,737.7751947096837,627782,1240.7833673095704,883.0775838216146
2021-09-02,742.8562622070312,748.9535776287032,730.6616313636874,733.7102890745234,685212,1234.8689706420898,877.2512583414714
2021-09-03,734.7265014648438,748.9535706495019,732.6940630098926,747.9373514220263,570295,1228.8377099609374,871.865293375651
2021-09-07,730.6615600585938,741.8399705740939,727.6129026452757,733.710217471912,523952,1222.5574740600587,866.5470774332682
2021-09-08,739.8076171875,753.0184674944196,732.694082406851,733.7103016612293,700440,1216.5668612670897,861.8724700927735
2021-09-09,746.9212036132812,748.9536422625691,731.6779137436224,738.79144901613,727511,1210.4085736083985,856.9946207682292
2021-09-10,765.2131958007812,766.2294151843148,731.6779561441733,736.7590530618412,778042,1204.3468283081054,852.2183909098308
2021-09-13,766.229248046875,778.4238779892656,746.9210839714233,749.9697414570209,1081866,1198.701731262207,848.1365732828776
2021-09-14,772.32666015625,778.4239758943256,750.9860550729852,756.0671515213816,896416,1193.2700405883788,843.7668304443359
2021-09-15,754.0347290039062,783.5050890323607,752.0022903812542,769.2780186737965,713430,1187.9958642578124,839.3970876057942
2021-09-16,754.0347290039062,775.3753345417526,749.9698517586021,762.1644834945143,664802,1182.7724978637696,835.5015808105469
2021-09-17,780.456298828125,786.5536136627197,756.0670394897461,756.0670394897461,929447,1178.0419973754883,832.0803059895833
2021-09-20,828.2188110351562,858.7053930364503,805.8619842342073,816.0241782346386,1277145,1173.5858770751954,829.7599385579427
2021-09-21,826.1862182617188,833.2997527362969,806.8780532592924,815.0078069445245,932269,1169.1551608276368,827.371826171875
2021-09-22,801.7969970703125,826.1862593386111,791.6348044585216,818.0565052491783,892691,1164.7092025756835,825.1530792236329
2021-09-23,779.4402465820312,798.7484143591611,772.3267110851939,793.6673175757059,683782,1160.29373046875,822.7310913085937
2021-09-24,776.3914794921875,796.7158637720877,774.3590410641974,794.6834253440976,580513,1155.9443115234376,820.190542602539
2021-09-27,795.6996459960938,811.9591534493984,790.6185499169361,797.7320844277568,651476,1151.1375942993163,817.9717966715494
2021-09-28,862.770263671875,866.8351412392337,822.1214879982884,827.2025849574868,1282712,1146.762771911621,817.4128774007162
2021-09-29,867.851318359375,872.9324150710809,838.3809574314805,853.6242475665983,988428,1142.3625436401367,817.1080139160156
2021-09-30,876.9972534179688,880.0459113093406,843.4620166128784,856.6728674754897,1102799,1138.2011260986328,817.074141438802
2021-10-01,860.7376098632812,903.4188136581547,852.6078567594958,872.9322395189594,912870,1134.2226260375976,816.498280843099
2021-10-04,914.5974731445312,931.8732031928168,869.8838189019098,872.9324771457249,1093242,1130.6506158447266,817.1080179850261
2021-10-05,876.9972534179688,908.5000516288112,859.7215253668617,906.4676130345633,937071,1127.0582809448242,817.2435160319011
2021-10-06,860.7376098632812,909.5161284859937,858.7051715873348,902.4025945201814,1166859,1123.3084313964844,817.1080200195313
2021-10-07,836.3485717773438,842.4458882180048,818.0566224553605,837.3647911841206,832074,1119.3858267211915,816.6507263183594
2021-10-08,850.5756225585938,853.624280703965,827.2025767774137,829.2350155409946,715582,1115.6054913330079,816.1426167805989
2021-10-11,868.8673706054688,869.8835897523758,835.3321387575384,860.7376174302129,835242,1111.7997500610352,815.5836944580078
2021-10-12,876.9972534179688,883.0945692007125,854.6404288812419,858.7053060697376,847504,1108.1413610839843,814.787656656901
2021-10-13,856.6729125976562,875.9810802599997,851.591815844408,860.7377900002549,716126,1104.6252426147462,814.1779276529948
2021-10-14,808.9105224609375,835.33222294333,807.8943032116147,830.2511266967159,725419,1100.890637512207,813.1278350830078
2021-10-15,793.667236328125,808.9105251180378,793.667236328125,800.7807710967509,499992,1097.0798159790038,812.1285552978516
2021-10-18,769.2779541015625,806.8780654645186,769.2779541015625,802.8131885604153,595456,1093.2131021118164,811.197021484375
2021-10-19,754.0347290039062,768.2617993624705,752.0022903812542,763.1807028058404,562785,1088.9348193359374,810.0453063964844
2021-10-20,755.0508422851562,765.2130339713628,745.9048697675702,749.9697464420528,593636,1084.8597805786133,808.470166015625
2021-10-21,741.8400268554688,763.1806303677494,740.8238076405983,760.1319727231379,534139,1080.39349609375,806.8442159016927
2021-10-22,760.132080078125,771.3104930204504,742.8563509854404,749.9698864941929,744554,1076.6284045410157,805.6078186035156
2021-10-25,736.7589721679688,764.1968925107759,730.6616565362339,752.002261247306,661824,1073.025906677246,803.7616872151692
2021-10-26,730.6615600585938,737.7750940230029,709.3209581653664,723.5480260941847,1045786,1069.0778936767579,801.8139322916667
2021-10-27,724.5643920898438,729.6454888085664,706.2724439024423,727.6130501210773,907050,1065.0689083862305,800.0186126708984
2021-10-28,701.1912841796875,718.4670114710711,699.1588456748188,714.4021344613337,790056,1061.0853286743163,797.9014872233073
2021-10-29,690.012939453125,720.4995199886092,688.9967201019422,718.4670812862436,817806,1056.9340725708007,795.8521128336589
2021-11-01,683.91552734375,700.1750346803028,682.8993081352155,687.9804041778882,738097,1052.5694094848632,793.5317443847656
2021-11-02,673.75341796875,686.9642693014706,671.7209793021776,685.9480499681844,628822,1048.4994528198242,791.0928181966145
2021-11-03,652.4126586914062,677.8181360547788,650.3802205023364,671.7208214875694,964349,1044.8359814453124,788.0949696858723
2021-11-04,629.0396728515625,649.3640564655063,622.9423577673793,646.3153989234148,1189771,1041.2334838867187,784.6567616780599
2021-11-05,627.0072631835938,633.1045785468053,614.8126324571706,618.8775093659783,1189386,1037.559851989746,781.3371124267578
2021-11-08,629.0396728515625,632.0883303936541,620.909919405985,627.0072344901681,805918,1034.084383239746,778.1868326822917
2021-11-09,641.2344970703125,648.3480334878913,621.9263267940273,623.9587657704784,1288020,1030.6800497436523,775.2567372639974
2021-11-10,670.7047119140625,679.8506852583452,641.2343533602628,655.4614230069247,1627902,1026.884469909668,772.4451985677083
2021-11-11,663.5911865234375,666.6398443482005,652.412774499306,654.4452130491482,766002,1023.1651077270508,769.1086151123047
2021-11-12,642.25048828125,666.639747329905,640.2180500271954,657.4937751866594,923637,1018.9020669555664,765.6534688313802
2021-11-15,643.2667846679688,656.4776349060155,635.1370306753246,638.1856884225662,1015658,1015.2030285644531,762.6556213378906
2021-11-16,629.0396728515625,648.3478372848092,627.0072344901681,647.331618104112,749792,1011.7580450439453,760.0303883870442
2021-11-17,629.0396728515625,634.1207687550485,618.8774810445906,629.0396728515625,755726,1008.2470068359376,757.5237121582031
2021-11-18,608.7152709960938,630.0558731512156,606.682832695606,618.8774624985327,1138758,1004.8680783081055,754.6952321370443
2021-11-19,598.5531005859375,605.666634888317,593.4720046556664,601.6017581441001,984478,1001.5043923950195,751.4772043863933
2021-11-22,620.9099731445312,620.9099731445312,578.2287638612738,592.4558336223596,1264390,998.3795190429687,749.004404703776
2021-11-23,629.0396728515625,650.3802756462036,615.828823502499,625.9910153094709,1646844,995.2902124023437,747.124398803711
2021-11-24,621.92626953125,652.4128513710172,620.9100501365912,640.2182186351104,1152980,992.1246893310547,745.091963704427
2021-11-26,656.4776611328125,664.6074154502467,628.0235210217927,635.1370560495477,1170100,989.2335455322266,743.6861938476562
2021-11-29,614.8126220703125,638.1856639010847,608.7153068101111,633.1045678509169,1169657,986.2306182861328,741.552133178711
2021-11-30,641.2344970703125,651.3966919525678,607.6992539588698,618.8776683293507,1543781,983.3191510009766,739.9939331054687
2021-12-01,675.7859497070312,676.802169180275,608.71546447295,619.8938786786302,1656606,980.4889810180664,739.0793395996094
2021-12-02,659.5263671875,688.9967287413328,649.3641735482473,681.883193193856,1980022,977.4962161254883,737.7413187662761
2021-12-03,693.0615234375,715.4183467741935,647.3316575215359,652.4127537344208,2050901,974.5898294067383,736.843657430013
2021-12-06,676.8020629882812,714.4021775987413,669.6885277917077,692.0453526952244,1403894,971.1041973876953,735.3701385498047
2021-12-07,614.8126220703125,642.2505407412191,612.7801836502454,641.2343215311855,1571655,967.2527258300781,732.846528116862
2021-12-08,607.6990356445312,623.9585416149534,606.6828165213799,613.7963503834396,1344246,963.538444519043,730.102734375
2021-12-09,633.1046142578125,635.1370528268585,604.6504742911693,613.796447851876,1580057,959.2347555541992,728.0872324625651
2021-12-10,612.7801513671875,636.1531919665994,611.7639322106913,619.8936854626606,1551425,954.9412295532227,725.7329895019532
2021-12-13,640.2180786132812,642.2505169580853,612.7801609584263,612.7801609584263,1289205,951.4403546142578,723.3956858317057
2021-12-14,659.5263671875,681.883193193856,650.3803929121726,663.5912446432011,1465780,947.7159112548828,720.5841451009114
2021-12-15,615.828857421875,681.8831078054095,612.7801997118657,661.5587230720142,1930296,943.1632482910156,717.0781890869141
2021-12-16,660.5425415039062,669.6885151554987,607.6991381835937,609.7315767728365,1826062,938.4581539916992,714.7239481608073
2021-12-17,670.7047119140625,687.980439342152,649.3641074440696,680.866904518821,1646915,934.1697079467773,712.9116892496745
2021-12-20,691.029052734375,708.3047790527344,686.9641759535846,698.1425871007583,1523595,929.3325051879883,711.4889821370442
2021-12-21,644.282958984375,694.0776987166059,643.2667398061662,672.7370959742212,1281175,925.2422219848632,708.9653706868489
2021-12-22,621.92626953125,650.3804125816994,619.8938307419322,646.3155350030638,1045811,920.9842636108399,704.9513041178385
2021-12-23,607.6990356445312,620.9098842454994,599.5692826593202,619.8936651223479,959705,917.168359375,700.6154327392578
2021-12-27,578.2286987304688,601.6017392766915,577.2124795762852,601.6017392766915,813840,913.0374276733398,695.6359568277995
2021-12-28,584.3259887695312,589.4070843240489,572.1313594386888,574.1637976604959,1000894,909.1605505371094,691.029096476237
2021-12-29,585.3423461914062,596.5207590527004,578.228810734219,583.3099074893528,1008058,905.400539855957,685.5415110270183
2021-12-30,590.4232788085938,593.4719360141459,576.1962118493506,586.3584025345242,609786,901.747230834961,680.765278116862
2021-12-31,603.6341552734375,603.6341552734375,587.3746494074863,593.471964107218,746444,897.5553259277344,676.4802205403646
2022-01-03,583.3098754882812,605.6666999843478,583.3098754882812,596.520726326866,1061733,893.3532601928711,672.2629089355469
2022-01-04,606.6828002929688,620.9098676365224,581.2773228937657,581.2773228937657,1511388,889.6542224121093,668.1980285644531
2022-01-05,663.5911865234375,663.5911865234375,608.7153456777014,613.7964420523066,1884943,886.1482653808594,664.7767588297526
2022-01-06,664.6072998046875,683.9154629488603,646.3153557733658,672.7370527074971,1697661,882.3069561767578,661.2369262695313
2022-01-07,684.9318237304688,695.0940169608912,654.4452440392016,664.607437269624,1818413,878.531701965332,658.3745747884115
2022-01-10,681.8831787109375,742.8563392514087,680.8669593685963,712.3697589811732,2175641,875.0663961791993,656.2574523925781
2022-01-11,653.4290161132812,700.1751043577773,652.4127968036182,688.9966919514848,1981070,871.4486560058593,653.9201487223307
2022-01-12,644.282958984375,657.4938083010893,631.0721096676607,640.2180822715399,1872105,867.6835620117188,651.8368988037109
2022-01-13,692.24853515625,698.7523381876651,634.9337709419041,638.592160147075,2463012,864.4784063720704,650.80712890625
2022-01-14,680.8668212890625,709.1177132768773,678.8343830165578,708.5079817951259,2530424,861.5618585205078,649.5707285563151
2022-01-18,729.6453247070312,735.5393955751382,700.9879456586492,712.5728435718249,2285648,859.2601205444336,649.3674835205078
2022-01-19,755.0508422851562,756.8800367886735,706.4755660250883,721.7188535543983,2142972,857.0701666259765,649.2827962239584
2022-01-20,784.724609375,788.179755285224,709.5243748583592,734.9298594923595,2490764,855.07939453125,650.0822235107422
2022-01-21,849.3560791015625,851.7950053875684,781.472630807731,799.358090238441,3688784,853.5997796630859,652.0604654947916
2022-01-24,838.787353515625,977.1964128187849,833.299769666601,892.2404850820436,5002264,852.1689422607421,653.9641815185547
2022-01-25,895.8988647460938,920.6946137250011,854.4371205518553,885.5334286975342,3724080,850.9982571411133,657.2093078613282
2022-01-26,897.3215942382812,930.0438539602208,804.2359113025773,835.1289763816756,4137808,850.0379290771484,660.6644521077474
2022-01-27,926.7919311523438,935.5314164680346,848.543051000227,862.7701201187937,3241740,849.0267910766602,664.712392171224
2022-01-28,839.8036499023438,953.213726534848,838.3809428478141,911.5487342236233,3215804,847.844927368164,667.4798960367839
2022-01-31,759.7255859375,841.8361094042602,755.0509769282537,829.6414772062266,2649408,846.2779174804688,669.2684448242187
2022-02-01,743.4661254882812,783.505170518678,739.1980039368176,750.3764175239843,2300808,844.4771780395508,671.1755523681641
2022-02-02,725.7838745117188,751.1893587777408,715.824924679438,717.4508756724634,3114968,842.471162109375,672.8218292236328
2022-02-03,812.1624145507812,819.8856807552181,764.1968665442786,783.7082759028559,3094864,841.0443905639648,675.8738749186198
2022-02-04,783.5049438476562,824.1537087684167,758.7091972459924,809.5201533969429,3131544,839.2761682128906,678.2450490315755
2022-02-07,799.9678344726562,809.3170520503347,761.9612325807898,777.6110098303818,2208932,837.8036666870117,680.3994344075521
2022-02-08,773.9525756835938,816.6337839014391,766.2293094346504,809.113761501152,2746608,836.3128729248047,682.2387908935547
2022-02-09,724.767578125,754.4411805945036,724.1578465674075,743.8725002628996,2558792,834.5050189208985,683.6140757242839
2022-02-10,772.936279296875,784.7244213424229,725.9869549430548,767.2454521024725,4892468,832.8770349121094,685.775233968099
2022-02-11,845.9009399414062,855.2501574419599,762.774201729961,773.5461262414685,4719456,831.679928894043,689.3895884195964
2022-02-14,843.8684692382812,870.4934137156932,818.6662317176774,851.9982232771856,4409604,830.3659576416015,692.970068359375
2022-02-15,781.4725952148438,812.7721477930196,779.6434005836517,804.8456377245205,3257272,828.6536282348633,695.8493570963542
2022-02-16,782.082275390625,817.0402149351123,774.968741180991,795.6996123062102,3210900,826.6394827270508,698.9081766764323
2022-02-17,851.3885498046875,854.4372077772514,798.9516326765879,803.8294854326901,3125896,824.9108944702149,702.7494862874349
2022-02-18,879.8425903320312,898.3377799185904,841.6327481092495,844.4781618917971,4715736,823.456683959961,706.9295349121094
2022-02-22,906.4676513671875,936.3444999660612,861.1442687988282,904.2319688189725,4512972,822.2829504394531,711.6718912760417
2022-02-23,975.7738037109375,979.4321933103537,874.3551142604568,881.4686495926549,4204740,821.0238555908203,716.9934936523438
2022-02-24,880.452392578125,1074.5502769068667,873.7453452662418,1071.0951313219573,5934020,819.2678289794922,721.4208231608073
2022-02-25,836.7549438476562,902.4027084487718,835.9419684346393,871.9161304606376,3413828,816.8156918334961,724.679497273763
2022-02-28,827.8121337890625,869.4771196537218,817.0402106142968,860.7376348138177,4508668,814.4661929321289,727.2132670084635
2022-03-01,866.8350830078125,885.7367624262713,820.698725717596,837.1614787594795,4522300,812.7386209106445,730.6684122721355
2022-03-02,824.7635498046875,877.4037073698462,814.1948695213351,856.0631029515387,3278888,810.6939877319336,732.8634460449218
2022-03-03,859.1117553710938,872.7290933436188,803.8294280796489,804.6424034809937,3580056,808.6991497802734,735.9019409179688
2022-03-04,896.5086669921875,914.5973705429253,866.6318195544519,877.606988000967,3857536,806.9116204833985,740.596875
2022-03-07,996.09814453125,997.7240953894932,887.3626808862349,896.508654463853,4043464,805.9878784179688,747.0701934814454
2022-03-08,1009.5120849609375,1041.0148780289755,918.6620946292404,1003.2115263473298,5300648,805.0346643066406,753.3436513264974
2022-03-09,901.5897216796875,955.855829815052,887.7691398324787,930.8568361796594,3536828,803.8467041015625,758.1571441650391
2022-03-10,930.2471923828125,967.4408205685356,920.4914866291803,934.3120697801593,3202840,802.8274371337891,762.9909627278646
2022-03-11,986.5455932617188,992.4396645852848,902.1994001831005,905.2480577642553,2969092,802.1455532836914,768.4412831624348
2022-03-14,1044.469970703125,1051.7867480810803,968.2535396827569,1000.3660626193387,3304364,801.6872378540039,775.5853017171224
2022-03-15,947.9292602539062,1034.7143790636012,938.9865313835863,1018.8613597025796,3607456,800.8021099853515,780.3750803629557
2022-03-16,841.0231323242188,944.2710180711262,840.4134007154771,912.564974416564,4563808,799.3265603637695,783.213720703125
2022-03-17,811.3494873046875,865.6155978032725,810.9429995855969,855.8598925450999,2937548,797.7331283569335,785.2190612792969
2022-03-18,761.9612426757812,831.2673999850481,758.7093408665488,822.93440159889,3971724,795.7149176025391,787.180366007487
2022-03-21,767.0422973632812,796.3094120480487,751.5957646129873,766.4325658073485,4147072,794.0269772338867,789.5989664713542
2022-03-22,722.1253662109375,766.229279655287,716.0280509882164,763.5871097254411,3432396,792.1601821899415,791.5060719807942
2022-03-23,752.6119995117188,753.0184872241205,717.4508123889731,739.8076365710657,4010948,790.4509014892578,794.4124603271484
2022-03-24,703.0204467773438,754.4411386058109,702.6139590949052,740.2140697204643,3301944,788.5038247680664,796.3907012939453
2022-03-25,704.239990234375,730.4584487452652,696.9232111150568,703.6302586410984,3864572,786.735602722168,798.3723286946614
2022-03-28,671.9241943359375,712.1664782072368,671.1112189041941,704.6464554636102,3197116,784.8464511108399,799.7306772867838
2022-03-29,637.5759887695312,665.2171537273433,633.511111569853,649.9738642285499,3530992,782.9329107666016,800.2963745117188
2022-03-30,656.8841552734375,666.2333728299283,638.185720160456,646.9252061371757,3498752,781.019370727539,801.522612508138
2022-03-31,684.3219604492188,687.1673740061801,655.4613372286102,657.4937754835826,3417516,779.1820455932617,802.8165985107422
2022-04-01,686.5578002929688,705.256236535406,676.3956066829485,681.0702157435578,3609204,777.5591430664062,803.199375406901
2022-04-04,644.4862670898438,683.3058435686075,644.2830232339339,681.6798927213296,2318032,775.6090182495117,802.8640248616537
2022-04-05,686.3545532226562,693.0616009740177,648.1447054270212,651.803095109582,3201616,773.959694519043,802.8877370198568
2022-04-06,731.2713012695312,747.3275638599407,711.75989356473,718.2636961329971,4899032,772.6772253417969,803.7108723958333
2022-04-07,726.3935546875,760.3352792629931,712.5729722256225,737.978454692309,4100540,771.3805291748047,804.926948038737
2022-04-08,756.0670776367188,760.944929750504,732.8972800962387,737.5718883719495,3449684,770.3236602783203,806.7900166829427
2022-04-11,809.7235107421875,812.9754123917545,779.2369327774967,785.7407360766307,3374824,769.5249130249024,808.7479329427083
2022-04-12,820.9019775390625,831.4706586066611,762.3677439339003,775.7818391350833,4413968,768.9548138427734,811.0818522135417
2022-04-13,771.513671875,824.1538302036683,763.5871615475171,818.8694899853464,3171028,768.1885845947265,811.7796579996744
2022-04-14,823.9505004882812,825.5764511552537,766.635739477503,770.4973723115625,3253840,767.6642150878906,812.9279856363933
2022-04-18,820.6986694335938,843.4619807205087,804.8456490730637,831.8770812262752,3508836,767.1235864257812,813.5275533040365
2022-04-19,767.6520385742188,834.5192667158437,762.977429919941,826.9992440980926,2987948,766.480319519043,812.1658192952474
2022-04-20,801.59375,809.1137725025355,758.5060534989858,761.1482235674442,3576816,766.0575726318359,811.5459259033203
2022-04-21,849.5592651367188,857.2825311834163,754.0346587696714,772.7330923564126,4630692,765.9102209472657,810.7735992431641
2022-04-22,917.4425659179688,920.694466904829,839.8034298566785,849.5591328172594,4940836,766.0209875488281,811.1089487711589
2022-04-25,881.671875,942.441789851314,879.2329486514523,931.6698651452282,5421316,766.0392807006835,810.3569478352864
2022-04-26,979.6353759765625,983.9034969092405,897.3216151320588,898.7443221096181,5077216,766.593120727539,812.6874766031901
2022-04-27,984.9195556640625,1001.5855489708007,928.0112858361762,980.8546792477849,5829940,767.1733816528321,816.4407094319662
2022-04-28,881.0621948242188,977.80627896178,862.770246142747,937.3607479883037,5723740,767.2597616577149,818.7339772542317
2022-04-29,996.5045166015625,1004.2277822819336,886.5496025731218,915.4102269576663,5015468,767.8369732666016,823.2459879557292
2022-05-02,947.9292602539062,1033.901403711754,947.116284902059,1003.21158417952,6428780,768.0646060180665,825.5087687174479
2022-05-03,945.6936645507812,971.3023904767211,925.1660350387183,949.1488101122176,4766172,768.1692767333984,828.2119140625
2022-05-04,849.3560791015625,990.0008282612373,844.0717388152163,941.6287902554532,6580312,767.9497738647461,829.0350514729818
2022-05-05,974.554443359375,1004.2280510195353,883.7044253861444,884.7206448265608,7009468,768.4629656982422,832.3784159342448
2022-05-06,1012.3577270507812,1052.6000137313783,958.7013448099849,997.927412129961,8025804,769.2566342163086,837.1715850830078
2022-05-09,1130.2391357421875,1146.092157246933,1045.6896877168772,1070.485439301223,6604632,770.7819799804688,843.1266326904297
2022-05-10,1090.4033203125,1138.5721156366496,1034.104770503262,1047.9253531279126,7557852,772.1183084106445,847.2016723632812
2022-05-11,1187.553955078125,1197.5129048982224,1055.038949308668,1116.2153553464082,6981532,773.8082818603516,852.9297637939453
2022-05-12,1194.2607421875,1272.5096165479813,1139.9946397089325,1242.0230421218198,7027452,775.582600402832,859.8095662434896
2022-05-13,1065.8106689453125,1160.7255397304882,1050.3641375113225,1140.4011562647117,5057648,776.7400741577148,864.5383728027343
2022-05-16,1098.5330810546875,1113.7763708010523,1060.3232347571332,1082.2735719918983,4404012,777.9951052856445,868.6574483235677
2022-05-17,1015.2030029296875,1076.9891316365192,1010.7316383522194,1033.9014366172812,4784056,778.8334860229493,870.9134552001954
2022-05-18,1162.7579345703125,1177.1882462910767,1053.6159994428422,1060.9327772167508,5215416,780.4858578491211,875.1849599202474
2022-05-19,1184.0987548828125,1207.2685554417965,1124.7515464334851,1187.1474128511,6404000,782.2652575683594,878.6570424397786
2022-05-20,1193.651123046875,1297.915217397811,1130.8487738179485,1138.9785277634408,6868708,784.1686361694336,883.8770212809245
2022-05-23,1134.303955078125,1211.1301322900101,1130.0358341219091,1180.8467978863835,4436192,785.7244677734375,888.836171468099
2022-05-24,1206.0489501953125,1264.786420132361,1188.1634922214016,1196.699733527132,5539212,787.654267578125,895.1401184082031
2022-05-25,1156.4573974609375,1228.8122012388098,1129.0194802979802,1225.9667876070957,4375324,789.27513671875,899.9671569824219
2022-05-26,1060.1197509765625,1169.0584370431725,1041.014832151448,1165.1968045146918,3963396,790.3990747070312,903.8897603352865
2022-05-27,955.4494018554688,1026.78799790977,954.6364264018586,1025.771778592757,3916116,791.045390625,905.4953877766927
2022-05-31,961.5465698242188,1000.1628979296091,935.3281154789801,955.6524986923434,4911328,791.7628411865235,906.5793528238933
2022-06-01,985.7327880859375,1006.0571754691528,922.5239433241383,942.8483307073534,5011744,792.6063040161133,906.406596883138
2022-06-02,904.4349975585938,1010.1217837901597,902.4025593618329,996.0979602325096,4431472,792.9314938354493,904.6553120930989
2022-06-03,974.7576904296875,985.732860422015,937.5640587890218,950.1651798913239,4994408,793.4863513183594,905.8747782389323
2022-06-06,964.39208984375,980.0418666441649,915.6135647515476,931.0600976974117,3984216,794.0605154418945,906.4438598632812
2022-06-07,940.002685546875,1007.479635082348,932.2794202385979,997.1142000633446,3843756,794.6448406982422,905.6681447347005
2022-06-08,959.3109130859375,967.8471542617023,922.3205346576239,947.3195266723633,3043312,795.5086270141602,904.2488271077474
2022-06-09,1037.1533203125,1038.779271040013,947.116298776455,976.383411871693,4475016,796.7971923828125,905.7358947753906
2022-06-10,1148.734375,1151.9862769815995,1084.5093108634112,1096.907187168259,5553064,798.6487438964843,910.8644154866537
2022-06-13,1305.028564453125,1317.8329250761662,1224.7472557848516,1256.2500477939209,6229200,801.215712890625,919.0924001057942
2022-06-14,1297.305419921875,1336.5314807153768,1260.7215290263812,1273.7291346781124,4823148,803.8558502197266,928.0148030598958
2022-06-15,1202.59375,1290.1918413047154,1145.8887210579685,1250.3560503633598,5680904,806.1596188354492,935.2739939371745
2022-06-16,1343.238525390625,1375.7575394718021,1289.175664480668,1295.6794672969033,5204240,809.1564495849609,945.6258799235026
2022-06-17,1299.94775390625,1362.5468640068011,1261.9411513452012,1336.938137147485,4915264,811.9520690917968,954.7481424967448
2022-06-21,1202.7969970703125,1236.3322293306371,1168.6520333143455,1234.9095225074718,3276112,814.2517727661133,963.0777516682942
2022-06-22,1207.06494140625,1242.6326067953885,1149.5469453769574,1235.5190737175608,4059560,816.6134649658203,971.4581675211589
2022-06-23,1155.441162109375,1212.1461901179089,1142.6368009461576,1174.7493257681947,4031316,818.7373629760742,979.5167836507161
2022-06-24,1036.7470703125,1121.7030153018404,1036.5438264249658,1119.2640886514287,3468036,820.2220602416992,986.1696350097657
2022-06-27,1056.867919921875,1069.8755250901443,1014.3899592942458,1019.8775427246094,3372432,821.7717938232422,992.8360310872396
2022-06-28,1153.8154296875,1156.6608438174321,1023.1296235770434,1052.3967403420602,4694136,823.7148049926758,1000.660922241211
2022-06-29,1151.37646484375,1187.5538718591406,1132.2715420378695,1156.8640490539497,4475008,825.6405410766602,1008.407899983724
2022-06-30,1195.8865966796875,1249.3397195428347,1150.7664701564227,1188.5698194056447,5637276,827.7583407592773,1017.5979054768881
2022-07-01,1171.0909423828125,1236.5354553031987,1166.00984665918,1211.7397081718723,4207444,829.8436218261719,1025.676845296224
2022-07-05,1110.930908203125,1238.5680487723826,1110.1179327854863,1219.0566387490567,4491676,831.628102722168,1032.0045054117838
2022-07-06,1090.4033203125,1126.9872154953985,1064.9978375465985,1106.8660731448044,3674336,833.1778378295899,1038.0713348388672
2022-07-07,1021.9100341796875,1080.0377727985003,1012.357573637435,1080.0377727985003,3161456,834.1462939453126,1042.50205078125
2022-07-08,1017.0322875976562,1060.7297180200176,1002.1954856402964,1050.9740126233974,4071456,835.1005242919922,1045.9571970621744
2022-07-11,1082.0703125,1091.2162862157213,1039.7955895473328,1042.8442474525732,3558416,836.5018908691407,1050.3100026448567
2022-07-12,1113.36962890625,1131.661572426068,1045.6894378829238,1068.2495015573659,4128664,838.1715377807617,1056.007601928711
2022-07-13,1120.2799072265625,1186.1309032246406,1092.0290169681277,1179.8303449655652,5483800,839.8909799194336,1060.946425374349
2022-07-14,1108.2886962890625,1189.1797472927387,1098.32974779866,1152.392611032273,4586740,841.4539251708984,1065.7395924886068
2022-07-15,1049.55126953125,1092.6389668861348,1047.3155871213266,1072.3145813413778,3976528,842.3878302001954,1070.4379130045572
2022-07-18,1074.9566650390625,1087.5577830637214,1002.3986144777191,1017.8451462498817,4408460,843.4233569335937,1074.9939615885417
2022-07-19,978.619140625,1052.1934145411474,972.7250689576842,1033.698224136812,4049228,843.9314663696289,1077.1449595133463
2022-07-20,930.0437622070312,979.635256520518,917.6458886286596,971.91199101268,4766424,844.2779971313477,1077.3549794514975
2022-07-21,890.2080078125,950.5714275203338,889.8015201376998,925.77567935752,4779216,844.1560498046875,1077.4972483317058
2022-07-22,936.5476684570312,953.2136642932892,879.8426338434219,898.337824344635,4856300,844.4538018798828,1076.779119873047
2022-07-25,951.7909545898438,972.31858354854,932.2795448865286,936.9541534612812,3781684,844.9090686035156,1076.22697652181
2022-07-26,1008.4960327148438,1017.2355186895995,967.6440168793573,969.8796993380157,3663640,845.7698059082031,1078.3508738199869
2022-07-27,883.5011596679688,967.4408833723329,863.1767713618273,961.140322997429,5163596,845.93443359375,1076.4674845377604
2022-07-28,856.2662963867188,916.6297167586284,850.9819565561812,883.7042147375868,4502604,845.8714282226563,1074.9397684733074
2022-07-29,809.520263671875,855.0468865848803,801.7969972848473,842.8522554474682,4732772,845.5340432739258,1072.6702117919922
2022-08-01,810.73974609375,832.0803510924574,783.7083130953872,823.5441090929744,5015672,845.3043774414062,1072.026606241862
2022-08-02,818.666259765625,837.5679385536595,785.7407547800165,829.4381842362253,5759928,845.3531561279297,1069.4284698486329
2022-08-03,753.2216186523438,805.6585257252807,745.0918656177798,804.8455504218243,4973152,845.1509280395508,1065.1095347086589
2022-08-04,741.8400268554688,767.0422633842572,739.4011007397795,751.7989751611997,4754776,845.0137384033203,1058.6362162272135
2022-08-05,759.7255859375,783.0986309837313,745.7017589097612,777.8142903645833,5466936,845.0421926879883,1053.1249206542968
2022-08-08,767.2454223632812,778.0173448494412,726.799902085058,753.0183549287303,4836804,845.1031655883789,1046.1197784423828
2022-08-09,793.0574951171875,805.658613696702,779.4401572973895,781.675839626013,4435956,845.3592529296875,1039.4330576578775
2022-08-10,728.2227783203125,756.4736759442376,725.1741203033422,737.5719962390216,4358428,845.1997064208985,1033.8065928141275
2022-08-11,738.5881958007812,745.0919993961651,697.939423329632,711.7600059698227,4939204,845.2088525390625,1027.807511393229
2022-08-12,696.9232177734375,734.7265769177534,695.7037545752338,725.7838467975927,3620808,845.0401608276367,1022.5028483072916
2022-08-15,679.8507080078125,703.6302394986687,676.8020501243694,703.2237517808763,3557064,844.8165924072266,1014.45439453125
2022-08-16,684.7283935546875,704.2397992481425,671.7207897590508,686.354344029142,4357188,844.7342779541016,1006.1315551757813
2022-08-17,708.91455078125,721.7189133670352,690.2161165289922,704.8496737698896,5090932,844.8287860107422,998.0526123046875
2022-08-18,704.0366821289062,720.0929459534397,695.9069282936995,709.5242659676709,3609368,844.9293917846679,990.8814910888672
2022-08-19,745.0919189453125,750.3762587959885,719.8896827343964,724.1578033830192,4293620,845.2860842895508,983.1988739013672
2022-08-22,803.626220703125,810.1300242090683,774.1558610668192,776.1882996624264,4219628,846.0421520996093,977.3183542887369
2022-08-23,806.4716186523438,812.568934317558,784.114794546558,806.6748625078509,4155740,846.9293118286133,973.0908854166667
2022-08-24,799.5613403320312,815.0078735972154,785.1310263606092,810.3332648459096,3216120,847.7920822143554,970.4927510579427
2022-08-25,758.0995483398438,794.4801969062866,757.6930606463638,786.1471991899505,3464412,848.4373815917969,967.1019673665364
2022-08-26,850.7787475585938,851.7949667983913,751.1892620584239,759.9287475206837,6655140,849.4851028442383,964.8527333577474
2022-08-29,876.3875122070312,885.9399734950022,853.6242002016538,875.5745367782678,5322840,850.5135168457032,964.3852752685547
2022-08-30,905.0448608398438,928.6211473562197,856.8760685606965,862.1604086419532,6238408,851.7207852172852,963.2233947753906
2022-08-31,922.5238647460938,923.1335963156549,870.8999251899122,878.8264355942079,5426308,853.1221520996094,962.525591023763
2022-09-01,921.1010131835938,981.2611852714896,917.8491119896535,946.7097350858737,6678800,854.5113232421875,962.2105631510417
2022-09-02,959.9205932617188,976.3833432202618,881.6717200019767,894.4760810808435,7107096,856.1657278442383,962.2207244873047
2022-09-06,981.4644165039062,1003.6179931033939,947.3194544056134,956.8719140402549,5886724,857.9278515625,961.2925760904948
2022-09-07,923.1334228515625,979.8384481654299,912.361500480111,977.8060099821372,4884604,859.4999423217773,957.5325602213542
2022-09-08,908.2969970703125,955.2463383822933,896.305606865088,942.6452164717183,6072296,861.0486618041992,950.9203674316407
2022-09-09,850.372314453125,888.3789164614267,844.8847302059371,888.3789164614267,5438180,862.1959735107422,943.4714823404948
2022-09-12,819.2759399414062,840.4132998406636,816.430526108814,837.5678860080712,4783456,863.1471548461914,937.0828521728515
2022-09-13,954.4331665039062,961.5467016034881,880.4524014682543,890.411350607669,7228956,864.8096893310546,930.6027628580729
2022-09-14,931.6696166992188,960.3269936526633,922.5236453310981,942.848026149144,5823460,866.1856491088868,924.4647939046224
2022-09-15,978.4158935546875,993.862426149236,927.1984433727637,950.7747299644428,6650340,868.0036654663086,920.7251088460287
2022-09-16,998.3339233398438,1034.3080895513976,992.6430947866037,1013.5772141074514,7079368,869.7891625976563,917.2462585449218
2022-09-19,973.9444580078125,1025.56839213427,972.1152634915207,1024.5521729585523,4849824,871.2799551391602,914.2213134765625
2022-09-20,997.5208740234375,1020.8939181376786,973.9445860473335,999.3500687802042,4766140,872.9699276733398,913.5675435384114
2022-09-21,1052.3966064453125,1052.5998502858774,943.2546640619341,988.3747966673532,7228240,874.7666030883789,913.4930216471354
2022-09-22,1091.01318359375,1104.6305240000058,1057.6811861814222,1069.6725754943939,6076316,876.8376586914062,912.4463175455729
2022-09-23,1143.4498291015625,1185.1148157645239,1117.0281302421236,1120.4832754775887,6951228,879.4808447265625,912.3142069498698
2022-09-26,1157.8800048828125,1168.6519269924822,1094.6711789185233,1150.9697152275526,6526216,882.2317495727539,911.6807637532552
2022-09-27,1157.067138671875,1187.7569573859894,1084.5090904537371,1114.58917767022,6013168,884.8515621948242,911.4470336914062
2022-09-28,1091.01318359375,1177.5950793111376,1072.5179899076413,1157.8804223050658,5414920,887.2427273559571,911.1150716145834
2022-09-29,1181.8631591796875,1219.8697646425596,1132.881384224863,1137.352749573436,6441620,889.9509527587891,912.6394022623698
2022-09-30,1246.291259765625,1246.9009913017137,1141.4174355583414,1195.6835422702497,6364628,892.8847772216797,916.3790893554688
2022-10-03,1157.8800048828125,1241.616455999491,1134.9134539697427,1219.4628803399814,5052244,895.5950329589843,918.7265513102213
2022-10-04,1049.9576416015625,1088.3707260504002,1039.7954499484308,1087.964238384275,5518428,897.5421084594726,918.1913401285807
2022-10-05,1048.9415283203125,1122.5158033158468,1030.039849937482,1091.8259814254445,5536968,899.4332925415039,917.1175384521484
2022-10-06,1076.582763671875,1080.2411532784624,1027.1945039829443,1062.558936846623,5368284,901.3610610961914,916.389252726237
2022-10-07,1200.5614013671875,1215.8046898558516,1130.239030472817,1132.0682250914565,6214216,904.1424533081055,917.9271311442058
2022-10-10,1238.3646240234375,1272.9160742259623,1192.2282758118306,1197.1061276051282,5670232,907.2246450805665,921.0740203857422
2022-10-11,1284.5009765625,1310.9226738652096,1219.2597086073476,1260.111717513845,6293884,910.6086547851562,924.5664255777995
2022-10-12,1287.5499267578125,1299.5413151838127,1249.3400788919137,1278.2007086629649,5144324,914.155260925293,929.7152720133464
2022-10-13,1201.3743896484375,1413.5609676881886,1178.6110785943645,1399.9436298254843,9026712,917.2405029296875,934.2374491373698
2022-10-14,1308.4837646484375,1315.8005424563503,1159.5060387262092,1168.0422795021077,6790660,920.8562100219726,941.2087117513021
2022-10-17,1178.814453125,1216.2113254310345,1164.5873821390087,1215.1951060748922,5615660,923.7981658935547,945.2464914957683
2022-10-18,1150.15673828125,1185.521161759062,1074.5500398114452,1083.4927675874437,6607288,926.5307788085937,948.552587890625
2022-10-19,1161.741943359375,1193.244742733186,1122.1093893084517,1169.6684541695597,5785016,929.4229391479493,951.1066864013671
2022-10-20,1182.676025390625,1196.49660791796,1107.6790407937629,1175.5624902662614,5846476,932.3029052734375,956.0929341634114
2022-10-21,1099.1427001953125,1211.9430327782263,1091.8259218656099,1196.2932569063626,6654412,934.4806628417969,960.1408742268881
2022-10-24,1061.745849609375,1139.791486334107,1050.7706819449595,1095.6875718308079,5843900,936.4663555908203,964.344633992513
2022-10-25,998.1304321289062,1051.5835585084424,992.6428488123759,1051.5835585084424,4835340,938.0323486328125,967.4678120930989
2022-10-26,1063.371826171875,1068.2496785855074,999.553257093517,1057.8842422065384,6466312,939.9397918701172,971.5462381998698
2022-10-27,1121.90625,1128.003566576087,1059.9168648097825,1077.1925951086955,5478464,942.2821780395508,977.6909820556641
2022-10-28,1019.877685546875,1131.8650519749995,1013.1706381927405,1130.6455888197022,5894564,944.1601516723633,982.3249430338542
2022-10-31,1054.8355712890625,1075.9729314844503,1035.3241618779355,1044.2668911913686,4618724,945.9730868530273,987.2434427897135
2022-11-01,1087.1512451171875,1091.622609370801,1008.089395360114,1014.999685570244,4752660,948.004508972168,992.5752065022787
2022-11-02,1199.9517822265625,1200.358269957669,1050.7707849104554,1088.1676561722588,7705636,950.3560412597657,999.3567779541015
2022-11-03,1269.2578125,1276.5745909227383,1216.6176566253002,1236.7387972878303,5577608,952.9270761108398,1008.3740285237631
2022-11-04,1210.317138671875,1292.0211671766767,1168.8553928634683,1196.2933128837374,6925812,955.0550387573243,1016.2361775716146
2022-11-07,1171.9041748046875,1226.1702890386193,1162.9614443691332,1195.8869518818558,3916028,956.6677792358398,1024.1525268554688
2022-11-08,1146.29541015625,1198.732327854887,1101.7850032725232,1150.7667752313275,4982892,958.205319519043,1031.9266052246094
2022-11-09,1226.983154296875,1230.4382998365547,1159.912682056032,1170.4813625303468,4922032,959.8607409667969,1040.9641845703125
2022-11-10,956.8720703125,1079.4281150020577,951.1812423667162,1049.3480244314862,7252696,960.158493347168,1045.0968098958333
2022-11-11,901.7927856445312,970.2859496657634,894.6792522892104,956.4653705754257,5596412,960.0334976196289,1048.3927449544271
2022-11-14,925.1660766601562,934.9217822136903,889.8016440285949,921.507687077581,5073992,960.460309753418,1051.3939809163412
2022-11-15,887.5657958984375,920.4912959981734,849.3559562765216,859.314903837553,7460240,961.0995108032226,1052.792973836263
2022-11-16,923.7431640625,931.872916881532,902.8090505534929,905.8577078606298,5197948,962.0008959960937,1054.747499593099
2022-11-17,930.653564453125,970.4893579959974,916.4264953306706,968.8634072391454,5314072,963.0252444458008,1056.9323699951171
2022-11-18,931.466552734375,955.8558144249979,900.3702440788306,901.38646331594,4449128,963.6217651367188,1059.8218200683593
2022-11-21,960.1239013671875,968.8633864981759,933.9054459742224,946.100076389555,3922452,964.5048599243164,1061.6442392985025
2022-11-22,921.1010131835938,975.570358182094,917.8491119896535,953.4167812983756,3201348,965.1105258178711,1062.3894643147787
2022-11-23,893.0535888671875,922.1174630610901,886.5497848517688,920.0850243062717,3996692,965.706030883789,1062.189609781901
2022-11-25,911.1422119140625,915.6135767728869,901.7929944819754,908.2967979129925,1491808,966.6379040527344,1061.9999155680339
2022-11-28,951.7909545898438,960.5304401861204,910.9389405235277,931.0600817800714,3394352,967.5321774291992,1062.5114145914713
2022-11-29,973.9444580078125,987.9682826327164,945.4903210877178,949.5551977905885,3754160,968.1723950195312,1062.7451456705728
2022-11-30,841.0231323242188,980.2451829868794,839.8036691067356,971.3024527253361,6031996,968.1581683349609,1060.4044576009114
2022-12-01,838.3807983398438,862.5668140980114,822.5277796075994,838.5840421697444,3732664,968.4427093505859,1058.9919138590494
2022-12-02,849.3560791015625,884.7205102486483,840.8198371005418,882.6880716769767,4835984,968.7790783691406,1058.0095652262369
2022-12-05,891.2241821289062,904.8415185491199,856.4694876832864,867.6478981774916,3837856,968.9782565307618,1058.6904296875
2022-12-06,946.7098388671875,961.140151997194,892.2404878975855,893.8664386727975,4323328,969.3125927734375,1060.8143280029296
2022-12-07,960.1239013671875,977.3996277889088,938.986541980611,960.7336328879542,5289168,969.5808740234374,1060.9091735839843
2022-12-08,926.7919311523438,968.456919285289,916.6297389247961,946.5065840737861,4458776,969.3359646606445,1060.8278788248697
2022-12-09,944.8806762695312,949.7585287604903,909.7194895638679,937.3606536793027,4945192,969.6581060791016,1060.2689585367839
2022-12-12,909.9226684570312,954.2298254200941,909.1096930999108,943.2546580989684,3560496,970.0239447021485,1058.7954376220703
2022-12-13,880.8587646484375,907.2804627112656,802.4066457849634,804.0325964349836,7182212,970.2891778564453,1057.2440093994142
2022-12-14,903.0123901367188,931.0600403367789,855.6565749438636,886.1431512482768,6285132,970.4700643920899,1055.6688680013021
2022-12-15,991.423583984375,1004.0247037480141,934.5153011808438,941.4255926641298,5325876,971.3033645629882,1054.6526509602866
2022-12-16,1021.0970458984375,1038.9825037087605,983.2936918902549,1000.1629305068095,4727296,972.113291015625,1053.4873819986979
2022-12-19,1063.16845703125,1079.021475507342,1018.0483275223726,1019.4710343086886,4041028,972.9465899658203,1052.1493591308595
2022-12-20,1067.639892578125,1098.5329562887428,1046.7057770373774,1079.6312791500095,3907416,973.3042987060547,1050.6453572591147
2022-12-21,1022.3165283203125,1066.0139544811211,1006.0570209116395,1055.4452746654836,3752872,973.3683209228516,1048.3995137532552
2022-12-22,1095.7249755859375,1146.892783748183,1056.5846601789608,1058.4193624636628,4599324,974.3389971923829,1048.4780436197916
2022-12-23,1090.6285400390625,1139.14622088566,1083.2897311715099,1115.9066594717435,4367988,975.1409039306641,1046.9574666341146
2022-12-27,1137.7193603515625,1145.0581700581843,1097.9674744406943,1099.8021768673498,3660576,975.8967727661133,1045.1479349772135
2022-12-28,1183.7908935546875,1188.2757221508994,1114.072194468119,1144.6505712604735,4204552,976.5933773803711,1045.5797831217449
2022-12-29,1097.96728515625,1156.6777526878134,1085.9397935438813,1146.4849631858058,3311864,977.3435675048828,1046.3799438476562
2022-12-30,1101.0252685546875,1150.9699437622228,1100.0059894688193,1134.6614783883338,3435280,978.6435781860351,1047.2480061848958
2023-01-03,1124.264892578125,1153.2124201839442,1053.5269201892565,1072.0778005563661,3427468,980.2081552124023,1048.0427083333334
2023-01-04,1109.179443359375,1149.5428930533938,1086.7553046404755,1097.5596623868544,4712432,981.9442462158203,1046.5196756998698
2023-01-05,1160.5511474609375,1165.8513986174428,1128.9534963356177,1131.1959102864469,4053192,983.9117904663086,1045.2227844238282
2023-01-06,1068.2044677734375,1179.102030839993,1050.469011915367,1139.9617144635615,5119524,985.642185974121,1041.6178426106771
2023-01-09,1045.3726806640625,1053.3230579156027,989.3123282493555,1042.5186990865864,4145676,987.1059893798828,1037.5815551757812
2023-01-10,1019.890625,1064.5350477213672,1018.6674901309215,1058.6232291874876,3882072,988.6903402709961,1034.556825764974
2023-01-11,967.4998168945312,1016.8329301875099,966.2766818542095,1007.8632732251501,3468504,990.0066394042968,1028.8737599690755
2023-01-12,952.8221435546875,1008.8824964595954,942.4254962886864,963.6265024781788,6435924,991.4111291503906,1025.1072214762369
2023-01-13,933.8633422851562,983.400297573367,931.4170728882076,979.5270376948648,3974484,992.8925659179688,1021.5023315429687
2023-01-17,929.9901733398438,948.3371956109061,915.7202671290177,936.9212706422451,3384780,994.2580960083008,1017.6398020426433
2023-01-18,965.0534057617188,967.4996754848157,897.9848441868127,913.2740299561682,4911464,995.6617532348632,1014.0127583821615
2023-01-19,995.2239379882812,1008.0668523867372,971.7805228164966,983.8080140785427,4484904,997.2050839233399,1012.2807790120443
2023-01-20,913.0702514648438,989.3123309575545,910.6239815345963,977.6925487888793,4341696,998.5480038452148,1009.8028523763021
2023-01-23,852.9326782226562,913.0701399998273,841.1090416698565,905.9351869076206,4821448,999.3808944702148,1007.382889811198
2023-01-24,858.844482421875,872.9105325730997,848.2439808586333,868.4257049886512,3832608,1000.0187603759765,1003.9741007486979
2023-01-25,864.7564697265625,923.2630955661484,859.2523620691799,900.2273857408062,5441508,1000.7105749511719,999.6882710774739
2023-01-26,815.219482421875,858.8446310185944,813.7924915799263,833.974219201773,4899540,1001.0063369750976,996.2773010253907
2023-01-27,791.9798583984375,827.8584826141711,774.6521137487935,827.0430593365408,5048092,1000.9176187133789,991.8963724772135
2023-01-30,839.8859252929688,842.332194978288,806.6574287340478,818.6849213535345,4807064,1001.0125384521484,987.7752838134766
2023-01-31,802.3764038085938,840.497437221248,801.1532690466904,839.2743024593447,3964236,1001.1668521118164,981.1490275065104
2023-02-01,751.0048828125,821.1312888080212,730.4154438428848,804.2112548032878,7747832,1000.8021240234375,972.5114786783854
2023-02-02,672.9281005859375,708.3990153093405,656.4157782146982,702.2833403570296,8653668,1000.0632711791992,963.5549947102865
2023-02-03,706.76806640625,717.5724239255841,667.0161849671907,714.9222984963135,8500320,999.7588513183593,955.8027262369792
2023-02-06,725.3190307617188,734.6963987816847,709.2144204665597,725.7267424147607,5101212,999.377477722168,948.7864532470703
2023-02-07,680.470703125,734.6963493296885,672.3164706130168,726.5421168177053,7799436,998.5320349121093,939.6779123942057
2023-02-08,716.7570190429688,721.6495584221017,683.1208108114301,689.644196650274,5787380,997.5286071777343,935.6759948730469
2023-02-09,736.5310668945312,747.5392810136302,684.9555451883822,686.3825359075247,6190860,996.8029031372071,932.9216328938802
2023-02-10,751.6163940429688,769.7595616778545,738.161910178896,753.6549522041919,6376936,995.662808227539,930.0291381835938
2023-02-13,715.533935546875,750.5971369468928,711.4568191050124,741.2197691306089,4350812,994.3158801269532,927.1619405110677
2023-02-14,700.4486083984375,741.831340501139,693.5175104107929,727.9691445258499,8257436,993.4128121948243,923.4403645833333
2023-02-15,684.5478515625,718.3879180780971,683.7324282729676,713.9030899856685,4850708,991.8530288696289,919.3386027018229
2023-02-16,723.6881713867188,725.3190179701254,690.0519606039558,717.3686408760178,6364144,990.731823425293,915.875629679362
2023-02-17,739.7927856445312,762.0130704709997,734.4925342180342,740.6082089409155,6006872,989.7023190307617,912.2034444173177
2023-02-21,792.3875732421875,794.0184198040444,758.3436512634262,768.9441539154956,5021060,989.4174765014649,910.0582204182942
2023-02-22,791.776123046875,805.23060917486,774.4483757608338,788.3105735896668,5649232,988.5035848999023,908.3702626546224
2023-02-23,771.5942993164062,806.2497896423743,760.993796393169,762.420787171297,5422028,987.2997677612304,906.0444641113281
2023-02-24,811.1422729492188,825.0044681139705,802.1726172543795,811.9576961942042,6220072,985.7042834472657,903.7003194173177
2023-02-27,793.6107788085938,798.7071747680633,772.4097716172006,784.029554404791,4452324,984.2203207397461,900.6947580973307
2023-02-28,797.687744140625,802.1725717335445,776.6905967737749,799.5224463377284,4363412,982.2709896850586,899.9725016276042
2023-03-01,816.8502807617188,825.208369484262,794.629996109104,800.1341033166325,5418444,980.3839373779297,899.6136596679687
2023-03-02,797.687744140625,841.9244526707848,790.5527911518896,839.4781830746471,5034180,979.0433227539063,898.7525207519532
2023-03-03,748.762451171875,787.698914056119,746.5200370790652,783.4179416971184,4408480,977.2944696044922,896.3781585693359
2023-03-06,746.1123046875,747.7431512551229,716.553210649334,739.3850625960554,4675792,975.9490161132812,893.0348663330078
2023-03-07,773.836669921875,778.7292094577351,739.1811815428658,746.3161350326618,6331552,974.0044097900391,889.9300791422526
2023-03-08,762.6246337890625,785.6603417864333,757.9359498603941,770.9827225314713,5304512,971.8970391845703,887.1939575195313
2023-03-09,804.2112426757812,809.9192058684104,739.5889451020873,759.5668162762893,6516728,969.9498397827149,884.8494669596354
2023-03-10,837.4397583007812,846.8171265777618,789.9413494195538,802.5804110102667,10842384,968.4655187988282,883.6414184570312
2023-03-13,819.2965087890625,867.8141920664441,786.883434666778,854.1558526564249,10088412,966.5317565917969,882.615380859375
2023-03-14,763.6438598632812,796.6685008931402,758.7513204514503,789.5335475842201,7020860,964.5676889038086,880.2925720214844
2023-03-15,752.8394775390625,795.6491960018849,749.373928901596,784.2332710784656,8710532,963.0312875366211,876.3161702473958
2023-03-16,693.5174560546875,765.8862676065435,690.6634747540509,760.7898724268352,6957672,961.7216278076172,870.8565104166667
2023-03-17,703.0988159179688,717.1648693532659,677.6168350569233,694.1291586548807,6605268,960.4293890380859,864.8553497314454
2023-03-20,696.5753784179688,723.8920599245557,694.3329642644429,708.3990166820139,4655900,958.9836019897461,858.6709411621093
2023-03-21,667.4239501953125,693.92520661724,663.7545454599687,683.324704048469,4210552,957.7985467529297,852.7560648600261
2023-03-22,694.5836181640625,695.4041540390349,635.505035166056,667.9162022274623,7187404,956.3976763916015,846.0703755696615
2023-03-23,670.5829467773438,689.250138015257,640.4282532391762,669.3521429594593,7594720,954.9286306762696,839.0696156819662
2023-03-24,663.4033203125,689.045068933113,662.7879183456052,673.8651537497101,5935720,953.5456338500976,831.1643483479818
2023-03-27,677.1472778320312,682.8910293555989,652.120931907915,659.0954873293899,4385224,952.1348156738281,822.7202880859375
2023-03-28,688.2244873046875,704.0198034067623,681.455066118084,681.455066118084,4401256,950.3901715087891,815.8912414550781
2023-03-29,651.5054931640625,669.1470147043992,646.9925457932787,663.4032635052198,4805216,947.9040270996094,808.3992451985677
2023-03-30,633.453857421875,644.3259605447245,629.3511769981582,636.3257337184767,4613668,944.5461535644531,800.2190612792969
2023-03-31,602.2734375,634.0692082127043,600.8374994678134,632.4281361759196,5593012,941.0709936523438,791.7706278483073
2023-04-03,606.3760375976562,622.1713538679605,605.1452337324378,614.3762627215766,4441924,938.0899050903321,782.5343760172526
2023-04-04,612.7352905273438,620.3252489302603,598.5810437759588,604.5299300917583,4498220,934.4373889160156,774.9432230631511
2023-04-05,632.6332397460938,643.0950734773035,618.8892620992104,619.9149320728584,4743816,931.1008163452149,768.0642323811849
2023-04-06,619.7097778320312,651.3004119883149,617.0430359876697,642.8899184791744,4624152,928.1853802490234,761.3945515950521
2023-04-10,621.3508911132812,648.2234453344234,620.940623109905,637.7616112483299,3517568,925.2568099975585,755.6254028320312
2023-04-11,633.453857421875,636.5308677396625,621.3509501719104,621.761218214282,3527628,922.6468734741211,750.3025980631511
2023-04-12,650.069580078125,653.5568577244892,618.2738133024515,621.9662249280136,5824552,920.7134860229493,745.5727020263672
2023-04-13,613.3505859375,641.4539405440008,610.273576309051,640.4282706678512,4942576,918.4958993530273,740.2953755696615
2023-04-14,616.8379516601562,634.0692080417502,606.7863854375597,622.5817037873542,5664140,915.8110119628906,734.4917846679688
2023-04-17,616.017333984375,631.6075162630339,613.5557262561657,619.709745576689,3868196,913.1342163085938,728.171674601237
2023-04-18,615.8123168945312,622.9920074645873,601.0426677218443,603.5042759172921,3657644,910.2338449096679,723.2173756917317
2023-04-19,616.8379516601562,630.9921979736084,610.6839315238726,630.3767959599801,4077172,907.4625799560547,719.2824635823567
2023-04-20,632.0179443359375,639.6079034207897,614.5815518437095,635.3000888050628,5667280,905.0680151367187,715.5020212809245
2023-04-21,630.3767700195312,645.5566857310332,625.6586881091996,634.6845839376601,4649812,902.7678823852539,711.595692952474
2023-04-24,634.4795532226562,647.8132651397182,623.8125836890066,632.0179448687371,4355652,900.8307299804687,708.5833607991536
2023-04-25,670.5829467773438,671.4034826559333,640.8385211784711,644.7360666017717,5243488,899.0984832763672,706.5600789388021
2023-04-26,659.5057373046875,662.3776129881294,638.992339565817,648.6336365030861,5260796,896.9856604003907,703.5537424723308
2023-04-27,606.3760375976562,639.8128759360926,602.6836260020007,635.5050624078278,5679260,894.4506924438476,700.2870697021484
2023-04-28,594.0680541992188,614.1711858675625,593.2475182127557,607.6068979758584,5532520,891.8196331787109,697.671455891927
2023-05-01,595.9141845703125,602.0682036880781,588.3242276584015,596.529586482089,3607908,889.2577606201172,696.387890625
2023-05-02,611.50439453125,621.5559595537362,594.8885421471402,596.734747967597,5502348,887.0675262451172,694.8001627604167
2023-05-03,624.0176391601562,624.6330411711623,594.4783426318648,610.0685269106853,6105412,884.8128311157227,693.111806233724
2023-05-04,631.4024047851562,637.7615583096331,619.2994996901841,626.2740551686426,5574884,883.0767474365234,692.2940012613932
2023-05-05,591.6065063476562,620.5304028091748,586.6832899286744,618.2739286171415,4472920,881.3845611572266,690.208159383138
2023-05-08,587.5037231445312,600.6322979634034,585.6575173106273,594.6834124986019,3052220,879.8710397338867,687.7243703206381
2023-05-09,598.9912719726562,600.8374779479144,592.2218500633762,597.1450659973981,2848116,878.1832577514648,685.1806182861328
2023-05-10,579.913818359375,599.4015483714516,574.7854683561969,585.4524363628072,5554704,876.3238720703125,682.9202829996744
2023-05-11,575.1957397460938,586.0678418169008,571.9135957247181,577.6573477621256,4395468,874.1573706054687,680.8327351888021
2023-05-12,581.3497924804688,592.6321631884524,570.2725557853574,572.5290299269542,4059448,872.6466137695312,679.1127675374349
2023-05-15,572.3237915039062,587.503705687164,571.0929876512097,579.0932126937374,3469860,871.2269012451172,676.5900278727214
2023-05-16,570.4776000976562,576.6316195161854,561.4517049504801,576.6316195161854,3988940,870.0316879272461,673.7681081136068
2023-05-17,549.964111328125,571.5031757404536,546.8871021263637,565.3491573369312,4496976,868.727809753418,669.7277170817057
2023-05-18,520.630126953125,548.9386208536496,519.1941888567216,548.7334868398776,5854316,867.2376290893554,665.2086171468098
2023-05-19,524.3224487304688,529.0405302331295,516.1170895954067,519.6043672278081,4632768,866.0931332397461,661.0874196370443
2023-05-22,518.9890747070312,525.5533633989778,514.0658581880713,525.3482293773545,3196428,864.9788784790039,656.2181996663411
2023-05-23,538.8870849609375,540.733291190343,522.0660948707979,527.1944455080355,4457556,863.8746859741211,651.9728047688802
2023-05-24,547.0923461914062,557.7593135712162,541.3485945253548,548.7334180959924,5237636,862.7739205932617,647.7962148030599
2023-05-25,508.7322692871094,523.707049794351,502.1679819414693,511.1938770417244,5959152,861.3522944641113,642.6609146118165
2023-05-26,469.9620056152344,504.6296524720544,466.06445951890555,504.2193844619145,6572940,860.0609906005859,637.1988189697265
2023-05-30,463.39764404296875,469.34652924759297,447.60232815482857,452.3204095240133,5525312,858.6850378417969,632.4427388509115
2023-05-31,473.0390319824219,477.55198024938335,461.96179532715263,470.16715581253726,5157368,857.5656169128418,627.8915176391602
2023-06-01,455.80767822265625,477.75701286254116,450.26906107053577,473.2440655534059,4708000,856.445401763916,622.5910344441731
2023-06-02,445.9612731933594,456.21797220884605,441.2431916462355,449.0382828980054,4745508,855.2515661621094,617.3133117675782
2023-06-05,445.1407470703125,449.03829278198805,435.2943157987111,446.57668496408775,4960560,853.9326971435547,611.328803507487
2023-06-06,445.551025390625,452.935849015884,441.8586135779955,447.6023652865303,3736132,852.6402688598632,604.7973246256511
2023-06-07,468.52606201171875,470.9876700433039,437.14055960900725,444.730517706395,5633896,851.2574395751953,598.9511505126953
2023-06-08,452.3204345703125,468.93628726881377,449.653692779195,467.9106173491532,4272080,849.5009106445312,593.7624267578125
2023-06-09,446.98699951171875,452.52561767914256,434.67895913966595,446.3715974931161,4737572,847.7034875488281,588.6648854573567
2023-06-12,424.4222412109375,444.32023898641404,423.80683921788153,440.6278270280782,4162816,845.8277920532227,584.179965209961
2023-06-13,414.7809143066406,426.2684173734912,411.7039045565914,414.57578032330406,5653356,844.1111988830567,579.3746668497721
2023-06-14,405.7550354003906,424.6273626283158,404.9344994339591,414.7809310311374,6593188,841.8860803222656,574.5276611328125
2023-06-15,392.42132568359375,412.93472483067126,386.88270791388277,410.8833849159635,6684256,839.4662493896484,569.9442840576172
2023-06-16,399.8061828613281,401.242120921887,384.2159982038315,384.626266221134,5104900,836.9400559997558,565.0313268025716
2023-06-20,401.447265625,411.49883231668366,396.9343173144481,404.9345438649719,4453452,834.3346730041504,560.5457321166992
2023-06-21,417.79290771484375,421.3282384421471,404.27546669868406,405.73119111580894,5002348,831.8181324768067,556.4522252400716
2023-06-22,403.85955810546875,424.6556218596123,403.6515974679273,423.1998973968223,4757784,829.0378273010253,551.8974299112956
2023-06-23,416.3372497558594,422.16014835384345,408.4347445157382,417.58501374114167,5032568,826.2121914672852,547.3659759521485
2023-06-26,432.7660827636719,433.3899646705873,408.64264902960844,418.2088382689784,4387884,823.7603547668457,543.720319112142
2023-06-27,411.34613037109375,430.47850852788883,408.4346815211467,427.77502031008083,4737736,821.2756004333496,540.0185236612956
2023-06-28,408.6426086425781,417.7928757063305,402.1958295749344,417.37695447615994,5290088,819.0669519042968,536.7913431803386
2023-06-29,411.7620544433594,417.58495218296247,408.01876303932886,410.30633000845864,4559068,817.0293824768066,533.5477767944336
2023-06-30,393.25360107421875,400.7401847012266,389.51030926071485,399.492420763392,4832580,814.2234846496582,529.8897486368816
2023-07-03,390.7580871582031,394.9173004329046,388.6784805208524,391.38196914940835,1696276,811.5189270019531,525.85849609375
2023-07-05,390.7580871582031,395.95710375158,385.3511099010912,395.95710375158,3506028,808.5806379699707,522.0426345825196
2023-07-06,400.11627197265625,409.68246142730396,398.8685081307457,403.2356815774327,4195368,805.5895497131347,518.3553909301758
2023-07-07,404.4834289550781,405.31527148249216,390.75802725274644,401.36401947727546,3901896,802.7422445678711,514.5392171223958
2023-07-10,404.0675048828125,414.2575757728062,401.98789857873214,405.73118992607675,3850956,799.7749777221679,510.4391825358073
2023-07-11,398.45257568359375,410.30633184954615,396.996851242161,403.02770964238243,3546824,796.5052575683594,506.8575490315755
2023-07-12,383.4794006347656,391.79782581122475,379.1122274171246,385.1430856700575,5316744,792.9675886535645,502.968239847819
2023-07-13,364.762939453125,375.9928133017389,362.05945130438465,374.12116766030323,4635896,789.0741542053223,498.7806666056315
2023-07-14,364.970947265625,367.6744357638889,354.1569932725694,363.51522268963674,4834096,785.1096089172363,494.59997711181643
2023-07-17,355.19677734375,364.55500625503146,352.493288991602,363.3072424001939,3431656,781.1002571105957,490.23929087320965
2023-07-18,346.46240234375,362.47537051930146,342.51115045627625,357.06839425223217,4733296,777.3775032043457,485.4800318400065
2023-07-19,346.46240234375,350.6216148568802,340.6395048253676,343.7589142102153,4794844,773.200499420166,480.74812571207684
2023-07-20,371.20977783203125,374.3291877297794,351.4535151462929,355.6127283432904,5896832,768.825092010498,476.3602961222331
2023-07-21,374.9530029296875,376.20076666655837,362.0594443153555,364.34701116628537,5313512,764.9104570007324,471.4331303914388
2023-07-24,373.0814208984375,379.1122799876541,369.13016839170933,372.2495782654421,3344628,761.5260758972167,466.65939178466795
2023-07-25,365.5948181152344,371.41771624221195,360.8117232252171,371.2097555948199,3348664,758.1093423461914,462.64637145996096
2023-07-26,369.3381042480469,376.40876615369643,364.5550094295192,369.13014360376303,4885540,754.5731190490723,458.90087229410807
2023-07-27,372.8733825683594,376.8246342520174,348.9579118514819,353.7410059948574,6634616,750.4346789550781,455.18352559407555
2023-07-28,352.70123291015625,362.2674220103138,349.58182342097444,360.81169758202896,6250140,746.0063619995117,450.87013956705727
2023-07-31,351.6614685058594,356.02864227204685,348.9579799839338,352.07738981692484,3447784,741.3421644592286,446.3308700561523
2023-08-01,354.7808532714844,360.8117118558179,352.7012468630935,356.23657775735796,4246888,736.6783190917969,441.7205108642578
2023-08-02,378.0724182128906,382.0236701084049,364.76293814378994,364.9708987698697,7029852,732.5618092346191,438.16160939534507
2023-08-03,380.9839172363281,386.8068155347,374.1212156703899,386.3908942276734,5601388,727.9243099975586,434.71961263020836
2023-08-04,386.1828918457031,387.8465768940422,367.8823563139735,374.9530177694145,6433044,723.9611521911621,431.17280629475914
2023-08-07,376.6167297363281,388.2625259070815,376.4087690904218,380.9839033003606,4325984,720.0934521484374,427.784521484375
2023-08-08,386.59881591796875,396.16500501545477,384.72717022498233,384.72717022498233,4794004,716.2177365112304,424.6412394205729
2023-08-09,399.284423828125,401.98791211446127,385.3510611216227,385.76698239644367,5700880,712.300778503418,421.6068166097005
2023-08-10,397.8287353515625,402.81979110087644,378.69635497919256,389.92623041514884,7100172,708.7942086791992,418.6985656738281
2023-08-11,405.7312316894531,410.7222873329933,400.11629409047043,406.77103494852395,5373132,705.5141355895996,415.95279286702475
2023-08-14,392.2137756347656,411.13819428946533,392.0058149902085,408.6426665547797,5337292,702.4845523071289,413.32362060546876
2023-08-15,404.6914367675781,407.18696464075947,393.0456400260651,395.7491285553449,4671800,699.1911503601074,411.3913091023763
2023-08-16,418.00091552734375,418.4168368363262,401.7799844770289,406.97900083930926,5471764,695.6716236877442,409.6192835489909
2023-08-17,432.1422424316406,433.80592767680577,412.59394080095046,413.63374407917865,5853648,692.732946472168,408.171836344401
2023-08-18,434.2218322753906,446.69947113387883,429.4387373796368,444.6198646574641,6577236,689.6298777770996,406.4274154663086
2023-08-21,413.2178039550781,430.8944588801821,410.9302368471235,429.02281306458286,5363764,686.260210571289,404.1961730957031
2023-08-22,415.50537109375,417.7929382018737,404.48345684551737,404.8993781379035,4775908,682.337978515625,402.6423914591471
2023-08-23,395.7491455078125,412.3859987083511,392.2138142026981,411.5541560483242,5294912,677.970435180664,401.4055104573568
2023-08-24,422.3680419921875,422.5760026233998,384.7271677427606,385.14308900518523,6098644,674.0306896972656,400.7216837565104
2023-08-25,412.177978515625,431.5183175680736,406.14712010142057,419.24864010469224,8560912,670.2320587158204,399.7073328653971
2023-08-28,403.0277099609375,411.7620566164377,399.908300441116,402.4038280569732,4426144,666.5157202148438,398.8276667277018
2023-08-29,377.2406311035156,405.1073590902141,375.78490650719556,404.0675558071284,5470616,662.267007598877,397.6823226928711
2023-08-30,370.7938232421875,379.9440914545578,369.13013811266563,376.61672119551406,4774432,659.3366163635254,396.4432072957357
2023-08-31,368.2983093261719,371.41771906072444,362.89133245294744,371.41771906072444,4150988,656.6691439819336,395.15566202799477
2023-09-01,369.5460205078125,374.1211541325575,359.9798320197093,361.22759573554885,4537972,653.8910437011718,393.50599466959636
2023-09-05,368.5062561035156,374.95303597891575,364.76296456296075,372.24954764407056,3550896,651.2957460021972,392.10909169514974
2023-09-06,378.0724182128906,384.31123699528155,369.9619537957824,370.7937963001012,4842496,648.5673922729492,390.96051534016925
2023-09-07,387.01470947265625,395.95701603220715,384.7271426783525,392.62964614958355,4738668,645.8491979980469,390.33705647786456
2023-09-08,385.55902099609375,388.8863911880773,378.4883593381287,387.4306667290845,3959012,643.1196603393555,389.8500249226888
2023-09-11,372.04156494140625,382.43959638191507,370.585840539735,376.20077751760977,3849316,640.1792486572266,389.2881337483724
2023-09-12,384.5191955566406,385.7669593064188,373.28932180863706,377.2405736829346,3827668,637.4963395690918,389.1564315795898
2023-09-13,380.5679626464844,387.84658488289256,375.36894676333566,384.3112540823514,4831100,634.9339114379883,388.8357945760091
2023-09-14,371.8336181640625,382.0236893553595,368.7142086157063,375.78487025864706,4881308,632.2373684692383,388.3422337849935
2023-09-15,391.3819885253906,393.87751661375654,374.74513460295105,375.99289864713404,4945300,629.435323638916,387.9020517985026
2023-09-18,389.9262390136719,395.3332161946615,386.3909077799479,394.293412890625,3554688,626.5152325439453,387.6698298136393
2023-09-19,392.8376770019531,402.6118277796619,390.34214914381477,394.50136224071207,4287928,624.274305267334,387.2781702677409
2023-09-20,409.6379089355469,410.06108859353816,388.26733620698786,389.74846500995733,4712956,622.1305908203125,386.89270070393883
2023-09-21,433.33599853515625,433.75917822122574,420.42901811003685,423.1796860694885,5696684,620.0504904174804,387.25919850667316
2023-09-22,433.1243591308594,434.3938980437979,419.1594310885356,426.98825438498983,5355428,617.7599913024902,387.66722768147787
2023-09-25,426.98828125,440.7416203388256,426.77669141786424,436.9330033603816,4596396,615.1613835144043,387.92099812825523
2023-09-26,446.45452880859375,450.263145642032,434.81708848419913,436.72139690091825,4773460,612.5930366516113,388.80768025716145
2023-09-27,443.2806701660156,457.6687778372753,436.2982061490808,442.64590070993063,6124236,610.1754803466797,389.683056640625
2023-09-28,433.33599853515625,451.10954535007477,425.0839946568012,447.72410786151886,5660976,607.6177569580078,390.39268849690757
2023-09-29,432.4895935058594,437.3561593819038,415.56240785005275,420.8521533674923,6512004,605.2305915832519,390.9322438557943
2023-10-02,422.1217041015625,434.18232421875,416.8319584361294,431.8548361259594,5088156,602.9369062805176,391.2262151082357
2023-10-03,444.55023193359375,450.263157332074,423.1796591466861,431.0084828408998,5473292,600.644595489502,391.9009272257487
2023-10-04,426.7766418457031,443.2806468352742,423.1796151172069,441.37633856724676,5957664,597.8213607788086,392.3729949951172
2023-10-05,431.00848388671875,443.4922838618373,425.7187381345499,427.19986694515717,4812180,594.87091796875,393.16514638264977
2023-10-06,409.6379089355469,445.39659003580897,405.4061123556342,442.2227426008745,7245880,591.6032652282715,393.9130625406901
2023-10-09,403.2901916503906,422.7564548360338,401.38588329527335,417.67829922238775,4558560,588.2815167236328,394.55171661376954
2023-10-10,396.9425354003906,404.1365898799286,387.8441723821514,402.44387117886083,4635412,585.1546467590332,395.2474792480469
2023-10-11,388.6905212402344,398.4236535086344,387.8441619125474,392.7107280467474,4737760,581.6194744873047,395.95128122965497
2023-10-12,393.3454895019531,400.7511334678318,381.7080489841439,387.4209743292502,5959600,578.1330592346192,396.732666015625
2023-10-13,408.36834716796875,412.81173332886374,389.5368534384614,391.2295719759452,6339748,574.4863041687012,397.3519755045573
2023-10-16,394.4034118652344,404.5597229003906,391.0179748535156,403.71336364746094,4412612,570.5393667602539,397.67614898681643
2023-10-17,398.4236145019531,413.23490128641237,393.1338692217891,406.2524375165959,5526200,567.0416484069824,398.09851888020836
2023-10-18,414.9276428222656,418.9478494584834,399.6931755692299,407.0988193727889,5799804,563.6111602783203,398.9207326253255
2023-10-19,426.5650939941406,429.5273515913222,406.04088064224004,410.2726772096422,7961992,560.1226612854003,399.8745157877604
2023-10-20,446.0313415527344,446.8777008346181,426.77666788987915,428.8925660945885,6484864,556.8069207763672,401.09381510416665
2023-10-23,442.22271728515625,459.57308226954996,428.6809690046539,451.5326692280017,6426012,553.2152786254883,402.58583984375
2023-10-24,429.7388916015625,442.22269002819576,426.7766343477851,435.66340610911726,5183556,550.0229507446289,403.88713022867836
2023-10-25,461.26580810546875,463.5932961280193,437.99092787996346,438.62569734065903,5990064,547.102416381836,405.66187947591146
2023-10-26,488.56085205078125,493.85059709247446,463.17007585065403,466.7671024790054,7594776,544.4457675170898,407.5033533732096
2023-10-27,481.3668518066406,487.07977708082933,466.76715388371395,477.1350553072416,7367244,542.0151026916504,409.17640228271483
2023-10-30,466.13238525390625,477.3466459976452,460.2078701440064,471.4221308877454,5633796,539.5816539001465,410.50889383951824
2023-10-31,459.1499328613281,476.50029898788523,457.88039387645813,465.9208074473016,4687572,537.2080868530273,411.8844472249349
2023-11-01,435.2402648925781,456.610836965573,433.33595649003405,456.1876573205632,6128848,534.734337310791,412.6951380411784
2023-11-02,412.60015869140625,424.02600923978366,411.75379939152646,419.5826229154147,5158204,531.9720710754394,412.9170669555664
2023-11-03,398.2120666503906,409.2147379924843,393.7686801468528,408.5799684919789,5714536,528.98701171875,412.9234558105469
2023-11-06,393.76861572265625,401.1742586835874,391.65271773381875,395.88451371149375,4081128,526.390503540039,412.72407887776694
2023-11-07,382.97760009765625,394.4034511502935,379.8037525830348,390.38324429843965,5111616,524.040728149414,412.5701426188151
2023-11-08,382.1312255859375,389.32527966673587,379.5921476750675,381.70804593412583,4712664,521.6571618652343,412.1941390991211
2023-11-09,391.65277099609375,393.13389978970406,376.8414830599908,380.65009995784584,6771760,519.291643371582,411.75500335693357
2023-11-10,365.62725830078125,388.05578224747273,364.7808989065665,386.15147361048946,6286256,517.0436822509765,410.64642028808595
2023-11-13,369.0126647949219,374.72559022465975,365.8388173339564,370.07061394857703,4228352,514.928846282959,409.5596008300781
2023-11-14,345.7377624511719,351.6622773524159,342.56391518264826,350.1811486271049,6150408,512.45810546875,408.4349334716797
2023-11-15,344.89141845703125,348.4884455206935,338.9669032933522,340.2364422569977,5873028,510.17068054199217,407.25803426106773
2023-11-16,344.2566223144531,351.02749626286277,343.8334426926775,347.43046947777015,5122412,508.13693923950194,406.39982554117836
2023-11-17,344.46820068359375,349.1231763685072,341.50594342955793,346.5840987221908,4428888,506.49463973999025,405.1014948527018
2023-11-20,332.1960144042969,344.6798136717195,330.0801162233778,344.6798136717195,4548816,504.6217794799805,403.768462117513
2023-11-21,338.3321228027344,342.7755090309129,336.21622459883986,336.6394042396188,4377612,502.68684494018555,402.690202331543
2023-11-22,334.5235290527344,337.2741969070579,326.48311532471166,333.25399004304654,4568364,500.95710906982424,401.9782506306966
2023-11-24,336.42779541015625,338.7552833029309,334.3118973258156,335.79302598485407,1988336,499.05546295166016,401.40548350016275
2023-11-27,337.06256103515625,339.60163870773744,331.9844056899938,337.69733045330156,3652748,497.0581204223633,400.8848876953125
2023-11-28,334.735107421875,340.4480327697831,333.25397862797286,339.3900836312816,4301564,494.9737139892578,400.30470581054686
2023-11-29,336.2162170410156,336.85098648791495,324.7903669968276,328.5989836782236,4604456,493.0771253967285,399.76653849283855
2023-11-30,338.9669189453125,346.7957429159595,334.5235323673777,335.7930713896448,5414796,491.2697169494629,399.11478017171225
2023-12-01,336.42779541015625,346.58410621499115,334.73507694268375,342.1407202378759,4946896,489.5291166687012,398.2716649373372
2023-12-04,345.9493713378906,355.4709136682913,345.1030120196328,346.3725509970195,5010672,487.640422668457,397.61150410970055
2023-12-05,343.4102783203125,351.87387113165727,340.23643101605825,351.45069149109,4548004,485.65851013183595,397.134315999349
2023-12-06,349.54638671875,350.6043358310949,335.36986861332855,335.79304825826654,4329592,483.4443041992188,396.55143585205076
2023-12-07,335.369873046875,345.10300500911865,333.2539747942133,342.14074745539233,4478652,481.16227294921873,395.798134358724
2023-12-08,331.3496398925781,340.6595914604411,330.080101042415,340.02482203535953,5131384,478.96104965209963,395.12340138753257
2023-12-11,322.8860778808594,333.0423896359585,322.0397185679345,332.4076201512648,3959120,476.5197686767578,393.98180287679037
2023-12-12,315.2688293457031,325.8483202633442,315.0572395273503,322.8860628064047,3964464,474.12805892944334,392.73751271565754
2023-12-13,303.4197998046875,315.05723982509045,301.93867107481805,313.3645212766682,5832948,471.6567192077637,391.24721476236977
2023-12-14,304.90093994140625,311.67181438840487,298.13006549440763,301.09232306496955,5253672,469.09697250366213,389.50159861246743
2023-12-15,301.5155029296875,304.47776050233006,297.70688605057563,303.2082215426261,4657500,466.6161112976074,387.3045903523763
2023-12-18,294.74462890625,300.45755423321964,292.8403204639268,299.61119492552046,3882944,464.3460221862793,384.9982615152995
2023-12-19,290.7243957519531,294.5330122901883,290.30121613659367,294.10983267482885,3307452,462.06908264160154,382.7271967569987
2023-12-20,303.7515869140625,303.9676264495633,287.98070082250734,292.73357060352396,5255116,459.7186572265625,380.3488143920898
2023-12-21,293.81378173828125,301.1591262817383,292.7335840113023,295.3260585560518,4735512,457.3746029663086,377.8576995849609
2023-12-22,292.3014831542969,296.62227374046535,289.0608902146705,291.22128550775477,3522512,454.8150541687012,375.50712432861326
2023-12-26,287.1165466308594,291.00525832337667,285.8203094000203,290.7892187849035,2327420,452.06343811035157,373.08424021402993
2023-12-27,285.604248046875,288.6288013544819,284.95612948095925,286.9004851787065,3599104,449.3949768066406,370.80894927978517
2023-12-28,286.6844787597656,287.54863694743636,283.22784600908267,283.65992510291807,2501872,447.010179901123,368.1778533935547
2023-12-29,290.57318115234375,294.6779324102579,286.2523903545394,287.11654851410026,4782888,444.69884841918946,365.90779571533204
2024-01-02,305.4799499511719,310.6648995967363,297.9185650513904,298.35064418852073,5075128,442.7586608886719,363.81565348307294
2024-01-03,315.20172119140625,316.4979585643661,309.3686530130869,311.7450881968466,5269900,440.81917541503907,362.2417170206706
2024-01-04,320.6026916503906,321.2508102992796,312.82526786372347,320.6026916503906,4509448,438.9393119812012,360.8635920206706
2024-01-05,319.7385559082031,323.1951889450486,313.0413293993151,320.6027141674145,5839924,437.2008850097656,359.57685902913414
2024-01-08,300.0789489746094,317.36211378236226,299.43083029431864,316.93003466216845,4619584,435.22836166381836,358.0999994913737
2024-01-09,298.566650390625,307.6403112563314,296.4062549464092,306.99219262306667,4429984,433.36828018188476,356.5203521728516
2024-01-10,292.51751708984375,300.07890047104354,290.3571218380724,297.91850521927216,3905648,431.5138511657715,354.5895050048828
2024-01-11,291.43731689453125,302.45533258142603,287.33256595235474,290.5731588014415,6202276,429.58530136108396,352.87340342203777
2024-01-12,291.0052795410156,294.24587285439,287.54864667341633,289.276963107216,4530920,427.5992053222656,351.08309783935545
2024-01-16,291.43731689453125,297.0543444996149,287.9806845221721,293.81375165052816,5353348,425.79886444091795,349.0249257405599
2024-01-17,296.40625,305.69595025510205,295.5420918367347,298.7826849489796,5654356,424.1136264038086,346.8556116739909
2024-01-18,284.092041015625,292.73362401229804,283.01184314104086,289.9251095383793,6503188,422.52271942138674,344.1566233317057
2024-01-19,267.4569396972656,281.06743016651257,267.24090016600775,279.9872325102231,6489116,420.82812393188476,341.24386037190754
2024-01-22,266.5928039550781,267.88904125145615,260.97577567077343,263.5682502635294,4553524,419.09741149902345,338.52475891113284
2024-01-23,263.3521728515625,268.96920032829803,263.1361333332265,265.5125680349223,3717964,417.2510061645508,335.2261983235677
2024-01-24,259.0313720703125,260.1115696185624,251.68602874221358,256.22285844486294,6939512,415.4476141357422,331.4007069905599
2024-01-25,258.5993347167969,263.1361651504249,253.6304251942519,254.92666246100276,5785252,413.63385635375977,327.6879150390625
2024-01-26,263.3521728515625,264.6484099615784,259.0313824848429,262.2719752598826,4522420,411.7833479309082,324.30824483235676
2024-01-29,255.57481384277344,264.0003571562715,255.1427346984915,262.7041197234256,3664364,409.81087409973145,320.9153261820475
2024-01-30,260.7597351074219,262.48805149587207,256.4389441362964,257.5191418790778,3813832,408.0479198455811,318.00731735229493
2024-01-31,276.0985107421875,276.5305897887324,265.2965345785652,269.18524599746917,7089064,406.34422264099123,315.73228988647463
2024-02-01,266.5928039550781,275.0183463815352,265.94468530688914,273.0739904369682,6455040,404.59709999084475,313.5386355082194
2024-02-02,253.19834899902344,265.2965636269631,251.253993076676,263.5682472515432,7590612,402.7840301513672,311.1957977294922
2024-02-05,254.49456787109375,260.7597142787862,252.55021208939607,253.63040974589478,6225876,400.97231323242187,309.0544138590495
2024-02-06,256.2229309082031,260.54372232318127,251.68609992247607,252.76629777622063,4929656,399.0933381652832,306.95594228108723
2024-02-07,248.66151428222656,253.84646332025736,246.93319793621632,251.47002834449324,4975468,397.1847618865967,304.57275466918946
2024-02-08,247.36529541015625,249.9577701218784,246.06905805429517,248.66153276601733,3199788,395.24919059753415,302.6017219543457
2024-02-09,240.23597717285156,247.14924270300557,238.9397398859477,245.63696586828436,4144340,393.0974557495117,300.45544382731117
2024-02-12,243.26052856445312,244.5567658392193,236.9953817364166,240.66805401492078,4120708,391.01622970581053,298.7474899291992
2024-02-13,254.9266815185547,260.3276705337783,250.17381118515792,256.8710375640352,6691260,389.258982925415,297.24807764689126
2024-02-14,246.5011444091797,254.2785687726595,245.85302571222303,249.95777745961516,4850200,387.52114837646485,295.61881968180336
2024-02-15,244.7728271484375,250.38985583851638,244.12470845342838,245.85302497345268,3951288,385.7654415893555,293.95723012288414
2024-02-16,251.6860809326172,252.98231825930876,244.12469652691624,244.34073608136484,5586220,383.9663500213623,292.6153978983561
2024-02-20,257.5191345214844,264.21636033538203,252.76626458904087,255.57477864003022,5896380,382.13385749816894,291.2685147603353
2024-02-21,260.7597351074219,267.8890402097789,260.5436955588656,262.7040910444283,5679520,380.2806441497803,290.03911819458006
2024-02-22,238.07557678222656,246.28507942988952,236.34726043535014,244.77280262637268,6436968,378.51298950195314,288.39991455078126
2024-02-23,240.23597717285156,241.96429355539004,234.1868698339668,235.699146668688,4837344,376.77665077209474,286.7861381530762
2024-02-26,240.88406372070312,241.31614275876717,237.42743141619079,239.15574756844694,3702576,374.98611473083497,285.22195409139
2024-02-27,239.1558074951172,243.69263853160993,238.72372834878456,239.3718470682835,4140568,373.28232467651367,283.6042805989583
2024-02-28,243.0445098876953,244.98886596679685,240.88411424424913,242.82847032335067,4012484,371.62156852722165,282.0055737813314
2024-02-29,237.42745971679688,244.12468560507776,235.48310381374756,238.7236969854964,5096740,369.9019568634033,280.35556818644204
2024-03-01,226.62545776367188,236.13119669751512,225.32922063632964,236.13119669751512,6761764,368.17346519470215,278.3668362935384
2024-03-04,229.4340057373047,229.8660848441546,226.19341243593033,226.84153109620522,4068872,366.4682472229004,276.4672317504883
2024-03-05,241.74826049804688,245.63697246316292,234.4029156750499,234.4029156750499,6359156,364.92716796875,274.67059631347655
2024-03-06,237.21145629882812,240.66808954179828,232.02650643437286,235.05106052197175,7672280,363.5100746154785,273.03462270100914
2024-03-07,227.0575408935547,234.40288474738995,224.8971456424267,232.02644997114913,6590816,362.02375007629394,271.2964210510254
2024-03-08,236.77935791015625,238.07559527097825,222.08866782084,226.62549858371708,9022692,360.61270149230955,269.8613090515137
2024-03-11,239.5878448486328,242.82843788085057,237.64348902930217,239.37180531315164,5447056,359.11620529174803,268.59995930989584
