Price,Close,High,Low,Open,Volume,MA200,MA60
Ticker,TQQQ,TQQQ,TQQQ,TQQQ,TQQQ,,
Date,,,,,,,
2016-03-14,1.8879852294921875,1.9019080984043457,1.8559616408203545,1.8581498112571626,157166400,,
2016-03-15,1.8867915868759155,1.8919633665678184,1.8499942281182329,1.8688902706108617,193118400,,
2016-03-16,1.9349265098571777,1.951037433352673,1.8700837872379417,1.8700837872379417,176457600,,
2016-03-17,1.929356575012207,1.9466611707178143,1.8977309934535518,1.9202073692587256,127507200,,
2016-03-18,1.9404956102371216,1.956805253264877,1.9116549186779999,1.9452691587421678,147537600,,
2016-03-21,1.9635682106018066,1.9701318096743512,1.9283624172758103,1.9321412384377077,136008000,,
2016-03-22,1.9810718297958374,1.9959895390147424,1.9299533636900639,1.9317436435821338,127214400,,
2016-03-23,1.9339312314987183,1.9749055246278246,1.9204054604341227,1.9705289574165865,154454400,,
2016-03-24,1.9333347082138062,1.9369148118241328,1.8955434231331179,1.9025043436859912,127022400,,
2016-03-28,1.92637300491333,1.9532249234886476,1.9170250818841896,1.9528277158599956,129384000,,
2016-03-29,2.018465757369995,2.0228414152956673,1.9064832404996912,1.9158318474292735,179793600,,
2016-03-30,2.0486984252929688,2.0866892343727566,2.0355707683651705,2.055262253756868,209884800,,
2016-03-31,2.036763906478882,2.066997438503114,2.030200079000917,2.044123970207295,118521600,,
2016-04-01,2.1045901775360107,2.1069770653392053,1.9943977243413162,2.005735099967265,163022400,,
2016-04-04,2.07853364944458,2.1083690650371083,2.066002829525996,2.101408029543371,136632000,,
2016-04-05,2.0226423740386963,2.0550631646875086,2.012100324770154,2.0309962532552337,146841600,,
2016-04-06,2.1195080280303955,2.1210995901748944,2.0268195642158524,2.0288083340179814,182088000,,
2016-04-07,2.02801251411438,2.093849041354908,2.0015578076828624,2.083506393823254,252225600,,
2016-04-08,2.0232391357421875,2.07913000004792,2.0021548103504068,2.064809129808157,166243200,,
2016-04-11,2.001558542251587,2.0795287078672526,1.9999678904155105,2.049494797469533,137059200,,
2016-04-12,2.0483012199401855,2.062224202749142,1.9679441712990546,2.0053381445830643,182424000,,
2016-04-13,2.1282598972320557,2.1384040566518836,2.0898709744901147,2.0982248542322375,162182400,,
2016-04-14,2.1296520233154297,2.153122330237928,2.1129442623235537,2.1288569250982006,111240000,,
2016-04-15,2.113342046737671,2.1378070761660886,2.0972308964858635,2.122689741622322,83092800,,
2016-04-18,2.144569158554077,2.148944815279592,2.0916608835192214,2.0958378226501164,101462400,,
2016-04-19,2.1075737476348877,2.1680399048516357,2.0735613919341183,2.166051135113862,158582400,,
2016-04-20,2.112745761871338,2.1411881071186145,2.085297004857978,2.1047888614578687,107769600,,
2016-04-21,2.113342046737671,2.1354201885081614,2.0847000777209477,2.111551994807293,133473600,,
2016-04-22,2.017669439315796,2.0596384685356592,1.96873937437796,2.0321899399366123,201321600,,
2016-04-25,2.0160787105560303,2.0172721544876584,1.9876354567088932,1.9955912184587195,96950400,,
2016-04-26,1.9884305000305176,2.0401455676789357,1.969535481035973,2.0278134658096514,109315200,,
2016-04-27,1.940693736076355,1.9530260646431508,1.8907698623530003,1.9281629175226596,183004800,,
2016-04-28,1.8718740940093994,1.980474878784298,1.8585478339908206,1.947059357757944,160771200,,
2016-04-29,1.842038631439209,1.8808246494244047,1.796092063545893,1.8655088232917536,191260800,,
2016-05-02,1.8907700777053833,1.899322561515245,1.8308997318963014,1.8535745977816556,118017600,,
2016-05-03,1.840446949005127,1.8760508647677536,1.8235404723761963,1.8511877162585397,145963200,,
2016-05-04,1.804047703742981,1.8253306343944995,1.7897267187058954,1.8066341058042528,155145600,,
2016-05-05,1.8030539751052856,1.8346794425768,1.7903235271344258,1.8211537826334367,143976000,,
2016-05-06,1.8291094303131104,1.8307009922896418,1.7692399994492072,1.7742122648690233,156849600,,
2016-05-09,1.8452208042144775,1.8702825591631402,1.8283143258124537,1.8308998176456823,118540800,,
2016-05-10,1.9225943088531494,1.9237877528262735,1.8553648077690117,1.8649121319278399,116481600,,
2016-05-11,1.8700836896896362,1.9301526336019341,1.8672986839154513,1.913245247096897,127065600,,
2016-05-12,1.8438286781311035,1.8881836837876513,1.8052412640834914,1.884802980078759,184742400,,
2016-05-13,1.8215519189834595,1.8728687565717765,1.8129984108714217,1.8426352227359468,155966400,,
2016-05-16,1.8917640447616577,1.9118536481672508,1.8269224522974081,1.828911108383078,117292800,,
2016-05-17,1.8191651105880737,1.90290285922957,1.8058380537494214,1.8895767128955867,187228800,,
2016-05-18,1.8398501873016357,1.8694869968592454,1.7964900254161085,1.8090208443988727,237969600,,
2016-05-19,1.8108110427856445,1.8326896710226672,1.771228791225525,1.817374870264202,254097600,,
2016-05-20,1.8712772130966187,1.8927586339053717,1.8297061915469834,1.8328893155684265,125352000,,
2016-05-23,1.8621283769607544,1.8971345535953072,1.8583485302490146,1.876051246735644,86928000,,
2016-05-24,1.9760993719100952,1.9820663639684903,1.892758721156904,1.894150768915091,150004800,,
2016-05-25,2.0186641216278076,2.035769997916179,1.9876352652724416,1.99877415010353,140846400,,
2016-05-26,2.0355706214904785,2.0429306857933676,2.009315537155471,2.025426689233599,95270400,,
2016-05-27,2.066202402114868,2.067793053829375,2.0387538721140746,2.0389523621391246,107140800,,
2016-05-31,2.07853364944458,2.0882806014684454,2.0477044180525144,2.0775398336450426,112948800,,
2016-06-01,2.0793302059173584,2.0926563536789327,2.054068934051134,2.059638719333622,100536000,,
2016-06-02,2.091064453125,2.092257897054572,2.032786694470642,2.065207487697606,104659200,,
2016-06-03,2.062422513961792,2.082910233970507,2.022045958366988,2.079130273984898,155529600,,
2016-06-06,2.084501266479492,2.101010541312163,2.0630197243921766,2.071771952735936,85996800,,
2016-06-07,2.0697824954986572,2.0944460163972938,2.065804045661864,2.0912640304567667,77107200,,1.975038210550944
2016-06-08,2.0789315700531006,2.0920592245067984,2.0566547107320163,2.081119740088185,82262400,,1.9782206495602925
2016-06-09,2.0697824954986572,2.075948205003704,2.0421343405309034,2.0540685519105364,99729600,,1.9812704980373383
2016-06-10,2.000166177749634,2.0244327180766115,1.9776899170447417,2.0140889308437044,161760000,,1.9823578258355459
2016-06-13,1.9488492012023926,1.9979779787653282,1.9412906475759217,1.966551913786994,119049600,,1.9826827029387155
2016-06-14,1.9498443603515625,1.9689390087966177,1.9054883292227331,1.9329369717223115,141729600,,1.982838515440623
2016-06-15,1.932340145111084,1.9689390181631214,1.9215993768563746,1.962573680065493,106377600,,1.9823180476824442
2016-06-16,1.9462642669677734,1.9538219118117477,1.8653104911690872,1.9038979109508887,164361600,,1.98173792163531
2016-06-17,1.8796312808990479,1.9383073888569753,1.8667022283415506,1.9383073888569753,167020800,,1.9808329224586487
2016-06-20,1.9134451150894165,1.9717228762431394,1.9106601089661006,1.9470593536875702,139243200,,1.9805014292399088
2016-06-21,1.9325398206710815,1.944672523226707,1.9116548918295737,1.9251797560487742,86414400,,1.980604209502538
2016-06-22,1.920008897781372,1.9701321780312022,1.9144388856664158,1.93810859182799,103296000,,1.9789632618427277
2016-06-23,2.0009610652923584,2.0017573013694863,1.9402962073302634,1.9645618318385696,128558400,,1.9781676391760508
2016-06-24,1.7559139728546143,1.8766476827575687,1.7423883128442854,1.7901249321771104,325502400,,1.9734868069489797
2016-06-27,1.653677225112915,1.7183213441819956,1.6270249345997483,1.7159344563854575,235963200,,1.9659715910752615
2016-06-28,1.7573059797286987,1.7596927537332727,1.7024088118665937,1.7040002601001523,199468800,,1.9606177965799967
2016-06-29,1.8486021757125854,1.861531226563361,1.7968872242532443,1.8002688381660275,208464000,,1.957717126607895
2016-06-30,1.9158315658569336,1.9180190530590122,1.841839868153163,1.8597410706540016,165811200,,1.954322518905004
2016-07-01,1.9420868158340454,1.9653584011350722,1.9102617233451722,1.9124498933586582,131424000,,1.9528904239336649
2016-07-05,1.907676339149475,1.9206053903995843,1.8768460849404955,1.9170250587573523,130939200,,1.9509643773237864
2016-07-06,1.9526281356811523,1.9568050756036526,1.863121889982742,1.8816198155594186,173476800,,1.9501488705476124
2016-07-07,1.9711260795593262,1.9850497430873433,1.944274161625691,1.9613800386298428,126230400,,1.9488626182079316
2016-07-08,2.0622239112854004,2.0669974591914246,1.9949943014626816,2.0003646851233006,150043200,,1.947762018442154
2016-07-11,2.0974299907684326,2.12149690640773,2.0837054980837095,2.0856942679876207,142646400,,1.9472249845663707
2016-07-12,2.1304471492767334,2.1473545368347806,2.1220932695645702,2.1364143688041,115790400,,1.9475100696086884
2016-07-13,2.1155292987823486,2.148945042996582,2.114137364968069,2.147751599171845,126412800,,1.947026071945826
2016-07-14,2.158492088317871,2.1700290898498635,2.142380940195527,2.1574982727411864,109905600,,1.9478747109572092
2016-07-15,2.146359920501709,2.1761953367883553,2.133232264495213,2.172416514875402,85416000,,1.948434946934382
2016-07-18,2.189124345779419,2.2014557658695733,2.150338212305025,2.1521284921257706,83860800,,1.9496979852517446
2016-07-19,2.1664490699768066,2.186339041933382,2.1549120667878956,2.168039721430601,78667200,,1.9521776457627615
2016-07-20,2.2406394481658936,2.2539655925830635,2.1933009514820117,2.1996651505760205,90724800,,1.9559203247229258
2016-07-21,2.22731351852417,2.2591377038288405,2.208218870765674,2.2474019820816507,112804800,,1.9599017083644867
2016-07-22,2.2531700134277344,2.2615241192497053,2.2106052968240006,2.2324838079050218,86803200,,1.965109646320343
2016-07-25,2.255159378051758,2.255359006201942,2.2316892990218875,2.2481985698047406,76243200,,1.9714977343877156
2016-07-26,2.2627174854278564,2.2865859055362003,2.227710408568652,2.2529716729296325,136353600,,1.9785090486208599
2016-07-27,2.3068747520446777,2.326566239245745,2.279624709288071,2.31821213012559,130564800,,1.9854441265265146
2016-07-28,2.3319358825683594,2.340687879500678,2.2977248139074615,2.3196035542945634,87120000,,1.9936356087525686
2016-07-29,2.347252368927002,2.366545509589762,2.325969320106029,2.3486443030825126,102633600,,2.002689019838969
2016-08-01,2.3840482234954834,2.4021490553293083,2.3442682766735614,2.3530193641968435,105316800,,2.0123722573121388
2016-08-02,2.3303444385528564,2.3806673422347315,2.2847959931128035,2.3739041144263395,161107200,,2.0207261741161346
2016-08-03,2.3524229526519775,2.35361639668161,2.3205987649085347,2.3251738233772703,85334400,,2.0291795432567596
2016-08-04,2.373506546020508,2.380268862296413,2.334521023313686,2.351825387310272,84028800,,2.036694747209549
2016-08-05,2.4421284198760986,2.457443106255028,2.4017507302504635,2.411894661341287,123480000,,2.04622882604599
2016-08-08,2.4343717098236084,2.4476978573561454,2.4101051648317875,2.446305923218378,75902400,,2.0560712099075316
2016-08-09,2.4504823684692383,2.472957718447336,2.4345697077821784,2.4385481574866206,79819200,,2.066553384065628
2016-08-10,2.431586265563965,2.4560512961860654,2.4116962928645616,2.452272474524555,87720000,,2.075550421079
2016-08-11,2.463013172149658,2.478328086492764,2.441133519921337,2.4544596646769556,68649600,,2.0862812221050264
2016-08-12,2.467587471008301,2.467587471008301,2.4413321598729674,2.4484928234332335,68275200,,2.096743510166804
2016-08-15,2.4986159801483154,2.5151252475503783,2.4739522345390563,2.4763391220580564,57254400,,2.1082069257895153
2016-08-16,2.459233045578003,2.486284359373525,2.455852342685137,2.484096189638195,62596800,,2.118006189664205
2016-08-17,2.4707705974578857,2.4725606495365477,2.4182602027643094,2.459233593445309,89836800,,2.1281502266724903
2016-08-18,2.4731569290161133,2.482704251543772,2.450482180279251,2.463012998416905,56755200,,2.136434519290924
2016-08-19,2.469775676727295,2.4856883385208732,2.438945534700805,2.4596317446436835,73617600,,2.143953045209249
2016-08-22,2.4721622467041016,2.4880746788252424,2.4453103304856025,2.4580398664554846,73243200,,2.1512295722961428
2016-08-23,2.4868814945220947,2.5165172786687218,2.485091215000506,2.5021961806266693,62654400,,2.1582408905029298
2016-08-24,2.438945770263672,2.494042459386086,2.4156741801760484,2.483301690480078,71198400,,2.164247759183248
2016-08-25,2.4274098873138428,2.4496867529410253,2.4112987325488953,2.4196526140656385,58444800,,2.1700490872065226
2016-08-26,2.4391448497772217,2.485488623319847,2.3947889353985667,2.4305915695819444,107313600,,2.1758504271507264
2016-08-29,2.4459073543548584,2.4677867794849915,2.439144809190573,2.440536970698021,49833600,,2.1822418411572775
2016-08-30,2.4238290786743164,2.4574433158099795,2.3991655571918096,2.436956734265304,65750400,,2.1878973046938577
2016-08-31,2.417464017868042,2.4242272463130914,2.385838549799876,2.413287077844932,71616000,,2.1936919967333477
2016-09-01,2.4282050132751465,2.4429240049925602,2.3832531675001816,2.419055806571317,85953600,,2.1995132207870483
2016-09-02,2.4566478729248047,2.486085168719451,2.4307909087459887,2.4713670898874875,90739200,,2.205960977077484
2016-09-06,2.502196788787842,2.5041864692839217,2.4544601630887883,2.4713675533424593,65985600,,2.214328153928121
2016-09-07,2.5067708492279053,2.520893455091992,2.4801176544140238,2.509953062047723,58075200,,2.2236268480618793
2016-09-08,2.46380877494812,2.4876769718218545,2.444714126398666,2.486285037817612,70065600,,2.2321929216384886
2016-09-09,2.2770392894744873,2.4186578369508953,2.2770392894744873,2.403740126661459,160915200,,2.2379379073778787
2016-09-12,2.3937950134277344,2.409508045833662,2.238650727435119,2.242827894720085,130651200,,2.2453967531522117
2016-09-13,2.337306261062622,2.38444627057049,2.3011057366047245,2.361771519456905,125308800,,2.253024669488271
2016-09-14,2.367340564727783,2.406723305589684,2.340886762386907,2.3432736503485168,111528000,,2.2605895936489104
2016-09-15,2.4771342277526855,2.488869719074602,2.3689314772222523,2.3709202464766475,131860800,,2.2696661671002705
2016-09-16,2.4743504524230957,2.482704331450404,2.4385480486985944,2.4709688386130226,81523200,,2.278905193010966
2016-09-19,2.4419291019439697,2.5167172715599726,2.42880144580487,2.4932460548955433,91670400,,2.286254660288493
2016-09-20,2.4554543495178223,2.4862844858297333,2.444116747965692,2.4663936053681335,75782400,,2.2979136665662128
2016-09-21,2.5268611907958984,2.538198567094954,2.4443159771872076,2.48628500623716,138600000,,2.3124667326609294
2016-09-22,2.5859358310699463,2.596875090967998,2.565050899634886,2.5742001070996636,78100800,,2.3262772301832837
2016-09-23,2.5393919944763184,2.579171942457085,2.5276565000949014,2.5777800084796163,73065600,,2.3377903938293456
2016-09-26,2.476339340209961,2.504583191959726,2.464007011066676,2.4956324767880282,81883200,,2.347132190068563
2016-09-27,2.546552896499634,2.551126817016373,2.464007448081789,2.4735547730660423,82900800,,2.357206624746323
2016-09-28,2.5604755878448486,2.565050646377924,2.5216894530279497,2.5557020392853618,75696000,,2.368086612224579
2016-09-29,2.5061748027801514,2.5620668097540578,2.472560566797624,2.5495359903704324,114830400,,2.3773123900095623
2016-09-30,2.557689666748047,2.583149645547752,2.5167165142768395,2.529247330842989,79987200,,2.3870884497960407
2016-10-03,2.55192232131958,2.5594801912981864,2.519103415327788,2.5489388257978023,81758400,,2.395250089963277
2016-10-04,2.537402391433716,2.588719345345101,2.509556654625756,2.5700228147502773,112204800,,2.4025829633076987
2016-10-05,2.563856601715088,2.5887188374558736,2.556894656720106,2.5604749880206152,68856000,,2.409806454181671
2016-10-06,2.5598788261413574,2.5763880965225,2.5234795815998323,2.5543097244269157,74529600,,2.4172122796376545
2016-10-07,2.543170928955078,2.577581404935782,2.506573193091866,2.5680340804220947,90561600,,2.4236235936482746
2016-10-10,2.588718891143799,2.6090069803485285,2.5793711965518993,2.5807631303275156,59889600,,2.4309962431589764
2016-10-11,2.481710195541382,2.5865322816714493,2.44749911796518,2.5833491570909533,129643200,,2.4358726739883423
2016-10-12,2.4765377044677734,2.499610799595175,2.4512775774751723,2.4842949753809846,82056000,,2.4410408178965253
2016-10-13,2.4474985599517822,2.4675872491361748,2.3802691813401733,2.424823810261527,104428800,,2.4444884697596234
2016-10-14,2.4530677795410156,2.5125398900149123,2.450879381785061,2.480516305835956,81811200,,2.4482510407765705
2016-10-17,2.4361612796783447,2.4652004571963584,2.4264143282515542,2.452470920422879,55862400,,2.451300895214081
2016-10-18,2.4986159801483154,2.5346180105381304,2.4962290926293154,2.521092238721756,76968000,,2.4553585052490234
2016-10-19,2.4996111392974854,2.509556581558156,2.4860853651381123,2.4940422652494374,47054400,,2.459306732813517
2016-10-20,2.4890685081481934,2.5065725006532524,2.4469016820201768,2.4880744649316,69950400,,2.4623432954152427
2016-10-21,2.516120195388794,2.5218877865851455,2.4709689566590303,2.4944392605766494,58632000,,2.4654130339622498
2016-10-24,2.607813596725464,2.612985490109842,2.5650501578608456,2.5670389273912058,68649600,,2.4697557210922243
2016-10-25,2.5817577838897705,2.613980082477904,2.5716138533857964,2.610200350720914,59712000,,2.4730508804321287
2016-10-26,2.532231330871582,2.5730060015156817,2.5081635084750924,2.532031702745892,95308800,,2.4764156619707745
2016-10-27,2.496825695037842,2.5694256808412717,2.4854883207874674,2.5632599720790514,103041600,,2.478822374343872
2016-10-28,2.453664541244507,2.5129372549255278,2.4266141313836744,2.4731573073731736,142958400,,2.480158340930939
2016-10-31,2.439741849899292,2.477533028670965,2.4385484059168325,2.477533028670965,56904000,,2.4801185647646586
2016-11-01,2.389617919921875,2.4554544516212067,2.323581760111102,2.4554544516212067,101923200,,2.479372668266296
2016-11-02,2.3273608684539795,2.3977724663196986,2.311449345116413,2.381661314846069,81763200,,2.477320643266042
2016-11-03,2.260331392288208,2.339693487939894,2.2517787937873552,2.3178138317905193,87014400,,2.474466395378113
2016-11-04,2.234672784805298,2.2887745171409786,2.2233351806342108,2.239446333172465,84921600,,2.470660722255707
2016-11-07,2.394789218902588,2.4023477737191663,2.3337264484231413,2.3428756549610426,100963200,,2.469447418053945
2016-11-08,2.441730260848999,2.4739525637651787,2.370920772536368,2.3868332063631987,110587200,,2.46849932273229
2016-11-09,2.4759414196014404,2.486881815756665,2.3484452755551866,2.3552078211594054,183292800,,2.4687777956326804
2016-11-10,2.35819149017334,2.520098120411028,2.256949512436339,2.505976647626376,247968000,,2.4669014771779376
2016-11-11,2.3562026023864746,2.3733075706207027,2.2993158643956484,2.321792127265888,113563200,,2.464952238400777
2016-11-14,2.2766404151916504,2.365749439625729,2.250783453829085,2.360577774201873,177552000,,2.461733317375183
2016-11-15,2.3820598125457764,2.4037400689299404,2.327759357501431,2.334323186291328,105571200,,2.460231610139211
2016-11-16,2.4208452701568604,2.428403823272437,2.3460582514485226,2.3460582514485226,86337600,,2.4591310063997907
2016-11-17,2.476935863494873,2.476935863494873,2.4041376112545434,2.419253807601731,75537600,,2.4597641746203105
2016-11-18,2.449089765548706,2.4976226273920124,2.4415321209448524,2.4815117012498655,63057600,,2.460125505924225
2016-11-21,2.52268385887146,2.5304411296744287,2.4636096433546073,2.464603686653899,83625600,,2.4615178227424623
2016-11-22,2.545358896255493,2.5658454758553133,2.527656184262764,2.553314657231408,76680000,,2.463175348440806
2016-11-23,2.5147275924682617,2.52944658312804,2.4823065702660294,2.5208942128843272,73824000,,2.464690323670705
2016-11-25,2.5389935970306396,2.542772418521748,2.516318619448759,2.52666126821037,38280000,,2.4667158166567487
2016-11-28,2.524871349334717,2.5578898879228396,2.5145287000280456,2.527457637633293,71467200,,2.468326922257741
2016-11-29,2.549138069152832,2.584145152232074,2.508561884334769,2.527059696960598,74582400,,2.4698684255282086
2016-11-30,2.4665932655334473,2.560474926506377,2.4530674939588772,2.554309217840411,151296000,,2.4692750334739686
2016-12-01,2.3311407566070557,2.4542612350149713,2.3166200295103727,2.4540625173896355,186384000,,2.466347865263621
2016-12-02,2.3404884338378906,2.3701253577999464,2.3126427000037717,2.33332799822288,102984000,,2.464292526245117
2016-12-05,2.394590139389038,2.4242268326462555,2.345461366184954,2.378280272606143,89942400,,2.4662517070770265
2016-12-06,2.4118947982788086,2.425619289256174,2.383650945814692,2.4130882421736293,69254400,,2.4665533701578775
2016-12-07,2.501400947570801,2.5133351584435064,2.3768876282044764,2.397772326512107,148867200,,2.4692882815996806
2016-12-08,2.5167174339294434,2.5370052999970762,2.4932462157507365,2.5077667173251053,113016000,,2.4717778960863748
2016-12-09,2.575591564178467,2.5799681323064814,2.545159540319382,2.545159540319382,102672000,,2.4734188516934714
2016-12-12,2.5397889614105225,2.556696348204536,2.5105501561130836,2.540385569523224,95150400,,2.4745094935099283
2016-12-13,2.6390416622161865,2.6798163250759295,2.5638563069328795,2.567436637821736,169195200,,2.4777947028477985
2016-12-14,2.6197476387023926,2.672854633292048,2.5972722909569512,2.6442126663546874,142377600,,2.480532924334208
2016-12-15,2.6356606483459473,2.6792205578046495,2.6127871775006737,2.6269086497736946,106425600,,2.482346248626709
2016-12-16,2.6036367416381836,2.665097620747052,2.5891171529751906,2.6479926543733296,114753600,,2.4826412638028463
2016-12-19,2.6354622840881348,2.6831989083999384,2.602841859129254,2.6145775820849018,83572800,,2.4842424352963763
2016-12-20,2.6672863960266113,2.6802153350456397,2.65137373312756,2.6561475092346583,62784000,,2.487424886226654
2016-12-21,2.657937526702881,2.6736514717471174,2.6412297657988777,2.668281087509949,48288000,,2.4892812967300415
2016-12-22,2.6348657608032227,2.662711499910696,2.6064222753281383,2.6591311676120846,65520000,,2.4905211329460144
2016-12-23,2.643019676208496,2.644213120155637,2.6155711483027293,2.6241246564472487,32251200,2.2450781774520876,2.492801880836487
2016-12-27,2.6816070079803467,2.7275535742194466,2.654556599054179,2.657340694509096,75643200,2.2490462863445284,2.494867169857025
2016-12-28,2.619549512863159,2.7064701518982153,2.6137810109516417,2.697916871658803,91339200,2.2527100759744645,2.495994289716085
2016-12-29,2.6068201065063477,2.6346658425478737,2.58334889004895,2.618157482764371,85728000,2.25606954395771,2.497151251633962
2016-12-30,2.530639886856079,2.6233283453026606,2.506174855703071,2.621737693754942,105384000,2.2590759605169297,2.496597639719645
2017-01-03,2.591902732849121,2.623328804850826,2.553315313235902,2.5779788387136415,97646400,2.26233299612999,2.497131371498108
2017-01-04,2.636059045791626,2.650578408892563,2.60045512549454,2.6038367399276052,66513600,2.2656954503059388,2.498679506778717
2017-01-05,2.682799816131592,2.6861814294319593,2.6314828782689075,2.6338697655244037,61372800,2.2692040902376176,2.5002475221951803
2017-01-06,2.7508249282836914,2.7719083434964085,2.6672859102592015,2.6877724897541406,95798400,2.2732885587215423,2.5047327677408853
2017-01-09,2.778672218322754,2.792594972781215,2.752018787638464,2.7575878894218486,66172800,2.277515246272087,2.509768342971802
2017-01-10,2.794583797454834,2.8208388828635935,2.7629583278003995,2.7774788288564687,66336000,2.2818563002347947,2.515553096930186
2017-01-11,2.8160650730133057,2.8180547531868156,2.7555989178902265,2.7965732181983154,94104000,2.285844296813011,2.521603051821391
2017-01-12,2.801743745803833,2.8100976248137037,2.7261613994901674,2.7882191116008226,80517600,2.2896095234155656,2.5276960929234824
2017-01-13,2.833966016769409,2.847491788965167,2.8100975961621697,2.810893832360496,58612800,2.293595533967018,2.5332852602005005
2017-01-17,2.807313919067383,2.8244188856718924,2.7830473787146386,2.8085073629413255,55531200,2.297109152674675,2.538413639863332
2017-01-18,2.826408863067627,2.8319777372707344,2.7977668899589894,2.8204416430703056,49329600,2.3008485287427902,2.5440359791119893
2017-01-19,2.818850040435791,2.865791331987643,2.8029373794142884,2.8343643557009655,59731200,2.304829567074776,2.549081476529439
2017-01-20,2.8371493816375732,2.8781227711705237,2.8164631725523055,2.856244028695462,56846400,2.3084177738428115,2.552903739611308
2017-01-23,2.8435134887695312,2.856243935939817,2.7914012153725873,2.8283972920186895,55250400,2.3124952787160873,2.557266334692637
2017-01-24,2.90278697013855,2.915118388097796,2.8470936849447517,2.859027667681256,51691200,2.316893017888069,2.563442262013753
2017-01-25,2.9875199794769287,2.991895409414753,2.948932338548832,2.955297676327488,56148000,2.3218228250741957,2.571620500087738
2017-01-26,2.9998514652252197,3.017752670632255,2.983939940227921,3.001044909269179,50856000,2.326580576300621,2.5807236154874165
2017-01-27,3.014171600341797,3.024117040063518,2.9867230790041734,3.0153650440033593,33249600,2.33101013481617,2.5902974446614584
2017-01-30,2.9457502365112305,2.98393953016512,2.8952286135557865,2.98234796815699,75043200,2.335090625882149,2.5995663166046143
2017-01-31,2.9294395446777344,2.9294395446777344,2.875735934237511,2.915516791084169,59616000,2.339171113371849,2.6096009612083435
2017-02-01,2.985133171081543,3.0042278191688476,2.9469438749069337,2.986723822690084,72511200,2.3433739334344863,2.621680990854899
2017-02-02,2.977574586868286,3.0054212329150394,2.94535228318507,2.9700158050374568,57895200,2.3477239376306533,2.6340626875559487
2017-02-03,3.003431797027588,3.0133772399348824,2.9803596077690653,2.9895088143106703,48192000,2.352177367806435,2.644206730524699
2017-02-06,3.0145702362060547,3.0161617981963236,2.980756372697129,2.9887132721439014,41707200,2.3566835087537767,2.6537540634473165
2017-02-07,3.0455992221832275,3.06668263929363,3.0257092489896693,3.0304827970308925,46634400,2.361823157668114,2.663248360157013
2017-02-08,3.0627055168151855,3.0746397299820067,3.0181511058173074,3.034858867675147,36967200,2.3670562916994093,2.6749902606010436
2017-02-09,3.094528913497925,3.1160104461724045,3.0662850639000627,3.0710586113687666,51525600,2.3725867837667467,2.687295699119568
2017-02-10,3.125159740447998,3.138685285187934,3.1000978757322173,3.116010535714289,47872800,2.3785091137886045,2.7014376878738404
2017-02-13,3.180056571960449,3.1915935740241683,3.149823954110694,3.154597729015601,42988800,2.38505002617836,2.7147376338640847
2017-02-14,3.209892511367798,3.211085955290756,3.152211361184809,3.182046776380307,62664000,2.391889295578003,2.7278884212176004
2017-02-15,3.2651875019073486,3.2715526112394024,3.198356016368969,3.205914797100275,73564800,2.398761382699013,2.741025948524475
2017-02-16,3.2624034881591797,3.2926370268936376,3.238933178905589,3.2731442577567895,63950400,2.405871165394783,2.7545811772346496
2017-02-17,3.303377389907837,3.3057642778860123,3.2468885423869573,3.2488782227052133,51607200,2.4133678138256074,2.767592736085256
2017-02-21,3.3558878898620605,3.360661438338138,3.3188918079481353,3.326450590278263,66729600,2.421131983399391,2.7811015526453655
2017-02-22,3.356285572052002,3.3646394515195857,3.3280405820319707,3.345544804843353,43056000,2.4287678641080857,2.795127518971761
2017-02-23,3.320085048675537,3.3714020005015874,3.2787135389955795,3.3710038823492137,62676000,2.436142185330391,2.8081457098325093
2017-02-24,3.3379862308502197,3.3379862308502197,3.2699615193871905,3.2723484072765285,50731200,2.443219144940376,2.8216976245244343
2017-02-27,3.347931385040283,3.349920154608839,3.302183539057771,3.3204828595516864,52437600,2.4506083834171295,2.835010846455892
2017-02-28,3.32167649269104,3.351511907564,3.2914429596798604,3.3483287834674464,41904000,2.457997622489929,2.849262233575185
2017-03-01,3.429083824157715,3.4449955744550915,3.363843212338736,3.379755645514543,63254400,2.4660352820158007,2.8675612847010297
2017-03-02,3.3749823570251465,3.4274925255612936,3.36384347084516,3.4274925255612936,42919200,2.473451373577118,2.8848028500874836
2017-03-03,3.3924853801727295,3.397258928302943,3.341168428922534,3.3670265326869764,34646400,2.4813179749250414,2.9014344374338785
2017-03-06,3.3690149784088135,3.3877115074991955,3.3300303581865824,3.3558875507066643,38774400,2.4889637988805773,2.9173864404360454
2017-03-07,3.352307081222534,3.397258691495995,3.336394420601778,3.347533305798921,35428800,2.4966712790727614,2.931568209330241
2017-03-08,3.369412899017334,3.402032407292167,3.3491248090748513,3.360660901685393,38652000,2.5041619575023653,2.945779800415039
2017-03-09,3.379755973815918,3.392088304207323,3.3244607980801852,3.3686170874099335,44172000,2.511750095486641,2.959182540575663
2017-03-10,3.4167516231536865,3.4354481523900495,3.377767002627068,3.423116960864653,51456000,2.518953356742859,2.9737985849380495
2017-03-13,3.4366416931152344,3.4398248173126906,3.4103866091401778,3.413569733337634,33883200,2.526043244600296,2.987091918786367
2017-03-14,3.411182403564453,3.418342838698074,3.3702081069977856,3.4131711730517678,53020800,2.532921303510666,3.0002824982007343
2017-03-15,3.470853328704834,3.49750561765097,3.399248292401773,3.4346528062554906,63813600,2.5399445581436155,3.014202376206716
2017-03-16,3.4688642024993896,3.4947223079875296,3.443802560986311,3.4947223079875296,38875200,2.5468962109088897,3.028622833887736
2017-03-17,3.460510015487671,3.4907435485719125,3.458521245800972,3.4768205673819597,35320800,2.553802109956741,3.0423736294110615
2017-03-20,3.470853328704834,3.4955170757317853,3.4449954549713757,3.460509769484407,36696000,2.5607010543346407,3.0557664116223653
2017-03-21,3.3161063194274902,3.520578783713639,3.308150558208558,3.5094398985530293,93568800,2.566969473361969,3.066735891501109
2017-03-22,3.38134765625,3.3904968626693077,3.302582171419601,3.318096488529636,71373600,2.5734537053108215,3.0791772564252216
2017-03-23,3.354295492172241,3.39566790458515,3.338383743757336,3.369014479737196,59064000,2.5798762702941893,3.091031853357951
2017-03-24,3.3725950717926025,3.4255035798772826,3.336792440052618,3.386120844301593,51686400,2.586344587802887,3.1025483210881553
2017-03-27,3.3904967308044434,3.407999817111968,3.279110826254477,3.3037754869554177,75259200,2.592948158979416,3.1153974413871763
2017-03-28,3.4541454315185547,3.48358272504849,3.3690146260436222,3.39009804073879,84000000,2.6002180552482606,3.12951953013738
2017-03-29,3.499892473220825,3.504666248489461,3.449371763428122,3.4573275244148696,48170400,2.6079732716083526,3.1456737399101256
2017-03-30,3.5173966884613037,3.5289327816238165,3.487163155905303,3.498699249067816,52927200,2.6158110332489013,3.1610986391703286
2017-03-31,3.509042739868164,3.5372865917124545,3.4903453008421983,3.5018823042825273,54146400,2.6236945462226866,3.175648367404938
2017-04-03,3.5014841556549072,3.543651898309442,3.4457917781957206,3.519385358276125,64521600,2.6314706456661225,3.189293106396993
2017-04-04,3.5173966884613037,3.520180783873117,3.468466627016406,3.4708535148005835,32424000,2.6396594727039338,3.2020693023999534
2017-04-05,3.477217674255371,3.595365886699024,3.4565326035786628,3.534501842285806,73360800,2.6474783354997635,3.2137117266654966
2017-04-06,3.4800026416778564,3.5090427296866893,3.4549410033877717,3.4891518468498064,61651200,2.655215649604797,3.2251353740692137
2017-04-07,3.4760243892669678,3.5074513667900087,3.438233212064309,3.477615951345722,41575200,2.6629957270622255,3.2361346960067747
2017-04-10,3.4800026416778564,3.521772266454141,3.4501672279271025,3.4879584029846393,48376800,2.670390934944153,3.2474390109380087
2017-04-11,3.4362447261810303,3.4839813461475404,3.3586724626560227,3.4664771221349295,85346400,2.678792588710785,3.2574769894282025
2017-04-12,3.390894651412964,3.439426595532472,3.380551091465989,3.432266159687046,68095200,2.6874786758422853,3.2672033349672955
2017-04-13,3.3507158756256104,3.435846695560201,3.3487271058224355,3.3773690785320234,61370400,2.6954457253217696,3.275941785176595
2017-04-17,3.4302773475646973,3.4346530050194373,3.374982175918082,3.3789603981173477,36333600,2.7033541011810303,3.28613224029541
2017-04-18,3.4203312397003174,3.448177879166884,3.39208739268179,3.398451590931234,50755200,2.710876599550247,3.2958519379297893
2017-04-19,3.4322664737701416,3.4935288712665407,3.4179453731426297,3.459715003377852,57568800,2.718327497839928,3.3056644876797994
2017-04-20,3.515407085418701,3.5404689524500252,3.4581231430987502,3.474035804551042,82492800,2.726366151571274,3.3158748229344686
2017-04-21,3.5138165950775146,3.5313196801274547,3.489550054282148,3.5269440226780437,54026400,2.7341720938682554,3.3246464331944785
2017-04-24,3.641512155532837,3.651854804899283,3.6144606086435798,3.629975151758623,60072000,2.742524024248123,3.3353407780329385
2017-04-25,3.722266435623169,3.7405657572205877,3.6693579233978526,3.677711803169786,64113600,2.750824236869812,3.3471423586209617
2017-04-26,3.7059566974639893,3.7525001012494794,3.6980000250460083,3.7258466713127425,87660000,2.7588668704032897,3.3598124663035076
2017-04-27,3.770798683166504,3.7711968013380703,3.724653395452053,3.7338026017344594,57676800,2.767068628072739,3.3738351186116535
2017-04-28,3.792280673980713,3.8209224231445034,3.773186022787388,3.8165469923784863,68500800,2.7754523849487303,3.3872875769933066
2017-05-01,3.8877530097961426,3.9072460022212905,3.82251308080633,3.8272868562879054,64634400,2.7840986895561217,3.4024572173754373
2017-05-02,3.9108259677886963,3.9163950688185665,3.877012105367898,3.906847518193336,60412800,2.7929210197925567,3.4175804535547893
2017-05-03,3.872238874435425,3.8873564387203756,3.8408128057574307,3.88695809292734,73586400,2.801336592435837,3.431874930858612
2017-05-04,3.8762168884277344,3.892129321498907,3.836436033375945,3.874228346452657,72607200,2.8098854315280914,3.4457185586293537
2017-05-05,3.918384075164795,3.918384075164795,3.8622933597577367,3.90406320610954,54506400,2.818274154663086,3.4599798679351808
2017-05-08,3.9418554306030273,3.9434469928787292,3.900483916482124,3.9243523428416123,61267200,2.82684686422348,3.474101976553599
2017-05-09,3.9852163791656494,4.011073344791851,3.951800404133011,3.9605517193474142,75717600,2.83550709605217,3.4884362538655598
2017-05-10,3.99157977104187,3.995160329963808,3.949412942176431,3.989591229227372,56193600,2.8441891980171206,3.501961640516917
2017-05-11,3.9820334911346436,3.9840229438607966,3.903665898060799,3.9593582825799003,62433600,2.8527857780456545,3.5148306568463643
2017-05-12,4.007890224456787,4.010277111794321,3.976861599573267,3.9872040192822302,58538400,2.8612908554077148,3.5272090355555217
2017-05-15,4.045283794403076,4.052047022104246,4.001525401604963,4.011868277893525,69340800,2.8698575949668883,3.540257040659587
2017-05-16,4.0962042808532715,4.096601260881839,4.041306768576992,4.073926508263857,77066400,2.8786023545265196,3.5534708221753437
2017-05-17,3.7863128185272217,4.021018834180059,3.781142062694322,3.9999342783035936,140236800,2.8856136775016785,3.56064457098643
2017-05-18,3.882183790206909,3.9195777566694456,3.764433927892796,3.780743568203776,120384000,2.8933728742599487,3.5694095412890117
2017-05-19,3.929124593734741,3.979645295065118,3.916792267147746,3.919974479958965,72844800,2.9012563824653625,3.5795602003733316
2017-05-22,4.03096342086792,4.035737196744322,3.952197939916584,3.9565742805135566,65354400,2.9095436668395998,3.59110982020696
2017-05-23,4.040907859802246,4.065571603619152,4.010674105176129,4.0639809523917405,68858400,2.9175375640392303,3.6026594281196593
2017-05-24,4.096601486206055,4.10137526236262,4.042897642575579,4.074722968703462,64941600,2.925848712921143,3.615574844678243
2017-05-25,4.20440673828125,4.231059940380126,4.1156958167120745,4.141553693014709,87504000,2.9346183347702026,3.6284968932469686
2017-05-26,4.222308158874512,4.226683588873249,4.185312079502186,4.2012245136657365,54856800,2.9435719442367554,3.642618989944458
2017-05-30,4.231059551239014,4.2465740934927565,4.20758856498842,4.2119649051006665,55192800,2.952412176132202,3.656595226128896
2017-05-31,4.225888729095459,4.278797248465903,4.161444114792672,4.2696471311791955,96902400,2.9612036824226378,3.670876455307007
2017-06-01,4.27640962600708,4.279989729991701,4.198837367823506,4.250949641859068,74092800,2.9700926506519316,3.6862781643867493
2017-06-02,4.4224042892456055,4.425587413752682,4.299880400360074,4.318577159567903,83244000,2.9799085068702698,3.703828020890554
2017-06-05,4.418824195861816,4.441897296072902,4.400127436606675,4.418824195861816,51477600,2.9896487748622893,3.7211458245913187
2017-06-06,4.368698596954346,4.445873855032909,4.346421742601764,4.402910797403869,77733600,2.9991264832019806,3.737011607487996
2017-06-07,4.416436195373535,4.4275748521092275,4.342444502865451,4.399728437896121,81410400,3.0088597857952117,3.7533415158589682
2017-06-08,4.428370475769043,4.450648245991739,4.358755118430252,4.443885018150146,92563200,3.0186408269405365,3.7702946503957113
2017-06-09,4.108138084411621,4.4605930541842636,3.9247492531212083,4.444283640311432,233138400,3.026747109889984,3.7809160629908245
2017-06-12,4.03374719619751,4.052046514088808,3.875818383037921,3.993966347456904,166449600,3.0347211170196533,3.79033077955246
2017-06-13,4.12802791595459,4.144337784519796,4.035339460080675,4.096600939825708,126492000,3.043224207162857,3.801456077893575
2017-06-14,4.072732925415039,4.176560049484162,3.9752711395115026,4.176560049484162,139012800,3.051392147541046,3.811487404505412
2017-06-15,4.017834663391113,4.03136020624894,3.8738292875315454,3.948219317997393,141158400,3.059251784086227,3.8231828769048053
2017-06-16,3.969703197479248,4.012666283508961,3.9211700974880475,4.009881048901982,93856800,3.066981154680252,3.83298880259196
2017-06-19,4.161840438842773,4.175365069535901,4.061990441357482,4.080289756536591,110944800,3.075703036785126,3.8464478850364685
2017-06-20,4.067562103271484,4.1666159049850435,4.061992091027871,4.151896686688312,85939200,3.0838998222351073,3.85803066889445
2017-06-21,4.185709476470947,4.1896865597926105,4.0842688128968945,4.092622690982119,83589600,3.092545130252838,3.8712842146555584
2017-06-22,4.180936336517334,4.2270811629559635,4.149111015320372,4.204406412603967,68445600,3.100938827991486,3.8833973964055377
2017-06-23,4.22787618637085,4.244584399135364,4.132402961120584,4.16621682186237,68786400,3.1095443546772,3.8955304582913715
2017-06-26,4.171786308288574,4.322952831308498,4.14234878468817,4.297492846969124,105681600,3.118084242343903,3.9064369519551594
2017-06-27,3.9422531127929688,4.136780140285794,3.9422531127929688,4.123254139481106,144088800,3.126410311460495,3.9136571248372394
2017-06-28,4.10774040222168,4.120470169266564,3.915998570640848,3.983625401160248,120861600,3.1349800384044646,3.9237613956133526
2017-06-29,3.898493528366089,4.060002916675237,3.7791518804517747,4.057217683360952,231564000,3.142785974740982,3.9301130096117656
2017-06-30,3.884969472885132,3.962541282431059,3.8622942650428875,3.9323079754762835,98616000,3.1503741192817687,3.9369088729222614
2017-07-03,3.7791523933410645,3.9665187695748654,3.7696050693172456,3.954187349989562,81684000,3.1568842101097108,3.9418947021166484
2017-07-05,3.886958122253418,3.9179872111294873,3.7731855551283933,3.8081926389368124,114033600,3.163947248458862,3.9487435976664225
2017-07-06,3.7843234539031982,3.846381163936973,3.740565290811232,3.7970529896044005,106324800,3.1706592202186585,3.9538156112035114
2017-07-07,3.897698402404785,3.93429613329872,3.818932928955176,3.8217177071599053,89623200,3.177870440483093,3.961506505807241
2017-07-10,3.979248523712158,4.007890720052103,3.8809905165526115,3.912417491006065,92114400,3.1851323771476747,3.971312403678894
2017-07-11,4.011868476867676,4.026985584445987,3.9171914788964903,3.961744744365125,108571200,3.1922620403766633,3.982331613699595
2017-07-12,4.154681205749512,4.167410515321924,4.090236600604789,4.112513461421886,105307200,3.2003384864330293,3.9944050113360086
2017-07-13,4.182129859924316,4.211567385070448,4.145531215874521,4.170991201550767,91476000,3.208867439031601,4.007101655006409
2017-07-14,4.280386924743652,4.2955040313349535,4.19804089570569,4.23145686694306,84636000,3.217536609172821,4.0212369958559675
2017-07-17,4.282774448394775,4.331307078178878,4.261690802534679,4.294311452915991,100663200,3.2261481034755706,4.034026451905569
2017-07-18,4.3679046630859375,4.372280548322077,4.236629016506384,4.274022986274511,84182400,3.2354567527770994,4.048261253039042
2017-07-19,4.447864055633545,4.465367142278035,4.402514093969672,4.405696307813274,104234400,3.244907624721527,4.061700451374054
2017-07-20,4.46457052230835,4.489632156258429,4.403308143427436,4.480482952670877,108460800,3.254470865726471,4.07407218615214
2017-07-21,4.457808971405029,4.458205951396974,4.388988028328988,4.409275891128339,86916000,3.2640728986263277,4.086603057384491
2017-07-24,4.5158891677856445,4.527425263049007,4.439908456370305,4.456616218649919,88732800,3.2738330614566804,4.099021232128143
2017-07-25,4.485654354095459,4.51548976698202,4.4470680820398085,4.474118716779594,94180800,3.283461939096451,4.110577460130056
2017-07-26,4.525834560394287,4.534188441440243,4.495202904471829,4.51429755475578,60607200,3.293375257253647,4.121212152640025
2017-07-27,4.445078372955322,4.628467653809448,4.282774102012969,4.616930650221321,188956800,3.3026570546627045,4.130116359392802
2017-07-28,4.430757522583008,4.451045841079563,4.338864391721388,4.366711264060606,70022400,3.3124022912979125,4.139425003528595
2017-07-31,4.373076438903809,4.484064212616058,4.34363800563913,4.466958108293402,88716000,3.321884984970093,4.14770599603653
2017-08-01,4.401719093322754,4.420415852979118,4.361938230572446,4.41683529307512,61156800,3.3316560876369476,4.155761579672496
2017-08-02,4.433940410614014,4.489234896087099,4.313802523302666,4.4848594665192465,110366400,3.3415604507923127,4.163962996006012
2017-08-03,4.387794017791748,4.4522386156787475,4.36034549393297,4.450647964320172,72640800,3.3513186144828797,4.170672623316447
2017-08-04,4.404900074005127,4.43831558873677,4.354378456193899,4.4136522984018,71488800,3.3608500349521635,4.177561295032501
2017-08-07,4.482870578765869,4.490031241896916,4.411662748453734,4.430757394884244,54837600,3.370766332149506,4.185908579826355
2017-08-08,4.466163158416748,4.574764053578036,4.427973862662382,4.462980034225411,103886400,3.3806518054008485,4.193546462059021
2017-08-09,4.4486589431762695,4.454228954984649,4.3257367267178495,4.356765812523778,99081600,3.3903144991397856,4.200269381205241
2017-08-10,4.159852027893066,4.3818275901060355,4.149509605966451,4.373872056028758,163382400,3.3980746912956237,4.201330176989237
2017-08-11,4.2549285888671875,4.283172444050787,4.150703118110686,4.180140644930188,105271200,3.406440545320511,4.209140439828237
2017-08-14,4.420414924621582,4.439509570840697,4.352788109502087,4.353981780970187,95488800,3.415881463289261,4.218110958735148
2017-08-15,4.428370475769043,4.454228805158011,4.392171090885879,4.445078234370718,72297600,3.425539187192917,4.22643172343572
2017-08-16,4.451443672180176,4.513103497352878,4.407287386986062,4.459399661169611,99052800,3.435528082847595,4.2334397276242575
2017-08-17,4.177753448486328,4.418823657627111,4.176958122706782,4.397342122290149,158582400,3.4442181408405306,4.235720487435659
2017-08-18,4.163033962249756,4.252937617535034,4.117286126174578,4.1841176010989205,129852000,3.4530852210521696,4.236827695369721
2017-08-21,4.155476093292236,4.194460709424012,4.073528411594756,4.170195309117591,86481600,3.462225797176361,4.236012184619904
2017-08-22,4.340456008911133,4.353185773726824,4.214749467543106,4.216738920094589,94264800,3.4726264202594757,4.2379813154538475
2017-08-23,4.291923999786377,4.321759412490155,4.263679238510623,4.269248794770053,84076800,3.482912676334381,4.238995722929636
2017-08-24,4.256121635437012,4.340057862822437,4.180936267248988,4.32335010439227,97180800,3.492219338417053,4.2394996047019955
2017-08-25,4.227479457855225,4.335682452907963,4.211567025074272,4.299481702475218,92620800,3.501148084402084,4.238684101899465
2017-08-28,4.264476299285889,4.295504934186354,4.225093328380928,4.264476299285889,66242400,3.510090758800507,4.236051968733469
2017-08-29,4.316985130310059,4.336079773988352,4.143541775459727,4.1534872153614035,85123200,3.51988472700119,4.234354650974273
2017-08-30,4.466560363769531,4.487246574785981,4.316986297397541,4.324543941471664,106248000,3.5304365158081055,4.2359856804211935
2017-08-31,4.593459606170654,4.6097690161028275,4.495599049307848,4.50275971110333,106176000,3.5420206117630006,4.238936070601145
2017-09-01,4.5902791023254395,4.6459714899893045,4.554873670585791,4.628468402281878,71001600,3.553061708211899,4.241634547710419
2017-09-05,4.467356204986572,4.577946093312961,4.362732853282964,4.546519116650079,129235200,3.5632942628860476,4.247621516386668
2017-09-06,4.5059428215026855,4.536176125880689,4.409674262394398,4.503555933762076,85557600,3.5734392976760865,4.255491443475088
2017-09-07,4.533790588378906,4.5707862175307055,4.487246951127571,4.532199026069462,73970400,3.5838628017902376,4.262254154682159
2017-09-08,4.422006607055664,4.524640503999246,4.405695828060904,4.51668360449968,82646400,3.5933594155311583,4.268075382709503
2017-09-11,4.562829971313477,4.591869150150607,4.52026388071082,4.521855442772284,85279200,3.6034467709064484,4.277158637841542
2017-09-12,4.601417064666748,4.621307951954399,4.5377686837091575,4.606588731781728,73418400,3.613880218267441,4.287687202294667
2017-09-13,4.620510578155518,4.621704249620091,4.556464322377271,4.574763642815863,51604800,3.624287803173065,4.2953317046165465
2017-09-14,4.54254150390625,4.60698610772111,4.5310045003467465,4.56959213978748,73576800,3.6343761539459227,4.30324802796046
2017-09-15,4.579139709472656,4.634832093755836,4.514297208444954,4.537768197990731,79264800,3.644526162147522,4.309805198510488
2017-09-18,4.568000316619873,4.643185683438771,4.525037249866217,4.599028945246255,91509600,3.655033197402954,4.3162562648455305
2017-09-19,4.587493419647217,4.608974955678143,4.542541805446106,4.589482417038798,56942400,3.666314960718155,4.3222498854001365
2017-09-20,4.549304485321045,4.598632899262791,4.441897251874544,4.5851068964698785,107306400,3.6773590409755705,4.3285418550173445
2017-09-21,4.461786270141602,4.537369526575614,4.4156409905833165,4.535777964675338,84890400,3.6876950216293336,4.337200740973155
2017-09-22,4.450648307800293,4.468549738123424,4.406093677240703,4.417629770124791,62167200,3.697888789176941,4.3429158727327986
2017-09-25,4.311019420623779,4.402912562899724,4.24259635804471,4.396148878722812,135520800,3.7069368815422057,4.349791304270426
2017-09-26,4.340456008911133,4.397342060071447,4.29510650628792,4.37347363722895,95090400,3.716055574417114,4.357382746537526
2017-09-27,4.458205699920654,4.505545561289764,4.375860126626335,4.409673988138371,111348000,3.725468645095825,4.368700301647186
2017-09-28,4.450648307800293,4.463378072173809,4.393364368119471,4.425983649541643,64536000,3.735022941827774,4.378095138072967
2017-09-29,4.544929027557373,4.554476579940853,4.441897225138705,4.477699636072043,88248000,3.74455237865448,4.39077189763387
2017-10-02,4.5576581954956055,4.613351035310354,4.4967941443458574,4.568398963963483,92205600,3.754241931438446,4.401771227518718
2017-10-03,4.586299419403076,4.601813960607449,4.544927916527742,4.574763327554173,62738400,3.763995125293732,4.4118887424469
2017-10-04,4.598234176635742,4.626876376359064,4.547315570381997,4.559646989978367,90153600,3.7739681124687197,4.421661504109701
2017-10-05,4.730704307556152,4.738262863123354,4.632446271949315,4.6519388138827535,94291200,3.78444432258606,4.431261889139811
2017-10-06,4.747808933258057,4.749797475112167,4.684159660097557,4.686148201951667,85960800,3.7948469352722167,4.440689873695374
2017-10-09,4.735874652862549,4.784008475487797,4.716780006855069,4.769687604795255,68851200,3.805236620903015,4.448281335830688
2017-10-10,4.745819091796875,4.796340711608198,4.682568163478732,4.780826625012746,71757600,3.8157913875579834,4.455998746554057
2017-10-11,4.787192344665527,4.789579232694601,4.719962955061593,4.739852929883303,59788800,3.8265122509002687,4.462986874580383
2017-10-12,4.7613348960876465,4.816630305782979,4.7442301535524045,4.766904908994031,66180000,3.836910890340805,4.468211388587951
2017-10-13,4.81464147567749,4.830951348119566,4.799524364520466,4.816232127559157,48873600,3.8478863501548766,4.474045904477437
2017-10-16,4.864365100860596,4.866751988317739,4.818617259227779,4.850839557020862,57079200,3.859174075126648,4.480821839968363
2017-10-17,4.881471633911133,4.883062285353165,4.835723788244732,4.858398538208474,60189600,3.8709282338619233,4.486914881070455
2017-10-18,4.86277437210083,4.895792911705708,4.84248650811793,4.894996675413946,57900000,3.8822825920581816,4.493200214703878
2017-10-19,4.809070587158203,4.809468477644723,4.706834584231708,4.779235174201037,80680800,3.8931476497650146,4.497920815149943
2017-10-20,4.844078063964844,4.878288909327953,4.829757192039319,4.866752815784616,66554400,3.903954041004181,4.504570810000102
2017-10-23,4.7537760734558105,4.8759015922168585,4.731101323632201,4.874708376016573,61456800,3.9139687967300416,4.509954452514648
2017-10-24,4.778041362762451,4.804296671076301,4.722348988092626,4.776450711367518,58872000,3.9239656424522398,4.516703867912293
2017-10-25,4.719963073730469,4.792761567064306,4.6133511670972505,4.745820041648784,89191200,3.933592538833618,4.522007934252421
2017-10-26,4.676204204559326,4.744626350168693,4.669440976273803,4.713200283357325,72768000,3.9428932344913483,4.52604566415151
2017-10-27,5.07918119430542,5.107425047143681,4.886245723818597,4.898577142932555,147818400,3.954280421733856,4.5375687837600704
2017-10-30,5.11538028717041,5.174653212476422,5.055311581027251,5.066450236486338,96556800,3.965687493085861,4.549410120646159
2017-10-31,5.169482707977295,5.193350675423219,5.12015521105388,5.161128373068465,60196800,3.977498337030411,4.560853656133016
2017-11-01,5.162719249725342,5.241484715496389,5.105833661713,5.2343245083140815,83064000,3.989179888963699,4.572462924321493
2017-11-02,5.136464595794678,5.15436556969212,5.030250602812191,5.147205362234045,91780800,4.000767961740494,4.5839263518651325
2017-11-03,5.279674530029297,5.285641521177896,5.138453007998969,5.19096316745979,86700000,4.012980587482453,4.6025900602340695
2017-11-06,5.333378791809082,5.341732671855645,5.264160863530085,5.270526201448943,76096800,4.02542991399765,4.620564230283102
2017-11-07,5.3421311378479,5.3659995621976115,5.289222622692647,5.321444927276908,93321600,4.037626634836197,4.635926167170207
2017-11-08,5.408963680267334,5.412145439408604,5.3170705246764625,5.336960502768051,68863200,4.049733853340149,4.652269387245179
2017-11-09,5.322239398956299,5.330593277850177,5.157547798151369,5.277287791218886,163195200,4.061345793008805,4.6667826493581135
2017-11-10,5.320650100708008,5.33298152169688,5.256602920812876,5.286438340236463,66436800,4.0728781855106355,4.685830926895141
2017-11-13,5.33656120300293,5.360032647662294,5.260182608177962,5.264558948878749,75144000,4.0848322403430934,4.7053897142410275
2017-11-14,5.282857894897461,5.300362348964147,5.204888640536339,5.282857894897461,91000800,4.0965993320941925,4.724179410934449
2017-11-15,5.205284118652344,5.249043416355819,5.122142773247152,5.215229558437928,80668800,4.107700086832047,4.738593212763468
2017-11-16,5.400209903717041,5.438399197002703,5.284448352365469,5.2872335858528405,80853600,4.11981326341629,4.757064644495646
2017-11-17,5.339743614196777,5.416519634056979,5.3254227433927666,5.405778867140902,69352800,4.131494822502137,4.775125010808309
2017-11-20,5.326616287231445,5.366396233438087,5.305134752078017,5.348097822384874,50059200,4.143055052757263,4.79344395796458
2017-11-21,5.494489669799805,5.505628326979249,5.395435881877162,5.401004982840751,70742400,4.155299504995346,4.813944180806478
2017-11-22,5.5163702964782715,5.533873384145499,5.482954772906225,5.51398340832993,60117600,4.167567828893661,4.833933933575948
2017-11-24,5.578426361083984,5.582801790258327,5.527109419309941,5.537452294703959,39952800,4.179987316131592,4.852465033531189
2017-11-27,5.569277286529541,5.6098534700384315,5.532679552994106,5.571266739142426,66837600,4.192207903861999,4.868728661537171
2017-11-28,5.610250949859619,5.622980714136311,5.517959931227464,5.6070691916688675,70305600,4.204358875751495,4.885728192329407
2017-11-29,5.321843147277832,5.5963293614139555,5.2414860984839695,5.5963293614139555,208288800,4.214918628931046,4.899969641367594
2017-11-30,5.453914165496826,5.483351235877421,5.348495482606043,5.388674231519759,118780800,4.2258622622489925,4.9157691637674965
2017-12-01,5.381115913391113,5.4590860714649825,5.143227899459278,5.348495717344759,170294400,4.2364558243751524,4.9298912525177006
2017-12-04,5.195340633392334,5.498865537514255,5.179029853925033,5.486534118416599,165444000,4.245915640592575,4.942780152956645
2017-12-05,5.202897548675537,5.381910012708764,5.129702093843429,5.18618979153946,115480800,4.255150688886642,4.9534479459126795
2017-12-06,5.271719932556152,5.296781575143095,5.12612294280891,5.1452175926731085,94759200,4.264727860689163,4.964619660377503
2017-12-07,5.323831081390381,5.370374252067941,5.25461270584264,5.274901023081631,76156800,4.274746590852738,4.97634166876475
2017-12-08,5.394242763519287,5.480963769142909,5.370374342059678,5.441979151186231,88401600,4.285027873516083,4.990536689758301
2017-12-11,5.517960071563721,5.5247232996198035,5.400209976635768,5.402596864404888,71568000,4.2958780169487,5.006183695793152
2017-12-12,5.497274398803711,5.546204456607927,5.4626652113867085,5.51000370728503,73377600,4.306756006479263,5.021671597162882
2017-12-13,5.524723052978516,5.580415429179949,5.504832170706414,5.559729221188508,83342400,4.317234202623367,5.037292091051738
2017-12-14,5.516767978668213,5.596726686580157,5.495684330208797,5.556946733168864,71246400,4.327943130731582,5.053416482607523
2017-12-15,5.6961774826049805,5.720841231887186,5.550978854802709,5.581211250371461,111669600,4.339461591243744,5.0739896694819135
2017-12-18,5.842568874359131,5.85927663163256,5.784091268649886,5.808357578893636,81081600,4.351829360723496,5.097188345591227
2017-12-19,5.747494220733643,5.829839800714726,5.693790383679764,5.811143499437833,98868000,4.363805296421051,5.121129592259725
2017-12-20,5.723626613616943,5.804778988893611,5.652419681407594,5.802392100767549,71150400,4.375576364994049,5.144182435671488
2017-12-21,5.7208404541015625,5.796423709008967,5.701348373739476,5.743913548666942,66518400,4.3872817873954775,5.165226348241171
2017-12-22,5.701745986938477,5.708111324105194,5.653612164979025,5.696575231714648,42492000,4.398706759214401,5.186077976226807
2017-12-26,5.609457015991211,5.62974488202179,5.545012402860504,5.61065023241851,48866400,4.409570835828781,5.203820109367371
2017-12-27,5.609457015991211,5.654408633706395,5.593146234550056,5.6098539960463825,45196800,4.420562208890915,5.221350089708964
2017-12-28,5.624572277069092,5.664353131879746,5.608262408853138,5.659181010716305,46730400,4.431330803632736,5.238654637336731
2017-12-29,5.51835823059082,5.64565541703551,5.514379780942048,5.64565541703551,68558400,4.441578273773193,5.253990038235982
2018-01-02,5.801596641540527,5.813531081896517,5.564902294966205,5.605080135865595,91735200,4.453283706903457,5.271838243802389
2018-01-03,5.971458435058594,5.993338316063768,5.824271267752428,5.825066593528338,85224000,4.465786732435227,5.292232402165731
2018-01-04,6.006466865539551,6.062955490390872,5.9853832176767305,6.041473951954721,70024800,4.479238535165787,5.313408939043681
2018-01-05,6.187863349914551,6.200991002089939,6.058974625901685,6.0904015951405315,82380000,4.493271113634109,5.337443010012309
2018-01-08,6.25668478012085,6.269415455258383,6.181102428584632,6.18706942039652,72252000,4.507783060073852,5.361934550603231
2018-01-09,6.261458396911621,6.315958468602817,6.205766019493782,6.29487391441278,104169600,4.522227376699448,5.386936608950297
2018-01-10,6.216904163360596,6.219291050878056,6.09477774102197,6.174338533760173,95853600,4.536359413862228,5.410307653745016
2018-01-11,6.34141731262207,6.34141731262207,6.2192913398610346,6.248330516124764,74839200,4.550795773267746,5.434925190607706
2018-01-12,6.4758758544921875,6.500539600413606,6.3020341406325215,6.319935569625471,89560800,4.5656756901741025,5.461498594284057
2018-01-16,6.425752639770508,6.709785907284367,6.368070809271523,6.60675412023221,165021600,4.580217469930648,5.487548232078552
2018-01-17,6.628235816955566,6.661253445119194,6.423366364582643,6.511281046351036,82624800,4.595813435316086,5.517867652575175
2018-01-18,6.634600639343262,6.678757380334709,6.552255059680687,6.599195668449137,94394400,4.611479017734528,5.547709695498148
2018-01-19,6.698249340057373,6.726891539548996,6.597605344695193,6.691487022148312,84948000,4.6273832809925075,5.580117583274841
2018-01-22,6.907495498657227,6.907495498657227,6.665231616115566,6.682337721665103,103862400,4.644534670114517,5.615608485539754
2018-01-23,7.082529544830322,7.099635650388961,6.96318788320521,6.973928650961562,129343200,4.662547304630279,5.6549845933914185
2018-01-24,6.938921928405762,7.17084154965245,6.820375601987122,7.121116164761679,209073600,4.6798617923259735,5.692696555455526
2018-01-25,6.930171489715576,7.088896146496765,6.864931545759918,7.083724024077587,133300800,4.697112636566162,5.723546393712362
2018-01-26,7.239663124084473,7.239663124084473,7.0045599179158815,7.041157649128786,106437600,4.716129728555679,5.75895110766093
2018-01-29,7.1437907218933105,7.245629280612969,7.097247554621228,7.19669922588434,132348000,4.734894208908081,5.7918562412261965
2018-01-30,6.9611992835998535,7.055080958997096,6.8533932611555395,6.944889414466643,132506400,4.752946625947953,5.8218309084574384
2018-01-31,7.047124862670898,7.123105560969818,6.92181621195324,7.082927269268473,110997600,4.7710308635234835,5.8536752462387085
2018-02-01,6.870898246765137,7.088895375443593,6.797701409473405,6.891186112130684,127968000,4.788283698558807,5.8801956415176395
2018-02-02,6.451212406158447,6.835492723751099,6.440869983595505,6.794121212489987,190185600,4.803378428220749,5.898826201756795
2018-02-05,5.706521034240723,6.589252185733019,5.673105055301816,6.27538344956239,230628000,4.814333997964859,5.904899366696676
2018-02-06,6.146493911743164,6.165985539383164,5.371567982687187,5.442774906952694,239383200,4.827497384548187,5.917191537221273
2018-02-07,5.903433799743652,6.284930227930806,5.903433799743652,6.088811629959745,176112000,4.838806992769241,5.926878110567729
2018-02-08,5.171870231628418,5.972653273343627,5.171473251541371,5.964299391924677,216405600,4.846055011749268,5.924398446083069
2018-02-09,5.415326118469238,5.535464010444436,4.821403073346306,5.378330496556295,320344800,4.854601858854294,5.925711194674174
2018-02-12,5.718454360961914,5.823475151487751,5.459085736451938,5.6003059147138075,175056000,4.864340137243271,5.932971135775248
2018-02-13,5.7880706787109375,5.831829076202,5.583996543423129,5.618207389314793,108055200,4.874319087266922,5.942684245109558
2018-02-14,6.126999855041504,6.15086827424478,5.695381133395539,5.7013481243833,168115200,4.885515321493148,5.954797410964966
2018-02-15,6.447234630584717,6.455588510639539,6.093585524089503,6.2853273300758765,190375200,4.898197364807129,5.973255594571431
2018-02-16,6.3752312660217285,6.582488064457692,6.339030968516731,6.400293360642346,170553600,4.9107123267650605,5.990732510884603
2018-02-20,6.407054901123047,6.573338061468144,6.296067134239164,6.3020341254717085,145869600,4.923366516828537,6.005941931406657
2018-02-21,6.349374294281006,6.691486840535219,6.344997953881418,6.49894880455935,177477600,4.935521467924118,6.019825331370035
2018-02-22,6.3505682945251465,6.537934674024118,6.3020352096268635,6.441665195801013,166603200,4.947565032243729,6.0326943635940555
2018-02-23,6.728881359100342,6.7332567893526685,6.426150843942686,6.494573449832151,142768800,4.961283357143402,6.052021098136902
2018-02-26,6.998990058898926,7.002173182946983,6.8199775723885345,6.834696789597025,133951200,4.976320408582687,6.0751667499542235
2018-02-27,6.748373031616211,7.048716640423909,6.739621716393149,7.011322670642551,173308800,4.9901521062850955,6.09894224802653
2018-02-28,6.612720966339111,6.927782857028975,6.60595864901936,6.860951822793111,153014400,5.003176259994507,6.118255694707234
2018-03-01,6.294477462768555,6.715753391849125,6.1134755137715855,6.627440815254058,251916000,5.014422228336334,6.133478387196859
2018-03-02,6.467522621154785,6.497755015621136,5.998111523596525,6.0736952412761775,193399200,5.026278820037842,6.1546814203262326
2018-03-05,6.670403003692627,6.727686940309209,6.2996473842026965,6.376424312085592,148881600,5.040699270963668,6.179139844576517
2018-03-06,6.754737377166748,6.82992274602146,6.635395724176154,6.769854029035769,142060800,5.055062038898468,6.203856801986694
2018-03-07,6.8052592277526855,6.82236442214499,6.572543360788152,6.607152095328844,133764000,5.0694427120685575,6.228547271092733
2018-03-08,6.90670108795166,6.9305695144768125,6.806851040814861,6.881241099139759,115168800,5.083821400403976,6.2537549098332725
2018-03-09,7.30888032913208,7.30888032913208,7.032404732948827,7.063433815159421,147348000,5.100161262750626,6.283603580792745
2018-03-12,7.418277740478516,7.485507126051753,7.333146923386668,7.37929311901386,132679200,5.116769644021988,6.315620303153992
2018-03-13,7.148963451385498,7.485506893565353,7.075368730233853,7.379292889826276,182292000,5.131492427587509,6.342690976460775
2018-03-14,7.124697208404541,7.261144518771987,7.033201965890852,7.2392650929908875,133622400,5.14600437283516,6.369489796956381
2018-03-15,7.092873573303223,7.232503567836905,7.026837853460981,7.1461795267964145,110896800,5.160313442945481,6.3927680651346845
2018-03-16,7.045931339263916,7.187549852694002,7.0332015750173404,7.133448582272195,78268800,5.1744136559963225,6.412824106216431
2018-03-19,6.603571891784668,6.861746828821261,6.407453304330659,6.861746828821261,194232000,5.18604946732521,6.427092067400614
2018-03-20,6.65210485458374,6.699045923367994,6.530774187675603,6.605163330547145,92193600,5.197197970151901,6.442566704750061
2018-03-21,6.555834770202637,6.786561626660755,6.4738861754593175,6.603571612367635,132496800,5.207883023023605,6.456483276685079
2018-03-22,6.076877117156982,6.428537215184295,6.0546007113828,6.301239565740644,205879200,5.216423915624619,6.4627354621887205
2018-03-23,5.585984706878662,6.1063143972131515,5.585984706878662,6.054600468982072,217598400,5.2222716581821444,6.462344257036845
2018-03-26,6.214519023895264,6.239182319367048,5.663955510310372,5.927302599406638,183504000,5.2312024009227756,6.4724286238352455
2018-03-27,5.618606090545654,6.360513084221159,5.456699235656973,6.360513084221159,273614400,5.238754740953445,6.472329187393188
2018-03-28,5.424873352050781,5.6814576236936,5.2908133977069935,5.52034657999351,242289600,5.245710371732712,6.470771106084188
2018-03-29,5.725217819213867,5.875588575021829,5.351678272923663,5.507219784719984,197073600,5.253696321249008,6.469498125712077
2018-04-02,5.216821670532227,5.668728279985608,5.0429799536824484,5.589962810515899,244953600,5.259416764974594,6.456920846303304
2018-04-03,5.3918561935424805,5.4578923607476435,5.107425026956654,5.360429216730349,221805600,5.266286872625351,6.446677335103353
2018-04-04,5.646850109100342,5.695780177424353,5.060087179774234,5.077192831922154,216729600,5.274672607183456,6.437660447756449
2018-04-05,5.735560894012451,5.837796458499723,5.615423896706008,5.81512170481414,183355200,5.282541209459305,6.4289750496546425
2018-04-06,5.307521820068359,5.721239192941284,5.2279601039450885,5.556945915370215,232291200,5.2887410080432895,6.413076106707255
2018-04-09,5.413735866546631,5.738742319778996,5.392254330510662,5.447548822211437,175891200,5.2948811399936675,6.3996899684270225
2018-04-10,5.7713623046875,5.829839458629709,5.554955862397122,5.666739870263467,194875200,5.302833269834519,6.390189051628113
2018-04-11,5.67429780960083,5.862460410957158,5.657192615207301,5.6727071580901445,143440800,5.310065377950668,6.37682941754659
2018-04-12,5.8732008934021,5.937247148588932,5.767782222366379,5.788070084554035,142766400,5.3185724508762355,6.367620221773783
2018-04-13,5.7860822677612305,5.992543295629431,5.714874430181432,5.96748165499133,142485600,5.327791596651077,6.353584329287211
2018-04-16,5.913776874542236,5.9825969027288854,5.799208547217031,5.904229324243363,118298400,5.33682177901268,6.341570599873861
2018-04-17,6.292089462280273,6.337836394095727,6.060566838486794,6.091197574933689,124147200,5.348789758682251,6.334801268577576
2018-04-18,6.335848808288574,6.40268030241945,6.209744829356113,6.301239617296568,118089600,5.361044155359268,6.325273823738098
2018-04-19,6.16359806060791,6.2845312725637354,6.096369592722228,6.2443534390749935,129019200,5.372966383695602,6.309958299001058
2018-04-20,5.86802864074707,6.126204929135674,5.803982386996671,6.11625948825489,140812800,5.38287173628807,6.292110077540079
2018-04-23,5.8218841552734375,6.019592939439349,5.728399463914517,5.949579690236349,123333600,5.393059539794922,6.273638621966044
2018-04-24,5.45073127746582,5.930881744609887,5.336958728544439,5.898659444510626,213019200,5.400824704170227,6.243823091189067
2018-04-25,5.472211837768555,5.537451752073595,5.246257886773977,5.476985612175607,210816000,5.408289520740509,6.21596344312032
2018-04-26,5.811540603637695,5.867631329676268,5.6257657953901745,5.680264959369215,141993600,5.417287881374359,6.1968024651209515
2018-04-27,5.825066566467285,6.072501655825356,5.725217444748468,6.0657384276215565,164858400,5.425639808177948,6.176434826850891
2018-04-30,5.70095157623291,5.971061893348724,5.654010052420922,5.864051644561742,161124000,5.433233916759491,6.156935715675354
2018-05-01,5.88632869720459,5.893886340340784,5.614229415930654,5.65122549264066,116978400,5.441263625621795,6.14752098719279
2018-05-02,5.783694744110107,5.977028094608039,5.768180201740757,5.925313256878391,143652000,5.448768227100373,6.148807215690613
2018-05-03,5.784092903137207,5.847343846475196,5.507618593827758,5.706521085982618,196072800,5.455849168300628,6.142767198880514
2018-05-04,6.109497547149658,6.15206227036002,5.695779290759503,5.710896398248762,185932800,5.464157335758209,6.146201594670614
2018-05-07,6.254697322845459,6.322324152279873,6.181103500564309,6.200198150825287,139063200,5.473107969760894,6.164248712857565
2018-05-08,6.234009742736816,6.282939801750068,6.106712102255556,6.221280433940963,126715200,5.481988973617554,6.177893439928691
2018-05-09,6.442857265472412,6.458371806786606,6.209743986809402,6.27737034229517,114996000,5.491623814105988,6.189966821670533
2018-05-10,6.643352031707764,6.656877577516411,6.489799528464923,6.504120400040239,119006400,5.502412302494049,6.204221510887146
2018-05-11,6.623461723327637,6.66801635308746,6.535944025765325,6.609538742966899,119697600,5.512900438308716,6.212495875358582
2018-05-14,6.652899265289307,6.782186823660152,6.623462195763099,6.665231595076898,109183200,5.5239395427703855,6.215923619270325
2018-05-15,6.437687873840332,6.505712589448336,6.330677623832497,6.494573475117805,174520800,5.533974194526673,6.216964562733968
2018-05-16,6.55623197555542,6.603571380831904,6.450814219663536,6.45240487102706,89712000,5.544889972209931,6.219450847307841
2018-05-17,6.482240676879883,6.631020308186219,6.38597166435894,6.489400884712598,103219200,5.555292580127716,6.221665287017823
2018-05-18,6.37841272354126,6.472295753172004,6.352157870994806,6.408248135038968,85466400,5.565014941692352,6.222129360834757
2018-05-21,6.489799976348877,6.61272174762923,6.4046691562838705,6.524807059562612,116892000,5.575524971485138,6.218144671122233
2018-05-22,6.455986022949219,6.607549992577443,6.427742168737479,6.572940800364599,96943200,5.585780401229858,6.209094603856404
2018-05-23,6.618290424346924,6.622268874208522,6.306808620764575,6.313173958442212,123045600,5.596457500457763,6.206926560401916
2018-05-24,6.612720966339111,6.648523371144364,6.413420624596765,6.616301070243954,71110400,5.6071902894973755,6.206926560401916
2018-05-25,6.629429340362549,6.702227828201335,6.57214539630555,6.615108468161378,63081600,5.618094141483307,6.21250909169515
2018-05-29,6.54469633102417,6.656877322021118,6.424161460657891,6.538729339367831,94451200,5.630018362998962,6.213795320192973
2018-05-30,6.684325695037842,6.71654799554821,6.5697578189469334,6.6115276700910135,70806400,5.642165348529816,6.214027365048726
2018-05-31,6.670004844665527,6.80008726330649,6.616301010317924,6.674778619996931,81056800,5.653413298130036,6.212615156173706
2018-06-01,6.980293273925781,6.991034040582193,6.760704620813122,6.760704620813122,77171200,5.666172912120819,6.215532390276591
2018-06-04,7.159306526184082,7.1724337266333835,7.0196765444741915,7.029224095985297,64049600,5.679712226390839,6.219742480913798
2018-06-05,7.2332987785339355,7.269101188914056,7.137825532436165,7.216591017373369,55900000,5.694989953041077,6.218482788403829
2018-06-06,7.352639675140381,7.358606667032868,7.14617865994467,7.255972767573802,57628000,5.71093798160553,6.2173888206481935
2018-06-07,7.181980609893799,7.365766862111296,7.068605950136134,7.3621863030016295,78452000,5.726070504188538,6.217939106623332
2018-06-08,7.1772074699401855,7.208236556958682,7.0208701842973,7.06860657588007,49320800,5.740254261493683,6.218814277648926
2018-06-11,7.2332987785339355,7.287002621730291,7.1557265100000516,7.159307069714707,40836000,5.754961135387421,6.221154697736105
2018-06-12,7.347866058349609,7.366960705969681,7.240458380954016,7.263133587988813,47848000,5.770419857501984,6.226186943054199
2018-06-13,7.339512348175049,7.510170964398329,7.296549276223408,7.3753147563839745,72247200,5.785980021953582,6.238452617327372
2018-06-14,7.562680721282959,7.597289911277904,7.424244416555475,7.444532735096486,90452800,5.8024710440635685,6.253628881772359
2018-06-15,7.487496376037598,7.529265777320541,7.3753149178737,7.475561936205093,77689600,5.818323600292206,6.269156575202942
2018-06-18,7.47078800201416,7.4886894337575365,7.270293969598554,7.3395123534038005,68726400,5.833344738483429,6.292388423283895
2018-06-19,7.403955936431885,7.406342824017401,7.115148912116013,7.183173614920328,107633600,5.847397220134735,6.322687943776448
2018-06-20,7.55910062789917,7.65338019162726,7.486302143756145,7.501816686750304,79644800,5.862241327762604,6.345097637176513
2018-06-21,7.363379955291748,7.636672445251038,7.319223671907127,7.6116103525576815,102280800,5.8767214465141295,6.374177201588949
2018-06-22,7.289389133453369,7.444533207259026,7.233298405093874,7.437372543451753,62227200,5.890638678073883,6.4052524646123254
2018-06-25,6.82395601272583,7.144984907531439,6.622268775428189,7.115149493154447,171306400,5.902089505195618,6.423564767837524
2018-06-26,6.899141311645508,7.01490240863548,6.814408389716977,6.889593760624488,94165600,5.9144751787185665,6.451603428522746
2018-06-27,6.622269153594971,7.079347491220901,6.6019808339288515,6.986261138729693,131838400,5.924772374629974,6.472110311190288
2018-06-28,6.784573078155518,6.8514045705554665,6.548276649842825,6.590046503312404,111300000,5.935688154697418,6.49107236067454
2018-06-29,6.815602779388428,6.988648290233934,6.809635786997687,6.882433822568464,78536000,5.946663615703582,6.50907305876414
2018-07-02,6.968359470367432,6.976713350166198,6.5972068340851,6.642556792458621,83296800,5.958792705535888,6.536753686269124
2018-07-03,6.728482246398926,7.050704787273896,6.710580817085549,7.043544124498094,56425600,5.96953941822052,6.558666125933329
2018-07-05,6.97551965713501,6.992227415590658,6.75354411136193,6.860951780365767,65622400,5.981577014923095,6.5787354151407875
2018-07-06,7.289389133453369,7.314450773900338,6.983874306461246,7.018483498651246,75012000,5.995086493492127,6.605653603871663
2018-07-09,7.492269515991211,7.500623396046289,7.326384675965637,7.4087307154404325,72377600,6.0098013186454775,6.632638080914815
2018-07-10,7.510171413421631,7.56029469686047,7.43259914495408,7.524492286510964,66784000,6.0250432443618775,6.661372900009155
2018-07-11,7.400375843048096,7.4779481010752065,7.31445016082448,7.339511799170856,79829600,6.0397918820381165,6.686149549484253
2018-07-12,7.765561580657959,7.771529027706787,7.475561317873861,7.491075860746688,81352000,6.057064592838287,6.710707418123881
2018-07-13,7.788236141204834,7.832391967889204,7.708276545700159,7.766754608316258,67876000,6.074303493499756,6.734913873672485
2018-07-16,7.735724925994873,7.83597237521202,7.695149206183855,7.794202073577286,55560000,6.090691089630127,6.761115988095601
2018-07-17,7.878935813903809,7.924286226398326,7.492269099213714,7.494655986989861,75593600,6.107832527160644,6.794631107648214
2018-07-18,7.828812599182129,7.899224651012765,7.757207786332288,7.876549444583554,46537600,6.124251945018768,6.8280799150466915
2018-07-19,7.713052272796631,7.824040069058038,7.683216853484476,7.752435244809813,76874400,6.140028915405273,6.865785264968872
2018-07-20,7.7023115158081055,7.8562623798633116,7.677249874288144,7.776303679227529,57396000,6.155608975887299,6.902953592936198
2018-07-23,7.769141674041748,7.784656672145611,7.542392799317992,7.634285929666083,63027200,6.171463513374329,6.9355802774429325
2018-07-24,7.868194103240967,8.097329825995438,7.77510777277849,8.013791044940504,95066400,6.187150962352753,6.969632403055827
2018-07-25,8.196386337280273,8.211900427365661,7.872970504849944,7.878937042342141,77241600,6.204393849372864,7.011222982406617
2018-07-26,7.838360786437988,7.940994693703077,7.794204041520093,7.867002531801253,111888000,6.219906280040741,7.043756850560507
2018-07-27,7.511364459991455,7.9839578137775415,7.3729281425850335,7.976796694516268,118098400,6.233734006881714,7.072551345825195
2018-07-30,7.187948226928711,7.519717900652488,7.07934733303157,7.512557692314588,100805600,6.24573778629303,7.095948934555054
2018-07-31,7.3311591148376465,7.433793027942373,7.149759714623861,7.264327613100243,95712000,6.25858690738678,7.1163099606831866
2018-08-01,7.431405067443848,7.498236559537269,7.308483305894809,7.399182765287321,69301600,6.271670725345611,7.135921756426494
2018-08-02,7.727373123168945,7.757208540632918,7.260747212242505,7.267907876324702,92242400,6.285985765457153,7.160811146100362
2018-08-03,7.796591758728027,7.803751967786119,7.673669980538996,7.767949101486238,72133600,6.300561366081237,7.183373387654623
2018-08-06,7.939800262451172,7.944574037972435,7.756014002153148,7.78704308778907,68068000,6.315946495532989,7.204980858167013
2018-08-07,8.017373085021973,8.067496365762732,7.954122148300827,8.001858996365446,71970400,6.331988008022308,7.2282127141952515
2018-08-08,8.038853645324707,8.097330799090642,7.924285770179298,7.991116803054653,63434400,6.347961885929108,7.251311953862508
2018-08-09,8.031693458557129,8.127166232841097,7.9982770315279765,8.031693458557129,54530400,6.364351472854614,7.277878713607788
2018-08-10,7.8443284034729,7.942188536873764,7.759595016164206,7.871776477808375,85626400,6.379682908058166,7.2993469874064125
2018-08-13,7.821651935577393,8.04004737598069,7.810910713497873,7.887289297490631,92674400,6.3951913523674015,7.321670508384704
2018-08-14,7.9660539627075195,7.994695699542316,7.784655082081283,7.9075768177726955,60727200,6.411640601158142,7.348131195704142
2018-08-15,7.676055908203125,7.8526819742176235,7.528072497545346,7.785850022223262,115857600,6.424624974727631,7.367902127901713
2018-08-16,7.746467590332031,7.894450993842126,7.7011171767933355,7.845520476182924,65142400,6.4377804112434385,7.38941015402476
2018-08-17,7.745274066925049,7.807331330711466,7.5435863662361,7.684409564198541,70262400,6.450659368038178,7.408193214734395
2018-08-20,7.729758262634277,7.8085241886026395,7.637865592842386,7.8013639809708,67461600,6.4634945631027225,7.4268105030059814
2018-08-21,7.809719085693359,7.950542291082245,7.782270101289269,7.797784190427866,67069600,6.476860835552215,7.446481998761495
2018-08-22,7.900417327880859,7.926672638097216,7.732146065001301,7.757207703706572,63313600,6.489964549541473,7.4690773487091064
2018-08-23,7.86103630065918,8.026921152705697,7.825233434683148,7.86103630065918,71133600,6.502602837085724,7.488689192136129
2018-08-24,8.07943058013916,8.099719355734793,7.936220942373389,7.944574822734648,63956800,6.516289334297181,7.51217962106069
2018-08-27,8.322887420654297,8.324081092239645,8.165356460060055,8.209513203671529,72851200,6.530858952999115,7.5345561901728315
2018-08-28,8.359884262084961,8.421941529227347,8.310953740843829,8.392106112032902,65224800,6.546047177314758,7.554565819104512
2018-08-29,8.652268409729004,8.664202390951887,8.395683716167195,8.402844833304448,65735200,6.5627052688598635,7.578215312957764
2018-08-30,8.603339195251465,8.75490360211019,8.515026628332599,8.59975909139732,87863200,6.579039158821106,7.5990603049596155
2018-08-31,8.628402709960938,8.70597406350388,8.541282894229571,8.5711183103629,63180000,6.595766882896424,7.623167339960734
2018-09-04,8.525766372680664,8.59617749762034,8.381363109063303,8.553214437808055,80209600,6.612369294166565,7.6456433216730755
2018-09-05,8.186838150024414,8.47683843640181,8.105685780282869,8.473258332083084,107729600,6.6263024353981015,7.66153564453125
2018-09-06,7.963668346405029,8.226219600376808,7.80255639775856,8.201157964266233,115504800,6.639422059059143,7.6717990159988405
2018-09-07,7.8849053382873535,8.07823920181945,7.783465084963748,7.800172848546232,77009600,6.652213504314423,7.680888899167379
2018-09-10,7.9541215896606445,8.022146297461152,7.820458606568164,8.00663129938964,55448800,6.664511663913727,7.68741291364034
2018-09-11,8.130745887756348,8.172516191610374,7.7930097268119365,7.849099534735897,70522400,6.677583541870117,7.6981337388356526
2018-09-12,8.060334205627441,8.114037577631846,7.851486342603424,8.097329821430279,88261600,6.689993081092834,7.707959508895874
2018-09-13,8.299016952514648,8.356300424294009,8.195189407971053,8.198769511144217,74676000,6.70364177942276,7.722877192497253
2018-09-14,8.23576831817627,8.370624067940694,8.140294624738253,8.328854668500794,76688000,6.7167693662643435,7.734154987335205
2018-09-17,7.888484001159668,8.214287152467065,7.859842256040722,8.189225511674906,72823200,6.7296025705337525,7.742906721433004
2018-09-18,8.075851440429688,8.192806689962266,7.893258811791038,7.905192797946253,72758400,6.742712256908416,7.756014426549275
2018-09-19,8.05794906616211,8.136715004508819,7.899225338850298,8.07943060293806,58962400,6.756096422672272,7.77658097743988
2018-09-20,8.310952186584473,8.351528819842974,8.158195024797305,8.213092072908037,62683200,6.771674480438232,7.800111158688863
2018-09-21,8.178484916687012,8.423135716871013,8.152229602266711,8.384946416942775,60281600,6.78655241727829,7.826048088073731
2018-09-24,8.248895645141602,8.257249524696753,7.905191090862003,8.009018660051396,52875200,6.801438295841217,7.850453464190165
2018-09-25,8.282312393188477,8.297826483093253,8.152229494508655,8.23338186959656,43259200,6.816230702400207,7.874898624420166
2018-09-26,8.273958206176758,8.529349307338736,8.247702893075205,8.289472295507364,70920000,6.830629279613495,7.896658603350321
2018-09-27,8.503094673156738,8.590214499903807,8.381366560563114,8.396880651132424,58525600,6.84555495262146,7.926235477129619
2018-09-28,8.489964485168457,8.562762960881818,8.38733059844157,8.430293663141406,61857600,6.860518403053284,7.9514762242635095
2018-10-01,8.538896560668945,8.7322294767339,8.482805832006516,8.652270779089639,68232000,6.875589270591735,7.972301348050435
2018-10-02,8.489964485168457,8.683298276317718,8.430293663141406,8.516219792541078,64787200,6.890455253124237,7.988929597536723
2018-10-03,8.515027046203613,8.652270133876362,8.47683775237772,8.593792976878344,66569600,6.90454950094223,8.005677191416423
2018-10-04,8.029308319091797,8.423136238789393,7.840748240666655,8.413588685589561,150889600,6.9154831981658935,8.016159399350483
2018-10-05,7.727373123168945,8.094945684846214,7.497043663926888,8.019759850114005,132924000,6.92538259267807,8.015522925059
2018-10-08,7.5889363288879395,7.787043470226915,7.308483604398317,7.618771744482679,119353600,6.934709141254425,8.012201261520385
2018-10-09,7.647413730621338,7.828812651759494,7.541199271652458,7.598483213367501,104289600,6.944342007637024,8.01072940826416
2018-10-10,6.655684947967529,7.525685825964483,6.6163019785982575,7.517331945538093,242856000,6.94911170244217,7.990341893831888
2018-10-11,6.385971546173096,6.832309521327124,6.185477991278903,6.564984022714418,222432000,6.952994275093078,7.966294542948405
2018-10-12,6.925395965576172,6.983873575753034,6.539922481702916,6.895560552379304,168488000,6.959573969841004,7.953166937828064
2018-10-15,6.66403865814209,6.887207446442799,6.5936270568811395,6.857372029895826,159735200,6.964771301746368,7.935862390200297
2018-10-16,7.238071441650391,7.300128700632108,6.844243622271103,6.878852810926033,124466400,6.973369867801666,7.927011219660441
2018-10-17,7.261940002441406,7.372927785313923,7.035191116174054,7.360993801129652,130120800,6.980671584606171,7.916906984647115
2018-10-18,6.758317947387695,7.176013733538317,6.6604578281954465,7.167659854235487,156348800,6.984605882167816,7.8929391781489056
2018-10-19,6.730870246887207,7.0877015787138244,6.6580717566794645,6.896755092310183,134836800,6.9882278990745545,7.874481002489726
2018-10-22,6.832310676574707,6.991035317800538,6.67955348311108,6.85140532575766,114926400,6.991450135707855,7.86316343943278
2018-10-23,6.757124900817871,6.859758804889753,6.233215067720648,6.467124620336557,176781600,6.993952336311341,7.855983050664266
2018-10-24,5.838193893432617,6.766672334463715,5.809552149459994,6.732063143182176,204842400,6.991836013793946,7.831100296974182
2018-10-25,6.437288761138916,6.536342554146012,6.018399748864562,6.097165223619239,152073600,6.992937936782837,7.8145316918691
2018-10-26,5.9372477531433105,6.304820294874099,5.666342122640966,5.776136689681555,244761600,6.9909170889854435,7.784696269035339
2018-10-29,5.619798183441162,6.277370459036375,5.231937830138953,6.203378765261662,217961600,6.986636700630188,7.748416376113892
2018-10-30,5.837000846862793,5.853708607208072,5.438399665509305,5.518358818200417,184865600,6.983692941665649,7.713369719187418
2018-10-31,6.230828285217285,6.403873792318179,6.116260394885836,6.116260394885836,180157600,6.981705904006958,7.683593972524007
2018-11-01,6.502926826477051,6.5184409134761365,6.138934423189042,6.285724600714839,126066400,6.981047534942627,7.65799519220988
2018-11-02,6.211733341217041,6.555437451107099,6.0625562655141705,6.438482678386325,174357600,6.9786149549484255,7.627662523587545
2018-11-05,6.150868892669678,6.222473702226615,5.938440441179848,6.215313494422287,102600800,6.974831821918488,7.5994381984074915
2018-11-06,6.280951499938965,6.38835871748152,6.118646774494438,6.135354533539794,111461600,6.970823931694031,7.573759857813517
2018-11-07,6.858564853668213,6.869305620507482,6.46473703972986,6.505313219427958,138552000,6.970422146320343,7.555301705996196
2018-11-08,6.741610527038574,6.840663867421625,6.6425567314032214,6.777412933740251,117524800,6.969479341506958,7.5397276163101195
2018-11-09,6.399100303649902,6.597207460293596,6.240376117154895,6.5542443856777,136739200,6.965276527404785,7.517271494865417
2018-11-12,5.837000846862793,6.300046636907208,5.798811550287205,6.26543744461923,154367200,6.958742578029632,7.485466941197713
2018-11-13,5.83461332321167,6.1460951093614185,5.780909488487183,5.903831700245959,154454400,6.9531096482276915,7.453881192207336
2018-11-14,5.686631679534912,6.064944616247029,5.594738524106634,6.000499994738509,156124000,6.946307182312012,7.4184964021046955
2018-11-15,5.990951061248779,6.039881120683734,5.514777666294524,5.655600853010204,169816800,6.94190744638443,7.386671964327494
2018-11-16,5.925312519073486,6.014818747728661,5.742719503045419,5.819098078657479,134324800,6.939277946949005,7.354409901301066
2018-11-19,5.357247352600098,5.865643108374024,5.298770190778964,5.838194124373687,186492000,6.937531578540802,7.309040180842081
2018-11-20,5.060085773468018,5.279674411680831,4.857204892197663,4.9789334209598755,202991200,6.932099537849426,7.254660153388977
2018-11-21,5.173460483551025,5.325024437728656,5.146011957948312,5.254612844138297,115115200,6.928449671268464,7.2015530904134115
2018-11-23,5.058892726898193,5.21761734795886,5.04218496789229,5.045765071892901,56880000,6.927884783744812,7.141663495699564
2018-11-26,5.406176567077637,5.415724117445305,5.205682561879196,5.272514048696096,119964800,6.927839035987854,7.088377451896667
2018-11-27,5.462267875671387,5.504037274898067,5.237905425641045,5.3250247834940545,120163200,6.926558103561401,7.035608537991842
2018-11-28,5.98021125793457,5.986178250485272,5.489716913077888,5.585190159646164,195064800,6.9275188064575195,6.99318261941274
2018-11-29,5.925312519073486,6.04704058942257,5.785682565640258,5.909797978635967,129044800,6.926510369777679,6.955490525563558
2018-11-30,6.049427509307861,6.067328937235931,5.863254844066603,5.947987298388059,116635200,6.9245213341712955,6.923586511611939
2018-12-03,6.35971736907959,6.480252249129185,6.235601929546716,6.453997392681618,149343200,6.924443764686584,6.898166712125143
2018-12-04,5.660374164581299,6.323913863630778,5.617411100255847,6.271403249343119,210096000,6.920710361003875,6.85993758837382
2018-12-06,5.742721080780029,5.754655521030878,5.230745658205822,5.299963590651356,196156000,6.917677094936371,6.820137174924215
2018-12-07,5.180621147155762,5.778522629371433,5.131691087554288,5.680662510168487,222987200,6.911827359199524,6.77214195728302
2018-12-10,5.342926502227783,5.413338104178831,4.990868492472545,5.150786344941755,176468800,6.904897584915161,6.722873783111572
2018-12-11,5.400209903717041,5.609057800545877,5.261773601743447,5.600703921092906,172163200,6.896903684139252,6.6756144762039185
2018-12-12,5.536259651184082,5.791650736123671,5.533872763303524,5.635313449591813,169451200,6.890843117237091,6.636410737037659
2018-12-13,5.5374531745910645,5.715271992037929,5.432432386918021,5.644860394828501,164724800,6.885466778278351,6.5941040992736815
2018-12-14,5.119757652282715,5.409757937013897,5.097082444386621,5.357247312624902,156177600,6.879593179225922,6.545134242375692
2018-12-17,4.789180278778076,5.190168273581879,4.665064860338377,5.068439742641279,200592800,6.871201467514038,6.486438043912252
2018-12-18,4.869140148162842,5.01354346266326,4.746218371137964,4.902556126042768,157893600,6.862195153236389,6.431282297770182
2018-12-19,4.5170817375183105,5.0827614173272195,4.401320634618796,4.858398964654876,307862400,6.851006875038147,6.369085399309794
2018-12-20,4.335681915283203,4.62806856338716,4.144735021850578,4.47173130939327,320818400,6.8386589884758,6.303308224678039
2018-12-21,3.916792869567871,4.464571054703164,3.843994391101284,4.373871602102796,369034400,6.82370944738388,6.230688802401224
2018-12-24,3.6267929077148438,3.972883897437023,3.6184390280889973,3.818933049613911,175600800,6.805299010276794,6.149417106310526
2018-12-26,4.285374164581299,4.294934159748084,3.661568866490293,3.7404407640526984,378235200,6.789634492397308,6.079340600967408
2018-12-27,4.346319198608398,4.349904594652237,3.83843200761121,4.1347990667125565,341834400,6.7756212711334225,6.009464311599731
2018-12-28,4.328394412994385,4.554254780830073,4.226816692564855,4.4216065125158295,304842400,6.761639757156372,5.94010481039683
2018-12-31,4.426387786865234,4.502869574444065,4.308079708295385,4.464628680654649,216966400,6.7483073282241826,5.87196082274119
2019-01-02,4.4897236824035645,4.568595574055911,4.150335445867055,4.156310499381995,271665600,6.73552628993988,5.8129677454630535
2019-01-03,4.054732799530029,4.351099890490272,4.0188820263086145,4.299713615054896,330510400,6.722782094478607,5.751757073402405
2019-01-04,4.573376178741455,4.63193234626152,4.202916903796509,4.248328134839804,272964000,6.712388451099396,5.70149773756663
2019-01-07,4.719168663024902,4.798040541098455,4.556644682541875,4.597275677662632,213106400,6.703205120563507,5.65269365310669
2019-01-08,4.85540246963501,4.91276380120108,4.648662527990422,4.8625723511636805,211622400,6.6970977473258975,5.622688945134481
2019-01-09,4.970125198364258,5.0394366373044654,4.851817137038979,4.913958694355885,178098400,6.694018449783325,5.599091506004333
2019-01-10,5.0179266929626465,5.022706462238038,4.775335509442633,4.856597513399974,175131200,6.688035488128662,5.567300351460775
2019-01-11,4.9581756591796875,4.974905992705202,4.876913648455134,4.928299933350584,120804800,6.684733335971832,5.538869301478068
2019-01-14,4.829111576080322,4.892447959403147,4.763385080347744,4.831501688490077,111383200,6.68175452709198,5.498719970385234
2019-01-15,5.096798419952393,5.129063798956854,4.882888138321164,4.8924481324309514,145125600,6.678612430095672,5.46263427734375
2019-01-16,5.103967189788818,5.241395665136806,5.100382249761961,5.13503818957907,135892800,6.678048157691956,5.435061764717102
2019-01-17,5.223471164703369,5.290392946603361,5.026291671527733,5.0549721095796265,142040000,6.67720623254776,5.409938446680704
2019-01-18,5.3668742179870605,5.450526323530488,5.240201003543167,5.344168835341726,166908800,6.675806353092193,5.385514505704244
2019-01-22,5.070508003234863,5.267687967461688,4.937859713395077,5.259322345196069,181734400,6.672481088638306,5.35740422407786
2019-01-23,5.075287342071533,5.198375159746618,4.902008078906519,5.132648668440523,166093600,6.671319916248321,5.344689114888509
2019-01-24,5.164915084838867,5.18881529829844,5.059752413320814,5.11711374618502,128115200,6.670075812339783,5.323482886950175
2019-01-25,5.3489484786987305,5.397944639161647,5.236615940431073,5.289197041262623,139513600,6.667963743209839,5.313677899042765
2019-01-28,5.151769638061523,5.151769638061523,5.020316186122304,5.139819075593952,140359200,6.665351102352142,5.305877423286438
2019-01-29,5.005975246429443,5.163719001355765,4.951004034593633,5.161328889206302,122530400,6.661014974117279,5.292026996612549
2019-01-30,5.381214618682861,5.439771231314993,5.125478524707146,5.174474687984108,175824000,6.658990635871887,5.277866768836975
2019-01-31,5.617830753326416,5.702678153120529,5.4588921439894875,5.475622475933653,160575200,6.657510905265808,5.263115167617798
2019-02-01,5.546128273010254,5.6668259731861905,5.504302450144157,5.5377631084370345,141561600,6.653781099319458,5.252021749814351
2019-02-04,5.749284267425537,5.755259320914804,5.537764091660519,5.553299595426499,110976800,6.650848276615143,5.2453286727269495
2019-02-05,5.901051998138428,5.927342320216497,5.771988676443735,5.780353841086841,128916800,6.649535546302795,5.238997014363607
2019-02-06,5.8544464111328125,5.942878288849928,5.774379242849529,5.913002568240869,145420000,6.649467635154724,5.222261706988017
2019-02-07,5.615440845489502,5.739723501173425,5.483987396625439,5.696702389031271,209793600,6.648435418605804,5.203492212295532
2019-02-08,5.644121170043945,5.6465112824337105,5.4493313410176665,5.462476731227714,144722400,6.649402368068695,5.190909226735433
2019-02-11,5.630975723266602,5.749283778101202,5.587954612417656,5.708652779618011,121196800,6.650196187496185,5.187475474675496
2019-02-12,5.874762058258057,5.902247668273123,5.722993333148242,5.751674227349857,128226400,6.650512294769287,5.188144620259603
2019-02-13,5.886712074279785,6.008605074991959,5.869981742864508,5.9584140807461266,127609600,6.65082052230835,5.191479293505351
2019-02-14,5.908224105834961,5.969170849342279,5.762430855765452,5.819792201740458,153369600,6.65185688495636,5.19010051091512
2019-02-15,5.978728771209717,6.037285381333057,5.898662062693449,6.036090097281213,142496000,6.652318885326386,5.190990781784057
2019-02-19,6.014581203460693,6.0695524283051805,5.922563915333675,5.922563915333675,103572800,6.653473317623138,5.201946345965068
2019-02-20,6.009800434112549,6.098232317229723,5.914198213499112,6.028920878235236,171065600,6.654601855278015,5.217774923642477
2019-02-21,5.941683292388916,6.009799896979698,5.847275908528952,5.959608450726471,128493600,6.653762784004211,5.2305786371231076
2019-02-22,6.070745944976807,6.085086162301249,5.971558796004082,5.982314072964237,119637600,6.652843027114868,5.247442857424418
2019-02-25,6.137668132781982,6.259561127926872,6.125717570983079,6.215344733071911,124102400,6.652361319065094,5.259634383519491
2019-02-26,6.1567888259887695,6.214150157352559,6.0611866070491205,6.089867044797346,105356800,6.650930976867675,5.271209732691447
2019-02-27,6.137668132781982,6.163958912872249,5.9500486432787465,6.074331750783417,115844000,6.648402557373047,5.273834013938904
2019-02-28,6.099427700042725,6.1639593709505505,6.046846135954562,6.083892196483281,92063200,6.645782387256622,5.276735933621724
2019-03-01,6.221321105957031,6.248806718110884,6.097037981191223,6.228490988164846,140156800,6.643624496459961,5.279600826899211
2019-03-04,6.222515106201172,6.3730889946684535,6.016970000742424,6.330067883677802,213088000,6.642548632621765,5.277314122517904
2019-03-05,6.238050937652588,6.295412270042568,6.1448383736349435,6.23566082515292,100348800,6.640957727432251,5.286942068735758
2019-03-06,6.130497932434082,6.259561267536875,6.101817495211682,6.25358621443782,123468800,6.639199013710022,5.293405016263326
2019-03-07,5.907028675079346,6.087477862405859,5.835327113886637,6.080307979807034,169306400,6.636842093467712,5.305511808395385
2019-03-08,5.873567581176758,5.881932747513432,5.683557956347162,5.705068514317861,174936800,6.633760931491852,5.314355826377868
2019-03-11,6.240440845489502,6.251196123451599,5.942878459116344,5.942878459116344,128468000,6.632683205604553,5.32835967540741
2019-03-12,6.3420186042785645,6.3898199446488615,6.244026266800087,6.2894374945651315,151606400,6.631301846504211,5.341788991292318
2019-03-13,6.479446887969971,6.5834142753699085,6.412525104979602,6.4376206026507345,145129600,6.630635476112365,5.357488886515299
2019-03-14,6.450766086578369,6.515297757977875,6.441206092223271,6.491397088289093,95443200,6.6297421598434445,5.379672360420227
2019-03-15,6.610898971557617,6.684990626000401,6.5081264266936305,6.526052040190294,138845600,6.630073173046112,5.41003433863322
2019-03-18,6.670651435852051,6.732792994776971,6.577439325398349,6.616875042949008,148994400,6.630004801750183,5.440059526761373
2019-03-19,6.737573146820068,6.8451254755923046,6.655115859973932,6.756693591215178,164380800,6.630342643260956,5.477067716916403
2019-03-20,6.815276622772217,6.939603830909987,6.645522533838364,6.736376751459608,183522400,6.629517560005188,5.518394295374552
2019-03-21,7.1308770179748535,7.160763341677969,6.7483319833691615,6.75191819628422,151957600,6.6293754124641415,5.571962364514669
2019-03-22,6.6646504402160645,7.095013335558276,6.639546036794079,7.037631646581256,267601600,6.626532170772553,5.622593323389689
2019-03-25,6.622809410095215,6.690950190576419,6.476964006805361,6.582163992261769,210369600,6.622883019447326,5.661550577481588
2019-03-26,6.7136640548706055,6.895372966273764,6.612050731902182,6.777022918178271,175872000,6.620541436672211,5.701006325085958
2019-03-27,6.582164287567139,6.787781890512054,6.43751413006401,6.741159297146806,176810400,6.617566220760345,5.738569156328837
2019-03-28,6.62400484085083,6.698122796769193,6.506850505357573,6.631177722789683,128437600,6.61451975107193,5.775196107228597
2019-03-29,6.773436069488525,6.792563297524043,6.656281740767344,6.769849856740956,126980000,6.611647601127625,5.8132579803466795
2019-04-01,7.040022373199463,7.065126775786683,6.897763635842768,6.969490630671716,122364800,6.610150151252746,5.8630128065745035
2019-04-02,7.1177263259887695,7.139244513612807,7.0089401356801675,7.0639308569286765,106728800,6.607925379276276,5.905418642361959
2019-04-03,7.24085807800293,7.37474867325062,7.173912552364542,7.23727186528217,151384000,6.606692187786102,5.947446799278259
2019-04-04,7.230098724365234,7.325734860396044,7.10457626732298,7.242053526387253,143620800,6.605488741397858,5.9870250701904295
2019-04-05,7.338885307312012,7.3520353622253625,7.2659626071773165,7.299435598601052,104654400,6.605163388252258,6.026504405339559
2019-04-08,7.396266937255859,7.410612700343745,7.21575375067631,7.301826505087268,103460000,6.604349219799042,6.066143409411112
2019-04-09,7.314975738525391,7.3914851030855635,7.268353150891064,7.320953367527999,104121600,6.60410719871521,6.105423410733541
2019-04-10,7.433326721191406,7.438108642593821,7.319758596044224,7.3472539600644255,99244000,6.6048268866539,6.1488269964853925
2019-04-11,7.377140045166016,7.463212803497233,7.335299374326736,7.4608218428736865,111770400,6.607592806816101,6.186832690238953
2019-04-12,7.46799373626709,7.483534294219497,7.379530029021544,7.471579948713177,95228000,6.610437068939209,6.226233132680258
2019-04-15,7.473970890045166,7.497880037026157,7.323343583285256,7.46799371730718,83369600,6.61469557762146,6.263741461435954
2019-04-16,7.5468950271606445,7.597103835001627,7.482340454768695,7.54928598791914,94287200,6.618507187366486,6.300075141588847
2019-04-17,7.622208118438721,7.71784426712112,7.556458294721391,7.693935571972367,114422400,6.622540214061737,6.342603476842244
2019-04-18,7.646117210388184,7.664049187639972,7.515812816308677,7.6604629746012645,91903200,6.625929002761841,6.385450641314189
2019-04-22,7.7106709480285645,7.7214295859820865,7.531353019004644,7.549284994318667,75756800,6.630839946269989,6.427879905700683
2019-04-23,8.003557205200195,8.03344352921074,7.738167414115483,7.771639951077975,104954400,6.635980134010315,6.472123384475708
2019-04-24,7.925854206085205,8.054962444271762,7.922267080752034,8.02148990429531,95075200,6.639162459373474,6.518358127276103
2019-04-25,8.014314651489258,8.111146023996069,7.8935736788179325,8.101582183930264,119690400,6.641772685050964,6.568497117360433
2019-04-26,8.043006896972656,8.045398313504931,7.782398130503315,7.98682046522046,110516800,6.644436862468719,6.612860321998596
2019-04-29,8.086042404174805,8.12549256419021,8.002361075710075,8.040615527587963,83797600,6.647865195274353,6.653997182846069
2019-04-30,7.900747299194336,7.939002665250306,7.73099321658254,7.88998866153469,127595200,6.648541123867035,6.693240833282471
2019-05-01,7.80989408493042,8.1183211548021,7.801525951037383,8.047788958796627,125916000,6.648649413585662,6.7275843302408855
2019-05-02,7.714257717132568,7.929439612306256,7.56123988592382,7.812284822254311,141288800,6.648542077541351,6.757804425557454
2019-05-03,8.07767391204834,8.099192097276191,7.864883475938487,7.9067241383098565,108889600,6.649535768032074,6.79485821723938
2019-05-06,7.933025360107422,7.9641073902675705,7.526571199752971,7.568412324041004,161715200,6.6500568318367,6.833484625816345
2019-05-07,7.471580505371094,7.772834230042063,7.249226196566597,7.676002838551067,237529600,6.648849472999573,6.863942281405131
2019-05-08,7.4058308601379395,7.577975914809471,7.314976183706144,7.396267017974974,161237600,6.647367069721222,6.893523200352987
2019-05-09,7.288676738739014,7.362794693510139,6.965904352952477,7.167935736130668,220417600,6.6449647450447085,6.9170884450276695
2019-05-10,7.308999538421631,7.415394782011335,6.842773143991895,7.201409042489751,227858400,6.642168772220612,6.9407932360967
2019-05-13,6.553472518920898,6.865485787244952,6.4877227030586395,6.7519176747397385,234920800,6.633954203128814,6.951547376314799
2019-05-14,6.759090423583984,6.8834176275959145,6.578576790522054,6.6491085258721805,140192000,6.628557851314545,6.96455340385437
2019-05-15,7.040022373199463,7.099795020899956,6.621613839296009,6.6299819734917484,176160000,6.6262011408805845,6.981644090016683
2019-05-16,7.25998592376709,7.390290317383766,7.030459169522556,7.053172612068904,174026400,6.626561329364777,7.002480514844259
2019-05-17,7.03404426574707,7.3329074645704,7.013721331091977,7.040021438517726,182510400,6.625075755119323,7.020686531066895
2019-05-20,6.6813859939575195,6.817667547693373,6.6048770835113615,6.7399633850342155,184368800,6.621325659751892,7.030863865216573
2019-05-21,6.882221698760986,6.938408126009795,6.78180364582112,6.846358206145831,114487200,6.617099902629852,7.043273091316223
2019-05-22,6.792563438415527,6.9073268090090565,6.761481863224025,6.763872823781694,128912800,6.61207976102829,7.053869334856669
2019-05-23,6.472182750701904,6.5606464772046245,6.349051232272596,6.558255516377075,207680800,6.604741673469544,7.059444578488668
2019-05-24,6.46261739730835,6.64671676472986,6.4410992124360025,6.583357918177399,137225600,6.596967895030975,7.065497740109762
2019-05-28,6.39328145980835,6.6240038845301354,6.3873042870701315,6.51999961959219,116903200,6.5887400341033935,7.068363746007283
2019-05-29,6.233090877532959,6.335899892143713,6.127890902579041,6.274931999494738,177921600,6.579747021198273,7.068540008862813
2019-05-30,6.307209491729736,6.357418752193162,6.19722804047602,6.279714128916307,136428000,6.572061426639557,7.069692651430766
2019-05-31,6.003564834594727,6.1458235708526,5.994000992142547,6.081269002387706,140600800,6.562970991134644,7.0675770998001095
2019-06-03,5.619823932647705,6.0011737030263985,5.514624404845185,5.955746364730845,241812800,6.551239840984344,7.062790354092916
2019-06-04,6.075291156768799,6.082464037814408,5.727414406565239,5.78599179503174,163869600,6.543236017227173,7.066152413686116
2019-06-05,6.209182262420654,6.254609600776969,6.02149619166871,6.251023387969319,152316800,6.535549590587616,7.065631437301636
2019-06-06,6.352636337280273,6.4016498856217305,6.157777396105133,6.240263934163757,100302400,6.528586401939392,7.065808399518331
2019-06-07,6.7148590087890625,6.8045179801396465,6.433927747635545,6.455445937242014,151548000,6.523511905670166,7.069731934865316
2019-06-10,6.959927558898926,7.1511998577780895,6.85711852724045,6.85711852724045,183272000,6.519262948036194,7.078217959403991
2019-06-11,6.9862260818481445,7.2169485114655805,6.915694347570859,7.179889766084859,137447200,6.51469199180603,7.0844734112421675
2019-06-12,6.867877006530762,6.969490320690513,6.826035881383913,6.925258691047584,110176000,6.509726195335388,7.087760504086813
2019-06-13,6.980249881744385,7.03285010475685,6.907327176952828,6.949168304897209,98559200,6.504230291843414,7.091805116335551
2019-06-14,6.889395236968994,6.945581213549099,6.812886323816353,6.870268008680834,77144800,6.497062830924988,7.093040426572164
2019-06-17,7.014917850494385,7.073494788861542,6.91449978583587,6.93243176225061,75050400,6.490337998867035,7.091107773780823
2019-06-18,7.3185625076293945,7.470385074593313,7.209776316312454,7.262376077642609,141829600,6.483669469356537,7.102006308237711
2019-06-19,7.404634952545166,7.454844210491083,7.220535556154358,7.355621402851983,136979200,6.4776759481430055,7.115036733945211
2019-06-20,7.6078619956970215,7.714257228218052,7.439303159179968,7.70947530728857,119355200,6.472573244571686,7.129940032958984
2019-06-21,7.5731940269470215,7.7154532155560265,7.525376184009728,7.568412561873659,104646400,6.467810382843018,7.146457195281982
2019-06-24,7.570803165435791,7.637748233597133,7.556457402804868,7.613839085241336,68938400,6.464730207920074,7.162237167358398
2019-06-25,7.183475494384766,7.564824752229595,7.146416295473019,7.552870407305303,139623200,6.4608292436599735,7.1690711577733355
2019-06-26,7.2743306159973145,7.457235217330711,7.244444293900318,7.31856270104181,94115200,6.457776370048523,7.1729762951533
2019-06-27,7.353229999542236,7.410612135461584,7.298239279984337,7.353229999542236,75270400,6.4547719120979306,7.176901356379191
2019-06-28,7.384312152862549,7.434520952605776,7.305412284673862,7.409416552734162,98932800,6.451039743423462,7.179292257626852
2019-07-01,7.678393363952637,7.836193089430367,7.57797485934423,7.806306770877327,144820800,6.449130039215088,7.186763834953308
2019-07-02,7.771637439727783,7.771637439727783,7.607860108732541,7.670024153339203,81248800,6.446493141651153,7.193976370493571
2019-07-03,7.943784236907959,7.943784236907959,7.801525960552824,7.8206527328781545,67127200,6.445033221244812,7.203101658821106
2019-07-05,7.892378330230713,7.936610408505993,7.68795602781874,7.781201192561952,116844800,6.445052692890167,7.212725035349528
2019-07-08,7.7262115478515625,7.746534939746269,7.629380157523634,7.745339231503484,105787200,6.443304493427276,7.217606449127198
2019-07-09,7.8421711921691895,7.868471303074233,7.594712467288982,7.611448735672515,88595200,6.442225604057312,7.225356968243917
2019-07-10,8.074089050292969,8.139838412999799,7.937807491742013,7.985625790474917,154109600,6.441041288375854,7.235458556811015
2019-07-11,8.052571296691895,8.164944167979028,7.974866671058414,8.113539653673024,127849600,6.440411720275879,7.245101896921794
2019-07-12,8.18765640258789,8.190047819066246,8.054961061841952,8.075284453675355,89192800,6.44010552406311,7.255781253178914
2019-07-15,8.256994247436523,8.271340012494905,8.178094819761185,8.24384419081425,73394400,6.43997893333435,7.266361021995545
2019-07-16,8.139838218688965,8.258188710440784,8.062134511168367,8.23069289290682,111992000,6.439308333396911,7.274589705467224
2019-07-17,8.019099235534668,8.180485214012469,8.014317313913171,8.143426461518729,92508000,6.436888356208801,7.279730176925659
2019-07-18,8.053766250610352,8.088434493016482,7.821848103783617,7.900747518316967,135568000,6.434707365036011,7.2805669943491615
2019-07-19,7.8589067459106445,8.212760678505184,7.838584266444105,8.212760678505184,140779200,6.43130741596222,7.279451203346253
2019-07-22,8.044201850891113,8.096802064970468,7.916288440154753,7.918678944404683,95506400,6.429078602790833,7.279949323336283
2019-07-23,8.19961166381836,8.203198788936186,8.01431699662716,8.178094385460925,116049600,6.427501525878906,7.282559402783712
2019-07-24,8.374147415161133,8.374147415161133,8.105170529175975,8.109951537871227,109244800,6.429225721359253,7.287361152966818
2019-07-25,8.13505744934082,8.2904657810166,8.086043442050284,8.289270072725609,150075200,6.431264142990113,7.291266322135925
2019-07-26,8.376538276672363,8.414792732272376,8.274924964490284,8.284488806404827,111478400,6.435202152729034,7.300710391998291
2019-07-29,8.298833847045898,8.363388413358447,8.137447887293623,8.363388413358447,113275200,6.438459253311157,7.310453327496846
2019-07-30,8.18765640258789,8.28209728820353,8.088434508131847,8.107561279667918,111504000,6.4461191105842595,7.312286369005839
2019-07-31,7.8421711921691895,8.266557355464458,7.615035404632637,8.252211591682192,196340800,6.45340010881424,7.310772132873535
2019-08-01,7.732188701629639,8.320351256893469,7.607861501710292,7.885206513204804,298384800,6.4574340724945065,7.3151156028111775
2019-08-02,7.378334999084473,7.582757323190565,7.244443954030427,7.555261962874751,246920000,6.461005554199219,7.314657338460287
2019-08-05,6.603682518005371,6.926454460511034,6.4171916873781525,6.926454460511034,302484800,6.457833609580994,7.303240768114725
2019-08-06,6.875049114227295,6.9312355438984445,6.634763292920271,6.780608686009262,213540800,6.455899155139923,7.29600826104482
2019-08-07,6.975468158721924,7.0089411532350585,6.4913097789493275,6.6479142880535775,307908800,6.4569849061965945,7.30304152170817
2019-08-08,7.436911582946777,7.439302543213549,7.016112152604807,7.081862419868428,219056000,6.460515112876892,7.314338541030883
2019-08-09,7.216949939727783,7.402245071389184,7.049586786239386,7.323345188280432,221366400,6.462438309192658,7.317287333806356
2019-08-12,6.975468158721924,7.15239560621227,6.876245795631866,7.086645325577078,213311200,6.463530025482178,7.312545371055603
2019-08-13,7.433326721191406,7.5779764233960405,6.9336273353671025,6.962318407752471,239259200,6.4715056896209715,7.319200078646342
2019-08-14,6.767459869384766,7.141636806166638,6.725618738520373,7.0711050571378395,304930400,6.473156545162201,7.320634643236796
2019-08-15,6.738768100738525,6.85233622133951,6.583359309614123,6.802127416711408,208939200,6.477164146900177,7.318243749936422
2019-08-16,7.049586772918701,7.111750386164066,6.907327568288852,6.907327568288852,164405600,6.484313089847564,7.322527472178141
2019-08-19,7.379530906677246,7.440499261686047,7.2886766843482835,7.348449331046815,120044000,6.492025740146637,7.337649941444397
2019-08-20,7.227708339691162,7.41778537470589,7.221731166218569,7.341276459786847,125264000,6.497010140419007,7.350401457150777
2019-08-21,7.411808013916016,7.482339753579929,7.336494353183239,7.415394226703117,101481600,6.501554546356201,7.367376899719238
2019-08-22,7.340081214904785,7.506249100167579,7.164349487252916,7.4548445873990605,152629600,6.50719628572464,7.385826738675435
2019-08-23,6.66823673248291,7.387899497999552,6.584555386748874,7.188259064563875,302350400,6.509783124923706,7.391843859354655
2019-08-26,6.938407897949219,6.9407988581821805,6.749526143806599,6.8726580876444086,146585600,6.513070406913758,7.40742457707723
2019-08-27,6.896566867828369,7.120116864219856,6.814080790846472,7.083057664169359,154579200,6.513260416984558,7.428703625996907
2019-08-28,6.9659037590026855,7.001767253025699,6.724422230405095,6.827231247692383,127824800,6.514381883144378,7.443547169367473
2019-08-29,7.282698631286621,7.343666982749446,7.141635612829218,7.222925988064522,141523200,6.518799874782562,7.461439108848571
2019-08-30,7.231294631958008,7.403439681559724,7.108162675896184,7.4022439733100205,136103200,6.525771343708039,7.476083413759867
2019-09-03,7.020895004272461,7.194235770355586,6.946777050288934,7.087840532533483,128785600,6.531702752113342,7.481184013684591
2019-09-04,7.316172122955322,7.336494604149544,7.163153835720899,7.218145017835779,100464800,6.539850454330445,7.48712142308553
2019-09-05,7.720234394073486,7.783593246484933,7.545697938854644,7.557652740460894,126744000,6.548496870994568,7.499354894955953
2019-09-06,7.698716640472412,7.765661709118678,7.6461164225028275,7.752511654626282,115038400,6.557363891601563,7.513202222188314
2019-09-09,7.649703502655029,7.778812182009385,7.527767249024797,7.7668578351164435,112312800,6.568826172351837,7.524359782536824
2019-09-10,7.5863447189331055,7.588735679685086,7.373554228327342,7.524181107469023,136765600,6.581457467079162,7.535975607236226
2019-09-11,7.79076623916626,7.8051120021391975,7.570803345930232,7.621012148248259,111400800,6.594543995857239,7.548906413714091
2019-09-12,7.887599945068359,8.06691790984017,7.852931695765475,7.935417339360842,139931200,6.60868753194809,7.55839037100474
2019-09-13,7.803916931152344,7.906725960708459,7.7704443935402585,7.854125737570471,107610400,6.620676233768463,7.5650450706481935
2019-09-16,7.696325778961182,7.7441440794672785,7.626989744859363,7.649703642812859,97124000,6.631846523284912,7.5665194670359295
2019-09-17,7.797939777374268,7.805112203016246,7.648507706749343,7.693935045274622,90796000,6.6409351658821105,7.57026522954305
2019-09-18,7.793158054351807,7.802720984764789,7.501467243387741,7.753707888201771,142063200,6.650274393558502,7.573971144358317
2019-09-19,7.827826976776123,7.972476686454345,7.782399177135191,7.833803694794253,132770400,6.659166390895844,7.584710335731506
2019-09-20,7.58156156539917,7.8840109829240115,7.50027119318748,7.861297999543973,123512800,6.665275611877441,7.58983085155487
2019-09-23,7.5887346267700195,7.655680150449564,7.4954894505259615,7.564825478596677,89409600,6.674917414188385,7.593755928675334
2019-09-24,7.288676738739014,7.739362096903508,7.1894539255850445,7.692739505095396,203765600,6.68264719247818,7.592162005106608
2019-09-25,7.521788597106934,7.58395219576431,7.08066668990035,7.263570817468854,152304000,6.694353029727936,7.58955192565918
2019-09-26,7.446476459503174,7.514617240480021,7.2755266529039675,7.4990762245994285,136214400,6.704870779514312,7.58413257598877
2019-09-27,7.176303386688232,7.489512364961834,7.0125264722360106,7.477557562721004,188492000,6.713751246929169,7.571341228485108
2019-09-30,7.367575645446777,7.4022434296476,7.20618924577103,7.244443698428456,117103200,6.7229078269004825,7.562594517072042
2019-10-01,7.189453125,7.573193367489616,7.1511986715696425,7.450061874012469,158454400,6.731167826652527,7.553648543357849
2019-10-02,6.821254730224609,7.044804305279557,6.696927513369696,7.044804305279557,270824000,6.739675312042237,7.536633268992106
2019-10-03,7.045998573303223,7.049585241769521,6.56423124532653,6.816471856738233,240521600,6.750959403514862,7.519498427708943
2019-10-04,7.342471599578857,7.373553630806715,7.123703952835687,7.138049260155953,168977600,6.763326060771942,7.5076634327570595
2019-10-07,7.2743306159973145,7.451258044117128,7.237271868455653,7.2755263242574815,162530400,6.777112305164337,7.492441336313884
2019-10-08,6.943191051483154,7.230099489956147,6.93362720885283,7.12968142248332,235405600,6.790149850845337,7.470544616381328
2019-10-09,7.153590679168701,7.245640613720308,7.060345492285129,7.124899606881151,152269600,6.806333839893341,7.4541071573893225
2019-10-10,7.310194969177246,7.3962672714482,7.134463239657655,7.154785720906775,176239200,6.824750850200653,7.4422920862833655
2019-10-11,7.5839524269104,7.770443228566455,7.548088933984366,7.557652775313471,222509600,6.841243741512298,7.434461855888367
2019-10-14,7.592321872711182,7.664049326993413,7.538526852035924,7.561240295075941,91493600,6.857473754882813,7.430018774668375
2019-10-15,7.880425930023193,7.931830445328861,7.647312960647641,7.660463016567108,140721600,6.875233912467957,7.4272891759872435
2019-10-16,7.821848392486572,7.879230533221825,7.745339479545026,7.7967439909330825,117193600,6.892211215496063,7.420993121465047
2019-10-17,7.875643253326416,7.9927980369943965,7.7871799954902885,7.956934085733664,121839200,6.909140813350677,7.412684718767802
2019-10-18,7.649703502655029,7.89357555388639,7.530158209609206,7.84456245800787,154444000,6.927115666866302,7.404595486323038
2019-10-21,7.851733684539795,7.86846995004543,7.702302091055144,7.7740290735161635,94176000,6.943507454395294,7.395848743120829
2019-10-22,7.670025825500488,7.977257167547174,7.660461983928591,7.933025084320747,125023200,6.958261740207672,7.385368609428406
2019-10-23,7.705888748168945,7.711866377076599,7.579171041438141,7.616229786902859,96905600,6.972514171600341,7.377339148521424
2019-10-24,7.927049160003662,7.94259063391466,7.766858883487701,7.87444984416322,122484800,6.987298791408539,7.3787537813186646
2019-10-25,8.107561111450195,8.127883590803789,7.8003297685431585,7.805111689342498,129177600,7.002746963500977,7.385009988149007
2019-10-28,8.355020523071289,8.388493059455469,8.231889016204537,8.231889016204537,111596000,7.019731187820435,7.401288080215454
2019-10-29,8.162550926208496,8.350236964466308,8.15657420991656,8.314373930540594,107028000,7.036398384571076,7.427269220352173
2019-10-30,8.277315139770508,8.317961010261849,8.065720390160287,8.205588152380168,118984800,7.052300968170166,7.450640320777893
2019-10-31,8.283292770385742,8.358605970351807,8.142229299931593,8.340673995486135,123296000,7.0681975960731505,7.472437397638957
2019-11-01,8.508039474487305,8.510430891434542,8.355021623964086,8.393276086594891,115052800,7.08462043762207,7.490289529164632
2019-11-04,8.659858703613281,8.72321754385505,8.621604257879122,8.68018117839688,99926400,7.1010853600502015,7.514338008562723
2019-11-05,8.670618057250977,8.724413974559281,8.594109159444413,8.699308665913936,103229600,7.119085910320282,7.542590506871542
2019-11-06,8.615630149841309,8.652688902769114,8.493694339268924,8.64910268952556,115329600,7.136787624359131,7.562295564015707
2019-11-07,8.702896118164062,8.87025876838957,8.627582013504544,8.751909205142093,125719200,7.1544775295257566,7.594552834828694
2019-11-08,8.805708885192871,8.809295098935287,8.586940726321238,8.651495309860003,81607200,7.171761331558227,7.629001847902933
2019-11-11,8.768646240234375,8.781796294200948,8.637146612626768,8.675401066331856,76092800,7.189845714569092,7.657652839024862
2019-11-12,8.840373992919922,8.93242437866186,8.750715023774454,8.788969480794192,128692000,7.209017708301544,7.682000223795573
2019-11-13,8.827223777770996,8.87384727997487,8.733978597479613,8.754301989948342,111758400,7.226247754096985,7.708658814430237
2019-11-14,8.82483196258545,8.842763935837754,8.668227947768614,8.749518769395424,106651200,7.24228276014328,7.732209213574728
2019-11-15,8.99100112915039,9.006541688470897,8.901342161872794,8.97904678259168,90586400,7.259507124423981,7.759724545478821
2019-11-18,9.037623405456543,9.083051197684206,8.867869318864086,8.979046470911456,96696000,7.275948820114135,7.799214323361714
2019-11-19,9.07468318939209,9.141628258367339,8.976655178309532,9.141628258367339,112120000,7.291816976070404,7.834818911552429
2019-11-20,8.915687561035156,9.089027859206062,8.705287604369408,9.007737029043716,150380000,7.307123181819915,7.868470923105876
2019-11-21,8.846349716186523,8.900144721259052,8.768645110592203,8.884604164963388,90659200,7.323277726173401,7.899811689058939
2019-11-22,8.870261192321777,8.93122955274047,8.723220979148698,8.913297574728114,83668000,7.33940842628479,7.926271065076192
2019-11-25,9.17749309539795,9.18347072575255,8.977852645547715,8.98024406251289,80078400,7.357141013145447,7.9587077061335245
2019-11-26,9.232483863830566,9.265956401696494,9.157169741573977,9.194229404546899,83690400,7.37392962217331,7.995567520459493
2019-11-27,9.418972969055176,9.422559181620459,9.26714994869858,9.298231977694583,81556800,7.391590926647186,8.030614201227824
2019-11-29,9.293451309204102,9.392674126485035,9.276715040272167,9.349637745786275,53796000,7.408517062664032,8.056834483146668
2019-12-02,8.994586944580078,9.299427784680962,8.84993725987571,9.293450155636576,151815200,7.4235963535308835,8.078432321548462
2019-12-03,8.792556762695312,8.80211969307736,8.500865952674783,8.643125144784502,156052000,7.437486231327057,8.097479875882467
2019-12-04,8.922861099243164,8.986219962173305,8.886997144499412,8.928838729053208,87659200,7.45205153465271,8.119755148887634
2019-12-05,8.969481468200684,9.017299758644436,8.842763773774063,9.016104050567385,89080800,7.467190525531769,8.139400402704874
2019-12-06,9.246828079223633,9.27910581855594,9.149996685343085,9.166732953123471,92941600,7.483070936203003,8.162054204940796
2019-12-09,9.133259773254395,9.340072601404437,9.123695931752232,9.2157453980507,77928800,7.498048894405365,8.18420991897583
2019-12-10,9.11293888092041,9.238460902275175,9.04718859921676,9.139238081543587,112048000,7.512829644680023,8.207820137341818
2019-12-11,9.250415802001953,9.2803021296394,9.128479986546834,9.166734449440433,90596000,7.528393383026123,8.232028071085612
2019-12-12,9.462010383605957,9.563623703039102,9.183469624360967,9.22052837435161,183164000,7.545206296443939,8.259842276573181
2019-12-13,9.54688549041748,9.649694497254018,9.379521927284184,9.439294563256215,160996000,7.561834118366241,8.288493251800537
2019-12-16,9.820646286010742,9.87085509162695,9.726205392366026,9.733377818294562,99388000,7.5798247742652896,8.325811330477396
2019-12-17,9.833794593811035,9.897153443740855,9.80271256688125,9.870853337266272,84548800,7.597803492546081,8.363228996594747
2019-12-18,9.856508255004883,9.955731059156049,9.843358200861566,9.880417858928247,71408000,7.6164335441589355,8.406026188532511
2019-12-19,10.057345390319824,10.063323019923015,9.881614571919656,9.881614571919656,83384800,7.637185127735138,8.448285468419392
2019-12-20,10.17689037322998,10.223512964116056,10.11353151443907,10.188845632069032,99548000,7.658701741695404,8.493792366981506
2019-12-23,10.252204895019531,10.30241370071336,10.229490996799747,10.283286015463387,72427200,7.678760561943054,8.545057392120361
2019-12-24,10.26547908782959,10.292984851476627,10.194922292315855,10.278633899262335,39898400,7.698377864360809,8.593355782826741
2019-12-26,10.5321626663208,10.536946317400574,10.31212019098016,10.31212019098016,64258400,7.718641443252563,8.649067608515422
2019-12-27,10.501067161560059,10.650552804617856,10.42213921646728,10.64457392632832,99750400,7.738892948627472,8.710397815704345
2019-12-30,10.291787147521973,10.507046836101077,10.141106277904548,10.491500657854566,112905600,7.757297389507293,8.764494291941325
2019-12-31,10.350387573242188,10.375501054902243,10.148282666812321,10.200901911655142,84380000,7.775696070194244,8.814626224835713
2020-01-02,10.863419532775879,10.863419532775879,10.5500982285129,10.608696341446464,131072000,7.796325302124023,8.87444437344869
2020-01-03,10.568038940429688,10.762967919851732,10.432903314840946,10.438883106418324,145180000,7.815089113712311,8.934858504931132
2020-01-06,10.76894474029541,10.772532249296813,10.278631162646157,10.316899445974173,128095200,7.8332794523239135,8.995114405949911
2020-01-07,10.755792617797852,10.856246544469103,10.662513710920813,10.779709958703938,107699200,7.853735163211822,9.052541033426921
2020-01-08,11.003340721130371,11.155217750300103,10.706760770121521,10.75818387367752,159164800,7.8756378197669985,9.109530838330587
2020-01-09,11.280784606933594,11.344166372598073,11.088247028752095,11.268825938157116,145423200,7.898473422527314,9.171005217234294
2020-01-10,11.188701629638672,11.41711614058899,11.137278529587261,11.407548840024075,137604000,7.921506109237671,9.226143145561219
2020-01-13,11.579754829406738,11.585733707054283,11.278391294424377,11.328619158513343,116558400,7.946284859180451,9.288774919509887
2020-01-14,11.444621086120605,11.61802498887274,11.387219107021146,11.549859568449628,145737600,7.9696407842636106,9.34825788338979
2020-01-15,11.45179557800293,11.615631247122632,11.339382090516851,11.454186946669745,133003200,7.991699650287628,9.411626084645588
2020-01-16,11.771096229553223,11.778271247673263,11.543877894410715,11.613239444197308,121100800,8.01496649980545,9.476948793729147
2020-01-17,11.946893692016602,11.975594682216515,11.75076858627247,11.92417158056482,144402400,8.03849667787552,9.548229924837749
2020-01-21,11.940914154052734,12.01984301926099,11.834480438766242,11.842851599101538,138882400,8.062050755023956,9.618813681602479
2020-01-22,12.022234916687012,12.232710987437658,11.980379113171054,12.105947436107016,136148800,8.08546750307083,9.6870667775472
2020-01-23,12.133451461791992,12.148997641357793,11.83567629431087,11.998316758953191,143588800,8.109153425693512,9.754164950052898
2020-01-24,11.818934440612793,12.342731864766485,11.661077620156334,12.305659713052547,239374400,8.131673219203948,9.81189684867859
2020-01-27,11.088247299194336,11.283176250930268,10.784492360445926,11.032040550947272,198626400,8.149947822093964,9.86065845489502
2020-01-28,11.603675842285156,11.680212434577946,11.238931344224744,11.31905544672061,171862400,8.17108050107956,9.91609779993693
2020-01-29,11.645530700683594,11.834480796695615,11.50202482991309,11.7950163628979,137877600,8.191968185901642,9.972135098775228
2020-01-30,11.777076721191406,11.791426758286384,11.319052514559829,11.43266123270533,200249600,8.213483715057373,10.026619052886963
2020-01-31,11.198269844055176,11.92895583324819,11.091836125651826,11.920584672667749,220384000,8.231740589141845,10.068925905227662
2020-02-03,11.71250057220459,11.798604457228674,11.352538852129813,11.374064823385835,173688000,8.252192051410676,10.119623947143555
2020-02-04,12.51254653930664,12.58669175028582,12.080831908419812,12.198029059659417,140248800,8.276524198055267,10.184572553634643
2020-02-05,12.657248497009277,12.984921698163124,12.42405124836694,12.982529416829971,174612000,8.30125708580017,10.250478426615397
2020-02-06,12.965786933898926,12.980137884553256,12.605826150768978,12.737373338409064,113132800,8.326068234443664,10.319813060760499
2020-02-07,12.798362731933594,13.012426287586829,12.69073379617358,12.793579994138554,154052000,8.350430777072907,10.386975002288818
2020-02-10,13.259974479675293,13.263562901602878,12.664424174013426,12.673991474377694,123248800,8.376659076213837,10.460635010401408
2020-02-11,13.269542694091797,13.617545741612798,13.164305119999682,13.477626473214226,193770400,8.402791755199432,10.534673659006755
2020-02-12,13.658205032348633,13.67494735249179,13.405873177120727,13.50034821929313,121608000,8.430652568340301,10.61522987683614
2020-02-13,13.605586051940918,13.764639008744853,13.319769550935247,13.368801284002279,155282400,8.459176762104034,10.692139625549316
2020-02-14,13.69766902923584,13.751483497647914,13.523069901575253,13.659400739781299,113969600,8.488615636825562,10.769807052612304
2020-02-18,13.721587181091309,13.804103555774903,13.46447166840101,13.503936100848648,130167200,8.518652284145356,10.847255452473958
2020-02-19,14.118621826171875,14.207117996960697,13.920105337068827,13.969136160851953,105627200,8.548857023715973,10.93397102355957
2020-02-20,13.716802597045898,14.109053700987667,13.201376378406525,14.027733472563982,227657600,8.577775909900666,11.01514523824056
2020-02-21,12.932303428649902,13.582865317145679,12.76368407752009,13.520678771245782,207107200,8.605079524517059,11.082845942179363
2020-02-24,11.442230224609375,11.908625659319886,11.197073380916349,11.513983157859904,269674400,8.625261521339416,11.120591560999552
2020-02-25,10.51661491394043,11.828501145925237,10.397026391971176,11.711303992944641,300793600,8.641401212215424,11.14199374516805
2020-02-26,10.661317825317383,11.20903352162318,10.42214076097998,10.676864006039601,335736000,8.658162803649903,11.16269949277242
2020-02-27,9.0672025680542,10.333645611503947,9.038501575500025,9.842136666121718,425116000,8.670731453895568,11.158928680419923
2020-02-28,9.208314895629883,9.259737989334761,8.072224096818404,8.181050074440217,494222400,8.682977576255798,11.162490812937419
2020-03-02,10.465192794799805,10.492697646495838,9.085141012317218,9.479782624406614,363518400,8.7001034283638,11.19036808013916
2020-03-03,9.479780197143555,10.942347985005307,9.193963748996193,10.56803630042596,548126400,8.711202399730682,11.199650065104167
2020-03-04,10.630221366882324,10.66131463139993,9.722545117589883,9.990423093928204,315827200,8.729183285236358,11.227329063415528
2020-03-05,9.697432518005371,10.37550011067102,9.458255481232609,9.834959496627306,386972000,8.744263517856599,11.234839137395223
2020-03-06,9.189180374145508,9.337470778683137,8.490783936211745,8.69767245329124,393519200,8.755798311233521,11.235771147410075
2020-03-09,7.3224053382873535,8.269546694449982,7.294900032253288,7.358281804584222,406964800,8.75844752073288,11.205928921699524
2020-03-10,8.46208381652832,8.482413645680984,7.294899621603176,8.129627881394713,456252800,8.768397026062011,11.192790055274964
2020-03-11,7.3738274574279785,8.039935873226224,7.0557220412726,7.866531987491011,430928000,8.77295307636261,11.15798700650533
2020-03-12,5.352781295776367,6.876339053816977,5.309729817077121,5.919631011546789,618225600,8.76775057554245,11.088085269927978
2020-03-13,6.7974114418029785,6.853618191744785,5.388658833219954,6.24730443658962,556290400,8.7705721783638,11.037698022524516
2020-03-16,4.454671859741211,5.812001223788806,4.423579048828086,4.838550855483369,658290400,8.761309490203857,10.948045976956685
2020-03-17,5.180574893951416,5.39822597410902,4.275289791400693,4.709396267184935,762020800,8.757194540500642,10.870113754272461
2020-03-18,4.701024532318115,4.962923207216075,3.9141319108514745,4.3410628586875575,848999200,8.752600543498993,10.780841739972432
2020-03-19,4.809850692749023,5.271462479079709,4.305186963789399,4.646014082611783,804808800,8.746273341178894,10.691391078631083
2020-03-20,4.246588230133057,5.237977190417037,4.197556954191802,5.141110779227294,782255200,8.736460371017456,10.591297467549643
2020-03-23,4.2597432136535645,4.54436403629253,3.859121829773808,4.29681582133738,820073600,8.725995905399323,10.491201869646709
2020-03-24,5.20927619934082,5.230802169865725,4.799087531063145,4.930634723209556,829824000,8.718467991352082,10.402487095197042
2020-03-25,5.088491439819336,5.721114820734745,4.91269662545651,5.28581268049308,834874400,8.709110810756684,10.312277499834696
2020-03-26,5.917240142822266,5.979426230361305,5.222430650624435,5.241565252507849,649240000,8.703765881061553,10.239368383089701
2020-03-27,5.302555084228516,5.779713487778941,5.236781488361106,5.456824387109647,557143200,8.695939271450042,10.15523784160614
2020-03-30,5.859838008880615,5.90528177831647,5.381483885706688,5.450845452540047,416621600,8.690337212085725,10.071844816207886
2020-03-31,5.697197437286377,6.162396741184063,5.6039185308331945,5.813198456168743,731904000,8.68437622308731,9.99066412448883
2020-04-01,4.990428924560547,5.467587323882177,4.857685593313402,5.214059331005429,535589600,8.674253778457642,9.894355527559917
2020-04-02,5.285813331604004,5.30255565349194,4.875624620573353,4.9270477270543305,467531200,8.664090032577514,9.803189206123353
2020-04-03,5.072944641113281,5.379091406989065,4.886386847699431,5.245152396503278,554484000,8.652431581020355,9.704349271456401
2020-04-06,6.134891033172607,6.241324743821453,5.544123903940609,5.633815294648379,518616800,8.645066726207734,9.618584378560383
2020-04-07,6.122931957244873,6.731637506703002,6.099014163404492,6.684998059620945,658009600,8.637815415859222,9.534154884020488
2020-04-08,6.513986587524414,6.577368354779304,6.132498930983065,6.301118719648739,518180000,8.632531332969666,9.449725413322449
2020-04-09,6.537904739379883,6.78306159170705,6.370481070500839,6.688586543184466,553297600,8.629303479194641,9.367946807543436
2020-04-13,6.765122890472412,6.802195497823351,6.346563048782687,6.457780414641479,426961600,8.626757440567017,9.289835596084595
2020-04-14,7.642902374267578,7.701500950401053,7.102362203514763,7.181290609286094,490049600,8.628205802440643,9.221032365163166
2020-04-15,7.389374732971191,7.580716181786284,7.134651058578476,7.284136708025891,431688000,8.628231115341187,9.145073715845744
2020-04-16,7.785212516784668,7.901213527870964,7.408508950214186,7.630943671755577,562920000,8.628765211105346,9.075812021891275
2020-04-17,7.980142116546631,8.143977800409147,7.657252574197632,8.092554701760305,463564800,8.629807734489441,9.008443808555603
2020-04-20,7.721829414367676,8.07341989659875,7.708674606366659,7.795974612883599,386998400,8.628697960376739,8.934916774431864
2020-04-21,6.867968559265137,7.549623196556291,6.734029548126008,7.493416447654107,519489600,8.623575911521911,8.852400676409404
2020-04-22,7.475478649139404,7.61300563816548,7.212384253741044,7.298487683281186,274185600,8.62232224702835,8.792187865575155
2020-04-23,7.426446437835693,7.843810090658428,7.38100313158168,7.561581584586978,424868000,8.620243623256684,8.722567375500997
2020-04-24,7.785212516784668,7.821089437957669,7.320013244151588,7.479066195690283,317981600,8.618799240589142,8.65822873910268
2020-04-27,7.937090873718262,8.082988110404287,7.849790847466572,8.033957288724995,304741600,8.618221838474273,8.59422897497813
2020-04-28,7.507767200469971,8.159525187185409,7.487437370878314,8.158329046507074,386247200,8.614822392463685,8.532720597585042
2020-04-29,8.288679122924805,8.41544356068781,7.903603984648089,8.018409754196295,346104000,8.614980816841125,8.475656906763712
2020-04-30,8.343689918518066,8.427402422722757,8.126038867406544,8.420227404106441,380544800,8.61600007534027,8.406175963083903
2020-05-01,7.595067024230957,8.049503328124164,7.474282814671238,7.8115224187736825,346245600,8.613879914283752,8.321806271870932
2020-05-04,7.862944602966309,7.884470571454738,7.422858845726822,7.479065591912605,200756000,8.612925806045531,8.23675889968872
2020-05-05,8.114080429077148,8.39750553350416,8.037543853705694,8.099730391437468,288714400,8.614201674461365,8.158687527974447
2020-05-06,8.274330139160156,8.50633125169714,8.17865895648914,8.31618593943322,311880800,8.61535231590271,8.075593455632527
2020-05-07,8.59721851348877,8.700064712288302,8.439361705720088,8.590043494350008,289489600,8.617340350151062,7.997721385955811
2020-05-08,8.944025039672852,8.963158727402929,8.672558602923019,8.795735538309936,262202400,8.62018973827362,7.919151719411214
2020-05-11,9.166460990905762,9.315946653143664,8.759859807141053,8.786169429677015,269384000,8.625346755981445,7.845166301727295
2020-05-12,8.621137619018555,9.343452527562812,8.61396259840935,9.264524563697035,339363200,8.626569752693177,7.76055744489034
2020-05-13,8.294660568237305,8.903365751986577,7.983730570673972,8.680931011735465,491119200,8.626548886299133,7.67010866800944
2020-05-14,8.569714546203613,8.573302056141806,7.9059978359954055,8.136803736696017,402999200,8.628459177017213,7.577626880009969
2020-05-15,8.716808319091797,8.741921802173989,8.166701235777392,8.216928201941775,357806400,8.632832362651826,7.494293642044068
2020-05-18,9.221470832824707,9.351821881432983,8.995448603441403,9.088727502883657,296474400,8.6402787733078,7.432446432113648
2020-05-19,9.150912284851074,9.51565760136427,9.136562247734433,9.253758475330601,261430400,8.649141659736634,7.394257799784342
2020-05-20,9.68666934967041,9.747659745488805,9.472605806407191,9.472605806407191,285416000,8.66455659389496,7.380425373713176
2020-05-21,9.388895988464355,9.796692411863777,9.319534420298274,9.71537217286619,322693600,8.677125828266144,7.359218343098958
2020-05-22,9.473803520202637,9.506092021946019,9.214296628319191,9.338667896980285,209664800,8.689617505073548,7.365995025634765
2020-05-26,9.43433952331543,9.964116773800532,9.373349114543215,9.931828270561196,245202400,8.699604644775391,7.369762102762858
2020-05-27,9.567081451416016,9.571865101628282,8.775405132851665,9.34105922511735,347291200,8.711355302333832,7.354793580373128
2020-05-28,9.50609016418457,9.950959556123482,9.393677588049353,9.399656465965496,303992800,8.724008412361146,7.3552320798238116
2020-05-29,9.898341178894043,9.964115228386985,9.366172641680162,9.571865037489387,358492800,8.736333484649657,7.343034076690674
2020-06-01,10.0203218460083,10.074136313150438,9.76201021399492,9.813433312272327,209881600,8.752597794532775,7.348415565490723
2020-06-02,10.2200345993042,10.230798040324363,9.763206498804859,10.074136461925859,250714400,8.770004127025604,7.365596469243368
2020-06-03,10.358757972717285,10.462799401609375,10.190137720889686,10.302551222108086,215033600,8.786549983024598,7.416202346483867
2020-06-04,10.148283004760742,10.509439973731196,9.968900204882654,10.31211962377578,266408800,8.800393743515015,7.4443056662877405
2020-06-05,10.749812126159668,10.826348706939418,10.224818589691685,10.272654180776033,281394400,8.818004262447356,7.500572077433268
2020-06-08,10.988988876342773,11.011710986789609,10.51183094367514,10.713934919228826,218544800,8.83589016675949,7.594508870442708
2020-06-09,11.234146118164062,11.358518291300273,10.851462297963103,10.869400758851715,213179200,8.855360491275787,7.66845444838206
2020-06-10,11.63955020904541,11.865572426008518,11.406352060866304,11.475713617497297,302911200,8.8802170586586,7.788202420870463
2020-06-11,9.925847053527832,11.266434238861118,9.904321083663216,11.071505281811753,383332000,8.895154254436493,7.8672902901967365
2020-06-12,10.141105651855469,10.721109722225373,9.618503553304384,10.558469281425563,411876800,8.911376948356628,7.957958308855693
2020-06-15,10.498674392700195,10.60510808337314,9.57425489785347,9.696235677259482,398184800,8.929040801525115,8.052772037188213
2020-06-16,11.053568840026855,11.255673765529615,10.560863724479063,11.168373729473416,383217600,8.947895152568817,8.166221714019775
2020-06-17,11.161195755004883,11.415918950511243,11.049978405228432,11.261649664538236,258858400,8.967544658184051,8.281245923042297
2020-06-18,11.24730110168457,11.284373252340135,11.006927911810541,11.114557766409959,212785600,8.988676688671113,8.381879671414692
2020-06-19,11.2317533493042,11.627591962817869,10.997359964393148,11.596498692786286,289950400,9.008254594802857,8.484267369906108
2020-06-22,11.631180763244629,11.665861546669664,11.18272377266104,11.230559367467572,220133600,9.027809326648713,8.579499713579814
2020-06-23,11.934934616088867,12.272174204725582,11.798603776792408,11.88351151618666,234898400,9.048990416526795,8.690039372444152
2020-06-24,11.2317533493042,12.01505850421059,10.984205154471631,11.82730456815292,392821600,9.06690066576004,8.779571294784546
2020-06-25,11.529529571533203,11.566601720513054,10.851461974400475,11.230558273597643,301703200,9.086616590023041,8.876776830355327
2020-06-26,10.700780868530273,11.516374515377207,10.631419309918066,11.482888964317953,375940800,9.101166663169861,8.971949362754822
2020-06-29,11.042801856994629,11.053565296636066,10.31809582550909,10.668490173507491,259609600,9.116942672729492,9.067899171511332
2020-06-30,11.677818298339844,11.777076981584997,11.017689205737884,11.04041131482454,251388800,9.13631217956543,9.177980399131775
2020-07-01,12.095183372497559,12.25423633007559,11.628787941479258,11.702933155604397,252137600,9.158306467533112,9.27731860478719
2020-07-02,12.352299690246582,12.66083832453932,12.286525632103057,12.471888223316192,228152000,9.181078267097472,9.381141400337219
2020-07-06,13.259974479675293,13.34368698928065,12.830652140193633,12.83184828083616,211984000,9.20841234922409,9.493574531873067
2020-07-07,12.99927043914795,13.6522244949509,12.944259835020079,13.22050990859453,246099200,9.23426956653595,9.601263960202536
2020-07-08,13.499152183532715,13.506328115355577,12.974158639163315,13.206160666361939,239931200,9.263857519626617,9.71349778175354
2020-07-09,13.83639144897461,13.95239245977529,13.137994927600626,13.801711580950904,317596000,9.29509580373764,9.816722599665324
2020-07-10,14.12938404083252,14.165260049959224,13.380759638488703,13.802906974690224,242789600,9.329299340248108,9.929056088129679
2020-07-13,13.256385803222656,15.062172074367751,13.117663609703946,14.595777627514599,374584800,9.357972326278686,10.020242309570312
2020-07-14,13.537420272827148,13.59960681496273,12.3642571685312,12.86652859402375,459751200,9.388427045345306,10.112863612174987
2020-07-15,13.604389190673828,13.89857681660047,13.0817870720696,13.735936369559866,367544000,9.420567474365235,10.210906275113423
2020-07-16,13.312594413757324,13.436966587816856,12.794775887475584,13.159521249495754,299972000,9.450292568206788,10.318316706021626
2020-07-17,13.374780654907227,13.518287437241929,13.035149670252427,13.413049860106936,231003200,9.481219205856323,10.416638406117757
2020-07-20,14.513262748718262,14.617305088778819,13.285088146814287,13.489585317345036,251621600,9.519679245948792,10.534752011299133
2020-07-21,14.049259185791016,14.789511475437566,13.920103370230507,14.779944175235757,294313600,9.55469554901123,10.639152789115906
2020-07-22,14.211899757385254,14.366169062866245,13.830412986163983,14.131775665260502,227788800,9.589042689800262,10.743732937177022
2020-07-23,13.098529815673828,14.259734179187172,12.864136437304586,14.148516824474362,336648800,9.618163685798645,10.836912314097086
2020-07-24,12.711063385009766,12.934694236803974,12.07963617098843,12.498195974020993,357218400,9.647003047466278,10.91061871846517
2020-07-27,13.393914222717285,13.459688273587615,12.853374514465486,12.986116932097243,267624000,9.67820466518402,10.994789123535156
2020-07-28,12.890446662902832,13.359233441697517,12.840219703543687,13.2838930026588,238702400,9.706105923652649,11.083045450846354
2020-07-29,13.329337120056152,13.466864108688206,13.053087914440537,13.117665828556147,194280800,9.734832847118378,11.174151992797851
2020-07-30,13.545791625976562,13.629504139677577,12.83902392806824,13.023190363344844,302200000,9.764600195884704,11.264680512746175
2020-07-31,14.276477813720703,14.290828765208223,13.499152399713562,14.269302794170965,359815200,9.796580455303193,11.364716307322185
2020-08-03,14.808648109436035,14.964112653318708,14.596975897246024,14.619698010248637,217868000,9.831514453887939,11.468240133921306
2020-08-04,15.00118350982666,15.02270947887332,14.63045838597996,14.747655531320213,211008000,9.867142155170441,11.569192775090535
2020-08-05,15.120773315429688,15.196113757333672,14.937803019099986,15.086092533870954,162381600,9.904497504234314,11.6684313138326
2020-08-06,15.69958209991455,15.77731391464023,14.974875898809467,15.08130961770483,192064000,9.943736746311188,11.7864053885142
2020-08-07,15.18654727935791,15.76416101480774,14.791905674928978,15.620653317946159,296708000,9.981319353580474,11.901270167032878
2020-08-10,14.982051849365234,15.260693361036019,14.37095434904161,15.220032783797109,254311200,10.017700169086456,12.008142455418904
2020-08-11,14.131775856018066,15.002380176702102,14.03849695200021,14.776357936231749,310273600,10.048723802566528,12.098391914367676
2020-08-12,15.188939094543457,15.350383423779498,14.482170460872979,14.482170460872979,221247200,10.084130692481995,12.197849718729655
2020-08-13,15.29537296295166,15.687622277685142,15.13153635060416,15.31689893455653,234281600,10.118832454681396,12.300257396697997
2020-08-14,15.251124382019043,15.449641770615985,14.997597294032053,15.386259998619238,199737600,10.15427532196045,12.392998313903808
2020-08-17,15.754591941833496,15.828736238705604,15.505847606626727,15.530960173410394,126664800,10.191661705970764,12.49909324645996
2020-08-18,16.21739959716797,16.311873726971324,15.700776304459275,15.956695669428107,149313600,10.231332240104676,12.611486514409384
2020-08-19,15.900490760803223,16.408741981629657,15.820364844893552,16.215007334255166,205847200,10.268294496536255,12.719255701700847
2020-08-20,16.554636001586914,16.645524433958943,15.686424105371042,15.755785657790195,152774400,10.307768383026122,12.835714944203694
2020-08-21,16.900251388549805,16.982765938767418,16.478102212517754,16.582145471098386,164280000,10.348916549682617,12.958950964609782
2020-08-24,17.21356964111328,17.64647944376222,16.79500987508562,17.485036057445583,251384000,10.391906247138976,13.080871438980102
2020-08-25,17.61539077758789,17.63332832712003,16.989943278626576,17.080829904216333,172556800,10.436468720436096,13.207455921173096
2020-08-26,18.743104934692383,18.78137413025932,17.828253647381533,17.85097575415244,219663200,10.486155700683593,13.349507093429565
2020-08-27,18.573291778564453,19.11861510930078,18.12722713321382,18.964346729464545,302602400,10.535178928375244,13.486415990193684
2020-08-28,18.860309600830078,18.98228859879055,18.55416140310961,18.81008080781539,198145600,10.585278606414795,13.631616433461508
2020-08-31,19.29680633544922,19.67709700587923,18.873463718859558,18.9595657864026,180398400,10.637626519203186,13.774066336949666
2020-09-01,20.298954010009766,20.326458855919544,19.48694701860848,19.84212503344101,193147200,10.694997129440308,13.929232422510783
2020-09-02,20.87178611755371,21.0081169695637,19.692643131834405,20.985394856766007,289369600,10.754401054382324,14.089859755833944
2020-09-03,17.666810989379883,20.0191168843392,17.0796327615981,19.938992797448833,443024800,10.79754699230194,14.190314102172852
2020-09-04,16.93851661682129,17.97415355952445,14.812233038256174,17.385778304663347,561480800,10.836866159439086,14.307191928227743
2020-09-08,14.544357299804688,16.021275458028523,14.477387102798383,14.942586409995892,426824800,10.865009508132935,14.380579455693562
2020-09-09,15.79405689239502,16.168367723415674,15.02868926080179,15.43050676557483,290352000,10.899748044013977,14.468835830688477
2020-09-10,14.880400657653809,16.549856408260222,14.558707223594347,16.326226443594468,465936800,10.929798741340637,14.532616360982258
2020-09-11,14.5551176071167,15.33005156212576,13.969133719016272,15.187740941653217,385797600,10.95668686389923,14.589181725184122
2020-09-14,15.304939270019531,15.643374089950871,14.958132377752513,15.18774211836411,269032800,10.987049140930175,14.656809027989706
2020-09-15,15.955503463745117,16.194680553877305,15.661316664757301,15.9447409326355,300889600,11.019731793403626,14.73553819656372
2020-09-16,15.188939094543457,16.182720375960262,15.13871121970651,16.088244417601352,306141600,11.049209232330321,14.794834168752034
2020-09-17,14.489346504211426,14.824193835497162,13.878249052558983,14.016971270729172,446844800,11.076683030128478,14.837407700220744
2020-09-18,13.929671287536621,14.763202510107506,13.245624803398536,14.692645720866329,463042400,11.102368602752685,14.882372999191285
2020-09-21,14.094701766967773,14.105464294849316,12.92751766173492,13.301830279450284,375314400,11.128227806091308,14.925125869115194
2020-09-22,14.864852905273438,14.96411068014872,13.927278465295933,14.494127775725197,315066400,11.157704663276672,14.99452706972758
2020-09-23,13.48838996887207,14.84691569841617,13.359234141705514,14.811038775629445,405507200,11.178912472724914,15.035286871592204
2020-09-24,13.685710906982422,14.196353500342315,13.055478877859649,13.117665420951866,375036000,11.201674728393554,15.068751748402914
2020-09-25,14.644810676574707,14.776357871727898,13.519483129647579,13.761051548937033,324478400,11.229334087371827,15.1112455368042
2020-09-28,15.51302433013916,15.546508972713681,15.0167317458403,15.46160031311504,273331200,11.260647130012511,15.163924280802409
2020-09-29,15.350381851196289,15.646960857320023,15.2511231648197,15.484320404005215,221805600,11.290088987350464,15.198764403661093
2020-09-30,15.654135704040527,16.206635877851113,15.337226872835764,15.377886529523185,338768000,11.320625238418579,15.243012158075969
2020-10-01,16.38721466064453,16.511587742643815,15.998551972754752,16.332204963617766,278676000,11.353458080291748,15.2911465326945
2020-10-02,15.035862922668457,15.980612281298265,14.868438835556308,15.321678460201431,399553600,11.379468421936036,15.31113772392273
2020-10-05,15.98420238494873,16.036821626910513,15.33722803907727,15.363537660058162,210790400,11.410106892585754,15.342051362991333
2020-10-06,15.125555992126465,16.158799790930235,14.966503045958548,15.832323651309748,345648800,11.435447945594788,15.373204199473063
2020-10-07,15.920819282531738,16.038015514061488,15.472362359826391,15.566836481974926,225088800,11.464167590141296,15.412927516301473
2020-10-08,16.15521240234375,16.336987460007208,15.969849835134879,16.317852859247694,197893600,11.493682627677918,15.455441236495972
2020-10-09,16.87394142150879,16.908621290475242,16.378845006454352,16.44820474438726,195271200,11.526724939346314,15.514797019958497
2020-10-12,18.44772720336914,18.98228811387536,17.562772752635702,17.74693829813842,294116800,11.566302762031555,15.599346129099528
2020-10-13,18.450117111206055,18.93445099244083,18.195392974271428,18.799315378044373,283861600,11.606048011779786,15.664960368474324
2020-10-14,17.99448585510254,18.799316133175534,17.657245332106132,18.61515060397065,296589600,11.644561505317688,15.730714146296183
2020-10-15,17.6225643157959,17.745740344963718,16.974394758737514,17.103550578838682,249076800,11.680922389030457,15.787558555603027
2020-10-16,17.352293014526367,18.209742386736572,17.280539180751337,17.946648037521122,228096800,11.713366756439209,15.858454608917237
2020-10-19,16.49005889892578,17.879676744569462,16.307088632064033,17.703881496051192,277555200,11.742976856231689,15.921437867482503
2020-10-20,16.59649658203125,17.148995024500195,16.334597400930658,16.620413923846456,274710400,11.772114615440369,15.974814240137736
2020-10-21,16.553442001342773,17.10235284638492,16.46973040592936,16.63356608729389,242572800,11.801102862358093,16.03586416244507
2020-10-22,16.56181526184082,16.861981798641946,15.961480363462515,16.706516353273727,239163200,11.828895235061646,16.08973879814148
2020-10-23,16.658681869506836,16.674227136883022,16.131296037195376,16.67183668022581,191088000,11.855784721374512,16.141620302200316
2020-10-26,15.899291038513184,16.739998064899552,15.246337924510167,16.23653149137267,317113600,11.879337668418884,16.168667189280193
2020-10-27,16.274803161621094,16.407546507413375,15.847873043927788,16.057152978524325,223860000,11.902812910079955,16.19310310681661
2020-10-28,14.364974021911621,15.575210229306826,14.326705730219459,15.477146762433366,369440000,11.917414674758911,16.182499615351357
2020-10-29,15.095659255981445,15.601519096192087,14.4989118852531,14.58262439654688,276374400,11.935633993148803,16.182081047693888
2020-10-30,14.045670509338379,14.916275651775393,13.579276037803485,14.775161169714389,461622400,11.94700686454773,16.15451585451762
2020-11-02,14.050456047058105,14.600563099167461,13.586452881996626,14.325510029306818,302272000,11.957524676322937,16.135581000645956
2020-11-03,14.757224082946777,15.117185796603533,14.183198801279636,14.348231548762657,269938400,11.971606225967408,16.131833871205647
2020-11-04,16.7519588470459,17.05810514337321,15.943541169258099,16.215005775506036,338375200,11.995254845619202,16.17550358772278
2020-11-05,18.044710159301758,18.24322752339022,17.650067712256547,17.89761680327816,300264800,12.02481113910675,16.223099772135416
2020-11-06,18.105697631835938,18.245617778478945,17.227918505877092,17.92272737825741,270302400,12.056244955062866,16.269938516616822
2020-11-09,17.000709533691406,18.94043605511658,16.919388366848214,18.617545494574244,331731200,12.085807266235351,16.299098269144693
2020-11-10,16.083457946777344,16.6526985471986,15.588361632081462,16.400366740386467,337333600,12.108206176757813,16.304579369227092
2020-11-11,17.164539337158203,17.243468194660423,16.44102845960636,16.51158706997854,253661600,12.135801219940186,16.32036503156026
2020-11-12,16.91340446472168,17.569946133590253,16.708909105825242,17.32239883206676,286687200,12.161482858657838,16.33724692662557
2020-11-13,17.357080459594727,17.46949397810317,16.821324316363807,17.19443997373116,209495200,12.192276911735535,16.3506210009257
2020-11-16,17.75650405883789,17.819885832454272,17.1896556061347,17.310439362035027,213748800,12.2224969291687,16.364891878763835
2020-11-17,17.592666625976562,17.861740786429404,17.475470391472143,17.794771509569735,182704000,12.247897529602051,16.37121016184489
2020-11-18,17.18486785888672,17.788790176036734,17.18486785888672,17.491014140708504,154341600,12.270535626411437,16.364034779866536
2020-11-19,17.610607147216797,17.66203116655935,16.97678936649778,17.09039811069593,159341600,12.293759727478028,16.345159816741944
2020-11-20,17.25303840637207,17.731392545013083,17.235099031307296,17.585494386745474,129993600,12.31603310585022,16.32315559387207
2020-11-23,17.256622314453125,17.668007079780207,16.833277968245856,17.43839736013213,179060800,12.33601634502411,16.296427472432455
2020-11-24,17.962194442749023,18.061453128369234,17.10952957854384,17.43839799213363,156015200,12.359479603767396,16.27418394088745
2020-11-25,18.300634384155273,18.41783064404411,17.99209572770087,18.143973686545678,128677600,12.382691750526428,16.240878613789878
2020-11-27,18.80051040649414,19.022945107452113,18.599600761382497,18.660590244389613,92927200,12.408666372299194,16.206357351938884
2020-11-30,18.89737892150879,18.988265542098805,18.007640018136875,18.861501999641977,184622400,12.43466492176056,16.226866817474367
2020-12-01,19.6400203704834,19.965301261746255,19.146121067945064,19.34822411584091,169989600,12.46425708770752,16.2718918800354
2020-12-02,19.718952178955078,19.784726233876764,19.036100885674472,19.39845580192011,146129600,12.492258739471435,16.35813512802124
2020-12-03,19.799076080322266,20.113594487753353,19.65437498568041,19.76678666735236,157461600,12.522670106887817,16.424885447820028
2020-12-04,20.041837692260742,20.07173481937186,19.67350486727871,19.803857728312796,127088000,12.558217778205872,16.51090939839681
2020-12-07,20.3814697265625,20.452028337211065,20.04303583506468,20.078910929728103,124028000,12.602913975715637,16.60801526705424
2020-12-08,20.568031311035156,20.650545861433535,19.924644455119232,20.288192772448646,133925600,12.65317105770111,16.695733467737835
2020-12-09,19.190366744995117,20.60031435738866,18.969127290038575,20.55008740635124,244878400,12.6958163022995,16.749647855758667
2020-12-10,19.425960540771484,19.64480776328634,18.567313971434597,18.780181402667957,173346400,12.747610092163086,16.820264879862467
2020-12-11,19.289628982543945,19.31713383169373,18.64384986824262,19.092306826184082,169819200,12.798016662597655,16.900269587834675
2020-12-14,19.701011657714844,20.096849331106018,19.513256822424307,19.52043184101042,146684800,12.844195756912232,16.996458594004313
2020-12-15,20.31330680847168,20.331244357204383,19.722539206527088,20.16023364336572,157417600,12.898363389968871,17.10010201136271
2020-12-16,20.65413475036621,20.83830027413428,20.208068242710972,20.422132722207948,137590400,12.948482956886291,17.19659004211426
2020-12-17,21.07747459411621,21.12889677680804,20.75936872399782,21.005720759204635,139275200,13.005383167266846,17.323074785868325
2020-12-18,20.84786605834961,21.27599316142166,20.39342933597097,21.234136451222287,168756000,13.063676595687866,17.442444038391113
2020-12-21,20.77013397216797,20.882547476690736,19.693837256181418,20.27862689031913,203596800,13.13091523885727,17.544532759984335
2020-12-22,20.933969497680664,21.132486866562747,20.35157220041276,20.963866625833656,160330400,13.193274667263031,17.634881846110027
2020-12-23,20.618257522583008,21.018877976545955,20.590750848675437,20.93277409469624,119434400,13.259496817588806,17.722679773966473
2020-12-24,20.88613510131836,20.980611057671464,20.65533012462415,20.678052236273025,77065600,13.337163586616516,17.809879763921103
2020-12-28,21.51277732849121,21.616818749895575,21.051165599656485,21.425478225758535,117052800,13.410740416049958,17.895305808385213
2020-12-29,21.576162338256836,21.932535646300476,21.38362473219218,21.806969149769046,121142400,13.496347868442536,18.00431079864502
2020-12-30,21.572574615478516,21.884700748322686,21.438636047285996,21.818926692593813,104807200,13.578307867050171,18.097450335820515
2020-12-31,21.741191864013672,21.822511176346552,21.32621958105837,21.558221586488813,106708000,13.663508703708649,18.207710933685302
2021-01-04,20.79046630859375,22.050928589956403,19.950954331666463,22.013856438265755,197472000,13.743411781787872,18.288871717453002
2021-01-05,21.311866760253906,21.353721639155836,20.602706027255756,20.602706027255756,118712800,13.828738174438477,18.374815956751505
2021-01-06,20.430500030517578,21.327413830057957,20.117178727139727,20.31808654234439,210730400,13.909591958522796,18.434091933568318
2021-01-07,21.90622329711914,22.08201856011359,20.96984683067236,20.972237287133183,123695200,13.993076694011688,18.49173353513082
2021-01-08,22.75530242919922,22.827056267923485,21.932532864204877,22.400124394588342,152815200,14.081410748958588,18.56348662376404
2021-01-11,21.74956703186035,22.355881801259592,21.62280347232219,22.101157628934907,140325600,14.160572383403778,18.626071310043336
2021-01-12,21.655092239379883,22.005485772697536,21.095416944044374,21.77946351346764,146031200,14.242335069179536,18.693280108769734
2021-01-13,22.076040267944336,22.26618556599744,21.585726633884793,21.71368721890884,108750400,14.323416080474853,18.772009229660036
2021-01-14,21.73999786376953,22.40371456405687,21.640740990594935,22.18367210884799,118236000,14.40363008260727,18.85950821240743
2021-01-15,21.21141815185547,21.900249290497158,20.93756120595539,21.694556861572348,141692000,14.484735028743744,18.936423571904502
2021-01-19,22.131052017211914,22.2518375946237,21.47809969634307,21.699337371454604,120967200,14.568961222171783,19.02938373883565
2021-01-20,23.673744201660156,23.890199130709096,22.84858231950705,22.92631595230553,121736000,14.661965219974517,19.147915887832642
2021-01-21,24.26211929321289,24.429542489726977,23.67852673717639,23.977498034362963,92168400,14.752601361274719,19.27463984489441
2021-01-22,24.042076110839844,24.281253159325132,23.889002945791344,24.01576831430044,81878800,14.842197082042695,19.410352929433188
2021-01-25,24.70938491821289,25.130337113244455,23.152343355089943,24.81701570503463,153170400,14.933174073696136,19.55092929204305
2021-01-26,24.735689163208008,25.0131354068953,24.43911014305429,24.80744300547914,90968800,15.024162995815278,19.72377454439799
2021-01-27,22.740951538085938,24.228632896971288,22.243462897696624,24.219065597181974,188900800,15.104042139053345,19.851196082433066
2021-01-28,23.0757999420166,24.15687928120478,22.80552873863766,22.9346845498073,90021600,15.18120662689209,20.00169823964437
2021-01-29,21.63834571838379,22.94185977319751,21.226960943901222,22.697900010884485,184278400,15.252451481819152,20.128163067499795
2021-02-01,23.2288761138916,23.446526283890282,21.9421023970387,22.375014105113795,105659600,15.329669799804687,20.269357268015543
2021-02-02,24.353004455566406,24.62566611632717,23.860300371169913,23.89139272730022,92746400,15.411534111499787,20.396041361490884
2021-02-03,24.07316780090332,24.92942198371485,24.07316780090332,24.85766814669288,95172000,15.493290803432465,20.496515655517577
2021-02-04,24.924640655517578,24.94616753932779,24.097088265089138,24.40562688467731,72808800,15.583574163913728,20.610164705912272
2021-02-05,25.185344696044922,25.4221294702593,24.77156758676724,25.161425530653148,86615200,15.672123494148254,20.746575291951498
2021-02-08,25.67804527282715,25.72348949101493,25.197298946828816,25.582374098904594,76994800,15.763381488323212,20.906485080718994
2021-02-09,25.666091918945312,25.967455551247145,25.467576329003478,25.467576329003478,65768800,15.852785885334015,21.048177623748778
2021-02-10,25.484315872192383,26.118133606431062,24.745257825329908,26.017679681545246,123548000,15.940522010326385,21.191026147206625
2021-02-11,25.89569664001465,26.00811013783611,25.34319827600598,25.86938884509724,98860000,16.03246165752411,21.33333641688029
2021-02-12,26.335784912109375,26.38122913517643,25.458005583534085,25.730667272384306,77471600,16.12269718647003,21.47632443110148
2021-02-16,26.115741729736328,26.754343992214185,25.850255067847602,26.539084290037376,88663600,16.21155744552612,21.61837568283081
2021-02-17,25.752193450927734,25.816772278597824,24.876806365695245,25.407779727533118,105986800,16.302343077659607,21.76116444269816
2021-02-18,25.405384063720703,25.58237455251137,24.46302599475456,24.888760810244065,110202000,16.39005527496338,21.89107739130656
2021-02-19,25.070541381835938,25.75458797468701,24.84093160465727,25.74502067254086,93377200,16.474837579727172,22.02136910756429
2021-02-22,23.12841796875,24.348222276173296,23.08058329287203,24.046858708769523,132734800,16.54910801887512,22.119232368469238
2021-02-23,22.9227237701416,23.286273847337107,20.669676773137454,21.951665693146456,199274800,16.620735545158386,22.201907857259116
2021-02-24,23.47522735595703,23.55176393744506,21.741193777915633,22.30086718790132,123042000,16.693391556739808,22.28815107345581
2021-02-25,21.023664474487305,23.456094798701894,20.676856633787438,22.870111716685713,237792000,16.752677574157715,22.325203641255698
2021-02-26,21.33937644958496,22.281734599765553,20.62902032722252,21.61921315694712,209318400,16.816268768310547,22.365903600056967
2021-03-01,23.200172424316406,23.27431672133179,22.049731468440985,22.329568161798363,133707200,16.89079632759094,22.425239467620848
2021-03-02,22.087997436523438,23.36520367246585,22.028203181511316,23.329326754503406,151693200,16.958387742042543,22.464723555246987
2021-03-03,20.17218780517578,22.052119217854493,20.150662750533442,21.853603689752983,231542400,17.015664639472963,22.470942083994547
2021-03-04,19.174821853637695,20.72229751327738,18.38792921431644,20.08369528790154,432037200,17.065431394577026,22.456491820017497
2021-03-05,20.03346824645996,20.203283716266952,17.945452002642696,19.681877725613077,336656400,17.119844174385072,22.450691795349123
2021-03-08,18.32096290588379,20.29417370202507,18.242034036091848,19.918665781083774,235731600,17.163015642166137,22.413240655263266
2021-03-09,20.47833824157715,20.844278810446053,19.59577440505147,19.72493022196566,173429200,17.218462853431703,22.434706846872967
2021-03-10,20.30373764038086,21.40634387889601,20.165014527018332,21.3489419034541,203371200,17.272612524032592,22.44933646519979
2021-03-11,21.712491989135742,22.06647482085443,21.081064732362773,21.291539876361746,158935600,17.334003286361693,22.489717515309653
2021-03-12,21.171953201293945,21.20783012635571,20.346793048754424,20.84906452529049,166590000,17.392027645111085,22.514233207702638
2021-03-15,21.84882164001465,21.8870908412579,20.899288525283882,21.241311756097655,126701600,17.453741302490233,22.539825121561687
2021-03-16,22.20758628845215,22.958601996984875,21.908615008788612,22.324782519143007,168770400,17.515287528038026,22.565715980529784
2021-03-17,22.487424850463867,22.896419201079098,21.19347799266046,21.55463583966009,196370800,17.577623043060303,22.589215151468913
2021-03-18,20.423324584960938,21.64551924288958,20.318086117420854,21.432651851565875,228253600,17.628639492988587,22.582139460245767
2021-03-19,20.68402862548828,20.93994795316987,19.947362996820914,20.38984010031842,193286400,17.680265846252443,22.58070437113444
2021-03-22,21.786636352539062,22.212373029347088,21.11694171527594,21.11694171527594,141101200,17.738457612991333,22.59491548538208
2021-03-23,21.502016067504883,22.298476041485497,21.32741602697429,22.016247063833625,187780800,17.79221863269806,22.60964479446411
2021-03-24,20.416152954101562,21.793813260900716,20.38984333285128,21.786636416652044,190483600,17.83935445308685,22.601811758677165
2021-03-25,20.30613136291504,20.61227768670339,19.52880597135592,20.047819717927606,239874400,17.88471437931061,22.581700992584228
2021-03-26,21.203044891357422,21.279581470915154,19.9784577936577,20.263079054251765,215060400,17.932531852722168,22.57548236846924
2021-03-29,21.19108772277832,21.4159147491725,20.502258428313187,21.104983832873152,190589200,17.98885805606842,22.569124253590903
2021-03-30,20.88972282409668,20.997353592250576,20.320482097847144,20.796443919895623,148349600,18.042601141929627,22.55493310292562
2021-03-31,21.82729721069336,22.147793568831922,21.16956034980875,21.23652962913466,161968800,18.099244256019592,22.57221361796061
2021-04-01,22.937076568603516,22.968168924264756,22.58309377632363,22.63571301265484,145087200,18.158661794662475,22.599300448099772
2021-04-05,24.31473731994629,24.48694324571922,23.43217351077151,23.489575486029153,130539600,18.224429502487183,22.66403773625692
2021-04-06,24.25733757019043,24.70220705846334,24.08752207248267,24.24298753017395,120606800,18.28947968482971,22.70322297414144
2021-04-07,24.436717987060547,24.630452632276015,23.941621582222833,24.16405630467317,98987200,18.355504508018495,22.731246566772462
2021-04-08,25.19969367980957,25.24274562102469,24.898330091303723,25.094455195777932,113619200,18.423347072601317,22.788748677571615
2021-04-09,25.656522750854492,25.701966976763046,24.71177408170338,24.879197295930403,129438400,18.491955013275145,22.85543918609619
2021-04-12,25.55607032775879,25.6493492418624,25.108810361358472,25.42452403019599,109632000,18.56357659816742,22.9134396870931
2021-04-13,26.431453704833984,26.548649936861256,25.859820757580934,25.922005470621425,115022000,18.638086218833923,22.991630617777506
2021-04-14,25.503446578979492,26.531908559141826,25.295363726436296,26.49842392023198,161227600,18.71209954738617,23.06316442489624
2021-04-15,26.62997055053711,26.73281674992805,26.12769913539978,26.15879331821452,120798000,18.79003539085388,23.13814640045166
2021-04-16,26.742385864257812,26.78543780703397,26.285558639310466,26.766305029514875,117488000,18.865358228683473,23.18929042816162
2021-04-19,26.01289176940918,26.637143903112936,25.532145474824226,26.345347662865112,159168000,18.93494677066803,23.21846996943156
2021-04-20,25.44365692138672,26.14683811520628,24.967695046717488,25.843084028801126,158283600,19.00040355682373,23.24182964960734
2021-04-21,26.08704376220703,26.125312970488313,24.879198791279276,25.113593130061414,111057200,19.06453890323639,23.264790630340578
2021-04-22,25.137502670288086,26.220974202773558,24.860058295471344,25.99136449868448,174848400,19.12523006439209,23.271487522125245
2021-04-23,26.084646224975586,26.38600979275512,25.285795823206747,25.285795823206747,107686000,19.188157534599306,23.32721576690674
2021-04-26,26.601272583007812,26.66106684728367,25.962670278487924,26.144443528047717,99976800,19.25198194026947,23.38597364425659
2021-04-27,26.252071380615234,26.70889856002152,26.015284806563546,26.661063883828252,119312800,19.312595376968385,23.462869071960448
2021-04-28,25.98179817199707,26.405142505361724,25.82394229286718,26.163573212161726,118950000,19.376222438812256,23.508751106262206
2021-04-29,26.242507934570312,26.842842880277438,25.491492094426057,26.75434670906923,148124400,19.439747877120972,23.540242830912273
2021-04-30,25.749797821044922,26.261636477427956,25.517795828943346,25.66130167025878,118440400,19.500474920272826,23.568186664581297
2021-05-03,25.328845977783203,26.18749057639557,25.21643248999255,26.0128923792203,134222000,19.560556178092956,23.57492341995239
2021-05-04,23.99424171447754,24.80026903431329,23.06862586898654,24.74286522815999,211234000,19.61365348339081,23.555071703592937
2021-05-05,23.714401245117188,24.599355464844788,23.53501848505545,24.405622667906364,136429200,19.659659175872804,23.522344303131103
2021-05-06,24.23341941833496,24.271688623467657,23.14994763868735,23.647436356755595,169663200,19.710579977035522,23.49846642812093
2021-05-07,24.826580047607422,25.37190346319958,24.580226138136194,24.867239710663146,158706800,19.763653378486634,23.48750416437785
2021-05-10,22.96099853515625,24.553918684425298,22.9035965497557,24.513257196022703,184214800,19.812965722084044,23.438592529296876
2021-05-11,22.846195220947266,23.018403020628945,21.52593846468174,21.667052074279752,228806800,19.863641381263733,23.38043270111084
2021-05-12,21.10737419128418,22.27934207507556,20.884939466758926,21.769893802092152,236158000,19.90220868110657,23.296959908803306
2021-05-13,21.552242279052734,22.164534890781535,21.064320919790376,21.669438512596717,208602000,19.945517659187317,23.226960722605387
2021-05-14,22.953819274902344,23.173861698936992,22.104740110174543,22.21476132219187,144263200,19.993640069961547,23.186101309458415
2021-05-17,22.56635093688965,22.76008555934286,21.93970832720686,22.604620135074512,138542400,20.038742866516113,23.14436480204264
2021-05-18,22.092784881591797,23.027966203125782,22.04973293937437,22.7720468312711,131684000,20.07782440185547,23.127104250590005
2021-05-19,22.174104690551758,22.241073974411837,20.887332783419346,20.96386936851317,191889600,20.114651684761046,23.114627265930174
2021-05-20,23.456092834472656,23.64504291983608,22.441982670100007,22.499384650217994,139226400,20.156926231384276,23.11430835723877
2021-05-21,23.068622589111328,23.900959412232446,22.987303279120187,23.80768052146575,128133200,20.196665477752685,23.148390992482504
2021-05-24,24.223854064941406,24.47738118261568,23.4919727932998,23.57090166665072,92181600,20.23928683757782,23.19646561940511
2021-05-25,24.341045379638672,24.74047240393365,24.068383713219294,24.575439670393955,106728800,20.285059328079225,23.21548016866048
2021-05-26,24.58740234375,24.69263900864239,24.32909068262331,24.482163854081463,78034800,20.333086080551148,23.25713691711426
2021-05-27,24.30038833618164,24.67350578149567,24.26212095640201,24.48455568974795,83216800,20.383929142951967,23.32594025929769
2021-05-28,24.537172317504883,24.898330168553592,24.4678125798427,24.582616540255184,81857200,20.430670309066773,23.41531276702881
2021-06-01,24.297992706298828,24.94616403951312,23.98706367362375,24.838533285114327,103863600,20.475683407783507,23.486388174692788
2021-06-02,24.424760818481445,24.628060944491054,24.044468362969575,24.38409933345867,83178800,20.52155158996582,23.58811813990275
2021-06-03,23.65700340270996,24.077953705969517,23.291060975488655,23.795724707878435,121032000,20.561063647270203,23.641095892588297
2021-06-04,24.869632720947266,24.967694371471186,24.04447072862761,24.068388070844936,91175200,20.6043248128891,23.71719414393107
2021-06-07,25.089672088623047,25.10641440858393,24.589791121603525,24.738081544668496,62193200,20.650270719528198,23.773480478922526
2021-06-08,25.118370056152344,25.692395274104364,24.738079466934348,25.491487451447885,92944400,20.693089389801024,23.839254093170165
2021-06-09,25.147075653076172,25.62064702932878,25.096848690027223,25.438871954882956,77803600,20.73432351112366,23.89422499338786
2021-06-10,25.91722297668457,25.95070761472149,25.113588014246606,25.2164342095817,117206800,20.777841777801513,23.956052271525063
2021-06-11,26.1229190826416,26.127701820994556,25.773720790038208,25.93157670255221,68338800,20.820379419326784,24.01664384206136
2021-06-14,26.854799270629883,26.876326154324943,25.950710300511716,26.223371995475098,90823200,20.86093789100647,24.12383508682251
2021-06-15,26.35730743408203,26.869146121774587,26.180316946458895,26.79260954673951,90108000,20.899857969284056,24.218389733632407
2021-06-16,26.07508087158203,26.708900411343528,25.237961206743538,26.45776560675761,157778000,20.935931825637816,24.28986380894979
2021-06-17,27.048526763916016,27.285313313968278,25.81437436041271,25.821549378636885,144323600,20.97469042778015,24.382305653889976
2021-06-18,26.402751922607422,26.92655019681754,26.232936452037105,26.646713512558396,142894400,21.00520941734314,24.482082303365072
2021-06-21,26.885894775390625,26.9791736848378,25.924401951398867,26.460158066516826,107708400,21.035279960632323,24.59174502690633
2021-06-22,27.636905670166016,27.756494181374393,26.780651491967838,26.861970803697115,103578800,21.085130434036255,24.698976039886475
2021-06-23,27.684741973876953,27.9741459690584,27.488616876945063,27.641690034317467,93996800,21.138861560821532,24.807203610738117
2021-06-24,28.194189071655273,28.579264255497932,28.029158153419857,28.160704431736434,93672400,21.207110719680784,24.928944714864095
2021-06-25,28.105695724487305,28.402274756268085,27.94783799521258,28.340088212180216,86993200,21.268668913841246,25.033584690093996
2021-06-28,29.100669860839844,29.150896819993996,28.39988106445402,28.4070560836509,88787600,21.33977025985718,25.1363112449646
2021-06-29,29.428340911865234,29.43790821168778,28.86149071461632,29.0743581175344,74560000,21.41413637638092,25.22153797149658
2021-06-30,29.299184799194336,29.490527144119817,29.14371937203936,29.392463690532153,80546800,21.484107604026793,25.305568758646647
2021-07-01,29.313533782958984,29.45225688680591,28.856706642410643,29.198729839950047,83834800,21.550897755622863,25.386849021911623
2021-07-02,30.308517456054688,30.41136366525595,29.74884218453873,29.811028731324097,93502000,21.62649564743042,25.47199608484904
2021-07-06,30.71511459350586,30.796433910034306,29.777541048246267,30.48311257610557,109599600,21.707624487876892,25.55630594889323
2021-07-07,30.91124153137207,31.38481104207812,30.399400994132478,31.308272638562986,115275600,21.79253233909607,25.645558802286782
2021-07-08,30.375484466552734,30.581176869552415,29.23700123072733,29.58380903800634,152524400,21.873936252593992,25.71129264831543
2021-07-09,30.88971519470215,31.045182470189893,30.047812763968942,30.20327821468057,92875600,21.95406056404114,25.801063791910806
2021-07-12,31.277183532714844,31.401552969774162,30.868189175565757,31.2843585521778,87126000,22.04300453186035,25.87851734161377
2021-07-13,31.26043701171875,32.066466082467485,31.047569601541298,31.183902260080036,119450000,22.130878162384032,25.953818194071452
2021-07-14,31.430255889892578,32.068858152558015,31.22456348828277,31.896650390765984,136042800,22.21480538845062,26.04410759607951
2021-07-15,30.779695510864258,31.470917047521418,30.246329880182316,31.4302573864889,137192800,22.29113874435425,26.1330415725708
2021-07-16,30.023893356323242,31.26283231374238,29.937789476465728,31.01169569336196,127402800,22.36450630187988,26.198655732472737
2021-07-19,29.303970336914062,29.418776119795197,28.622316133239863,29.134154856333893,202286400,22.43275547504425,26.268096860249837
2021-07-20,30.270246505737305,30.686415881649534,29.071970813261075,29.52401528642776,121544800,22.502170634269714,26.3378568649292
2021-07-21,30.961467742919922,30.994952383235223,30.136307667644825,30.210451967660696,81763200,22.58179865837097,26.41052678426107
2021-07-22,31.612028121948242,31.619203140998668,31.054745195203086,31.0571393012545,94957600,22.65993778705597,26.499859396616618
2021-07-23,32.66201400756836,32.79356210146029,31.64072708714604,31.97796756888213,103898400,22.747620077133178,26.611196327209473
2021-07-26,32.79835510253906,32.90359360472944,32.29847221713477,32.53286839003251,85977600,22.832007756233214,26.72046044667562
2021-07-27,31.726831436157227,32.7265933151167,30.57400005417587,32.7265933151167,178782000,22.909865851402284,26.820077673594156
2021-07-28,32.073638916015625,32.49458914522629,31.396767531007303,32.01623511903397,143940400,22.985864338874816,26.932490889231364
2021-07-29,32.23149490356445,32.55677580686078,31.922958143973585,31.925348600409304,88638400,23.054783177375793,27.069778442382812
2021-07-30,31.748363494873047,31.894261643947125,31.15759587891343,31.176730481199627,113118800,23.121274409294127,27.203677813212078
2021-08-02,31.73879051208496,32.33434261863324,31.57615188674429,32.17887536253218,109120000,23.18999593257904,27.328767331441245
2021-08-03,32.291290283203125,32.336734503924546,31.057139552376,31.91578423483758,126835600,23.26333956241608,27.453179168701173
2021-08-04,32.4515380859375,32.70984971952598,32.001887745588874,32.31042451235872,96856800,23.33883578777313,27.61135482788086
2021-08-05,33.061439514160156,33.12123377107985,32.480241088685645,32.66201431588285,77340400,23.421692690849305,27.781608899434406
2021-08-06,32.63092041015625,32.98968595470592,32.327168210114856,32.717024286830245,86306000,23.50186480998993,27.973668003082274
2021-08-09,32.80552291870117,32.95381151219292,32.45153828006318,32.74572866009296,68421600,23.58312521457672,28.16122268040975
2021-08-10,32.31521224975586,33.032743419257166,31.982756287202346,32.95142409593956,106162400,23.661892199516295,28.317245896657308
2021-08-11,32.1406135559082,32.7792158495894,31.772278850471228,32.64766774050476,93188000,23.739301857948302,28.476816940307618
2021-08-12,32.475460052490234,32.57591397707653,31.628774888375926,32.004280964837626,79490800,23.82218270301819,28.649861526489257
2021-08-13,32.800743103027344,32.9131566174433,32.43958704260631,32.57113151093982,73289600,23.90481240272522,28.826972166697185
2021-08-16,32.858150482177734,32.870106417286635,31.451787995582972,32.513734881415516,122458400,23.99727828502655,28.98367312749227
2021-08-17,31.994718551635742,32.37261877052712,31.32502200739219,32.099957049245056,166395200,24.081773581504823,29.132441393534343
2021-08-18,31.064313888549805,32.22192984025325,30.975815905571384,31.834464218707918,130084800,24.16686679840088,29.24644905726115
2021-08-19,31.506790161132812,31.954053703423487,30.483112731520475,30.552474291441534,163247600,24.254148468971252,29.36587813695272
2021-08-20,32.48024368286133,32.592657186812886,31.71009330026018,31.798587639712725,125082400,24.342763566970824,29.497425492604574
2021-08-23,33.92726516723633,34.13056346500106,32.76725504346792,32.774430062827136,96532400,24.428640098571776,29.65787343978882
2021-08-24,34.262115478515625,34.42714824171226,33.97988828604498,34.10904229879964,72686800,24.509727125167846,29.819955825805664
2021-08-25,34.300376892089844,34.537159803263584,34.113819110749226,34.31951149140063,76127200,24.590700521469117,29.98666222890218
2021-08-26,33.71917724609375,34.32429485041247,33.59002325348048,34.12338701765765,107004800,24.674292860031127,30.141569169362388
2021-08-27,34.704586029052734,34.82417453549392,33.75744345223584,33.88899153923146,92320000,24.767398500442503,30.3256955464681
2021-08-30,35.85503005981445,36.00092819660563,34.907887398923016,34.91984698053906,91270400,24.860850954055785,30.508785502115884
2021-08-31,35.754573822021484,35.948306623146586,35.32405445865922,35.92917202371363,91796000,24.955056800842286,30.686533864339193
2021-09-01,35.95070266723633,36.55103941290534,35.893302509567555,36.07507575810574,95568000,25.048024911880493,30.867072741190594
2021-09-02,35.90047073364258,36.43622490141633,35.541705217914846,36.34294601330919,95038400,25.138744745254517,31.046295992533366
2021-09-03,36.223358154296875,36.340556205363995,35.556055888941195,35.56562136372857,93201200,25.23189820289612,31.218064912160237
2021-09-07,36.37165069580078,36.565383495476475,35.91482171782993,36.24727762519292,90370800,25.32783211708069,31.38887710571289
2021-09-08,35.99852752685547,36.31902746778921,35.328834873086436,36.30945834442037,126846000,25.419771718978883,31.541272576649984
2021-09-09,35.613460540771484,36.37883000441513,35.53931624074963,36.05115497106887,110573600,25.511573829650878,31.695541795094808
2021-09-10,34.812217712402344,36.319033742825944,34.70697923446995,36.11573180595182,138435600,25.599351806640627,31.84116074244181
2021-09-13,34.73329162597656,35.584761343308955,34.144914474920405,35.46756327452136,155549200,25.683207292556762,31.969240156809487
2021-09-14,34.43431854248047,35.36471707674086,34.159266407885106,35.14706509570169,119258400,25.763875713348387,32.10309960047404
2021-09-15,35.197296142578125,35.29296550435736,33.90573786124512,34.55869384634356,111785200,25.84585964202881,32.24162295659383
2021-09-16,35.26665496826172,35.42929725853311,34.25972164077113,34.81222003726177,105230800,25.927706022262573,32.36878544489543
2021-09-17,34.02054977416992,35.14228723356643,33.714403398324635,35.13511221300386,154650400,25.999608669281006,32.47438224156698
2021-09-20,31.927745819091797,32.87727900255237,30.61466249660938,32.389355775263446,243827200,26.060652637481688,32.53660818735759
2021-09-21,31.96840476989746,32.70746096442599,31.7124835794877,32.37978958002479,143401200,26.121499280929566,32.60098667144776
2021-09-22,32.90358352661133,33.30061459569553,31.95644094655324,32.25541221367931,175338800,26.18580801010132,32.664368565877275
2021-09-23,33.817237854003906,34.099468628211675,33.04708757717554,33.224079881324535,138739200,26.252986850738527,32.73751684824626
2021-09-24,33.912906646728516,34.02292967714622,33.07818121742751,33.178635123695045,109550400,26.31971122741699,32.81441221237183
2021-09-27,33.09492492675781,33.341276979069534,32.38456884595934,33.05665937509285,156710800,26.389234018325805,32.87743539810181
2021-09-28,30.33482551574707,32.023414895149756,30.153050447850624,31.84403210867691,297646000,26.443778343200684,32.87787386576335
2021-09-29,30.1339111328125,31.162371186197873,29.968880235917453,30.605090136882243,195061200,26.497999753952026,32.86818714141846
2021-09-30,29.794281005859375,30.982989250376782,29.677084778186696,30.562039013289983,234624000,26.54846610069275,32.84957113265991
2021-10-01,30.33721160888672,30.617048277588204,28.90214952351401,29.956921032155336,208708000,26.598585624694824,32.84893325169881
2021-10-04,28.471633911132812,30.014325026941783,27.856949016139556,29.921046131089664,257236000,26.637673120498658,32.808631896972656
2021-10-05,29.567068099975586,30.136308832107098,28.63427722355038,28.69407148710615,162612800,26.680121088027953,32.78012997309367
2021-10-06,30.15065574645996,30.21284228504993,28.524253041177644,28.763430070611157,234990800,26.726635036468505,32.76163361867269
2021-10-07,30.96624755859375,31.65268440460323,30.789255258601607,30.930372467167007,150815200,26.777615604400633,32.753900146484376
2021-10-08,30.490291595458984,31.313059418985237,30.36831078718716,31.25326515558596,157132000,26.825397214889527,32.749076747894286
2021-10-11,29.81342315673828,31.018875849603024,29.787113532159335,30.102827202330367,136215200,26.871373043060302,32.745568911234535
2021-10-12,29.509660720825195,30.284595596536846,29.32549521426911,30.176964840300062,174403600,26.914490671157836,32.748997084299724
2021-10-13,30.200885772705078,30.36352624223855,29.56228347716857,30.083689527310344,140921200,26.957931213378906,32.74784107208252
2021-10-14,31.867948532104492,31.91817366424737,30.949505970707637,31.119323266430648,121750000,27.009390144348146,32.7629490852356
2021-10-15,32.45872116088867,32.49220580407253,31.91100363721047,32.193234472233634,102858000,27.063820877075194,32.7770606358846
2021-10-18,33.432167053222656,33.48957085785297,31.949270104350997,32.1095182865312,100876400,27.122275753021242,32.78989651997884
2021-10-19,34.16643524169922,34.20948534907271,33.551748611934684,33.73352181454163,106450800,27.189155597686767,32.81269785563151
2021-10-20,34.05881118774414,34.49411517982815,33.64742636099196,34.31951695147298,118709600,27.252890319824218,32.851564184824625
2021-10-21,34.6687126159668,34.73090098458757,33.75505818409437,33.829202485555626,92100400,27.324081382751466,32.89481541315715
2021-10-22,33.790931701660156,34.59935125951148,33.331712225763255,34.3147299998158,140248400,27.38350492477417,32.92080602645874
2021-10-25,34.80504608154297,35.09444827447733,33.656995487102506,34.19992842407778,118951600,27.44375364303589,32.97175073623657
2021-10-26,35.13031768798828,36.16356039375491,34.836127360694256,35.474733139760914,167975600,27.510657396316528,33.028276189168295
2021-10-27,35.40776443481445,36.28793776617679,35.22120665117955,35.29296048708952,145068000,27.5794207572937,33.080217425028486
2021-10-28,36.570167541503906,36.65388096437547,35.73304791099615,35.95069989082064,130737600,27.6518913936615,33.148861249287926
2021-10-29,37.110713958740234,37.16811411812781,35.58476312944646,35.6828266011367,134514400,27.72874497413635,33.21634915669759
2021-11-01,37.47665786743164,37.53405803186498,36.63714396706737,37.26379040870178,130045600,27.810071172714235,33.29711144765218
2021-11-02,37.97652816772461,38.11764173818068,37.30205084735122,37.31879134152393,120171200,27.889298553466798,33.383294868469235
2021-11-03,39.181983947753906,39.301572466237516,37.806715985192426,38.11046819446338,145210400,27.966839752197266,33.497741063435875
2021-11-04,40.64335632324219,40.982990962298004,39.39963633291407,39.567059546112645,160879600,28.048745937347412,33.63945344289144
2021-11-05,40.794036865234375,41.53548717644128,40.35634242792152,41.24847544775066,170505600,28.132505741119385,33.77809638977051
2021-11-08,40.62661361694336,41.114533190233566,40.43527124817288,40.77968678204932,112919600,28.212091884613038,33.908527565002444
2021-11-09,39.789485931396484,41.08821529174694,39.361360706495255,40.95906131733722,176237600,28.28736086845398,34.024049822489424
2021-11-10,38.04589080810547,39.79905517544525,37.43120410708606,38.9188854824117,193953600,28.36388556480408,34.124902693430585
2021-11-11,38.354434967041016,38.98347182696181,38.24441190939404,38.92606801650872,115438000,28.440278739929198,34.24640471140544
2021-11-12,39.571834564208984,39.720126788317714,38.2085263719284,38.70123041602003,127640800,28.529946184158327,34.38082211812337
2021-11-15,39.559871673583984,40.016700588683044,38.76819644087632,39.92103125495235,139458400,28.611601161956788,34.49881591796875
2021-11-16,40.377872467041016,40.518986054612526,39.239387341346415,39.29439704251709,103181600,28.69172550201416,34.60632603963216
2021-11-17,40.42570877075195,41.06431109987171,40.131518351504475,40.47115299728055,115936000,28.773488206863405,34.709052594502765
2021-11-18,41.66223907470703,41.83205268816291,40.365900270331444,41.06190251422909,173683200,28.85717619895935,34.831750297546385
2021-11-19,42.36782455444336,42.78159984922071,41.9325242000102,42.198007234869856,129214400,28.943088598251343,34.975894419352215
2021-11-22,40.89927291870117,43.85550121249113,40.86578827983753,42.88204892983419,179044800,29.019194736480713,35.079139200846356
2021-11-23,40.34199523925781,41.179114969323706,38.93563292489034,40.52855305856545,226025600,29.092574253082276,35.15392195383708
2021-11-24,40.715110778808594,40.79403964825477,38.82561342393532,39.53836005621113,198241600,29.168728227615357,35.23659756978353
2021-11-26,38.469234466552734,40.334816119561076,37.96218030659302,39.88994667653257,177682400,29.23159591674805,35.27857309977214
2021-11-29,40.858612060546875,41.17671794518313,39.543138408821164,39.75122125496483,158932000,29.304210052490234,35.361208788553874
2021-11-30,39.103057861328125,41.3274015432623,38.43814594335885,40.583560759548895,302586000,29.369146633148194,35.40920378367106
2021-12-01,37.09636688232422,41.04756964974465,36.945684152789894,40.38744221718703,302551200,29.425867500305177,35.42128238677979
2021-12-02,37.79475784301758,38.39270045821095,36.271197577809424,36.69454197124092,396432800,29.48781436920166,35.45121955871582
2021-12-03,35.895687103271484,38.574468960325724,34.66392327757018,38.26832267092248,480573600,29.541940097808837,35.455923334757486
2021-12-06,36.735198974609375,37.13940873717787,34.807432706561336,36.01766788826583,304828000,29.609974002838136,35.487973022460935
2021-12-07,40.04780197143555,40.24870979815603,38.68449364790114,38.691668666744604,270578400,29.695599393844603,35.576548194885255
2021-12-08,40.60508346557617,40.66009315797425,39.57662155578766,40.15542950279615,205243600,29.7812486743927,35.67939427693685
2021-12-09,38.85192108154297,40.7820780018979,38.74668259427215,40.21762001071531,212802000,29.870389957427978,35.740304692586264
2021-12-10,40.05497741699219,40.141081293582786,38.694059535390224,39.648377196806734,203075200,29.963967962265016,35.82011006673177
2021-12-13,38.33290100097656,40.155428677200405,38.215702950445156,40.05497476940988,179145200,30.039631605148315,35.891982587178546
2021-12-14,37.19202423095703,37.684728276712214,35.835891052250304,36.861958796613614,230933600,30.115151739120485,35.97972056070964
2021-12-15,39.65315628051758,39.76796387704353,35.88372778382232,37.062872382473195,269061200,30.212556581497193,36.107799752553305
2021-12-16,36.62757110595703,40.09085356147624,36.10377281377649,39.94495542369788,296220000,30.299820327758788,36.169866212209065
2021-12-17,36.067901611328125,37.261392812738464,35.15902804753578,35.596722508114645,300020800,30.37999249458313,36.20737727483114
2021-12-20,34.98920822143555,35.21881978987533,34.08272882891161,34.685456002708,241866000,30.46333372116089,36.22531563440959
2021-12-21,37.32836151123047,37.41924630260872,34.85048728882207,35.91482436200987,219124800,30.547583837509155,36.295872910817465
2021-12-22,38.66057586669922,38.74667974544896,37.029390382589916,37.211163615705175,177222800,30.639368028640746,36.434635416666666
2021-12-23,39.57902526855469,40.01193523324646,38.73951496600862,38.78734965583509,131308400,30.72870069503784,36.592053985595705
2021-12-27,41.47091293334961,41.50439757790391,39.9425715684203,39.96409662930109,125963200,30.83019549369812,36.78666451772054
2021-12-28,40.98298645019531,41.85119660646358,40.66727101187817,41.798577366744055,144825200,30.925866317749023,36.964094098409014
2021-12-29,40.91840362548828,41.375232594016886,40.169778410536814,40.97341331633967,115494800,31.019420404434204,37.17154026031494
2021-12-30,40.53572463989258,41.53548658761356,40.36591098137685,40.84426507226388,113271600,31.109661903381348,37.35435120264689
2021-12-31,39.782310485839844,40.7557589692126,39.63402191504604,40.33241831074294,120497200,31.206456832885742,37.514878781636554
2022-01-03,40.930362701416016,41.004506990247684,39.492906542196394,40.14107784212602,153010400,31.307688503265382,37.680947367350264
2022-01-04,39.33983612060547,41.112138754923095,38.361602962495326,41.09778871732567,213296400,31.395454502105714,37.828439776102705
2022-01-05,35.72108840942383,39.15806092396301,35.63737499491714,38.837564601914536,266490400,31.466549863815306,37.92690086364746
2022-01-06,35.623023986816406,36.548637835538266,34.541942893899595,35.16619502780657,308453200,31.54258421897888,38.02879025141398
2022-01-07,34.45823287963867,36.10137773696688,33.963134727252466,35.613454602770204,285426800,31.6133447265625,38.09974603652954
2022-01-10,34.584999084472656,34.66631839663267,31.595286288427364,33.09014268645001,358434800,31.680254497528075,38.14503021240235
2022-01-11,36.10617446899414,36.12291496722848,33.733534566854814,34.30516765578942,308653600,31.754829931259156,38.20582110087077
2022-01-12,36.517547607421875,37.294872963836745,35.84785483538289,36.826088023409454,276742400,31.83296905517578,38.25724411010742
2022-01-13,33.86747360229492,37.096363954861296,33.49435431815216,36.89545244815293,173531800,31.893169937133788,38.25226141611735
2022-01-14,34.37930679321289,34.47497614313025,33.006429359632996,33.04947947223028,178451600,31.950381088256837,38.25760300954183
2022-01-18,31.90143585205078,33.35084817999991,31.600070435650025,32.76247103571206,155320000,31.988314580917358,38.21148173014323
2022-01-19,30.791654586791992,32.86770961929494,30.691200664208186,32.22193231722639,183284400,32.02098616600037,38.16149377822876
2022-01-20,29.60055160522461,32.61418200778734,29.418776540056076,31.580935421424762,172197000,32.04680533409119,38.074752203623454
2022-01-21,27.10832405090332,29.672302137249424,27.027004735556048,28.997822977016853,342054600,32.05634848594666,37.94105230967204
2022-01-24,27.50057601928711,27.624947273374044,23.04231445152621,25.759365688638407,510169200,32.06556875228882,37.809265836079916
2022-01-25,25.47235107421875,26.936115004135374,24.754820058043574,25.90287041383415,347498000,32.06515015602112,37.62430222829183
2022-01-26,25.42452049255371,28.15113733277177,24.573048975553515,27.261400262413055,415676200,32.06011548995971,37.42953233718872
2022-01-27,24.6639404296875,26.902637979404172,24.41519605474384,26.500820423691533,323528200,32.055917959213254,37.215987046559654
2022-01-28,26.964820861816406,27.007872805014085,23.965540351781257,25.065756272438303,334032400,32.057592210769656,37.03245859146118
2022-01-31,29.576635360717773,29.686656586536973,26.893068524036313,27.290101484620713,227502200,32.07176345825195,36.87236944834391
2022-02-01,30.141088485717773,30.303728938936242,28.572087754510836,29.85885951762619,203691600,32.092404441833494,36.69733165105184
2022-02-02,30.853837966918945,31.27000732775331,29.825375971444586,31.19825348629194,201630400,32.119455347061155,36.531661669413246
2022-02-03,27.141813278198242,29.213085646516536,26.845232413166546,28.375965945568893,211150000,32.12472919464111,36.30691499710083
2022-02-04,28.07938575744629,28.897370822415873,26.735210092811407,27.20399688720525,193068800,32.1394386100769,36.11174666086833
2022-02-07,27.443174362182617,28.830401989984768,27.132245290279435,28.25637670176401,153912200,32.14623125076294,35.93503472010295
2022-02-08,28.375965118408203,28.61992673173323,26.89785087368813,27.170512565209457,158593200,32.15510471343994,35.7687268892924
2022-02-09,30.136308670043945,30.17457787440637,29.064794669985343,29.447479414505192,151075400,32.17452589988709,35.611468124389646
2022-02-10,28.13678741455078,30.0932557147193,27.648866024007724,28.371181721441715,254286600,32.18530084609986,35.42108338673909
2022-02-11,25.486703872680664,28.48598406430652,25.14229018843899,28.117651217112897,268511200,32.181521825790405,35.172897243499754
2022-02-14,25.55845832824707,26.295124040396715,24.73090599892675,25.304931252871615,190125000,32.180565128326414,34.925109736124675
2022-02-15,27.40968894958496,27.476658230117053,26.47689811057472,26.70650967922195,163444600,32.19096934318542,34.68756723403931
2022-02-16,27.404905319213867,27.648865093890485,26.16596819538528,26.91698394508465,186181000,32.20802266120911,34.43818524678548
2022-02-17,24.97486686706543,26.811746665228753,24.860062906116756,26.615621559230046,157671200,32.21432498931885,34.17277847925822
2022-02-18,24.1281795501709,25.25231275222649,23.587640744382124,25.156641569638094,226165400,32.21379878997803,33.902548217773436
2022-02-22,23.381948471069336,24.63523567812603,22.58309619048734,23.45848505261228,262876200,32.20657563209534,33.61366217931111
2022-02-23,21.59290313720703,24.219067870683357,21.51158381852799,24.032510069218706,260920400,32.19973515510559,33.332389990488686
2022-02-24,23.70722770690918,23.84594899652212,19.42595853450022,19.497710548139484,389734800,32.2040403175354,33.04653358459473
2022-02-25,24.831361770629883,24.879196451706957,23.080585801477746,23.91770549375932,238372200,32.22266025543213,32.80867198308309
2022-02-28,25.094453811645508,25.443652060118104,23.879434048614208,24.13774568165726,243401000,32.240371313095096,32.608640098571776
2022-03-01,23.936838150024414,25.338415723991886,23.367595637695914,24.836142489637098,248145000,32.2452864074707,32.37767477035523
2022-03-02,25.080102920532227,25.37668191980328,23.640256212001315,24.238198772905143,219495800,32.25785516738892,32.197415033976235
2022-03-03,24.03251075744629,25.725882882541008,23.616341377117585,25.71153284348694,223888600,32.26755379676819,31.985703563690187
2022-03-04,23.00404930114746,23.82203439408386,22.48264324648267,23.520670792821353,231391000,32.271703519821166,31.701641019185384
2022-03-07,20.435285568237305,23.219305988937784,20.392233630813035,22.98491170189989,249752600,32.25659948348999,31.365477720896404
2022-03-08,20.153059005737305,22.00428888584856,19.502497129321952,20.277430270451486,355936000,32.24202166557312,31.053830019632976
2022-03-09,22.310434341430664,22.57831328725872,21.215003043482827,21.717276295007434,219074200,32.23245456695557,30.758087635040283
2022-03-10,21.59290313720703,21.82251287937707,20.660112305107745,21.478099178510025,225574800,32.21871385574341,30.479087670644123
2022-03-11,20.25351333618164,22.22911634539428,20.13392480723035,22.166929799402293,197814800,32.197044410705566,30.1967791557312
2022-03-14,19.067197799682617,20.631416178471113,18.923691911443825,19.99998881039933,246265200,32.17087845802307,29.853679847717284
2022-03-15,20.832321166992188,20.99496163770682,19.24897022759871,19.550332003659488,211407200,32.15235420227051,29.59042568206787
2022-03-16,23.17147445678711,23.19060906080584,20.89929223568665,21.602473422776676,326175000,32.14672161102295,29.375485229492188
2022-03-17,23.9464054107666,24.008590126052958,22.501775899811488,22.76487027346229,192061600,32.14432983398437,29.191438515981037
2022-03-18,25.43408966064453,25.548895461266035,23.405869056133746,23.65939617550352,201569600,32.15321526527405,28.993200651804607
2022-03-21,25.2523136138916,25.79763700104426,24.2860381038518,25.285798255223707,221094600,32.15512866973877,28.769729614257812
2022-03-22,26.744775772094727,26.950468166572364,25.290578972691502,25.38625015090044,186689200,32.16340418815613,28.55582545598348
2022-03-23,25.615859985351562,26.916983634692276,25.59194264689844,26.098998616074088,205499400,32.165891637802126,28.291574573516847
2022-03-24,27.27574920654297,27.30923384535798,25.548890727186198,26.03681209605972,171150600,32.176535005569455,28.063120619455972
2022-03-25,27.232696533203125,27.53406009918955,26.237719221592794,27.285315771286967,198789400,32.18311237335205,27.83502550125122
2022-03-28,28.471633911132812,28.514685849585785,26.945685114456897,27.227912258478025,183407400,32.19485594749451,27.633957322438558
2022-03-29,29.930614471435547,30.117172269623104,28.768213917585083,29.42834305521305,204013400,32.210235023498534,27.469762388865153
2022-03-30,29.031307220458984,29.91626332559229,28.6055723993754,29.504878542368537,167818800,32.22360502243042,27.27144479751587
2022-03-31,27.830644607543945,29.098283835617718,27.696706029402268,29.007395379213353,168098800,32.23238284111023,27.079624938964844
2022-04-01,27.711055755615234,28.13679065254407,26.979174497963474,27.95023282802705,176162600,32.23569548606873,26.9461243947347
2022-04-04,29.44269561767578,29.44269561767578,27.854560090833587,27.92631393849213,137515000,32.250895204544065,26.84311892191569
2022-04-05,27.49579620361328,29.256139613950253,27.19921714283867,29.093499130665545,172097600,32.25394471168518,26.7270783106486
2022-04-06,25.6876163482666,26.48646684466698,25.065756363532728,26.223372446292203,296859800,32.24419826507568,26.578788598378498
2022-04-07,25.855037689208984,26.352526370935628,24.67350435107821,25.46278748913344,229654000,32.23504974365235,26.407936318715414
2022-04-08,24.797874450683594,25.634994052554003,24.635233997900592,25.458003561952946,204182400,32.21806817054748,26.212608432769777
2022-04-11,23.03753089904785,24.04685823318396,22.93707698682529,23.83638310879728,185914600,32.19272734642029,26.032109387715657
2022-04-12,22.740951538085938,24.38648878155537,22.430020681648653,23.99423861407268,247928200,32.16092875480652,25.838136800130208
2022-04-13,24.104263305664062,24.319523020072207,22.640500897240912,22.798356804622806,190084600,32.134308366775514,25.708183924357098
2022-04-14,22.48264503479004,24.228638411019347,22.40132570523766,24.118615350790662,167843600,32.10022566795349,25.56970043182373
2022-04-18,22.54482650756836,22.965776750636923,21.918182055707682,22.22911291287901,175525400,32.06638213157654,25.452105013529458
2022-04-19,23.99424171447754,24.118612978257516,22.152579149297182,22.353486996505474,172372600,32.03481075286865,25.400203641255697
2022-04-20,22.913162231445312,24.27168795504928,22.69311795754438,24.190366808769873,215629400,31.99580099105835,25.323746744791666
2022-04-21,21.568986892700195,24.286038383458244,21.329809837702314,23.745497728225715,268626400,31.94908971786499,25.25869067509969
2022-04-22,19.856477737426758,21.79859602560927,19.746456514234733,21.549851676523623,248824800,31.89649468421936,25.165889962514242
2022-04-25,20.593143463134766,20.6457627056469,19.282454262269138,19.521631310214435,332878800,31.845011825561524,25.098043346405028
2022-04-26,18.277910232543945,20.229595890839,18.22529098811303,20.196111248887718,332263200,31.780015459060667,24.95326150258382
2022-04-27,18.196590423583984,19.239402508806087,17.876092227319315,18.258775142819154,316698600,31.714696226119994,24.763594086964925
2022-04-28,20.119571685791016,20.44006801839466,18.31139216417465,19.052842389919043,344698400,31.658142805099487,24.596568806966147
2022-04-29,17.474275588989258,19.980852004978328,17.31641967674331,19.32072280204466,320116800,31.591615705490113,24.373576100667318
2022-05-02,18.29704475402832,18.311394793436456,16.804580437970383,17.34033653159547,311905600,31.532981462478638,24.22616329193115
2022-05-03,18.340097427368164,18.737130406604862,17.842608693945817,18.26834357791787,285565600,31.47816209793091,24.063841819763184
2022-05-04,20.157840728759766,20.306131151137706,17.474274036077492,18.41184942387116,438806800,31.427600069046022,23.94241959253947
2022-05-05,17.153778076171875,19.37812351495281,16.51278351821602,19.3733407769217,455552600,31.35856162071228,23.75538314183553
2022-05-06,16.555835723876953,17.47427472169933,15.833520009653654,16.785445473332548,466794400,31.283280658721925,23.529041926066082
2022-05-09,14.599366188049316,15.986591872683135,14.355405506995629,15.575208912264069,420419800,31.192967419624328,23.303418238957722
2022-05-10,15.101638793945312,15.823954506959934,14.484562479267474,15.65174673896238,463579600,31.10448383808136,23.1303338209788
2022-05-11,13.757463455200195,15.594342283659298,13.618740334004409,14.757223555748311,529531800,31.014636998176574,22.933650573094685
2022-05-12,13.647440910339355,14.298001775767535,12.767269415313319,13.12125129077563,590993000,30.922506008148194,22.704279772440593
2022-05-13,15.130337715148926,15.307329109427362,14.054041137142315,14.278868117365294,395948000,30.837000222206115,22.499703645706177
2022-05-16,14.661551475524902,15.202092063902374,14.436725400093497,14.891161200951181,318388000,30.751566162109373,22.327815055847168
2022-05-17,15.76655101776123,15.823954824764016,14.943782277537167,15.51302392354866,307981400,30.671704964637755,22.188454580307006
2022-05-18,13.465668678283691,15.159042749164085,13.245626214775267,15.04902060502177,328105200,30.57757685661316,22.023183250427245
2022-05-19,13.193005561828613,13.88183569625254,12.934694831662146,13.173871872966064,392015600,30.481284193992614,21.883184957504273
2022-05-20,13.078201293945312,13.795732450910617,11.925367974745434,13.70484491555969,458111200,30.38136800289154,21.70603451728821
2022-05-23,13.723978996276855,13.790948276418412,12.896425733269835,13.226490308402392,341040600,30.286833295822145,21.52091147104899
2022-05-24,12.86772346496582,13.087766797319212,12.164543356186,12.987311974700425,366488600,30.187144298553466,21.317132631937664
2022-05-25,13.384346961975098,13.680926893525458,12.623763900502725,12.64768215197582,361283800,30.092489972114564,21.141257778803507
2022-05-26,14.50369644165039,14.723739806273938,13.240841885614905,13.279110177846647,337131600,30.004305386543273,20.96498433748881
2022-05-27,15.924407958984375,15.948325298326314,14.958132486406654,14.972482525056614,315035800,29.921550126075743,20.82984929084778
2022-05-31,15.809600830078125,16.264037538007024,15.178173636349333,15.929189341387001,369158600,29.836594414710998,20.709941816329955
2022-06-01,15.441267967224121,16.469729892455955,15.092069733832254,16.125314396606065,398894200,29.74951000213623,20.626708189646404
2022-06-02,16.694557189941406,16.73282456532162,15.044235341114963,15.26906141770443,336861400,29.673009195327758,20.56906649271647
2022-06-03,15.374300956726074,16.08704939063406,15.192526794564431,15.852655071495528,324723800,29.59455913066864,20.45346426963806
2022-06-06,15.565641403198242,16.326224424399197,15.307329775293939,16.08226283423094,300958600,29.51485338687897,20.35300990740458
2022-06-07,15.943543434143066,16.072697438622935,14.852894817573395,15.029886240522872,274886600,29.432169885635375,20.28117707570394
2022-06-08,15.618261337280273,16.23533670951659,15.465188178687825,15.823953736284375,225706000,29.340624866485594,20.223694801330566
2022-06-09,14.345837593078613,15.814385266682706,14.317136606061274,15.340813962763008,275959400,29.241043477058412,20.11558674176534
2022-06-10,12.815105438232422,13.69049331329061,12.757702550778205,13.518285563315903,343352200,29.133617119789122,19.942980591456095
2022-06-13,11.040410041809082,11.949282439434581,10.916037895045282,11.60965154481591,426731400,29.0202232837677,19.727880668640136
2022-06-14,11.112164497375488,11.418311713514456,10.772533555700203,11.308289587264476,393201000,28.902261176109313,19.489181915918987
2022-06-15,11.911016464233398,12.398937847047694,11.164784351474363,11.509198962196686,549823000,28.782541108131408,19.266826963424684
2022-06-16,10.456823348999023,11.059549764609303,10.198511636999655,10.997363206214676,424284400,28.656052355766295,18.99536108970642
2022-06-17,10.84428596496582,11.136082217069646,10.35636463231651,10.557273362678702,441181000,28.530520272254943,18.74916818936666
2022-06-21,11.662271499633789,11.949284116100335,11.3752597955552,11.394393483379394,318408200,28.4093292760849,18.488943560918173
2022-06-22,11.619221687316895,12.174112377984555,11.265238845529684,11.341775429595014,388973600,28.28630859375,18.228718980153403
2022-06-23,12.11670970916748,12.231514587401367,11.561819008176327,11.930151896085922,365372800,28.165033888816833,17.956136910120645
2022-06-24,13.384346961975098,13.41304886374281,12.461123440037689,12.489825341805403,303635000,28.051962985992432,17.680365784962973
2022-06-27,13.068634033203125,13.633092024406244,12.915560865226968,13.561339090965927,338262000,27.93923885345459,17.41432123184204
2022-06-28,11.877532005310059,13.494368426304069,11.844047365028493,13.135602859193549,373741600,27.82456542491913,17.14843602180481
2022-06-29,11.901451110839844,12.0975771560263,11.528335449608026,11.853616424704182,380182200,27.710406222343444,16.884942611058552
2022-06-30,11.480499267578125,11.90623415678662,10.882556597391766,11.509200260278401,512407800,27.595637125968935,16.585572671890258
2022-07-01,11.667057037353516,11.71967628406248,11.049980678879388,11.28915774590107,417200800,27.47798593044281,16.321760352452596
2022-07-05,12.269782066345215,12.28413301731814,11.002143926819679,11.198269028176295,441108000,27.363001565933228,16.09812978108724
2022-07-06,12.504176139831543,12.781621487056048,12.092792225774001,12.327185630119873,412245800,27.255419697761536,15.875615421930949
2022-07-07,13.279109954833984,13.393914829601144,12.61419804632867,12.618980784437767,275732600,27.162176518440248,15.683636013666789
2022-07-08,13.341296195983887,13.542204964101433,12.776838184968495,12.910777667842884,319458400,27.06904097557068,15.522032101949057
2022-07-11,12.489825248718262,13.044715905326408,12.370236729408091,13.01123126590164,258448200,26.966972184181213,15.35117999712626
2022-07-12,12.126276016235352,12.905992759124876,11.915799967202476,12.64768203237416,319233000,26.85851737499237,15.151546875635782
2022-07-13,12.049738883972168,12.355885186777467,11.332207802481287,11.403960728152784,361151000,26.74920153617859,14.977665106455484
2022-07-14,12.174112319946289,12.284133544967183,11.298724345532825,11.70532460429596,351647000,26.644597473144533,14.804819869995118
2022-07-15,12.815105438232422,12.843806425765559,12.346317775788824,12.566361113244055,308760400,26.556998872756957,14.618500932057698
2022-07-18,12.518526077270508,13.393913990894141,12.351101969906734,13.207356195127986,319900400,26.46892194747925,14.445256996154786
2022-07-19,13.613956451416016,13.690493942334323,12.767270437375817,12.9873128725535,298643400,26.388020324707032,14.312673155466715
2022-07-20,14.298003196716309,14.47021095793189,13.604390326330888,13.709627895747074,377126200,26.30782428264618,14.220031913121542
2022-07-21,14.905513763427734,14.915081064452483,13.977506548952265,14.355406727937385,319381800,26.239993681907652,14.125238084793091
2022-07-22,14.125795364379883,15.082503460276952,13.84835005306525,14.771572599200054,298800800,26.162787318229675,14.05603617032369
2022-07-25,13.915322303771973,14.192767674421615,13.590041335619674,14.125798385350777,220897600,26.081610651016234,13.984681701660156
2022-07-26,13.073417663574219,13.66657664476041,12.939478185607769,13.628308352825432,231755600,25.99214650154114,13.867245801289876
2022-07-27,14.704604148864746,14.948564836482701,13.599606491620582,13.680926720826566,341919000,25.913218064308168,13.821084610621135
2022-07-28,15.125555992126465,15.221226258043938,14.121012269471164,14.67590291391162,324071800,25.839778728485108,13.768226464589437
2022-07-29,15.957892417907715,16.096615539202986,15.14947376637059,15.369517117848742,292146400,25.77201988697052,13.728523047765096
2022-08-01,15.933974266052246,16.464945735526207,15.51780492339505,15.680445375464597,285283000,25.700685329437256,13.658125273386638
2022-08-02,15.785680770874023,16.431457890681376,15.407780702352422,15.565638385953427,325375000,25.620273990631105,13.635323651631673
2022-08-03,17.048540115356445,17.196830545740195,15.933975992717658,16.04877995675092,294213800,25.543223085403444,13.643535391489666
2022-08-04,17.292499542236328,17.349901516983152,16.723257058012745,17.07245529361773,253567200,25.462524747848512,13.688420947392782
2022-08-05,16.88111686706543,17.21118054384091,16.33579347727285,16.469732043249667,283898600,25.376098155975342,13.718078915278117
2022-08-08,16.70890998840332,17.61778356974811,16.47451566065821,17.02940638117442,267787800,25.28934864997864,13.767269690831503
2022-08-09,16.134883880615234,16.441030218468327,15.876572223760645,16.39797827565923,218406000,25.19667950630188,13.808727073669434
2022-08-10,17.459922790527344,17.526892065430978,16.890682129070566,17.28771504090321,271554400,25.115024461746216,13.847553491592407
2022-08-11,17.19683074951172,18.18702361871828,17.062890356850993,17.85695993724147,273361000,25.02698338508606,13.889808146158854
2022-08-12,18.167884826660156,18.20136946090965,17.335549882778842,17.507755791158086,211187000,24.942171220779418,13.92983037630717
2022-08-15,18.603185653686523,18.694074076098662,18.005243189503872,18.010027751091663,196308400,24.858148326873778,14.01545565923055
2022-08-16,18.483600616455078,18.837583424331388,17.952627317028576,18.44533324047641,220755800,24.767715492248534,14.103632243474324
2022-08-17,17.842607498168945,18.335313460169967,17.483841924513634,17.943061420846174,262838400,24.67137495994568,14.183039013544718
2022-08-18,17.962194442749023,18.158319532771536,17.550809662512556,17.823471328524928,192140800,24.573802642822265,14.253675937652588
2022-08-19,16.909818649291992,17.55559785340595,16.77588006982078,17.450359355377834,224256600,24.468469095230102,14.32104419072469
2022-08-22,15.579994201660156,16.249690727907744,15.431703761266071,16.21142152079589,224975400,24.350459146499634,14.357638311386108
2022-08-23,15.527374267578125,15.953109141600285,15.403002999517328,15.51302422793392,219509800,24.224879236221312,14.374699608484905
2022-08-24,15.646961212158203,15.929190186817284,15.355164937113532,15.450836116193486,187005600,24.099143857955934,14.370075496037801
2022-08-25,16.4697322845459,16.474515022782526,15.7569838520638,15.91962432375109,222052600,23.978359451293944,14.381077686945597
2022-08-26,14.46542739868164,16.618021690261347,14.446293709752814,16.431462064586214,366276600,23.85173915863037,14.36481367746989
2022-08-29,14.020559310913086,14.408026813576946,13.85313518274343,14.03969391408132,248441000,23.731612501144408,14.320247046152751
2022-08-30,13.551774024963379,14.326708206137571,13.183441083529097,14.250171609526317,327014800,23.60759919643402,14.28987159729004
2022-08-31,13.303027153015137,14.063610238573213,13.283893463618748,13.94880536503079,341030600,23.476255159378052,14.252161359786987
2022-09-01,13.317376136779785,13.360428072045996,12.44677195675267,12.953826968080614,397320400,23.345042681694032,14.208391904830933
2022-09-02,12.762486457824707,13.891402330596524,12.518525777909375,13.700059976820448,454463000,23.20696575164795,14.160795656840007
2022-09-06,12.47068977355957,12.925126480040042,12.178893514931818,12.800754319188671,361083400,23.06719065666199,14.129543193181355
2022-09-07,13.207357406616211,13.346079625519186,12.489826234143264,12.523310876209912,331569600,22.924916248321534,14.136080725987751
2022-09-08,13.422616004943848,13.594823775658861,12.743353135597799,12.92991185800175,410799800,22.780190205574037,14.175784158706666
2022-09-09,14.274086952209473,14.360190839420094,13.709628947062578,13.71919624839444,298735800,22.647064275741577,14.228482866287232
2022-09-12,14.795491218566895,14.84332680703409,14.441509323730372,14.494127649895123,273141200,22.519331755638124,14.276557445526123
2022-09-13,12.36067008972168,13.6857111734914,12.226730612473881,13.50871975399924,391296600,22.37755955219269,14.308288224538167
2022-09-14,12.638113975524902,12.757702487438504,12.264997489894808,12.499390863758915,309291800,22.24840394973755,14.338185358047486
2022-09-15,12.001904487609863,12.700301038318186,11.7914284273412,12.379803753604465,393730600,22.104120411872863,14.343845907847086
2022-09-16,11.767509460449219,11.829695083638223,11.322640061275541,11.580950766106373,392143600,21.96744266986847,14.346317370732626
2022-09-19,12.049738883972168,12.068872571703523,11.442229016003447,11.4517963160631,302692600,21.84220952987671,14.345201190312704
2022-09-20,11.762727737426758,12.049740388333058,11.470931435893412,11.734026746052548,322118600,21.712049379348755,14.318174203236898
2022-09-21,11.116950988769531,12.398940331968783,11.112167337502287,11.867966902351194,591115200,21.588155698776244,14.285646152496337
2022-09-22,10.705562591552734,11.054761720396147,10.557273100469464,10.930389565414478,431084000,21.458007516860963,14.266113328933717
2022-09-23,10.1937255859375,10.45682088760652,9.782341681555673,10.428118984770459,561304000,21.308737134933473,14.23765123685201
2022-09-26,10.055004119873047,10.624244882652512,9.964116578906234,10.12197340669696,490607800,21.155986738204955,14.21389298439026
2022-09-27,10.064571380615234,10.691215038402094,9.806259711250636,10.43768701984663,543921200,21.012049989700316,14.187184890111288
2022-09-28,10.652945518493652,10.806018677219546,9.89236246273487,10.059786572236813,512039000,20.865039830207824,14.160237614313761
2022-09-29,9.753640174865723,10.231994292905442,9.385308197390072,10.193725999957788,540195600,20.72214352607727,14.114395348230998
2022-09-30,9.241800308227539,10.088487214775753,9.222666620238204,9.643617792271167,513197600,20.582392406463622,14.04710685412089
2022-10-03,9.882795333862305,10.050219446272079,9.26093538764087,9.423575849708879,447222600,20.433540601730346,13.98946517308553
2022-10-04,10.80123519897461,10.892122730561026,10.471170624973,10.475954275307865,463323600,20.304408922195435,13.961322005589803
2022-10-05,10.80123519897461,11.002143951098892,10.050219431772984,10.365933054769998,458399000,20.178075590133666,13.93923799196879
2022-10-06,10.528573036193848,11.030844437392346,10.485521097532494,10.667295240023122,475087200,20.055772414207457,13.913885227839152
2022-10-07,9.327903747558594,10.002382868621797,9.165263301533205,9.988031919012055,501945200,19.9157701253891,13.866448418299358
2022-10-10,9.036108016967773,9.380523528499623,8.753879044968274,9.337471589558142,412999600,19.767647786140444,13.803465127944946
2022-10-11,8.677342414855957,9.15569647807647,8.486000972045344,8.859117469817015,529747000,19.61313937187195,13.739445400238036
2022-10-12,8.658207893371582,8.916518588205175,8.576887673956067,8.720393514153855,401483800,19.44907584667206,13.656849590937297
2022-10-13,9.237017631530762,9.385308062917789,7.806738948571536,7.902410135763938,829507200,19.290346002578737,13.572499831517538
2022-10-14,8.404678344726562,9.557511234889088,8.352059120834326,9.495325625879115,670132600,19.127777376174926,13.464152574539185
2022-10-17,9.232234001159668,9.32790518856168,8.993056945042701,8.997840595651608,460050800,18.97125992298126,13.382593218485514
2022-10-18,9.461844444274902,10.045436118914022,9.170048150761321,9.983250487247673,692553800,18.81965759277344,13.308368587493897
2022-10-19,9.347038269042969,9.681885545651559,9.093510302380594,9.284851733640918,519702200,18.66174097061157,13.246262264251708
2022-10-20,9.189180374145508,9.791906554596945,9.06959186800168,9.246583258545218,529703000,18.510987691879272,13.154338534673055
2022-10-21,9.839744567871094,9.897147466437199,8.959572872444951,9.079161408101893,627458000,18.381580972671507,13.066241677602132
2022-10-24,10.174592971801758,10.270263254202716,9.471411788594649,9.868445695909548,549244000,18.254338817596434,12.969853353500366
2022-10-25,10.786883354187012,10.829935291245576,10.270261021872171,10.275044671810672,476799600,18.135982069969177,12.88406850496928
2022-10-26,10.074136734008789,10.762966869099818,10.011951104660268,10.131539625428044,558931800,18.013427758216856,12.788876104354859
2022-10-27,9.519245147705078,10.102837656398313,9.457059524385725,9.944980860785273,513258800,17.880493111610413,12.663387854894003
2022-10-28,10.38028335571289,10.43290168132518,9.428357983612974,9.447492583754135,510777200,17.74980679035187,12.548184251785278
2022-10-31,10.02151870727539,10.222427464714801,9.801475347990307,10.131539930723916,419122200,17.63057701587677,12.433857615788778
2022-11-01,9.710585594177246,10.461602121954341,9.667533662254106,10.399415592559661,430464800,17.507233409881593,12.31721887588501
2022-11-02,8.706045150756836,10.03586899015422,8.696477849601504,9.70102166121007,662952600,17.39125645637512,12.193404897054036
2022-11-03,8.20377254486084,8.586456368204487,8.15115421484696,8.442949592305109,424463600,17.278317046165466,12.039135726292928
2022-11-04,8.586455345153809,8.777796777833855,8.060265720992742,8.672558305568888,764740400,17.173246564865114,11.89562946955363
2022-11-07,8.859118461608887,8.916520444684327,8.471650970103356,8.686910687606428,401886800,17.082000536918642,11.740483363469442
2022-11-08,9.050458908081055,9.385307117122387,8.653425072303001,9.016974269654515,592112600,16.98974995136261,11.581271251042685
2022-11-09,8.419032096862793,8.94522177398947,8.385547456821753,8.863901542866365,431138200,16.90448335647583,11.413528442382812
2022-11-10,10.260695457458496,10.303747397970529,9.423575811216969,9.638834601389128,656884800,16.828664231300355,11.287163241704304
2022-11-11,10.84428596496582,10.92082253725733,10.10283757874635,10.251127073512661,614268400,16.759565958976747,11.168531433741252
2022-11-14,10.557273864746094,10.983008682412581,10.437685350804905,10.60510945280016,428451800,16.677528223991395,11.062655687332153
2022-11-15,10.983007431030273,11.456578695181001,10.609891893974106,11.313071947369679,636531400,16.584560084342957,10.98603924115499
2022-11-16,10.538139343261719,10.801233688163178,10.437684525056588,10.762965403225003,383358800,16.486545338630677,10.902885325749715
2022-11-17,10.456823348999023,10.62424659301167,10.002386483394911,10.021521089789642,426924400,16.384560265541076,10.816383028030396
2022-11-18,10.447253227233887,10.801235138541267,10.1793751966963,10.791667837925068,389577000,16.301087465286255,10.716008377075195
2022-11-21,10.131536483764648,10.428115412366013,10.031081683027736,10.294176894567096,288222600,16.21134821891785,10.643776861826579
2022-11-22,10.557273864746094,10.571624814878701,9.96411494508435,10.20329197296673,292477200,16.126918716430666,10.586055437723795
2022-11-23,10.872987747192383,10.939957937139445,10.52857314667541,10.547706834954585,357567000,16.039403829574585,10.541408999760945
2022-11-25,10.648160934448242,10.762965793424891,10.595541698605142,10.68642922077379,134753000,15.941963090896607,10.497161229451498
2022-11-28,10.179374694824219,10.652945103321729,10.074136218010576,10.428118111865645,262765200,15.852176027297974,10.444861205418905
2022-11-29,9.93541431427002,10.246344279213845,9.791907544950416,10.198508689440645,275805400,15.77441957950592,10.39774333635966
2022-11-30,11.270021438598633,11.313073377144256,9.87801119199138,9.97368236929009,545469800,15.702977395057678,10.377732197443644
2022-12-01,11.332208633422852,11.561818377363108,11.00692770664681,11.336992283803442,411007200,15.622589993476868,10.346479717890421
2022-12-02,11.198269844055176,11.303507421693297,10.710348424083014,10.739050328120017,363310000,15.541556816101075,10.309407281875611
2022-12-05,10.633811950683594,11.09781603459249,10.456821435855154,10.944741948605296,301980000,15.469851541519166,10.248736031850179
2022-12-06,9.959333419799805,10.624245407203361,9.806260235279977,10.60989536639722,339801000,15.39900731086731,10.168133401870728
2022-12-07,9.839744567871094,10.05978794792169,9.653186744210462,9.834960916958241,347335800,15.331296291351318,10.126117976506551
2022-12-08,10.188941955566406,10.284613140432622,9.753639797962395,9.983250459163706,377840200,15.274276485443115,10.085298442840577
2022-12-09,9.992817878723145,10.375501745282394,9.935415891791543,10.069354469557368,354007800,15.205704436302184,10.051813666025797
2022-12-12,10.356367111206055,10.361150762167773,9.887580265615233,10.00238515153208,225655000,15.133329463005065,10.028294626871745
2022-12-13,10.681645393371582,11.590517862785962,10.389849144747403,11.566600526375545,695385600,15.061265420913696,10.005493068695069
2022-12-14,10.428120613098145,10.997362334800027,10.083705936778143,10.624245751162224,578911000,14.993721833229065,9.983249616622924
2022-12-15,9.394874572753906,10.059787416291753,9.256152353164735,9.978467179847042,428053200,14.915295691490174,9.954548343022664
2022-12-16,9.11742877960205,9.476194350237048,8.950004664161447,9.31833753565317,351284200,14.840720281600952,9.92807944615682
2022-12-19,8.739529609680176,9.150913514489373,8.600806482992537,9.13656347544447,310533000,14.769397683143616,9.90384284655253
2022-12-20,8.701261520385742,8.87825203023014,8.452517164097772,8.610373983975126,345762400,14.710727562904358,9.88128046989441
2022-12-21,9.079158782958984,9.208314583097595,8.720393279721415,8.80649714648049,326374600,14.655358061790466,9.864856926600138
2022-12-22,8.433877944946289,8.775271634051803,7.972274138250894,8.765654677904866,460900400,14.585975279808045,9.827872467041015
2022-12-23,8.45792007446289,8.520428460021341,8.092483966634866,8.275201561987135,330134600,14.520300364494323,9.806277132034301
2022-12-27,8.097290992736816,8.40502622113353,8.039590178850771,8.395409265965304,263200600,14.459519252777099,9.787201976776123
2022-12-28,7.770322322845459,8.270393016286459,7.741472372723364,8.0540160975623,364869200,14.403034875392914,9.751994093259176
2022-12-29,8.318476676940918,8.414644408458397,7.948233019982577,8.015549881770736,306109800,14.340465652942658,9.710614784558613
2022-12-30,8.318476676940918,8.318476676940918,7.9338075851179175,8.058825269241257,301941200,14.266200664043426,9.669235475858052
2023-01-03,8.130950927734375,8.67429707297627,7.919382460384748,8.530045470051004,359851800,14.187123391628266,9.629275107383728
2023-01-04,8.25596809387207,8.409835726881877,7.953041306024443,8.332901910376973,435272800,14.101232783794403,9.61140951315562
2023-01-05,7.866489887237549,8.1020997955777,7.8280229821437155,8.082865884469104,362504000,14.014303665161133,9.591915877660115
2023-01-06,8.481961250305176,8.606978934134593,7.741473021005948,8.005932906372074,466895200,13.922989592552184,9.588659524917603
2023-01-09,8.659869194030762,9.116663514927124,8.602168385717132,8.693527616745698,372042800,13.83820963859558,9.588687213261922
2023-01-10,8.890673637390137,8.890673637390137,8.510812986090947,8.568512897038989,328723000,13.746284260749817,9.582914813359578
2023-01-11,9.33304214477539,9.34265910081303,8.905097689457905,8.982031503512207,302550000,13.656785988807679,9.598387543360392
2023-01-12,9.477293014526367,9.578269220780959,8.9387563049133,9.385934681633435,561852600,13.561814284324646,9.602471860249837
2023-01-13,9.664820671081543,9.69847910315452,9.18398383089961,9.217642262972587,319566000,13.460485315322876,9.605854797363282
2023-01-17,9.7177095413208,9.861961105670058,9.525375039311706,9.645584217707796,279515800,13.363917326927185,9.612032651901245
2023-01-18,9.357084274291992,10.054298044843401,9.323425842921994,9.895621927582363,373300200,13.271549525260925,9.61483105023702
2023-01-19,9.063774108886719,9.284958602657523,8.933947949261192,9.16955787758709,332741400,13.178313117027283,9.601898209253948
2023-01-20,9.8042631149292,9.833113986366737,9.11666627010094,9.222450964458218,322650400,13.08012095451355,9.595726044972738
2023-01-23,10.44858169555664,10.578407829942794,9.799451940749135,9.88119421975635,388084200,12.994884881973267,9.590087683995565
2023-01-24,10.38607406616211,10.515900209805926,10.212972541303687,10.270673355297603,290013000,12.918377170562744,9.595286639531453
2023-01-25,10.309142112731934,10.381267455351573,9.607119848996163,9.886005179682664,436167200,12.840647692680358,9.608451588948567
2023-01-26,10.905378341674805,10.92461133601392,10.386074654791404,10.684192945473024,406837800,12.771185212135315,9.617203172047933
2023-01-27,11.21792221069336,11.453532126408607,10.737085423407535,10.75151085719053,376822200,12.712087168693543,9.637143230438232
2023-01-30,10.54475212097168,11.011163528837542,10.506285210190201,10.842870450247263,347816000,12.651106171607971,9.651046005884806
2023-01-31,11.015970230102539,11.020778707814902,10.530324986634069,10.54955889748352,316513800,12.585664706230164,9.689544757207235
2023-02-01,11.727609634399414,11.996878911358559,10.751511486073703,10.991929893779297,543277600,12.531889529228211,9.74827537536621
2023-02-02,12.939318656921387,13.19897097801605,12.381548023225566,12.482523314457861,535770200,12.483861989974976,9.820823097229004
2023-02-03,12.270956039428711,13.04991118521641,12.0738130138205,12.12189596279931,534808400,12.42524556159973,9.877687056859335
2023-02-06,11.95841121673584,12.237296514657134,11.79011815897982,11.948794260950152,323632400,12.370471806526185,9.926152928670247
2023-02-07,12.69890022277832,12.833534861269964,11.799735891467897,11.939178091045456,519789200,12.326121373176575,9.997484064102172
2023-02-08,12.016112327575684,12.64600832101304,11.929561551033066,12.525799112953512,362514400,12.286919546127319,10.026741011937458
2023-02-09,11.693950653076172,12.54503199636318,11.506424597380981,12.525798084433724,395196800,12.242423582077027,10.040902090072631
2023-02-10,11.453533172607422,11.66510163513301,11.165030890458617,11.424683219529584,367863400,12.208301696777344,10.055839745203654
2023-02-13,11.996877670288086,12.06900300171375,11.46795704462764,11.607399229767477,279739800,12.177303133010865,10.072737582524617
2023-02-14,12.25653076171875,12.376739969955054,11.564125465483066,11.79973632069488,511474400,12.137987928390503,10.1013774394989
2023-02-15,12.530604362487793,12.549838271040459,11.948792385618246,12.030534662720596,275527400,12.113269572257996,10.135940456390381
2023-02-16,11.814159393310547,12.439247749936433,11.794926399250024,11.939177064635725,388993000,12.080855145454407,10.158722225824992
2023-02-17,11.559317588806152,11.65067592424397,11.203497535067203,11.55450911055309,389804800,12.046951246261596,10.182518577575683
2023-02-21,10.746702194213867,11.275622834545391,10.717852244268038,11.107329778468538,300937600,11.999895553588868,10.185675716400146
2023-02-22,10.756319046020508,10.987120477604838,10.568792080375296,10.794785951284563,334677400,11.96790825843811,10.183731238047281
2023-02-23,11.02558708190918,11.169837743431009,10.554367276006305,11.150604749885657,359540000,11.940257015228271,10.190021673838297
2023-02-24,10.467818260192871,10.592835949045194,10.265866750065811,10.458201303252656,345563600,11.91959927558899,10.194829066594442
2023-02-27,10.69381046295166,10.963078817707624,10.626493603543526,10.809211186418501,277508800,11.897560133934022,10.207469002405803
2023-02-28,10.640918731689453,10.92461253708744,10.578410346810811,10.616877256841548,254631600,11.881977410316468,10.19698395729065
2023-03-01,10.381266593933105,10.679384896589903,10.275482828010276,10.607259559955093,308773800,11.865646538734437,10.181134923299153
2023-03-02,10.631301879882812,10.722660211024635,10.073531268484352,10.102381219522643,315874600,11.843151359558105,10.171685457229614
2023-03-03,11.28042984008789,11.314089183345377,10.761126181004212,10.818826995179432,303353200,11.82624575138092,10.18246242205302
2023-03-06,11.328514099121094,11.770883966342632,11.29966414957629,11.424681820434916,303699800,11.804055566787719,10.205282100041707
2023-03-07,10.905378341674805,11.434298984289452,10.828444530071588,11.328514305492497,352663000,11.791254115104675,10.223042662938436
2023-03-08,11.054438591003418,11.126563931944045,10.737086357165882,10.93903786207372,290985600,11.780561280250549,10.237467606862387
2023-03-09,10.472625732421875,11.400639977022463,10.381266484514883,11.11213863352401,393667400,11.767533402442933,10.245464404424032
2023-03-10,10.039871215820312,10.655342603109903,9.914854464410302,10.491858030191157,629715200,11.749112863540649,10.240189472834269
2023-03-13,10.256250381469727,10.650536467401635,9.67924577168615,9.842730380554045,659081400,11.73605549812317,10.233099555969238
2023-03-14,10.953462600708008,11.015970980982779,10.539942660491576,10.636110387047205,434325800,11.723901076316833,10.241855255762736
2023-03-15,11.112137794494629,11.16502921434326,10.49666641278114,10.660150984218735,549118800,11.706943283081054,10.270476309458415
2023-03-16,11.992070198059082,12.035345583967601,10.924611901813511,11.00154571740123,456714200,11.687281594276428,10.318386999766032
2023-03-17,11.814159393310547,12.266146217774901,11.588166439640053,11.987260925472079,403540600,11.66730438709259,10.369630829493206
2023-03-20,11.939177513122559,11.982452897788551,11.487190671679636,11.746842979675591,328356000,11.649793934822082,10.423596096038818
2023-03-21,12.44405460357666,12.501755416726578,11.98726024439333,12.169977804641999,270290200,11.628541421890258,10.479677693049114
2023-03-22,11.936234474182129,13.038933003113234,11.921724943154606,12.434383047350119,475836200,11.61135108947754,10.53805030186971
2023-03-23,12.361836433410645,12.869658916716073,12.032961131263122,12.381182473522836,392994400,11.5953320646286,10.60311557451884
2023-03-24,12.487584114074707,12.497257135050534,12.013617155899878,12.303801327884281,338830200,11.578052268028259,10.676287126541137
2023-03-27,12.231252670288086,12.700383008846531,12.120014799882199,12.56980002345908,273591200,11.561117224693298,10.75063596566518
2023-03-28,12.028124809265137,12.158706882169195,11.747613702056194,12.158706882169195,236041400,11.54952866077423,10.812463434537252
2023-03-29,12.685873985290527,12.753584196593513,12.366671734406037,12.45856357101517,238730600,11.548882503509521,10.885253389676413
2023-03-30,13.029260635375977,13.101806444072869,12.811622286815295,12.97122343493646,260300000,11.558826756477355,10.966891884803772
2023-03-31,13.667664527893066,13.696682665391704,13.014750438118979,13.058278105601914,254044200,11.571604256629945,11.057086825370789
2023-04-03,13.570937156677246,13.599956218749396,13.217880203696307,13.387154375903751,250232600,11.579903860092163,11.152160946528117
2023-04-04,13.435519218444824,13.749885026612118,13.261408527318908,13.619302008267681,232180800,11.594797339439392,11.234720245997112
2023-04-05,13.005077362060547,13.309771033127474,12.77293041813238,13.2855884832579,258274000,11.605601296424865,11.30714038213094
2023-04-06,13.266244888305664,13.329117680242108,12.627840258003031,12.797113514166561,241920600,11.613621163368226,11.3800665696462
2023-04-10,13.237224578857422,13.24206016612408,12.656856325047945,12.884166747847205,237057600,11.621711177825928,11.4451362768809
2023-04-11,12.980895042419434,13.237224522547706,12.913185751335323,13.232388012831711,208521600,11.626032104492188,11.50352964401245
2023-04-12,12.637511253356934,13.295261868354885,12.57463846690918,13.222716061693635,348038600,11.622297925949097,11.553074487050374
2023-04-13,13.362972259521484,13.416172952583596,12.811622976768888,12.830969018780586,247523000,11.623769617080688,11.613828865687053
2023-04-14,13.285588264465332,13.508063107251814,12.913186227306339,13.159841774624267,285332200,11.630809898376464,11.679303932189942
2023-04-17,13.300097465515137,13.35813466034233,12.96638567081609,13.227551663833584,228617800,11.637803130149841,11.749909321467081
2023-04-18,13.309772491455078,13.62897480494821,13.155007845212353,13.575774111876003,212829800,11.646949496269226,11.808334477742513
2023-04-19,13.280752182006836,13.416171695994855,12.98089593867118,12.995405468820957,191850600,11.655017971992493,11.85553731918335
2023-04-20,12.971222877502441,13.338789337903318,12.801948716170857,12.898677071923181,273695200,11.658525176048279,11.898623132705689
2023-04-21,12.995405197143555,13.101805648607646,12.695548037606638,12.91318637295359,228888000,11.66098132133484,11.943394184112549
2023-04-24,12.918023109436035,13.14049797452,12.642348475123104,12.96638729075603,215290800,11.65917588710785,11.976938263575237
2023-04-25,12.187726974487305,12.792276905315644,12.17321744405823,12.71005807782419,276576000,11.653408041000366,11.993101676305136
2023-04-26,12.390856742858887,12.763258827865503,12.33765604965649,12.584312551135712,249724600,11.652913198471069,12.023870086669922
2023-04-27,13.391989707946777,13.459699001884301,12.763257255419965,12.845476079116937,255631200,11.659241766929627,12.06347041130066
2023-04-28,13.66282844543457,13.6773379758729,13.217879659162326,13.36780778381178,261072200,11.667307214736939,12.095724058151244
2023-05-01,13.62413501739502,13.798245663773818,13.479043427059246,13.609625489373508,178002600,11.674557328224182,12.107137664159138
2023-05-02,13.261407852172852,13.64831945445469,13.038932989008275,13.609628294226505,249312000,11.676788840293884,12.12364519437154
2023-05-03,13.00024127960205,13.638646780103523,12.976059651407216,13.300098450555923,340267600,11.679197416305541,12.141009028752645
2023-05-04,12.85515022277832,13.096970205089779,12.710058602379455,12.951878584690913,242621600,11.675403385162353,12.143613195419311
2023-05-05,13.643481254577637,13.764391230626584,13.072786942501331,13.116314607676545,195603200,11.67213077545166,12.170736010869344
2023-05-08,13.754719734191895,13.803083911217179,13.454862574611086,13.590282085787894,151477000,11.66637680530548,12.205082162221272
2023-05-09,13.488718032836914,13.648319180887881,13.450026873384255,13.537082212770239,129681400,11.663191418647767,12.239001909891764
2023-05-10,13.923993110656738,14.035230065839523,13.479044367455701,13.793410116762217,303102000,11.66323477268219,12.271120500564574
2023-05-11,14.040067672729492,14.117449988683958,13.778901664530686,13.982030474528656,194683000,11.668068022727967,12.300846115748088
2023-05-12,13.894975662231445,14.170650288519496,13.624137546181608,14.112614010600963,210763400,11.6640198802948,12.323585637410481
2023-05-15,14.10777759552002,14.146468755216683,13.749884137708374,13.953012956733364,172935200,11.658930988311768,12.361812607447307
2023-05-16,14.160978317260742,14.383452255389717,14.006212755662744,14.015885776225748,159327000,11.649946417808533,12.405173619588217
2023-05-17,14.668800354003906,14.741346165508428,14.136796198854013,14.291560842722337,202209200,11.643620548248292,12.470541922251384
2023-05-18,15.457133293151855,15.495825377060871,14.702655183857035,14.702655183857035,271867600,11.64197781085968,12.54888882637024
2023-05-19,15.350729942321777,15.592550808916076,15.21047485441395,15.490985030229604,198058400,11.633488759994506,12.62097454071045
2023-05-22,15.510332107543945,15.650588127317056,15.31687632377926,15.32171283368212,166624800,11.624577922821045,12.7050164381663
2023-05-23,14.910619735717773,15.428114338583155,14.862255555853624,15.263676680527052,212630000,11.614725437164306,12.775296592712403
2023-05-24,14.668800354003906,14.847747550020431,14.397962227234341,14.639782213896106,235945000,11.604524888992309,12.842427953084309
2023-05-25,15.727971076965332,15.89724431806224,15.321713453392798,15.65058876032961,261747000,11.60249032497406,12.93153969446818
2023-05-26,16.917722702026367,17.048305690409503,15.858552033949437,15.868225052897046,252784400,11.599779324531555,13.03631337483724
2023-05-30,17.154708862304688,17.735075300824388,16.94674354535716,17.560966476232426,270612800,11.59956871509552,13.13421802520752
2023-05-31,16.80649185180664,17.212749570367354,16.637218571131505,16.912893253911232,210289000,11.592761750221252,13.225517654418946
2023-06-01,17.41587257385254,17.61900229806334,16.642049445763455,16.801651503710506,216759200,11.586825184822082,13.334025891621907
2023-06-02,17.8076229095459,17.986569175448906,17.4158738837085,17.68187733362649,216505600,11.583445296287536,13.446578963597615
2023-06-05,17.846315383911133,18.233226985566706,17.68187772259001,17.77860423929887,206261800,11.583463835716248,13.569473791122437
2023-06-06,17.82697105407715,17.97206268801005,17.536785941271127,17.74475129305303,159509000,11.582787718772888,13.699258788426716
2023-06-07,16.917722702026367,18.165514472172084,16.816158770486055,17.865656419615377,228485400,11.58282723903656,13.810283327102661
2023-06-08,17.498090744018555,17.59481908755831,16.903213921917654,16.937068565415615,188153800,11.592417721748353,13.919360462824503
2023-06-09,17.710895538330078,18.194535517983635,17.507767632446836,17.73991460128773,207944000,11.603335328102112,14.029339758555095
2023-06-12,18.61530303955078,18.62497421529051,17.81729636039959,17.96722541352607,154857400,11.618177037239075,14.139726972579956
2023-06-13,19.031230926513672,19.166651364454218,18.53308237802726,19.04090394671942,266534200,11.630984530448913,14.260011498133341
2023-06-14,19.43748664855957,19.4906873320157,18.581443815981277,19.03122906436885,305313000,11.655844826698303,14.384983317057292
2023-06-15,20.11941909790039,20.35640346062533,19.108611633309973,19.2198504338342,255874000,11.68633912563324,14.512906058629353
2023-06-16,19.732511520385742,20.525680820748576,19.65996662775656,20.511172211210773,224810400,11.717242813110351,14.642844009399415
2023-06-20,19.635778427124023,19.867927193509605,19.15213854621023,19.485851244802177,168249800,11.748906569480896,14.764076375961304
2023-06-21,18.848838806152344,19.513522511391407,18.67903018117898,19.44559906140206,199266600,11.776563882827759,14.87009728749593
2023-06-22,19.474708557128906,19.498966668355585,18.55288737508831,18.61595809412263,210199200,11.81012499332428,14.99082155227661
2023-06-23,18.897354125976562,19.26608216540772,18.62080763370946,18.839134298861104,225152400,11.842258315086365,15.105308707555135
2023-06-26,18.150190353393555,19.24667257476451,18.116228637517555,18.8051684176018,216900000,11.866972479820252,15.196380647023519
2023-06-27,19.047758102416992,19.164199623330205,18.242376622657414,18.36366902533672,195354000,11.895098190307618,15.29668893814087
2023-06-28,19.16419792175293,19.474706148918088,18.742100916123732,18.761506292240288,217352600,11.919548745155334,15.388297828038533
2023-06-29,19.033201217651367,19.193308057466517,18.76150560346882,19.096273777345967,198266400,11.940737295150758,15.479335562388103
2023-06-30,19.891952514648438,20.06176112507322,19.54748256162956,19.60085151084165,184308800,11.97839370727539,15.586942783991496
2023-07-03,20.027803421020508,20.12969045849128,19.814329432119468,19.9889908097546,79868000,12.015342154502868,15.703988218307495
2023-07-05,20.013246536254883,20.299496681955958,19.75125450104877,19.75610723361288,139007400,12.055398864746094,15.816438245773316
2023-07-06,19.542627334594727,19.61055077009335,19.062310554554582,19.392225970497726,170473400,12.094274454116821,15.92152829170227
2023-07-07,19.343708038330078,20.018093367829394,19.300042707963765,19.4989621350159,168624800,12.130744299888612,16.02757517496745
2023-07-10,19.358266830444336,19.46015199725903,18.887651749288292,19.29034153512615,172013600,12.1687219953537,16.139587767918904
2023-07-11,19.634811401367188,19.707585720142884,19.06716209088742,19.416484743490354,162478600,12.211311297416687,16.244118420282998
2023-07-12,20.362565994262695,20.59059441738806,19.964727123271743,20.29464255542642,230335400,12.259596314430237,16.362068049112956
2023-07-13,21.37657356262207,21.522124074648218,20.77981516777224,20.871996726874595,164773200,12.31551055431366,16.496675984064737
2023-07-14,21.357166290283203,22.007293636721634,21.211615778555977,21.454200581693076,186056400,12.372021365165711,16.630799214045208
2023-07-17,21.949071884155273,22.109176877831818,21.400829758756792,21.483307696243948,145525200,12.431443867683411,16.775271209081016
2023-07-18,22.47305679321289,22.72534521930987,21.49786666515411,21.842336653358064,196113200,12.490544424057006,16.93363510767619
2023-07-19,22.47305679321289,22.87089573608018,22.230471981670632,22.671976264646535,200573800,12.554141507148742,17.091595967610676
2023-07-20,20.896255493164062,22.172252118565353,20.711890518395666,21.910260078227402,233862800,12.612413783073425,17.22456650733948
2023-07-21,20.711889266967773,21.43479277516073,20.62455859213171,21.289242267358997,205108600,12.666559252738953,17.366635878880818
2023-07-24,20.794368743896484,21.012695427665538,20.474156891293568,20.852588575976533,126429200,12.716524920463563,17.506694412231447
2023-07-25,21.21161460876465,21.48330838879855,20.90110637399729,20.90110637399729,138199200,12.768576817512512,17.637021493911742
2023-07-26,20.993288040161133,21.27468543538415,20.590596398634563,21.017546149111812,205764600,12.820900392532348,17.75919582049052
2023-07-27,20.813772201538086,22.167393694176,20.595445557314306,21.885996347779052,261103200,12.878329734802247,17.879023106892905
2023-07-28,21.939369201660156,22.118881429694405,21.410534280564598,21.493012221551247,204487600,12.942846040725708,18.023655796051024
2023-07-31,21.983034133911133,22.17710085366135,21.745300227556434,21.9927377475149,159009200,13.009374499320984,18.17336901028951
2023-08-01,21.813222885131836,21.944218887894667,21.449345716604512,21.730744948637636,153056600,13.075149574279784,18.322670221328735
2023-08-02,20.38682746887207,21.201912571112782,20.149093542895525,21.19705983852284,258044000,13.130898623466491,18.43505932490031
2023-08-03,20.241273880004883,20.600298304571407,19.916209324533916,19.945320163326443,201340200,13.190081601142884,18.543168560663858
2023-08-04,19.959875106811523,20.944768706784224,19.877397171204436,20.566337047834114,247452800,13.243719806671143,18.651021178563436
2023-08-07,20.45475196838379,20.47415919818885,19.862844414756516,20.24612887491763,149792200,13.298684344291686,18.75986715952555
2023-08-08,19.930767059326172,20.032652226043282,19.406783029166647,20.032652226043282,188780000,13.351602988243103,18.858045482635497
2023-08-09,19.26607894897461,19.993833144133028,19.13993570282132,19.969575041116006,199430600,13.40198748111725,18.947563870747885
2023-08-10,19.353412628173828,20.25582826747139,19.10112424562371,19.726993395559106,260554200,13.449555821418762,19.034991121292116
2023-08-11,18.965280532836914,19.246677950226772,18.727546604532783,18.93616968933787,201573800,13.493509259223938,19.11506282488505
2023-08-14,19.595998764038086,19.62025687254136,18.727544783885495,18.839135414395642,142553600,13.537554836273193,19.19718279838562
2023-08-15,18.994388580322266,19.57173967725183,18.86339258002229,19.440743676951854,162553600,13.58215609550476,19.256137053171795
2023-08-16,18.363666534423828,19.125382571865984,18.349112040324595,18.882797799412433,190222000,13.626378202438355,19.306352663040162
2023-08-17,17.74265480041504,18.611108959607265,17.67473134229282,18.557739999432542,210232800,13.663190059661865,19.343558041254678
2023-08-18,17.660171508789062,17.85909094066676,17.160445637857386,17.23807268808344,247002000,13.701383323669434,19.3893839041392
2023-08-21,18.514068603515625,18.620806488977934,17.810572437175058,17.88819948548179,191487200,13.745400738716125,19.45347170829773
2023-08-22,18.43159294128418,18.911909783388552,18.3248550426943,18.907058901986762,180368000,13.794028477668762,19.498532072703043
2023-08-23,19.3000431060791,19.465000818557336,18.572288818811867,18.606250537489018,175454000,13.849509830474853,19.538237412770588
2023-08-24,18.028898239135742,19.848283833171674,17.999787403352265,19.833729340667304,232397200,13.896722044944763,19.552807235717772
2023-08-25,18.45585060119629,18.708138995782594,17.635912856097043,18.15989687195514,278289400,13.9447057056427,19.580296548207603
2023-08-28,18.868242263793945,19.004089136621264,18.475256138607826,18.89735310116044,182641000,13.993794622421264,19.604502709706626
2023-08-29,20.07146453857422,20.14424071418804,18.77120994641745,18.82457889509758,187495600,14.052056784629821,19.642233403523765
2023-08-30,20.406232833862305,20.51296888101451,19.930766876111473,20.100575485745686,185958200,14.102784471511841,19.68489869435628
2023-08-31,20.59059715270996,20.852589180832236,20.386826809131623,20.396530423222277,162242800,14.151516027450562,19.730959129333495
2023-09-01,20.517822265625,21.03695357532936,20.255830244622306,20.96417739701469,165058400,14.201318769454955,19.790960788726807
2023-09-05,20.571189880371094,20.774960205178957,20.212163595189416,20.362566823577346,123778600,14.24925968170166,19.842179107666016
2023-09-06,20.027803421020508,20.49356771163933,19.688186132035995,20.44504963408767,148058200,14.296708002090455,19.88079423904419
2023-09-07,19.59114646911621,19.697882508984463,19.10597693095625,19.28063826081782,168623000,14.34237961769104,19.897058296203614
2023-09-08,19.64936637878418,20.008392652885647,19.489259542140644,19.557184832421942,149541600,14.388390183448792,19.907360553741455
2023-09-11,20.31890106201172,20.420786222271698,19.814324291045732,20.129685235593207,141712800,14.439327006340028,19.922050793965656
2023-09-12,19.668773651123047,20.284939190749586,19.600850211455935,20.05690891406006,155524200,14.484884505271912,19.91454003651937
2023-09-13,19.862836837768555,20.129681518857847,19.49895974621908,19.688177388475467,170849400,14.529833750724793,19.916712125142414
2023-09-14,20.328603744506836,20.493561456280716,19.79491615899141,20.134535195087615,152379800,14.578235964775086,19.92825921376546
2023-09-15,19.285490036010742,20.178202101645763,19.130235924663346,20.11027865927815,179839600,14.623766541481018,19.935536734263103
2023-09-18,19.32915687561035,19.513521841232013,19.08172119475047,19.130237414283737,124798200,14.67073525428772,19.93311087290446
2023-09-19,19.21271324157715,19.32430386560844,18.72754369658,19.120531694306667,148741400,14.710448713302613,19.938366858164468
2023-09-20,18.379663467407227,19.42645299058779,18.355319913743653,19.363158265227224,196038400,14.745685987472534,19.942191410064698
2023-09-21,17.33287811279297,17.907395032436607,17.318272348540948,17.79541317281719,216821200,14.776359028816223,19.9136100769043
2023-09-22,17.34748649597168,17.90739581865128,17.293929548303495,17.59092581643097,188181200,14.809927401542664,19.883331553141275
2023-09-25,17.576316833496094,17.59579242337576,17.045619081689324,17.191684148492335,162538400,14.848012318611145,19.85905014673869
2023-09-26,16.792442321777344,17.27445105523623,16.636639474143365,17.19168259168454,210679400,14.882775807380677,19.80739164352417
2023-09-27,16.894681930541992,17.17220248768406,16.373722157851173,16.94823885512973,256871600,14.916304507255553,19.755172952016196
2023-09-28,17.303667068481445,17.610399270124116,16.61716827000873,16.74375589742235,268145800,14.952858753204346,19.71001329421997
2023-09-29,17.342613220214844,18.014506131092578,17.152730885189328,17.810018034078716,286858200,14.987789983749389,19.67334639231364
2023-10-02,17.756458282470703,17.96581617182468,17.274447783022392,17.3669540231091,236463200,15.023164048194886,19.646892229715984
2023-10-03,16.81678581237793,17.717510400330518,16.573346533764333,17.386432832832483,266539000,15.055107374191284,19.60453421274821
2023-10-04,17.4984130859375,17.62013271416902,16.865471390592422,16.93363408523501,252759200,15.095625066757203,19.568927574157716
2023-10-05,17.31340217590332,17.52762807260926,16.797310236250542,17.474071134109202,218006200,15.136604933738708,19.51810817718506
2023-10-06,18.184913635253906,18.35045242142194,16.753491324714545,16.870342997366116,294897400,15.183831853866577,19.464913845062256
2023-10-09,18.452695846557617,18.545202092699338,17.5957886486258,17.824622137384992,210966000,15.232589025497436,19.416506004333495
2023-10-10,18.754562377929688,19.168408411538344,18.42835277652173,18.506253271929044,216109600,15.28096604347229,19.363264179229738
2023-10-11,19.1538028717041,19.18788422276008,18.69613768802789,18.959050702274805,191710800,15.334565668106078,19.307943280537923
2023-10-12,18.929838180541992,19.49948518160209,18.559809449562678,19.21709659381768,236509200,15.386925258636474,19.248889636993407
2023-10-13,18.21412467956543,19.124586957965022,17.999898807381435,19.03208071124118,259511000,15.437509427070617,19.204187456766764
2023-10-16,18.827590942382812,18.98826174092256,18.389401401199525,18.413744955049577,173152200,15.492795770168305,19.172782484690348
2023-10-17,18.647449493408203,18.90062658128956,17.941475171451742,18.26768479023337,210387000,15.544440634250641,19.13700049718221
2023-10-18,17.85870933532715,18.5890273227894,17.688302547837164,18.243343921141324,263165200,15.592141797542572,19.08111874262492
2023-10-19,17.38156509399414,18.262814105543946,17.25497562735864,18.08753938275486,370050400,15.63839486837387,19.020923360188803
2023-10-20,16.597692489624023,17.381567377248324,16.56361113427467,17.293929075694393,277722800,15.68010349035263,18.950655364990233
2023-10-23,16.743755340576172,17.240371752765217,16.09620774579362,16.39320214202049,263599000,15.724489817619324,18.864061800638833
2023-10-24,17.21602439880371,17.3280062331506,16.748621475279098,16.99206073010993,245074600,15.768160133361816,18.784611638387045
2023-10-25,15.955011367797852,16.884949385871106,15.862505105769722,16.86060582821048,328363200,15.804635844230653,18.68697477976481
2023-10-26,15.02507209777832,15.891715307886418,14.835188834987896,15.765127704222296,374047400,15.835307836532593,18.597612190246583
2023-10-27,15.239297866821289,15.692095055711553,15.068891121451502,15.375624191764231,294702200,15.864839115142821,18.51424592336019
2023-10-30,15.731046676635742,15.916059189060238,15.375624628064562,15.55577010082788,264305600,15.89610788345337,18.443765449523926
2023-10-31,15.959877967834473,16.013434904471914,15.385362069943232,15.735914284890837,222923600,15.927583169937133,18.368850882848104
2023-11-01,16.78270721435547,16.860607721995898,16.05238925874097,16.066995023518984,332635600,15.962908158302307,18.31638321876526
2023-11-02,17.67369270324707,17.712643882516357,17.235503080234338,17.410777815062758,234134000,16.00449120044708,18.289843448003133
2023-11-03,18.296897888183594,18.49164820538421,17.834362866728757,17.868444218671225,228661200,16.050656819343565,18.272234869003295
2023-11-06,18.506250381469727,18.603626449843443,18.17030489573913,18.408876170390034,183599600,16.09416675567627,18.26458436648051
2023-11-07,19.02721405029297,19.16840741398093,18.48677857896369,18.671791085118734,204502200,16.13705991744995,18.255104621251423
2023-11-08,19.061296463012695,19.197621866165782,18.710743303711247,19.085640019676557,187960200,16.180436029434205,18.256219752629598
2023-11-09,18.60849952697754,19.33394755569539,18.530599030122715,19.1538030049613,258365200,16.221932816505433,18.26030030250549
2023-11-10,19.850040435791016,19.879253819962145,18.783776987019777,18.866545456229648,248927600,16.266656126976013,18.295423396428426
2023-11-13,19.669897079467773,19.830566058997913,19.353425232125264,19.59686454322118,180430400,16.308916001319886,18.328918822606404
2023-11-14,20.90656280517578,21.072101574881906,20.590092884201287,20.67773116565124,233552400,16.360725054740907,18.368793725967407
2023-11-15,20.964988708496094,21.315539962691414,20.74102318877006,21.237639477615335,218432600,16.410470147132873,18.411016988754273
2023-11-16,20.999074935913086,21.03802425885794,20.609572419992055,20.81892851324783,178045000,16.45682747364044,18.439334185918174
2023-11-17,21.01367950439453,21.179218296405338,20.726421067002086,20.8773540959013,157517000,16.497199277877808,18.489080540339152
2023-11-20,21.763471603393555,21.885191241156054,21.003940395129625,21.00881022072492,165655600,16.544661855697633,18.54420755704244
2023-11-21,21.369098663330078,21.50055609102047,21.076972284436458,21.466474742059358,148275200,16.5917152929306,18.58588849703471
2023-11-22,21.617406845092773,22.114021296804978,21.446998250181124,21.700175301280094,171446400,16.636307826042174,18.611654202143352
2023-11-24,21.51029396057129,21.641751388725833,21.34962315150655,21.54437530965274,63975400,16.683778734207152,18.630055220921836
2023-11-27,21.446998596191406,21.782945966191768,21.310673203898023,21.427523009494017,121856400,16.73254397392273,18.644328578313193
2023-11-28,21.617406845092773,21.71478106242041,21.26198389412916,21.325278621227437,158349000,16.783363342285156,18.66265498797099
2023-11-29,21.53951072692871,22.264958822591556,21.48595378215605,22.02638934152453,177523200,16.83107650756836,18.67879366874695
2023-11-30,21.359359741210938,21.64661813677326,20.857875469598145,21.568717649364533,186394600,16.876590652465822,18.700986274083455
2023-12-01,21.53951072692871,21.63688496401226,20.89682924695127,21.174351765981847,172937600,16.921635184288025,18.733459011713663
2023-12-04,20.926042556762695,20.969861706209603,20.317444290719244,20.89196120244782,181143600,16.967194600105287,18.754736948013306
2023-12-05,21.07697296142578,21.276593093450177,20.575486789915303,20.59983220335026,167540400,17.014782876968383,18.767371479670206
2023-12-06,20.702077865600586,21.578458955969207,20.64852092354402,21.55898336662238,163000600,17.064559755325316,18.784593216578166
2023-12-07,21.5687198638916,21.685571535649274,20.98933504538286,21.169479592768887,162755400,17.118621759414673,18.813024600346882
2023-12-08,21.826765060424805,21.909533517768505,21.223034875170192,21.25224825515312,181789000,17.172627649307252,18.837993955612184
2023-12-11,22.381811141967773,22.43536808825911,21.714786083805134,21.748867439209697,151540000,17.232197613716124,18.889599307378134
2023-12-12,22.922245025634766,22.931980963065335,22.187057310899466,22.386677459526013,142899400,17.29333978652954,18.94948410987854
2023-12-13,23.73046112060547,23.891130074798518,22.931978746002105,23.068306001677644,230081400,17.358787498474122,19.024779907862346
2023-12-14,23.691513061523438,24.212473025050897,23.151077507867313,23.978771515390452,202697800,17.425338730812072,19.11331073443095
2023-12-15,23.973901748657227,24.241684592314037,23.710986873520273,23.827836690940458,156731000,17.492051730155946,19.22399446169535
2023-12-18,24.475385665893555,24.636054626422286,24.037194214825504,24.095620979830798,116436000,17.55802650928497,19.342792781194053
2023-12-19,24.840543746948242,24.860019334622876,24.519203979493874,24.548415503711556,120349600,17.62558665752411,19.46386322975159
2023-12-20,23.736833572387695,25.07184683082439,23.697711402766476,24.685523800329598,176165000,17.689743933677672,19.579603083928426
2023-12-21,24.52414894104004,24.58283032865254,23.93243826475979,24.39700375819066,149089400,17.757092485427858,19.706760867436728
2023-12-22,24.6219539642334,24.910473468427156,24.274753064485235,24.744207959816382,132420000,17.827839126586912,19.82873231569926
2023-12-26,25.071847915649414,25.18921069869576,24.753986802790614,24.76376734561911,87371200,17.90299901008606,19.957552893956503
2023-12-27,25.203882217407227,25.26256360839896,24.949593702512672,25.11096799410188,111495600,17.977737169265747,20.081676626205443
2023-12-28,25.14031219482422,25.43372104525396,25.071850254087142,25.389709531144703,85768200,18.048671417236328,20.220402065912882
2023-12-29,24.793109893798828,25.194102837402873,24.45079834389473,25.125640900511627,134245400,18.11707627773285,20.341980346043904
2024-01-02,23.536338806152344,24.172059184547813,23.115784779775197,24.13293701211838,176270600,18.174797620773315,20.445695956548054
2024-01-03,22.78325080871582,23.24781628584898,22.705008339494796,23.06687906009918,167812200,18.22964307785034,20.52233490943909
2024-01-04,22.40182113647461,22.96907955867616,22.36269896541695,22.431160899320066,143735400,18.281956295967102,20.588153664271037
2024-01-05,22.484952926635742,22.944627243362056,22.235555615489538,22.426271535562716,170481600,18.332160787582396,20.650326840082805
2024-01-08,23.839529037475586,23.912882180693142,22.656111260671288,22.685451025599974,135374200,18.391677260398865,20.728422276178996
2024-01-09,23.996015548706055,24.162281067328465,23.28205261921784,23.30650304671713,148431600,18.449848155975342,20.812858565648398
2024-01-10,24.47035789489746,24.65129326896418,23.883538398374096,24.044912687285564,147621000,18.509762024879457,20.917129119237263
2024-01-11,24.58772087097168,24.925143063522956,23.66837224671778,24.67085455082046,190228400,18.571544365882872,21.013131284713744
2024-01-12,24.617061614990234,24.930031506940498,24.372553653723127,24.77843589939372,128214000,18.634489049911497,21.112624820073446
2024-01-16,24.602392196655273,24.89580100951129,24.12315680741832,24.392115196777624,145874000,18.69407164096832,21.225019534428913
2024-01-17,24.176950454711914,24.250303601152865,23.40919548120809,23.996015056391702,166554600,18.749810090065,21.338275957107545
2024-01-18,25.213665008544922,25.291907491993673,24.504591452976157,24.739318903322406,182140800,18.807540092468262,21.481875499089558
2024-01-19,26.670928955078125,26.71004925898352,25.477728906076365,25.585313006349693,186359400,18.873040051460265,21.64732839266459
2024-01-22,26.778514862060547,27.345773337335157,26.65626086423888,27.096376002576065,149656600,18.939755029678345,21.80670323371887
2024-01-23,27.096372604370117,27.130603570231376,26.5437840811919,26.900765486207714,112172000,19.01021150588989,21.992392587661744
2024-01-24,27.541379928588867,28.31402607476671,27.443576359200186,27.849460519256432,179718600,19.081587181091308,22.200997718175252
2024-01-25,27.619619369506836,28.133085720444,27.15016452667558,28.001051196126262,151395200,19.153499155044557,22.40733640988668
2024-01-26,27.11104393005371,27.57560946135998,26.983900602286184,27.228408580294975,128382600,19.224149899482725,22.59700303077698
2024-01-29,27.908140182495117,27.971712778469094,27.062142810871464,27.194177341533813,115977200,19.30050304412842,22.796140734354655
2024-01-30,27.35066032409668,27.834785036161737,27.18928417644321,27.72231159936432,119554400,19.370441484451295,22.972273286183675
2024-01-31,25.741802215576172,26.88609974237631,25.712462449150536,26.499776650555987,203451600,19.432722554206848,23.106741778055827
2024-02-01,26.651369094848633,26.719831028914214,25.873833664986513,26.059660247055795,162261400,19.499478912353517,23.245982964833576
2024-02-02,27.99127197265625,28.206438305057663,26.79318260022962,26.98389850981573,198505000,19.572886409759523,23.40406665802002
2024-02-05,27.84946060180664,28.07929684528619,27.174618023017135,27.966823393062594,139947800,19.64572995185852,23.55110410054525
2024-02-06,27.68808364868164,28.186880161027567,27.208848222807607,28.05973682985604,140124200,19.719314255714416,23.694883886973063
2024-02-07,28.5145206451416,28.685675481036792,27.957040896551973,28.21132941377326,131823400,19.796909832954405,23.859984238942463
2024-02-08,28.631879806518555,28.798145282691824,28.372701983390176,28.51451703830658,98922200,19.87547911643982,24.00634822845459
2024-02-09,29.472990036010742,29.639255525198642,28.710124521128428,28.866609467958483,110222000,19.961905431747436,24.16973311106364
2024-02-12,29.125789642333984,29.898433846475456,28.988863912583444,29.443648879529448,116255000,20.045580096244812,24.306720225016274
2024-02-13,27.74676513671875,28.299351803412918,27.111042925102552,27.50225716777337,188933000,20.11735397338867,24.41974983215332
2024-02-14,28.626995086669922,28.72968799178413,27.80544811486052,28.265122451167834,156151400,20.19217480659485,24.546881834665935
2024-02-15,28.86661148071289,28.954634502623257,28.230891106708555,28.75902923817076,130057200,20.268387188911436,24.67776403427124
2024-02-16,28.07440948486328,28.954637943110825,27.927705052730033,28.930187515329962,151933000,20.34245219707489,24.782946332295737
2024-02-20,27.42401695251465,27.961933782348492,26.67582123737379,27.668524941611473,163321000,20.414571075439454,24.88386163711548
2024-02-21,27.08170509338379,27.101264314553507,26.318839504327944,26.881208619172995,152898600,20.48570384979248,24.974933274586995
2024-02-22,29.42408561706543,29.634362601939703,28.602540626596706,28.744353818938283,179279200,20.56460687160492,25.106829802195232
2024-02-23,29.15513038635254,29.937557024807482,28.95952512582466,29.74684110297748,140390800,20.64160892486572,25.235298665364585
2024-02-26,29.116008758544922,29.52189100816268,29.062216708071404,29.31161401019223,109875400,20.719745378494263,25.36027536392212
2024-02-27,29.296945571899414,29.38496859238166,28.788368534768168,29.3213959963783,109399800,20.796610140800475,25.489565944671632
2024-02-28,28.822599411010742,29.11111889602427,28.631883489051393,28.86661092111273,123503400,20.870522799491884,25.61395327250163
2024-02-29,29.517005920410156,29.756622714638503,28.744359748609057,29.380082037993958,136959800,20.948632950782777,25.74691152572632
2024-03-01,30.871578216552734,31.057402939069537,29.697939161073013,29.707719704170927,140959600,21.03245195388794,25.912670453389484
2024-03-04,30.50481414794922,30.944927364414173,30.470583182183535,30.852015009542708,120418600,21.11417113304138,26.069801139831544
2024-03-05,28.871501922607422,29.878873578285432,28.372705433435293,29.878873578285432,193207000,21.1851846408844,26.205958207448322
2024-03-06,29.404531478881836,30.0402518815036,29.023097744950437,29.702831525956523,181677400,21.254921631813048,26.33655506769816
2024-03-07,30.7150936126709,30.964490935480995,29.7859625275631,30.09893244852004,142370800,21.331743450164794,26.484693876902263
2024-03-08,29.37030029296875,31.360593307574526,29.228485211724653,30.768884422250004,296451200,21.40104329109192,26.60116869608561
2024-03-11,29.02798843383789,29.282276963459672,28.636776028822805,29.052438859379855,146770000,21.47163013458252,26.702931086222332
