Price,Close,High,Low,Open,Volume,MA200,MA60
Ticker,UPRO,UPRO,UPRO,UPRO,UPRO,,
Date,,,,,,,
2016-12-23,13.37308406829834,13.379441300952413,13.295213197021145,13.323819379946595,6234000,11.168394002914429,11.94577161471049
2016-12-27,13.474790573120117,13.555839588895973,13.433470842977973,13.435060378141346,6229200,11.188430256843567,11.975304158528646
2016-12-28,13.153773307800293,13.53041222804311,13.120400342514296,13.52087774463647,11050800,11.20707567691803,12.001340500513713
2016-12-29,13.131524085998535,13.2252866576207,13.044118745859356,13.158540728447322,9184200,11.224760823249817,12.029681158065795
2016-12-30,12.996443748474121,13.21416280358192,12.850238324626524,13.198271996945955,17811000,11.240881900787354,12.053254222869873
2017-01-03,13.277728080749512,13.382614652407018,13.047294620743777,13.250711443034659,14394600,11.257838110923768,12.08119756380717
2017-01-04,13.514520645141602,13.543125914331378,13.341298585401956,13.341298585401956,12562200,11.275795783996582,12.115179872512817
2017-01-05,13.473201751708984,13.514520574694963,13.319049569117698,13.458898662516097,12929400,11.293594470024109,12.145586490631104
2017-01-06,13.625765800476074,13.721117919545504,13.392154109035692,13.506576106311888,11770200,11.313131918907166,12.185607767105102
2017-01-09,13.49703598022461,13.598745295931922,13.4811442690667,13.566960964271223,11510400,11.33214473247528,12.222794930140177
2017-01-10,13.474790573120117,13.662314801870368,13.406455110616061,13.4954490741736,9414000,11.350927305221557,12.26151835123698
2017-01-11,13.584444999694824,13.589212695890167,13.328584396396927,13.458898091471013,19452600,11.368877539634704,12.301883935928345
2017-01-12,13.495450019836426,13.533590682324444,13.212573667053235,13.48909369742765,17718600,11.38578769683838,12.342567364374796
2017-01-13,13.579678535461426,13.648013095540518,13.520878459292925,13.53200247852786,7945800,11.403460206985473,12.381502691904704
2017-01-17,13.454130172729492,13.536768723173367,13.36354667455156,13.446185224995434,11187000,11.41956868648529,12.416782840092976
2017-01-18,13.524053573608398,13.533588055370858,13.381025435032136,13.492269239698691,8062200,11.436494932174682,12.454261302947998
2017-01-19,13.38261890411377,13.574911771032108,13.288857228477449,13.539949266256917,12277200,11.45419776916504,12.489276568094889
2017-01-20,13.520875930786133,13.624172973922184,13.403275800441254,13.519286395759048,14299800,11.471060523986816,12.524212376276653
2017-01-23,13.415990829467773,13.53041281945474,13.260250014877352,13.449363796212495,12111000,11.489168257713319,12.559015766779583
2017-01-24,13.671850204467773,13.759256451617954,13.436649923434691,13.458897959668318,10307400,11.508166484832763,12.599275350570679
2017-01-25,14.00399398803711,14.026242025785944,13.830771017103949,13.870501214818502,14782800,11.5292062997818,12.646659930547079
2017-01-26,13.972207069396973,14.05325608107089,13.924531929049385,13.994456923177868,10736400,11.548674821853638,12.695315821965535
2017-01-27,13.922945976257324,14.02624304285322,13.87685854345471,13.999227306672072,8385000,11.566421203613281,12.743283081054688
2017-01-30,13.671850204467773,13.77196909555428,13.446185315731995,13.764024147766605,13938000,11.582872438430787,12.790773566563924
2017-01-31,13.663902282714844,13.663902282714844,13.431880197724459,13.546302159967722,10948200,11.59952196598053,12.841574843724569
2017-02-01,13.671850204467773,13.837127306470832,13.543125136489358,13.778326326867502,11392200,11.615076599121094,12.894865926106771
2017-02-02,13.690919876098633,13.74654269389063,13.520876899166012,13.592390521642079,8725200,11.630226693153382,12.949295870463054
2017-02-03,13.965853691101074,14.003995266369618,13.813291027407722,13.873680642455975,15666600,11.646624507904052,12.996865812937418
2017-02-06,13.907048225402832,13.962670122000683,13.822821067777323,13.884800194239572,7933200,11.663569355010987,13.040939458211263
2017-02-07,13.897515296936035,14.021472662472164,13.85142878229908,13.980153843741792,10952400,11.680434794425965,13.078470913569133
2017-02-08,13.953136444091797,13.972206317335383,13.776735342527566,13.833946780948251,7776000,11.697887802124024,13.115737549463908
2017-02-09,14.19151782989502,14.25667513406844,13.996046826719855,14.00558131005284,10579200,11.716247067451476,13.158275016148885
2017-02-10,14.358382225036621,14.407646900369484,14.248727038157485,14.27256551762904,7957200,11.735162959098815,13.203222799301148
2017-02-13,14.577692031860352,14.64920565772572,14.461681422735568,14.464859583823007,8113800,11.756571865081787,13.247296492258707
2017-02-14,14.765216827392578,14.769984523583652,14.479162330688649,14.553854115876991,9622200,11.779767384529114,13.29550207455953
2017-02-15,14.986116409301758,15.035381089570489,14.70800684990299,14.714364081514013,10333800,11.802940697669984,13.34450232187907
2017-02-16,14.957509994506836,15.0385580985862,14.793822432540784,15.000417439877369,10888200,11.82730399608612,13.394350147247314
2017-02-17,15.016308784484863,15.019487854641214,14.80653471207119,14.80653471207119,7430400,11.85284996509552,13.440701691309611
2017-02-21,15.275347709655762,15.327791452582753,15.106892463895562,15.110071533899598,10543200,11.87965145111084,13.490178616841634
2017-02-22,15.248334884643555,15.300778640687913,15.165696321423223,15.203836986906794,10210200,11.905833864212036,13.538834508260091
2017-02-23,15.286473274230957,15.372289981023668,15.111660790508767,15.372289981023668,9877800,11.93201653957367,13.585768795013427
2017-02-24,15.33732795715332,15.343686098376837,15.07987870765447,15.084646404226966,7814400,11.956636452674866,13.636490631103516
2017-02-27,15.40566349029541,15.442213704717403,15.26104489297202,15.321434496887148,8812200,11.983026266098022,13.68718597094218
2017-02-28,15.291243553161621,15.373881208691436,15.192713271353199,15.319849734855984,7790400,12.008851919174194,13.737616523106892
2017-03-01,15.907846450805664,16.022269329507367,15.64880862141105,15.651987691457471,11277600,12.039101543426513,13.80068105061849
2017-03-02,15.637686729431152,15.880834711846394,15.60908236822252,15.877655641183074,9867000,12.066540403366089,13.858872191111248
2017-03-03,15.651989936828613,15.682183831841275,15.51372946901434,15.602723437491305,8483400,12.095431389808654,13.913884862263997
2017-03-06,15.51531982421875,15.583653475421343,15.367523955776552,15.451751141641255,8242800,12.123575558662415,13.964341831207275
2017-03-07,15.377058982849121,15.515319454677112,15.319848442975228,15.434269522723014,7540800,12.151552114486694,14.004548517862956
2017-03-08,15.276938438415527,15.483532537573025,15.246742727087458,15.429501074111869,8508600,12.178139381408691,14.041444381078085
2017-03-09,15.330971717834473,15.404075792779464,15.118019452947816,15.297598750990991,8944200,12.20524278640747,14.075347248713175
2017-03-10,15.481945991516113,15.558227315130878,15.281706380345977,15.550279638898932,10404600,12.231141219139099,14.11237554550171
2017-03-13,15.505781173706055,15.520083351338249,15.402483222898153,15.478764534753074,5397000,12.256127338409424,14.145589685440063
2017-03-14,15.346858978271484,15.402481785989695,15.19588681299225,15.389767325855049,10797600,12.28026330947876,14.181293551127116
2017-03-15,15.71079158782959,15.820445888202723,15.40725397852212,15.461287270348462,9540000,12.305576238632202,14.220811684926352
2017-03-16,15.648807525634766,15.777532573151735,15.56299082729012,15.758461791588518,9093600,12.330833144187928,14.260250202814738
2017-03-17,15.545510292053223,15.734624944048342,15.545510292053223,15.70125198413037,6909600,12.355279984474182,14.296748717625936
2017-03-20,15.501015663146973,15.610671775850722,15.408842620258149,15.545513558617875,6405000,12.378988618850707,14.330148379007975
2017-03-21,14.911421775817871,15.66152135716358,14.87487065417192,15.634506536368507,18525000,12.400217413902283,14.35539008776347
2017-03-22,15.00200366973877,15.065572333446223,14.766803433269722,14.903474332485459,10142400,12.421113586425781,14.383200979232788
2017-03-23,14.951153755187988,15.202245759668891,14.871694271609792,14.946386058864984,9375600,12.441557159423828,14.40950214068095
2017-03-24,14.920955657958984,15.148211872549174,14.750912699448417,15.017897285462272,10599000,12.461310181617737,14.43360489209493
2017-03-27,14.866927146911621,14.928905382803524,14.485519610512176,14.537963362736567,9946800,12.480999369621276,14.462157456080119
2017-03-28,15.176817893981934,15.291239865126757,14.779518701053664,14.808123966503622,10295400,12.503809056282044,14.496245686213175
2017-03-29,15.246743202209473,15.284884771667171,15.078287938036548,15.127553525689365,7371600,12.528150629997253,14.533750677108765
2017-03-30,15.365930557250977,15.424730619039662,15.181584515896715,15.22767102623528,7879800,12.553373775482179,14.568554051717122
2017-03-31,15.257866859436035,15.418375343711885,15.257866859436035,15.296008425718208,7813800,12.578334307670593,14.597609821955363
2017-04-03,15.199065208435059,15.327791170223161,14.913010748799095,15.283293284436041,12163800,12.602532706260682,14.626374212900798
2017-04-04,15.224494934082031,15.234030326301314,15.040147048992731,15.121196064166533,6782400,12.627445397377015,14.653019698460897
2017-04-05,15.070342063903809,15.5820632376378,15.033790941213528,15.364342399194136,16408800,12.650603437423706,14.679241466522218
2017-04-06,15.19429874420166,15.31189796367275,15.013129945958307,15.116427897096449,7620000,12.673944854736328,14.707899936040242
2017-04-07,15.14980411529541,15.307134468999708,15.044916606595766,15.152983185991882,8151000,12.69735538482666,14.733989254633586
2017-04-10,15.173638343811035,15.354806231722167,15.065573606932453,15.183173735107664,9967200,12.718811559677125,14.761959060033162
2017-04-11,15.119604110717773,15.145031211476295,14.79064133565871,15.089409314898923,12255600,12.745908279418945,14.787624486287434
2017-04-12,14.92890453338623,15.097358890080974,14.868514926869032,15.060807764739026,8351400,12.774673199653625,14.812204058965047
2017-04-13,14.644437789916992,15.006774520649206,14.636492841963983,14.847855555997327,12218400,12.799529151916504,14.830877129236857
2017-04-17,15.014720916748047,15.014720916748047,14.698470711756434,14.741379067583237,6784200,12.823702216148376,14.858078829447429
2017-04-18,14.871695518493652,14.989295673170714,14.728667344846913,14.855802892969457,8773800,12.845181975364685,14.880592489242554
2017-04-19,14.79541015625,15.08464276737234,14.74614457644205,15.008361459293827,8900400,12.865906910896301,14.90358281135559
2017-04-20,15.140266418457031,15.24833207206688,14.858978721395172,14.92572464634374,11680200,12.889436583518982,14.928056414922079
2017-04-21,15.013131141662598,15.143445742218855,14.917779948617454,15.129142654056814,8880000,12.91145667552948,14.944875367482503
2017-04-24,15.489891052246094,15.545512052177036,15.392949412795447,15.505782766512077,11308800,12.935971803665161,14.97017010052999
2017-04-25,15.761642456054688,15.845869628008888,15.621792468695254,15.639273717115183,11515200,12.959502034187317,15.000815041859944
2017-04-26,15.739394187927246,15.958704582804996,15.726681543444878,15.758464973340997,10188600,12.982325196266174,15.035274108250936
2017-04-27,15.777536392211914,15.841103254556321,15.650400848832827,15.815676145880504,7878000,13.004115614891052,15.070501343409221
2017-04-28,15.68059253692627,15.836334237646522,15.63927371848192,15.829977916045086,7252800,13.025413379669189,15.10398038228353
2017-05-01,15.779122352600098,15.879243059553525,15.691717926604658,15.775945101050667,7725000,13.046321935653687,15.138783756891886
2017-05-02,15.80614185333252,15.841102534819349,15.710789745457937,15.822031749506396,8122200,13.06754035949707,15.16945522626241
2017-05-03,15.755290031433105,15.788663005307216,15.588425162062562,15.707614874096,10046400,13.088035802841187,15.200259256362916
2017-05-04,15.785481452941895,15.825210739901081,15.602723095549276,15.809319025117405,10213200,13.10888876914978,15.231725358963013
2017-05-05,15.98412799835205,15.98412799835205,15.77912162590746,15.871296471707186,10150800,13.129988174438477,15.265575218200684
2017-05-08,15.974593162536621,16.01909105193807,15.872886558989096,15.982540838045852,7222800,13.151723141670226,15.295293140411378
2017-05-09,15.931684494018555,16.0699449461115,15.844280070731415,16.02544887627769,8028000,13.172457065582275,15.32151484489441
2017-05-10,16.004791259765625,16.004791259765625,15.861763997004486,15.904672357701859,5956200,13.194001407623292,15.345299832026164
2017-05-11,15.91738224029541,15.941219810169793,15.656754869360167,15.898311456919904,10720800,13.215084857940674,15.364502588907877
2017-05-12,15.837924003601074,15.868117895665561,15.766409473799861,15.847459395487238,6540000,13.235914039611817,15.3786993821462
2017-05-15,16.073123931884766,16.108086428492108,15.915794515841723,15.915794515841723,9602400,13.257728543281555,15.397292947769165
2017-05-16,16.038162231445312,16.155762370222472,15.949168269136958,16.152585118630444,8385000,13.27915373802185,15.414323838551839
2017-05-17,15.19429874420166,15.744160550922501,15.16728210516231,15.639273064777937,20311200,13.296502623558045,15.412973022460937
2017-05-18,15.351628303527832,15.543920199909792,15.106891757326816,15.15456780236285,12619200,13.315766258239746,15.414694579442342
2017-05-19,15.650397300720215,15.80613898806014,15.459693119541129,15.473995296588111,11126400,13.336007356643677,15.42075997988383
2017-05-22,15.901491165161133,15.931685057809007,15.756874386358515,15.76482024330217,6535200,13.357297368049622,15.430162700017293
2017-05-23,16.001611709594727,16.038161923687284,15.895134681468003,15.979361855427024,6498600,13.377665910720825,15.440095170338948
2017-05-24,16.09219741821289,16.130338991351074,15.97300773019153,16.054055845074707,7976400,13.398606548309326,15.453444401423136
2017-05-25,16.319446563720703,16.40208600577513,16.174829813487605,16.208202769796035,9667200,13.420619878768921,15.460304403305054
2017-05-26,16.32740020751953,16.36236271531835,16.274956445821303,16.284491840556488,4870800,13.443101973533631,15.47179962793986
2017-05-30,16.28766632080078,16.336930997471175,16.21297271954365,16.25111428773368,5204400,13.464535336494446,15.482394234339397
2017-05-31,16.26064682006836,16.35758843992745,16.10172789083535,16.348053049556903,9534600,13.486008386611939,15.49481635093689
2017-06-01,16.64046859741211,16.646823100541102,16.30355807934026,16.357591361527557,7765200,13.50882441997528,15.515873177846272
2017-06-02,16.800979614257812,16.85183201514029,16.59279412986824,16.66112960108737,7753200,13.533436074256898,15.54127386411031
2017-06-05,16.778730392456055,16.83912000782395,16.73105524180844,16.77555132160338,5758800,13.557618713378906,15.565403175354003
2017-06-06,16.62775993347168,16.769197691390712,16.597566030284398,16.638884864552068,6904200,13.580625443458556,15.584500074386597
2017-06-07,16.70244789123535,16.753302109176456,16.53558305695682,16.697681103980376,7147200,13.604283666610717,15.604444519678752
2017-06-08,16.72310447692871,16.839115067348814,16.60073574666869,16.718335872048772,9801600,13.628061065673828,15.627381944656372
2017-06-09,16.653181076049805,16.978966663692823,16.351233059009676,16.79461878324567,16343400,13.651147227287293,15.643088436126709
2017-06-12,16.630929946899414,16.649998908620514,16.440225780170653,16.583252995872364,11938800,13.674972200393677,15.659457143147787
2017-06-13,16.870899200439453,16.889969983380492,16.683375897152455,16.764423996616923,7860600,13.700243291854859,15.681546958287557
2017-06-14,16.812097549438477,16.942412128990053,16.60709301757473,16.942412128990053,13293000,13.72549843788147,15.703398323059082
2017-06-15,16.70561981201172,16.738992764584104,16.4163863439247,16.49107810355387,9075000,13.749379076957702,15.733301623662312
2017-06-16,16.70561981201172,16.748528153703287,16.51014888179224,16.748528153703287,7507800,13.77357749938965,15.76169522603353
2017-06-19,17.12835121154785,17.147421996601548,16.891561389649997,16.9138094264192,8482200,13.800390086174012,15.797981850306194
2017-06-20,16.800979614257812,17.050482106023665,16.78508607928725,17.044125783249648,8854200,13.825518136024476,15.829315582911173
2017-06-21,16.766014099121094,16.89791824476447,16.66430748590375,16.861366208706993,9190800,13.849716634750367,15.860967032114665
2017-06-22,16.74694061279297,16.886788759581062,16.707211335641194,16.770778179084036,6914400,13.873247761726379,15.887135744094849
2017-06-23,16.818456649780273,16.882025324529906,16.669073083088275,16.772371042875122,5706000,13.89715235710144,15.913330968221029
2017-06-26,16.832763671875,17.060018133025338,16.785086702573604,16.96148876095315,7596600,13.921581325531006,15.937778186798095
2017-06-27,16.44182014465332,16.848653879910135,16.42751614579865,16.773962089832253,11029800,13.948313837051392,15.957510741551717
2017-06-28,16.855010986328125,16.907454740957313,16.60709803139252,16.66430857340148,7755000,13.974800457954407,15.985109837849935
2017-06-29,16.42910385131836,16.905862536396825,16.128747189175762,16.89632714445245,19205400,14.001660075187683,16.00518665313721
2017-06-30,16.506977081298828,16.689733633605616,16.460889650043292,16.605508266458497,10257600,14.028988490104675,16.02913057009379
2017-07-03,16.58802604675293,16.826405409716788,16.58802604675293,16.729463765551273,7524000,14.055045847892762,16.052359358469644
2017-07-05,16.69609260559082,16.745357291276463,16.478373539849546,16.669075959627285,7205400,14.08228705406189,16.078130833307902
2017-07-06,16.251110076904297,16.543522628293857,16.195489092844223,16.516505994274553,10683000,14.107319231033324,16.096088695526124
2017-07-07,16.549888610839844,16.584851120137184,16.332167695551018,16.37348834740472,7477200,14.133773803710938,16.119926770528156
2017-07-10,16.595970153808594,16.689730898910604,16.48154727143103,16.52127837352783,4737000,14.158589086532594,16.147711197535198
2017-07-11,16.55783462524414,16.637295039726055,16.28608222651862,16.55783462524414,7011000,14.182164831161499,16.17960114479065
2017-07-12,16.931291580200195,16.967843617056193,16.785085251466462,16.78667478675416,7850400,14.20852958202362,16.211543989181518
2017-07-13,17.01074981689453,17.039355992370812,16.87884750380453,16.93605803606706,6774600,14.236729855537414,16.247194894154866
2017-07-14,17.236413955688477,17.330174687564963,16.988499261081984,17.020282683324165,7104000,14.26498574256897,16.287878290812174
2017-07-17,17.238004684448242,17.32223367801392,17.19986493483008,17.23005882749904,6305400,14.292415256500243,16.32284059524536
2017-07-18,17.265024185180664,17.27932818501048,17.058428232902465,17.142655421728726,7012200,14.321569046974183,16.36037214597066
2017-07-19,17.544721603393555,17.544721603393555,17.336537943834266,17.346073337059238,6262200,14.350778465270997,16.39461932182312
2017-07-20,17.557437896728516,17.630540160816775,17.43665866154749,17.603523513645957,9073200,14.380607690811157,16.42454924583435
2017-07-21,17.52247428894043,17.52247428894043,17.368322093033424,17.42712217144151,7255800,14.411064639091492,16.454267247517905
2017-07-24,17.504989624023438,17.53200626422773,17.390566741596448,17.49704376733865,6265200,14.440679287910461,16.483058134714764
2017-07-25,17.60987663269043,17.706818274031303,17.57173688144642,17.69251609465107,7301400,14.470723032951355,16.515212869644166
2017-07-26,17.624181747436523,17.703642144040575,17.55584627921651,17.695694467558926,5146800,14.501466031074523,16.545963859558107
2017-07-27,17.58285903930664,17.743367513666094,17.25707348575208,17.743367513666094,10401000,14.531136302947997,16.575575812657675
2017-07-28,17.50022315979004,17.536775196225886,17.344483258500812,17.45095847857926,6430200,14.562514972686767,16.60465803146362
2017-07-31,17.476381301879883,17.622587593085502,17.425527097868347,17.605106346788425,5336400,14.593567848205566,16.63283969561259
2017-08-01,17.579679489135742,17.627356442740375,17.48432740061629,17.622587838035003,4848000,14.625709319114685,16.659432220458985
2017-08-02,17.600339889526367,17.64642731321163,17.3857999405264,17.62258974317719,7217400,14.657898468971252,16.68652799924215
2017-08-03,17.5177059173584,17.589218634997952,17.443012310546354,17.589218634997952,5593200,14.690214776992798,16.712961689631143
2017-08-04,17.592397689819336,17.679803941102296,17.509758225565353,17.622591584613335,5124000,14.72195897102356,16.739421796798705
2017-08-07,17.686153411865234,17.694101085802263,17.587624079322342,17.609872110276957,3559800,14.75370313167572,16.768901316324868
2017-08-08,17.576499938964844,17.91499993489215,17.47320381613917,17.622587356408115,7808400,14.78520890235901,16.797877581914268
2017-08-09,17.54948616027832,17.565377872423255,17.301571449699594,17.393744471354147,7543200,14.8165478181839,16.822483619054157
2017-08-10,16.820045471191406,17.374674996488647,16.800976506396754,17.347658356333707,11977200,14.843524408340453,16.83551500638326
2017-08-11,16.88361358642578,17.021874034094783,16.805742738673242,16.856596947161844,8313600,14.871303539276123,16.86367025375366
2017-08-14,17.37944793701172,17.43030215986308,17.177618762384377,17.18397690425865,7107600,14.901919403076171,16.89746724764506
2017-08-15,17.376266479492188,17.474797659415255,17.301574690942427,17.474797659415255,5676000,14.932996139526367,16.926231733957927
2017-08-16,17.454137802124023,17.59239827352443,17.358785690168904,17.481152627334904,7513800,14.96500256061554,16.952109177907307
2017-08-17,16.646825790405273,17.379447013808072,16.643648538327383,17.30475340027689,13317600,14.993012137413025,16.962862745920816
2017-08-18,16.55306053161621,16.856596234698916,16.45452937015285,16.6007356680505,11378400,15.021665334701538,16.970543797810873
2017-08-21,16.603919982910156,16.65318466985895,16.37666369885916,16.548297154143107,5262000,15.051605806350707,16.97528502146403
2017-08-22,17.093385696411133,17.14900850655699,16.726283151683777,16.726283151683777,7986600,15.084700808525085,16.98805144627889
2017-08-23,16.923343658447266,17.025052080172212,16.84229555556209,16.88202483945776,5419200,15.117191910743713,16.998646068573
2017-08-24,16.807331085205078,17.052066718914375,16.754887345405265,17.020283295528973,8395200,15.145670280456542,17.007757472991944
2017-08-25,16.918577194213867,17.137885755400625,16.886791947801672,16.98532311990635,5857200,15.173950018882751,17.012392616271974
2017-08-28,16.92176055908203,17.04889430223614,16.824818897498382,17.03141486750488,4020600,15.200330681800843,17.01440563201904
2017-08-29,16.969436645507812,17.034593056193792,16.580082260934944,16.60710072900704,6915600,15.226592173576355,17.017584069569907
2017-08-30,17.22211265563965,17.277735471957072,16.921755994809722,16.972608387140728,7984800,15.25450638771057,17.027489948272706
2017-08-31,17.512937545776367,17.57809394201267,17.34130411124244,17.36673121937005,6667200,15.28376349925995,17.04099810918172
2017-09-01,17.608291625976562,17.6972856050349,17.55902693947191,17.61941473667733,5657400,15.312138605117799,17.055751228332518
2017-09-05,17.209400177001953,17.519294084141325,16.971020808030207,17.4668503319771,14215200,15.338821196556092,17.065021546681724
2017-09-06,17.38421058654785,17.462081437756897,17.242771062561413,17.379443799967312,6815400,15.365511741638183,17.077576224009196
2017-09-07,17.371496200561523,17.462081514198605,17.268200062217375,17.462081514198605,5836200,15.39253602027893,17.085919507344563
2017-09-08,17.29839324951172,17.41758291528115,17.24753904061516,17.299982784544106,6164400,15.417851905822754,17.094024435679117
2017-09-11,17.84348487854004,17.875270118680696,17.6098723660203,17.6098723660203,8384400,15.445535669326782,17.11298885345459
2017-09-12,18.038959503173828,18.04372628988612,17.902288580680356,17.942019684273163,6678000,15.474085559844971,17.135211181640624
2017-09-13,18.072336196899414,18.072336196899414,17.942023388041992,17.957913286593147,6226200,15.502095160484314,17.15094426472982
2017-09-14,18.046905517578125,18.0882243379754,17.937251235338017,17.98174912603128,6827400,15.530859599113464,17.171709696451824
2017-09-15,18.12636947631836,18.129546728549926,17.976984060721012,18.00082163656482,6473400,15.559671730995179,17.19438228607178
2017-09-18,18.22330665588379,18.307533827715943,18.127954557248703,18.196288197066668,7482000,15.589461212158204,17.218988386789956
2017-09-19,18.26621437072754,18.296408261249866,18.1931103095641,18.27892701346643,5507400,15.62017241001129,17.24311768213908
2017-09-20,18.294822692871094,18.318660267192374,18.046907918811016,18.29164362215212,7971000,15.650915431976319,17.267485332489013
2017-09-21,18.139081954956055,18.269396581197604,18.097763126803965,18.243969470127823,4191600,15.67985469341278,17.295773029327393
2017-09-22,18.14861297607422,18.189933612960633,18.05802948305478,18.059619018118106,3974400,15.70815824985504,17.317333062489826
2017-09-25,18.035781860351562,18.172450961190236,17.846667194674843,18.081867466100988,9400800,15.733513870239257,17.344111029307047
2017-09-26,18.06756591796875,18.19311191487035,18.005586777750448,18.13272230980715,5087400,15.758535766601563,17.370120843251545
2017-09-27,18.263036727905273,18.363155617385363,18.018301058501695,18.242376408477593,7734000,15.783366951942444,17.398037687937418
2017-09-28,18.332958221435547,18.348849932409436,18.175627009152517,18.201054110448688,4609200,15.8087305021286,17.42531878153483
2017-09-29,18.509357452392578,18.542730407474927,18.282101268454163,18.317063758290843,6039600,15.83371262550354,17.46295623779297
2017-10-02,18.74456214904785,18.7540975411613,18.5586265495608,18.57928686892162,5391600,15.861412301063538,17.499534130096436
2017-10-03,18.879648208618164,18.884416815200037,18.741389535482885,18.792241941522473,4357800,15.88911202430725,17.53759543100993
2017-10-04,18.940032958984375,19.00677888444824,18.811307894722603,18.844680857454538,4900200,15.917399706840515,17.577298736572267
2017-10-05,19.26581573486328,19.280117911462806,18.997240718416855,19.01631149967609,5519400,15.946950788497924,17.616207472483318
2017-10-06,19.216554641723633,19.222910963763024,19.09418589434214,19.159342287298703,6040200,15.97554838180542,17.65297088623047
2017-10-09,19.121200561523438,19.28011950823579,19.04650878387693,19.26264007910529,4729800,16.004169788360596,17.684383996327718
2017-10-10,19.249927520751953,19.354813199354023,19.119612916724382,19.25310659110267,4340400,16.03375267505646,17.71791604359945
2017-10-11,19.340513229370117,19.350048622821348,19.192717358911526,19.232448468073382,6730200,16.063589820861818,17.75250752766927
2017-10-12,19.257871627807617,19.351634189041405,19.194302957401167,19.26899473564402,6676200,16.092505226135255,17.781060028076173
2017-10-13,19.30872917175293,19.399312678570922,19.284891598241906,19.36435017661198,4099800,16.123280005455015,17.810248215993244
2017-10-16,19.39295196533203,19.44857477628795,19.292833088039224,19.378649788201592,6711000,16.154587144851686,17.841422843933106
2017-10-17,19.43427085876465,19.448574854642583,19.327795659950443,19.377060331322536,3841200,16.186776280403137,17.873577531178793
2017-10-18,19.489892959594727,19.54710348495168,19.445395076010513,19.53756809427722,4038600,16.217837104797365,17.9049111366272
2017-10-19,19.507373809814453,19.510552879834357,19.176823275342105,19.27694215668978,5784000,16.247801370620728,17.936297671000162
2017-10-20,19.787078857421875,19.80932689720761,19.647228839653216,19.7219206361022,7128600,16.27937075614929,17.97303466796875
2017-10-23,19.57094383239746,19.882427243044198,19.551873048339484,19.880837707924357,7100400,16.309096646308898,18.007546679178873
2017-10-24,19.663116455078125,19.728272838090444,19.578887471478236,19.680595883346182,5640000,16.339927048683165,18.043992265065512
2017-10-25,19.389774322509766,19.609084693893447,19.079882276840006,19.582068053899878,10747800,16.369501967430114,18.07416051228841
2017-10-26,19.42951011657715,19.601143570983744,19.415207934940078,19.531218560863955,6346200,16.398727293014527,18.104646682739258
2017-10-27,19.923744201660156,19.96188394752346,19.566175218078417,19.648812849690493,8765400,16.430868763923645,18.144747320810954
2017-10-30,19.702848434448242,19.891963107014828,19.618621257998946,19.648815151232043,8778600,16.46148461341858,18.179921499888103
2017-10-31,19.77435874938965,19.850640059487173,19.70602511411572,19.796608601515942,5758800,16.49308575630188,18.214724922180174
2017-11-01,19.87606430053711,20.07789338212397,19.767999581466963,19.985718554343073,7119000,16.524845809936522,18.253050994873046
2017-11-02,19.888784408569336,19.915801050682578,19.56140927021617,19.845876051963632,6831600,16.557376637458802,18.29203929901123
2017-11-03,20.068363189697266,20.085844438939247,19.810913056509975,19.925335944156583,6522000,16.590114073753355,18.346177927652995
2017-11-06,20.1494140625,20.198678746696675,20.019101261552713,20.034992977829685,6049200,16.623781189918517,18.400607935587566
2017-11-07,20.131933212280273,20.284495874009636,19.987316408847832,20.198679149450573,9255000,16.65608160495758,18.446482690175376
2017-11-08,20.23046112060547,20.246352834622193,20.006383951851458,20.0810757352061,6052200,16.687213940620424,18.494052600860595
2017-11-09,19.998435974121094,20.047700646086714,19.578887857547954,19.880835847916096,15087600,16.717345085144043,18.536457570393882
2017-11-10,19.97142791748047,20.00003410318329,19.809329835879172,19.887200714716844,7440000,16.74758749485016,18.591867605845135
2017-11-13,20.023866653442383,20.08425626230036,19.777541430935734,19.793433146105166,5906400,16.77934757709503,18.649714374542235
2017-11-14,19.89832305908203,19.912625240729003,19.60591037220975,19.817273119471484,10261800,16.810519680976867,18.704621092478433
2017-11-15,19.59001350402832,19.7648241647929,19.3993093116579,19.64722403426346,10722600,16.84011049747467,18.74623155593872
2017-11-16,20.05883026123047,20.170074092245667,19.81250502513045,19.81250502513045,8611800,16.87195004940033,18.79848966598511
2017-11-17,19.90944480895996,20.03181356839004,19.876071841604542,19.976192562361113,7261800,16.901668004989624,18.85019156138102
2017-11-20,19.99367332458496,20.042939829915152,19.891966699106707,19.963479425899447,6798600,16.932101130485535,18.901443163553875
2017-11-21,20.381437301635742,20.424345663439432,20.178020421585764,20.19709120876304,9073800,16.964520740509034,18.959104442596434
2017-11-22,20.321044921875,20.411630239291146,20.279726101075582,20.389380384382918,5221200,16.99636028289795,19.01496458053589
2017-11-24,20.45136070251465,20.487912738618462,20.41639820166582,20.445004380184923,2900400,17.027659497261048,19.068785381317138
2017-11-27,20.438642501831055,20.549886306365632,20.373486117812615,20.462480070226345,6436200,17.05806079864502,19.117547130584718
2017-11-28,21.044126510620117,21.053661901858653,20.524459509604387,20.556242934606228,7792800,17.090392971038817,19.174811045328777
2017-11-29,21.00598907470703,21.228474892880016,20.88362032882529,21.088626716276714,10197600,17.12159683227539,19.238087526957194
2017-11-30,21.528831481933594,21.795816986312865,21.226885300510688,21.247543799732384,12887400,17.15431040763855,19.30716454188029
2017-12-01,21.41123390197754,21.62259661788453,20.521285145871733,21.50022786824303,16233600,17.186579027175902,19.374493503570555
2017-12-04,21.328596115112305,21.980165508420985,21.323827509509005,21.870511222517166,12202200,17.21814046382904,19.441663551330567
2017-12-05,21.104516983032227,21.573329795977177,21.063198165081314,21.40010684890413,9052800,17.24728631019592,19.496014086405435
2017-12-06,21.104516983032227,21.2332420420466,20.98373778059726,21.020289812076523,6711000,17.276567220687866,19.54710671106974
2017-12-07,21.303163528442383,21.390567936429274,21.039357132310073,21.07590733908326,6438000,17.306650671958923,19.600953833262125
2017-12-08,21.64484214782715,21.654375719811988,21.462083827494343,21.533596529519503,5656200,17.33818824291229,19.660919443766275
2017-12-11,21.8530216217041,21.85937794138932,21.643248522576243,21.670265154600244,5955000,17.370425033569337,19.72303031285604
2017-12-12,21.959503173828125,22.094584543300503,21.853026158221994,21.918184359262558,8648400,17.403766331672667,19.785300254821777
2017-12-13,21.946794509887695,22.14703413328949,21.927725541836836,22.032611231532705,10050000,17.433961071968078,19.846643257141114
2017-12-14,21.6782169342041,22.05485489482481,21.654377546161935,22.034196395528888,7953600,17.464163722991945,19.90303316116333
2017-12-15,22.205835342407227,22.328204108430512,21.93567069963936,21.95633102277747,10889400,17.496932950019836,19.970812384287516
2017-12-18,22.63014030456543,22.725490563358434,22.5745175015799,22.60630092117757,7071000,17.53250705242157,20.045504506429037
2017-12-19,22.371109008789062,22.70643002979812,22.348860970551755,22.700073707257502,8124000,17.567477302551268,20.117759958902994
2017-12-20,22.33137321472168,22.657158747677766,22.24396698515985,22.641267036610117,6406200,17.602749476432802,20.188823413848876
2017-12-21,22.447389602661133,22.65239416679978,22.394945855608658,22.48235028200604,6422400,17.638331565856934,20.25856262842814
2017-12-22,22.42673110961914,22.46487086232392,22.28211431901183,22.456925004731666,4864200,17.67305549144745,20.326792176564535
2017-12-26,22.33932113647461,22.394943949045828,22.275754286324553,22.301179571432638,3499200,17.707223191261292,20.390624904632567
2017-12-27,22.38699722290039,22.477582534369326,22.304359586726974,22.377461831235767,5484000,17.742423882484434,20.451332155863444
2017-12-28,22.490291595458984,22.512541445362732,22.394941331379062,22.493470665070866,6070200,17.776321382522582,20.511509545644124
2017-12-29,22.2725772857666,22.661929735181598,22.1899396454174,22.661929735181598,6639000,17.809440231323244,20.567051951090495
2018-01-02,22.728673934936523,22.728673934936523,22.37587354576837,22.48076103272158,8092800,17.84535604953766,20.624766254425047
2018-01-03,23.143457412719727,23.1863657687326,22.76681760090562,22.777940709682575,6100800,17.88356825828552,20.69021463394165
2018-01-04,23.43586540222168,23.57412584588552,23.305552633425787,23.337336058137964,7736400,17.926190476417542,20.762125714619955
2018-01-05,23.893552780151367,23.931694343983356,23.512146235280785,23.66629838817033,8523000,17.970648221969604,20.839519468943276
2018-01-08,24.012746810913086,24.066780096615886,23.775956984863495,23.86495277088103,6600000,18.01595618724823,20.917390028635662
2018-01-09,24.18279266357422,24.367138740204375,24.069959304522392,24.141472022100718,7785600,18.062265372276308,20.999472045898436
2018-01-10,24.069957733154297,24.147828586608075,23.75688660289325,23.95076805961465,10788000,18.10828052520752,21.078825855255126
2018-01-11,24.567373275756836,24.576908667241526,24.174841783305304,24.23841045363991,9466800,18.155233302116393,21.165066210428872
2018-01-12,25.052080154418945,25.109290690026814,24.63253198301757,24.669085836060855,11172000,18.204259986877442,21.258696365356446
2018-01-16,24.791458129882812,25.644856836608735,24.597576625975375,25.457331656102234,17074200,18.2513876247406,21.347055784861247
2018-01-17,25.5034122467041,25.6241896336626,24.862966004699643,25.080685026934216,12880200,18.30261535167694,21.44698975880941
2018-01-18,25.38739585876465,25.590812670712975,25.22212060840151,25.466854414250868,8629800,18.35355700492859,21.540328375498454
2018-01-19,25.698881149291992,25.7084147217157,25.369916521287312,25.54154992395238,13549800,18.40592893600464,21.64246066411336
2018-01-22,26.329792022705078,26.334560627949696,25.62895618432805,25.63213525449113,9346200,18.462226185798645,21.753571923573812
2018-01-23,26.514141082763672,26.593599653485946,26.248745091695024,26.355220303938914,12256800,18.518825397491455,21.872311369578043
2018-01-24,26.464876174926758,26.89713700914686,26.093004949294272,26.706434609277217,15816000,18.575400757789613,21.989567470550536
2018-01-25,26.49983787536621,26.768411107626896,26.25033360812478,26.741394467153743,11023200,18.632031755447386,22.09916903177897
2018-01-26,27.404083251953125,27.40567278672545,26.671464129222155,26.768405744747714,13759800,18.693454151153563,22.227522945404054
2018-01-29,26.84309959411621,27.357999778930928,26.809726636065975,27.22450612804018,12488400,18.753025126457214,22.345335292816163
2018-01-30,26.0087833404541,26.456937804480024,25.870522843310336,26.239216896130177,16065000,18.8098468542099,22.447547276814777
2018-01-31,26.329792022705078,26.450571227241756,25.725897818711704,26.291652274198245,13095000,18.866422209739685,22.554897403717042
2018-02-01,25.961101531982422,26.374291563247898,25.724309894634406,25.802180750296355,11637000,18.92186923980713,22.653109709421795
2018-02-02,24.282907485961914,25.582868834434528,24.259069917434534,25.51771245005505,21081000,18.969306726455688,22.72200126647949
2018-02-05,21.29680633544922,24.35918710656263,21.039358067047964,23.694903391687124,38890200,19.00008942604065,22.741415818532307
2018-02-06,22.526844024658203,22.604714863336454,19.945990516573485,20.193905208738418,27682800,19.037657990455628,22.77968886693319
2018-02-07,22.10094451904297,23.278539112999667,22.091409126614113,22.298005052295668,20813400,19.070713257789613,22.81473067601522
2018-02-08,19.639284133911133,22.226495064955312,19.61385702179633,22.18517623510507,28018200,19.090101466178893,22.80919494628906
2018-02-09,20.54988670349121,20.956720365107188,18.533197824287083,20.34805940767827,40033200,19.114153928756714,22.81796194712321
2018-02-12,21.35561180114746,21.775158140942402,20.572138301584147,21.039361601826293,23716800,19.14204430580139,22.8422500928243
2018-02-13,21.543136596679688,21.690932456184896,20.89792532874042,21.037773512050002,13057800,19.171357026100157,22.87480214436849
2018-02-14,22.42831802368164,22.510955660459334,21.144246490035847,21.16967541378746,19729200,19.204603004455567,22.914293607076008
2018-02-15,23.24834632873535,23.253114934895475,22.19629942034124,22.884420928865374,16084200,19.241814026832582,22.969941965738933
2018-02-16,23.265827178955078,23.844294378784785,23.060820766177923,23.076714301080244,15333600,19.27936671257019,23.024477863311766
2018-02-20,22.855812072753906,23.421566570636855,22.607897323466222,22.99566207136907,13645800,19.31471836566925,23.065717442830405
2018-02-21,22.490291595458984,23.667885907481065,22.475989419584938,22.962283404889323,14297400,19.347249183654785,23.101871554056803
2018-02-22,22.58246612548828,23.230858149446828,22.383817909955468,22.755689057177058,13803600,19.380288548469544,23.13738997777303
2018-02-23,23.658355712890625,23.658355712890625,22.789065489488713,22.92255916215831,11486400,19.418921904563902,23.191051864624022
2018-02-26,24.47996711730957,24.494271113929063,23.798202082756095,23.966658241291455,11439600,19.461297783851624,23.248315874735514
2018-02-27,23.534399032592773,24.737418879771248,23.534399032592773,24.53400203038107,19125000,19.49938286781311,23.290456040700278
2018-02-28,22.766815185546875,23.998441097933053,22.742977616666483,23.866538792247596,15546600,19.53402732372284,23.311089102427164
2018-03-01,21.840316772460938,23.207024201498466,21.39216242904787,22.78588831843596,21187200,19.56286328792572,23.318240483601887
2018-03-02,22.17722511291504,22.31230650029789,21.11405344426041,21.317470292901888,18103800,19.59355860233307,23.332384300231933
2018-03-05,22.925731658935547,23.09100872566621,21.79740381867708,21.82124138498801,15391800,19.63221576690674,23.362737878163657
2018-03-06,23.106904983520508,23.219738335356638,22.668286038590942,23.197488480802985,12534000,19.670992150306702,23.396111011505127
2018-03-07,23.081480026245117,23.16729674479275,22.420373386371136,22.463281745644952,13000800,19.708147563934325,23.425749619801838
2018-03-08,23.389780044555664,23.42474253958039,22.970231922948905,23.27535716823021,12607200,19.745589008331297,23.454831918080647
2018-03-09,24.607107162475586,24.607107162475586,23.712389802243315,23.806152373985917,12633000,19.788616485595703,23.50073334376017
2018-03-12,24.519702911376953,24.886807370913374,24.4052800099708,24.713584392810684,12240600,19.830754013061522,23.543403339385986
2018-03-13,24.047706604003906,25.01234886845309,23.864950084231335,24.872498882938086,15913200,19.869395313262938,23.57841854095459
2018-03-14,23.663124084472656,24.378262127191782,23.502613771824596,24.32263930945669,12181800,19.906073932647704,23.6115003267924
2018-03-15,23.578893661499023,23.993675010598633,23.43427870900718,23.812506208188115,10426200,19.942530069351196,23.634384632110596
2018-03-16,23.659942626953125,23.96188880011183,23.642461379564786,23.686959265525093,7447800,19.97952654838562,23.651548004150392
2018-03-19,22.69530487060547,23.440636877606533,22.210600272022987,23.440636877606533,15190800,20.009800729751586,23.656951268513996
2018-03-20,22.797008514404297,22.97817730707631,22.606304330676927,22.78906265830648,5824800,20.03978087425232,23.66471185684204
2018-03-21,22.67965316772461,23.377757652694097,22.596960678353987,22.77506645862477,11050800,20.069285488128664,23.668582916259766
2018-03-22,21.17371940612793,22.245524271627758,20.88907009051977,21.995859889773516,17327400,20.092015285491943,23.647699387868247
2018-03-23,19.60576820373535,21.15940961460659,19.567603973444037,21.081488778767422,19251600,20.106531887054444,23.602140172322592
2018-03-26,21.22937774658203,21.2913966630422,19.930170710741418,20.550356235628517,16855200,20.12906325340271,23.582846514383952
2018-03-27,20.11463737487793,21.61102962237144,19.70436145923597,21.456778515179355,23059800,20.14637053489685,23.54325227737427
2018-03-28,19.94607162475586,20.582157152860834,19.655061926942512,20.149618993749453,19908600,20.162946243286132,23.50447718302409
2018-03-29,20.78888511657715,21.18325904415407,20.04148259224303,20.241850666039543,18084000,20.182536172866822,23.472147369384764
2018-04-02,19.36246109008789,20.691881168622967,18.686618985708954,20.566254621834492,21414600,20.19528799057007,23.409130764007568
2018-04-03,20.095548629760742,20.208454366154953,19.197078042878385,19.686863385776146,12876600,20.212237634658813,23.353458817799886
2018-04-04,20.793655395507812,20.92087250062892,19.1239292984184,19.162093520026218,21745800,20.232677812576295,23.30179386138916
2018-04-05,21.216659545898438,21.444059840994885,20.895434677043497,21.17213309221411,16324800,20.253119354248046,23.25519240697225
2018-04-06,19.82044792175293,21.08307958474788,19.391090771621,20.64895076836192,26708400,20.268216695785522,23.182486661275227
2018-04-09,20.057388305664062,20.96381002288631,19.973105260829843,20.202096067913057,14273400,20.28467356681824,23.11561050415039
2018-04-10,21.014698028564453,21.24368884828413,20.537633365850812,20.83818461292044,17785200,20.306012353897096,23.056399250030516
2018-04-11,20.703014373779297,21.149865719553706,20.625093553422605,20.628274663588744,11068800,20.32543514251709,22.98391482035319
2018-04-12,21.19438934326172,21.453595213866155,21.0051533341561,21.062402395304396,12244200,20.347243270874024,22.923963673909505
2018-04-13,21.009929656982422,21.583998211742827,20.744363327327925,21.574456699436134,15109800,20.37008381843567,22.849072297414143
2018-04-16,21.515615463256836,21.730294924479725,21.21824532802856,21.45200781243954,11314200,20.393386840820312,22.78454262415568
2018-04-17,22.21372413635254,22.374335655343987,21.865467115993372,22.016537122389813,10479000,20.422309942245484,22.726456673940024
2018-04-18,22.259836196899414,22.488827007437532,22.143749326516467,22.352068379217343,9070800,20.451074237823487,22.65862407684326
2018-04-19,21.8702335357666,22.119896100098927,21.595125728596024,22.05151860695333,12520200,20.477485275268556,22.581225617726645
2018-04-20,21.320018768310547,21.911579741012137,21.075126039871908,21.86228344825131,10186200,20.500604906082152,22.49547799428304
2018-04-23,21.310476303100586,21.618978487640533,21.014696739915752,21.485400972626184,9519000,20.525901737213136,22.40898863474528
2018-04-24,20.456531524658203,21.63487990486275,20.038304702366222,21.591944016038642,19570800,20.545434951782227,22.29319610595703
2018-04-25,20.594879150390625,20.707784906896233,19.94289167367412,20.4183657473064,15555000,20.565429496765137,22.189059098561604
2018-04-26,21.2230167388916,21.426564130834205,20.738001127805134,20.850905070621447,9736200,20.588755407333373,22.109296321868896
2018-04-27,21.25800132751465,21.455188315206016,21.014697338401195,21.382037335009414,9495000,20.610388956069947,22.024766476949058
2018-04-30,20.760265350341797,21.574456812837607,20.74436343636619,21.424975545723584,11178600,20.62913653373718,21.93808587392171
2018-05-01,20.87476348876953,20.909750253399988,20.210054997660645,20.631461250863694,11187600,20.647328281402586,21.881283473968505
2018-05-02,20.43427276611328,21.041733896034046,20.348400973532062,20.82546567904665,9820800,20.663309621810914,21.866907914479572
2018-05-03,20.295915603637695,20.48037991986296,19.480135713964703,20.20368162566835,16408200,20.678464078903197,21.829725774129233
2018-05-04,21.087844848632812,21.273899739188586,19.965151465700824,20.054204343497847,13340400,20.696179695129395,21.812840779622395
2018-05-07,21.294574737548828,21.563322146956036,21.113289664326558,21.302527513435805,12169200,20.714865379333496,21.84042895634969
2018-05-08,21.300939559936523,21.39158119768996,20.873171157828963,21.18644323132293,9267600,20.733757705688475,21.852946503957114
2018-05-09,21.924301147460938,21.99586157559802,21.340692934784755,21.469500613517134,11130600,20.755854263305665,21.862424659729005
2018-05-10,22.525405883789062,22.608096567284313,22.083326108388142,22.097637467493005,12753000,20.78043190956116,21.87879581451416
2018-05-11,22.65262222290039,22.798922379223,22.409320027390457,22.560390029961052,11594400,20.805574111938476,21.882534217834472
2018-05-14,22.749618530273438,23.023135749298692,22.600139120732955,22.83549029996076,10463400,20.83140790939331,21.874222087860108
2018-05-15,22.263019561767578,22.409321547874256,22.01812861413061,22.40295932596873,12030000,20.855221891403197,21.857508627573647
2018-05-16,22.54607391357422,22.67647213893512,22.269377370811906,22.269377370811906,6903000,20.88057035446167,21.852346324920653
2018-05-17,22.49201011657715,22.789380267651378,22.270970242465435,22.45861573414713,10337400,20.905132007598876,21.85237496693929
2018-05-18,22.317079544067383,22.485643786960797,22.21689642318984,22.39500035581332,9154800,20.928715705871582,21.84795185724894
2018-05-21,22.816408157348633,22.97065922541999,22.622400496154498,22.724175991457596,10251000,20.955209217071534,21.83391939798991
2018-05-22,22.622406005859375,23.037453583239515,22.531764372794505,22.983385622544084,8374800,20.980359258651735,21.802960046132405
2018-05-23,22.79732894897461,22.81164030577121,22.212130217338633,22.247115151603364,7630200,21.00591513633728,21.790675544738768
2018-05-24,22.67011260986328,22.755984393298377,22.15011206344286,22.703506990103904,5409200,21.031383199691774,21.78906383514404
2018-05-25,22.479284286499023,22.660569350865938,22.340936930395653,22.503137153423253,4611800,21.056032190322878,21.799713293711346
2018-05-29,21.73983383178711,22.23120979094475,21.39157688968094,22.026071865890057,9920800,21.080631132125855,21.792423439025878
2018-05-30,22.569931030273438,22.68919720219864,22.040388935748375,22.08332483043574,8504800,21.109062719345093,21.786493428548177
2018-05-31,22.102407455444336,22.522223062740053,21.97359977370906,22.426809762951997,8012800,21.132677516937257,21.76975180308024
2018-06-01,22.79892349243164,22.875253775128165,22.484060848826285,22.49360236164554,6262000,21.159790802001954,21.765042527516684
2018-06-04,23.123327255249023,23.185344357732266,22.95635351354059,23.02314228228098,5510400,21.188136749267578,21.760601647694905
2018-06-05,23.19011116027832,23.26166976041026,22.918184476091373,23.147175272256323,4907000,21.220853176116943,21.736985047658283
2018-06-06,23.772127151489258,23.772127151489258,23.151941787087942,23.33799666846561,5965400,21.256948509216308,21.724525451660156
2018-06-07,23.738739013671875,23.958190161928883,23.44773107115458,23.853235344060636,6746400,21.292622604370116,21.719375991821288
2018-06-08,23.924793243408203,23.943874446570312,23.533600370797746,23.571764596979207,9158000,21.3267796421051,21.723737144470213
2018-06-11,24.02497673034668,24.230114681114827,23.948646457027646,23.991582349510683,5244400,21.3622878074646,21.73117186228434
2018-06-12,24.129934310913086,24.211034439444663,23.915254823833216,24.144245670099252,4909400,21.398900823593138,21.739005057017007
2018-06-13,23.85323715209961,24.253971609049188,23.815071099124616,24.17764132295677,6455200,21.43357412338257,21.758303928375245
2018-06-14,24.053604125976562,24.20149485549753,23.872320828979063,24.04883427915352,4717400,21.46923334121704,21.779247188568114
2018-06-15,23.953414916992188,24.03928669698977,23.485891792481542,23.819837401376905,6235000,21.504153232574463,21.800476551055908
2018-06-18,23.78167724609375,23.824613146724833,23.366631419898376,23.495439121791616,6306000,21.536951055526732,21.84394251505534
2018-06-19,23.519289016723633,23.58130793641535,23.00406009426345,23.11855460154021,7459000,21.56698281288147,21.909167861938478
2018-06-20,23.61383819580078,23.823950556107707,23.53743353554092,23.71889346513885,4949400,21.59701054573059,21.948908869425455
2018-06-21,23.18406105041504,23.62338921705671,23.036028044506548,23.60428759641342,5391000,21.626883850097656,22.000065930684407
2018-06-22,23.29388999938965,23.56130719322698,23.241361459383157,23.532654765506003,3672600,21.656432247161867,22.05586290359497
2018-06-25,22.367483139038086,23.007372778698176,21.866077499532402,22.959620554604523,13127000,21.68141218185425,22.082172870635986
2018-06-26,22.486867904663086,22.7160818835459,22.281530040358128,22.505969524977683,5158400,21.707354555130006,22.13424631754557
2018-06-27,21.923385620117188,23.04557954139963,21.889958691168758,22.639680077522407,8522400,21.727754058837892,22.164710267384848
2018-06-28,22.314958572387695,22.501194829792222,21.698944935102794,21.870855887054944,6093200,21.74913405418396,22.190065320332845
2018-06-29,22.386585235595703,22.96917003283308,22.362709123038787,22.591923082520307,6594000,21.77070529937744,22.2095640818278
2018-07-02,22.510744094848633,22.563272640074814,21.870854385206677,21.91860843615356,5303200,21.793024492263793,22.254402351379394
2018-07-03,22.25287437438965,22.792483229219524,22.157369929964265,22.773381611682243,3271600,21.81365701675415,22.290993785858156
2018-07-05,22.811586380004883,22.825911683305442,22.28152829831655,22.587146912932727,4910000,21.836598415374755,22.320941925048828
2018-07-06,23.360746383666992,23.48967958999109,22.70653136339802,22.816362949163555,6840200,21.862071075439452,22.365237458546957
2018-07-09,24.00541877746582,24.01974408586599,23.661596802811438,23.68547292402215,4799600,21.89062405586243,22.412087949117026
2018-07-10,24.258506774902344,24.296710022732885,24.053168871890982,24.115248238800053,5775800,21.92122117996216,22.46623090108236
2018-07-11,23.747549057006836,24.038842432282753,23.637717457114956,23.819179232498993,9497400,21.94921586036682,22.503429794311522
2018-07-12,24.354015350341797,24.37789147165313,23.91468888899316,24.100925185505357,6367400,21.980807027816773,22.539101314544677
2018-07-13,24.40176010131836,24.511593504566576,24.177322443939463,24.301479329619443,6293400,22.01247799873352,22.574800046284995
2018-07-16,24.349233627319336,24.473390514264416,24.22507491874351,24.435187274200853,4605200,22.04290898323059,22.61611671447754
2018-07-17,24.65485382080078,24.759909094359152,24.10569405075088,24.120019355865463,5174000,22.074518461227417,22.67169729868571
2018-07-18,24.793333053588867,24.82676179757377,24.54024297815503,24.654850870248655,3444800,22.105938339233397,22.729744911193848
2018-07-19,24.506820678710938,24.69305694456744,24.358785836338107,24.597550653411776,6402200,22.134749631881714,22.79724973042806
2018-07-20,24.420866012573242,24.621429412846307,24.368337459605748,24.435191319153088,5346000,22.16245572090149,22.861016178131102
2018-07-23,24.564125061035156,24.602328308228067,24.248955558218,24.354012666367414,4124400,22.190576181411743,22.916701316833496
2018-07-24,24.898393630981445,25.161034552756977,24.659628825434435,24.946147685069388,7121000,22.218739070892333,22.977374521891274
2018-07-25,25.576486587524414,25.638564125299045,24.82198892874754,24.850641361157223,5578200,22.250538730621336,23.05764487584432
2018-07-26,25.332942962646484,25.566933250124727,25.28996522909459,25.323392152787097,4256400,22.281597442626953,23.131947867075603
2018-07-27,24.841093063354492,25.47143206708732,24.554574175165246,25.466657572018153,6711000,22.309553270339965,23.205394872029622
2018-07-30,24.425642013549805,24.903171657438318,24.277607168157196,24.850643105149615,7052000,22.334978914260866,23.274223645528156
2018-07-31,24.788555145263672,24.979567665232562,24.549790406117758,24.678723583852197,5996800,22.362632331848143,23.335902150472005
2018-08-01,24.68828010559082,25.00344956133748,24.48294223667382,24.84108942827824,3985800,22.389530086517333,23.39246390660604
2018-08-02,25.05120086669922,25.113280221008704,24.2155241171413,24.28237796564501,5476600,22.41782133102417,23.45496826171875
2018-08-03,25.39024543762207,25.3950217532613,25.046425398455373,25.098953940702824,5510200,22.447601203918456,23.512733999888102
2018-08-06,25.667217254638672,25.748396416223976,25.275643109228614,25.380700209285784,4444200,22.478487825393678,23.565097522735595
2018-08-07,25.89643096923828,26.020589690049313,25.82002630321262,25.84867873608384,4638400,22.510433111190796,23.619161001841228
2018-08-08,25.83912467956543,25.982383182665487,25.729293099801033,25.853449983386227,3700800,22.540693340301512,23.670652770996092
2018-08-09,25.738845825195312,25.996710421314933,25.705418899371825,25.88210433895751,3244000,22.571532850265502,23.72858320871989
2018-08-10,25.218339920043945,25.46665554135531,25.013002037452452,25.280417459148584,6920200,22.599308967590332,23.773120975494386
2018-08-13,24.950923919677734,25.485756611344282,24.845866814988742,25.299520341490908,7207600,22.627114715576173,23.81410287221273
2018-08-14,25.418899536132812,25.480978892105547,25.03687623328289,25.161033123597566,5021600,22.65706166267395,23.865799872080483
2018-08-15,24.860191345214844,25.036876785121486,24.39698705563249,24.998673543179056,9497200,22.681743898391723,23.89986292521159
2018-08-16,25.423673629760742,25.691089007565072,25.251762703097594,25.256537197002398,6035600,22.710348024368287,23.94655071894328
2018-08-17,25.67198944091797,25.824800582547073,25.237437595616974,25.337720191940882,7062600,22.73983617782593,23.994461727142333
2018-08-20,25.86777687072754,25.934632543122184,25.68631693912022,25.82480095663434,3947400,22.76979474067688,24.047756131490072
2018-08-21,26.011035919189453,26.297552928774003,25.963281869838212,26.001485109319205,5954200,22.80040599822998,24.106618658701578
2018-08-22,25.996707916259766,26.139968237848166,25.82002249369957,25.90597795800035,3682200,22.830047721862794,24.177566560109458
2018-08-23,25.848678588867188,26.17817336767047,25.762723112373994,25.90120713801646,5216200,22.85854404449463,24.232212352752686
2018-08-24,26.3166561126709,26.36918465926399,26.02058827561902,26.03491358046047,5008400,22.889467658996583,24.302449830373128
2018-08-27,26.927894592285156,26.980423141189124,26.650928363924564,26.698680596584037,5673800,22.92295482635498,24.371266015370686
2018-08-28,26.96609878540039,27.12368261603112,26.84194006150372,27.099806498860524,5093400,22.957793140411376,24.435312207539877
2018-08-29,27.405420303344727,27.486601273264156,26.975644805709333,27.04249865056613,6576000,22.994963102340698,24.505567359924317
2018-08-30,27.052053451538086,27.3672229249589,26.88014249846657,27.233513393886096,7118000,23.030104036331178,24.560232798258465
2018-08-31,27.042505264282227,27.20963991729991,26.7798643145554,26.92312284880357,6007000,23.06582494735718,24.61529556910197
2018-09-04,26.92311668395996,27.028171946816524,26.598396442481825,26.913565874312877,5017800,23.102490463256835,24.6652676264445
2018-09-05,26.703453063964844,26.8610386987134,26.378734627596263,26.7989593436642,5459600,23.135713577270508,24.70990889867147
2018-09-06,26.445589065551758,26.81328706651891,26.120868800324423,26.71300446870546,6573200,23.168394298553466,24.748503144582113
2018-09-07,26.273679733276367,26.588849207479274,26.039689419541503,26.12087040164047,5905600,23.199794330596923,24.788843854268393
2018-09-10,26.421709060668945,26.665248312919914,26.350078904437783,26.598394471973787,4250000,23.22999568939209,24.8283122698466
2018-09-11,26.69867515563965,26.813283040949628,26.106537754527395,26.216371146196792,4460600,23.261883840560913,24.87406660715739
2018-09-12,26.703453063964844,26.875364003097534,26.44558847689658,26.679576949447696,6127600,23.293144302368162,24.922762870788574
2018-09-13,27.142784118652344,27.209637975087414,26.918344610650912,27.018627216934487,5687200,23.32666501045227,24.98315445582072
2018-09-14,27.171436309814453,27.262166282505707,26.913569875894947,27.228739354586246,5458000,23.357301559448242,25.042447757720947
2018-09-17,26.717784881591797,27.147560483260843,26.636603892021284,27.128460681271687,4906800,23.385860538482667,25.101343154907227
2018-09-18,27.147560119628906,27.32902189832847,26.77508757217865,26.77508757217865,4651000,23.413954181671144,25.165570990244547
2018-09-19,27.238285064697266,27.36244194205693,27.123677174985524,27.161880412099638,3381400,23.44308943748474,25.246751022338866
2018-09-20,27.873401641845703,27.983233228885393,27.586884616666588,27.59643542705667,5375400,23.475813465118406,25.336526584625243
2018-09-21,27.7969970703125,28.15036976936576,27.749244839838386,28.107392033286725,5748600,23.50927586555481,25.434420108795166
2018-09-24,27.539127349853516,27.658509733346822,27.333791326145185,27.615533824054616,4410000,23.541448917388916,25.521489588419595
2018-09-25,27.429298400878906,27.696715621285296,27.367220867095018,27.663288696438343,3462600,23.5720795917511,25.605534807840982
2018-09-26,27.175090789794922,27.858410446071527,27.060408815822928,27.471356505369652,5690000,23.599730834960937,25.68327391942342
2018-09-27,27.394893646240234,27.743720773096097,27.241981351982883,27.318436587693256,4516200,23.62744019508362,25.76897424062093
2018-09-28,27.366228103637695,27.562144800984527,27.194203330779604,27.21331759950539,5175800,23.654473819732665,25.84488493601481
2018-10-01,27.67682456970215,28.02565356631592,27.47613023253057,27.79628600549576,6911000,23.683123970031737,25.91681957244873
2018-10-02,27.64815330505371,27.867961896023704,27.523912398619025,27.65293096014578,4347200,23.712973651885985,25.977531814575194
2018-10-03,27.68638038635254,28.106885130738288,27.56691895624133,27.953974646022882,5443000,23.74037637710571,26.034663041432697
2018-10-04,27.02217674255371,27.523914414458083,26.506104281486518,27.523914414458083,11743200,23.762336559295655,26.089240169525148
2018-10-05,26.592111587524414,27.241980150994205,26.109486452324933,27.07473489988737,11156200,23.783441572189332,26.12654177347819
2018-10-08,26.549108505249023,26.66379045573055,25.908795176077504,26.33885522463833,10072200,23.804530248641967,26.162330913543702
2018-10-09,26.443981170654297,26.84059215467522,26.25762163888715,26.443981170654297,8689000,23.824513206481935,26.197243372599285
2018-10-10,23.897062301635742,26.276735456548753,23.806272276199273,26.26717832394965,20092000,23.831864862442018,26.184613513946534
2018-10-11,22.34884262084961,24.045194416373967,21.8518826773138,23.610354921489282,35366400,23.83191246986389,26.143872006734213
2018-10-12,23.25197410583496,23.524346037317642,22.36318071980227,23.4574479240183,20832600,23.836237354278566,26.12295789718628
2018-10-15,22.860139846801758,23.51478798795902,22.82191131335533,23.13728942294115,12021600,23.838086595535277,26.096945794423423
2018-10-16,24.293676376342773,24.456143993378312,23.271086831463634,23.404883049197576,12700000,23.84819209098816,26.092438316345216
2018-10-17,24.346242904663086,24.532602467584972,23.600802830138544,24.351020560424445,13570800,23.856279935836792,26.08323580423991
2018-10-18,23.299753189086914,24.23633205234718,22.91269937758867,24.073864457756404,16975600,23.85706141471863,26.045290247599283
2018-10-19,23.232858657836914,24.006970045403516,23.04649911659055,23.476560998571994,12675000,23.856046380996705,26.010288842519124
2018-10-22,22.941370010375977,23.519564661364633,22.774124753583752,23.423995161981967,13399600,23.85128546714783,25.97862679163615
2018-10-23,22.549535751342773,22.874470941822025,21.321472566645447,21.88533058407494,20640800,23.843969411849976,25.9473583539327
2018-10-24,20.485244750976562,22.597323703406325,20.365783325379578,22.496976543385664,22293200,23.825481672286987,25.875636514027914
2018-10-25,21.622520446777344,22.00479668679387,20.7146127817558,20.982207061185818,16076000,23.8132444858551,25.824540519714354
2018-10-26,20.447019577026367,21.283249618956834,19.73502862499165,20.590372933932795,26642000,23.79264271736145,25.747804164886475
2018-10-29,20.09341049194336,21.589067981668844,19.190282447834907,21.25457564089326,20379600,23.767849369049074,25.659523582458498
2018-10-30,21.02522087097168,21.08256187204345,19.935732736420256,20.06952901320024,17421600,23.749018182754515,25.582156976064045
2018-10-31,21.679859161376953,22.277166293616627,21.555620079919255,21.67508150636719,15960000,23.72990041732788,25.511880779266356
2018-11-01,22.358402252197266,22.401408441018503,21.598627464913218,21.899670786661904,12446800,23.714755449295044,25.453868738810222
2018-11-02,21.91878318786621,22.764570351143824,21.38359647911834,22.645108918299584,18919400,23.695854959487914,25.39020102818807
2018-11-05,22.32016944885254,22.453967467832697,21.813654236116275,22.06691184248441,7258000,23.675806846618652,25.341898187001547
2018-11-06,22.7215633392334,22.764569526412735,22.277166679325813,22.28194615725504,9688800,23.656843957901,25.304742177327473
2018-11-07,24.16465950012207,24.202888035192057,23.21374747571716,23.337986569020856,12585800,23.64534287452698,25.283838176727294
2018-11-08,24.021310806274414,24.22678466510397,23.705932622021155,23.949633200510714,9710800,23.63295023918152,25.26985683441162
2018-11-09,23.357097625732422,23.70592475752797,22.922258124690124,23.643804307997176,11244000,23.612715311050415,25.23541390101115
2018-11-12,22.000019073486328,23.247196789987633,21.87100050045134,23.175519197355896,12917400,23.588499908447265,25.17421439488729
2018-11-13,21.890113830566406,22.678558201559127,21.694197151646623,22.138593832119735,15298200,23.56790656089783,25.1079200108846
2018-11-14,21.412273406982422,22.496983715975684,21.006103336753682,22.391857044625638,22300400,23.543318967819214,25.031273969014485
2018-11-15,22.0955867767334,22.210268728131766,20.66682727952284,21.08255254330623,14165200,23.52399139404297,24.966255283355714
2018-11-16,22.253276824951172,22.50175683808294,21.636855359076417,21.80410246823427,14252000,23.513843240737916,24.906331920623778
2018-11-19,21.163789749145508,22.162487488832053,20.87708119129795,22.10514468356036,15825200,23.513178157806397,24.820450814565024
2018-11-20,19.959617614746094,20.619045273967046,19.706359945243683,20.236767207682085,13989000,23.500342025756837,24.70431286493937
2018-11-21,20.150754928588867,20.614265901496967,20.131642483445948,20.308444905167182,7776200,23.490591077804567,24.59072380065918
2018-11-23,19.74458122253418,20.08385118126681,19.692017911748703,19.692017911748703,4467800,23.49111756324768,24.463043149312337
2018-11-26,20.6763858795166,20.690720668749204,20.1985401281698,20.31322208770438,8232200,23.491750059127806,24.35678202311198
2018-11-27,20.8770751953125,20.8770751953125,20.251098578327248,20.408786690443282,7101400,23.48935737609863,24.254024855295818
2018-11-28,22.305837631225586,22.315394764055707,20.915306704085282,21.16856434415503,12768800,23.49317088127136,24.17707020441691
2018-11-29,22.162485122680664,22.5543184693521,21.79932135274723,22.1146994567227,11448400,23.49184171676636,24.101387405395506
2018-11-30,22.606882095336914,22.731121182829416,22.038244511208205,22.10992209969332,9637200,23.488634395599366,24.037408955891927
2018-12-03,23.44788932800293,23.74893264191287,23.027384584126462,23.725040720486916,12049600,23.489544706344603,23.99031244913737
2018-12-04,21.221126556396484,23.337983062679236,21.092108004174584,23.23285642986807,23927200,23.48137127876282,23.903636074066164
2018-12-06,21.08732795715332,21.092105611358818,19.324076432991202,20.131636706450436,18678600,23.47435646057129,23.810113620758056
2018-12-07,19.610788345336914,21.397930277164864,19.376643145753437,20.9583130996112,21528000,23.45949807167053,23.691902542114256
2018-12-10,19.701581954956055,19.935727197099222,18.483075539437944,19.534336655451686,16538200,23.43971420288086,23.56788250605265
2018-12-11,19.696805953979492,20.542593302901633,19.338421576783865,20.480472833793307,14049600,23.415798397064208,23.443305333455402
2018-12-12,20.007402420043945,20.781513900800654,19.98828997408367,20.44702148819631,12965000,23.398163414001466,23.331465625762938
2018-12-13,19.98350715637207,20.45179572663585,19.692020985848245,20.23676479568904,10721400,23.38424687385559,23.212064743041992
2018-12-14,18.8653507232666,19.668131760242794,18.717217878797527,19.41965174186093,10844000,23.36937204360962,23.07251583735148
2018-12-17,17.723297119140625,18.884462318144482,17.341020922991284,18.616868069421596,18784200,23.347102403640747,22.90334742863973
2018-12-18,17.68985366821289,18.26804671192756,17.312355007472,18.115136185041653,11393400,23.320923013687135,22.734895038604737
2018-12-19,16.877513885498047,18.545196566632566,16.485680466611356,17.69462978418831,23567200,23.28977605819702,22.55720148086548
2018-12-20,16.050838470458984,16.925295226290537,15.52998654123933,16.571690399678637,25372000,23.25462285041809,22.367560482025148
2018-12-21,15.042583465576172,16.801055909950925,14.908787243559662,16.22764066542232,28749800,23.212886867523192,22.165352026621502
2018-12-24,13.857526779174805,14.956571641921293,13.843191078533986,14.717648766418279,15583000,23.15913896560669,21.939729245503745
2018-12-26,15.897599220275879,15.897599220275879,13.739553261887076,14.147184175301614,24227600,23.116028447151184,21.748585430781045
2018-12-27,16.319612503051758,16.334000711269052,14.530833503656359,15.235795336199326,21935600,23.077387976646424,21.55929856300354
2018-12-28,16.242887496948242,16.94305471230976,15.97433191296087,16.568992274130945,25101800,23.040286793708802,21.369210799535114
2018-12-31,16.679290771484375,16.69367898329262,16.180543944139135,16.568990904408142,11379800,23.00578877925873,21.18575930595398
2019-01-02,16.712858200073242,16.899890295831987,15.849640601037418,15.883210042210115,14165400,22.97105335712433,21.013937330245973
2019-01-03,15.465991020202637,16.367574884929507,15.37966906350551,16.31002569419967,15263200,22.934906787872315,20.828501987457276
2019-01-04,17.038963317871094,17.182834445644094,16.05105946080044,16.132584725767586,16237000,22.906116561889647,20.66999956766764
2019-01-07,17.427410125732422,17.758309658020764,16.890297284665245,17.110896972857475,12835000,22.879855346679687,20.51972338358561
2019-01-08,17.911773681640625,18.05564481916184,17.360274362266825,17.9597313372802,11335200,22.863545618057252,20.41996857325236
2019-01-09,18.161142349243164,18.381743837717348,17.81585648311263,18.09880016041499,9332400,22.85632248878479,20.350173568725587
2019-01-10,18.381746292114258,18.420110580408217,17.652806520557235,17.81106218254023,9180200,22.842084331512453,20.269003105163574
2019-01-11,18.36736488342285,18.376956416396705,17.96452964551028,18.10360412953437,7742400,22.833347969055175,20.19412352244059
2019-01-14,18.055646896362305,18.22828898833375,17.830250462419485,17.926163955335433,6295400,22.823895845413208,20.09015636444092
2019-01-15,18.664688110351562,18.731828816068436,18.13237194978946,18.13237194978946,9561400,22.81327486038208,19.995463784535726
2019-01-16,18.77499008178711,19.000384623097478,18.712646054472785,18.76060187277783,8934400,22.810337505340577,19.920051066080728
2019-01-17,19.206594467163086,19.408012892354026,18.563976739148835,18.573568266957633,10218000,22.80589273452759,19.85294666290283
2019-01-18,19.959516525268555,20.084204585525125,19.451178242460767,19.65259488370975,12672200,22.80172204017639,19.80324910481771
2019-01-22,19.16343879699707,19.647801023371837,18.760603664805057,19.599843371088635,12722000,22.791455936431884,19.746814155578612
2019-01-23,19.25455665588379,19.561478300700514,18.669486127078585,19.40801747829215,11422800,22.78862648010254,19.726302687327067
2019-01-24,19.30730628967285,19.42719766507404,18.966815222588803,19.216189502950943,8375000,22.784876070022584,19.687715784708658
2019-01-25,19.777284622192383,19.978701280532828,19.633413489780704,19.74851002983056,10498000,22.778689002990724,19.676553535461426
2019-01-28,19.340879440307617,19.340879440307617,18.88529180356062,19.230577754333147,9455800,22.771878328323364,19.664011351267497
2019-01-29,19.25455665588379,19.484747889496333,19.043546653024308,19.340878597163154,6312800,22.762179164886476,19.63450028101603
2019-01-30,20.160938262939453,20.35756008576242,19.422406799888282,19.609437091183594,11890000,22.75793420791626,19.60918493270874
2019-01-31,20.664478302001953,20.77957483158095,20.07940778298685,20.117773902645602,11569000,22.753678522109986,19.580952866872153
2019-02-01,20.693254470825195,20.961810011340564,20.501427516687862,20.722027233367605,14343800,22.74607617378235,19.5605273882548
2019-02-04,21.13445472717285,21.14404625819296,20.534997758897248,20.707641658464222,6868200,22.740449266433714,19.540765476226806
2019-02-05,21.407806396484375,21.47015043178005,21.115271110940178,21.249550712299897,12499800,22.738137130737304,19.51886952718099
2019-02-06,21.302303314208984,21.44137777883336,21.105681489166717,21.3118948458449,8043600,22.738048553466797,19.471163590749104
2019-02-07,20.68845558166504,21.009765421125607,20.25684772503977,20.865894306186632,19135400,22.73493844985962,19.41561600367228
2019-02-08,20.76519012451172,20.76519012451172,20.151346741611768,20.34317188406921,7223200,22.736481742858885,19.372417545318605
2019-02-11,20.79875373840332,20.985783977351794,20.654884464550424,20.923441783967018,11960800,22.73750111579895,19.35239645640055
2019-02-12,21.594839096069336,21.685957733894277,21.182412373739467,21.20159543742868,11271200,22.73936022758484,19.347475210825603
2019-02-13,21.786663055419922,22.016854299602397,21.690749579661208,21.81064096701025,7899400,22.742003536224367,19.353715038299562
2019-02-14,21.637996673583984,21.930531945971676,21.268730987897662,21.489332526853904,9442600,22.746392192840577,19.346088536580403
2019-02-15,22.3333683013916,22.342959832256096,22.04083301291555,22.107971899569566,9104600,22.753685216903687,19.347423394521076
2019-02-19,22.443668365478516,22.625903794759296,22.11276877994543,22.11756363072237,5508600,22.763732194900513,19.368754704793293
2019-02-20,22.57794761657715,22.697839007499336,22.2997987115269,22.443668014754035,11183400,22.77514235496521,19.412393538157144
2019-02-21,22.328571319580078,22.486826990246435,22.069605499147187,22.405301729775314,9691800,22.781345987319945,19.448690478007
2019-02-22,22.75058937072754,22.788955493407123,22.41968979490453,22.501215061502517,13609800,22.78862606048584,19.498790613810222
2019-02-25,22.84650230407715,23.26852049651763,22.803341331788946,23.124651198689417,19010600,22.79635387420654,19.53495922088623
2019-02-26,22.77457046508789,23.00476172664828,22.673860301769732,22.71702127764965,7184600,22.80060522079468,19.566584142049155
2019-02-27,22.7362060546875,22.836914396202644,22.318984475983576,22.5731536701116,8802000,22.80165922164917,19.57375694910685
2019-02-28,22.58274269104004,22.779364500924753,22.510807124014974,22.6546782580651,6355000,22.801309823989868,19.580761241912843
2019-03-01,23.03352928161621,23.13423942215737,22.630694207642918,23.023937752545763,8069400,22.802729377746584,19.58787202835083
2019-03-04,22.76018524169922,23.364438983350148,22.13195541289751,23.31168646930468,19698200,22.80521520614624,19.5764102935791
2019-03-05,22.664270401000977,22.84171099760437,22.520401080850444,22.793753337955753,7276600,22.805806188583375,19.600462690989175
2019-03-06,22.247045516967773,22.683450093216344,22.155928721275394,22.683450093216344,9503600,22.804581365585328,19.619791316986085
2019-03-07,21.690752029418945,22.146339718678952,21.4461743765391,22.11756512388231,13913400,22.801449728012084,19.654457378387452
2019-03-08,21.55647087097168,21.580448781516125,21.057722282299064,21.182408514768564,10669400,22.7951500415802,19.685372193654377
2019-03-11,22.496417999267578,22.520395908886364,21.71952238535601,21.71952238535601,7099200,22.794520101547242,19.73203239440918
2019-03-12,22.72661018371582,22.865684626530655,22.577946040166527,22.611515480929096,6860000,22.79416650772095,19.77735252380371
2019-03-13,23.17740249633789,23.426774957262367,22.923231526346076,22.961597646117397,10225400,22.79670295715332,19.83058411280314
2019-03-14,23.129444122314453,23.287701617319332,22.999961216236976,23.172605091006947,6242800,22.799953756332396,19.901652336120605
2019-03-15,23.465145111083984,23.671358466813164,23.215770777890615,23.254136904257717,12635000,22.808580312728882,19.997349802652995
2019-03-18,23.728904724121094,23.786452081599528,23.445960958205646,23.50350831568408,7671800,22.81437518119812,20.098000653584798
2019-03-19,23.7432861328125,24.208465234269163,23.465139105430186,23.997457081448196,13119200,22.82257957458496,20.21243019104004
2019-03-20,23.495365142822266,23.985450885674755,23.192663615749677,23.629898340242374,18361600,22.826061782836913,20.336505635579428
2019-03-21,24.268932342529297,24.393857594217543,23.25031994193827,23.25031994193827,10082200,22.831789808273314,20.49027811686198
2019-03-22,22.88515853881836,24.038304179832437,22.861135014961743,23.89416120381535,23755400,22.830265045166016,20.640738646189373
2019-03-25,22.827499389648438,23.096567616519096,22.481556621245982,22.784256314488463,15269400,22.82554190635681,20.75623698234558
2019-03-26,23.3079776763916,23.586655685013344,22.9428153485148,23.298369733156783,12962400,22.82338809967041,20.87270973523458
2019-03-27,22.981252670288086,23.485753963341164,22.529602392436356,23.322391447860646,13492600,22.81867039680481,20.98501582145691
2019-03-28,23.226295471191406,23.327195362983826,22.80347452045721,23.12058977528855,9162400,22.81467699050903,21.094132566452025
2019-03-29,23.677946090698242,23.72599497183138,23.312783758473422,23.62989904244251,9933000,22.81241704940796,21.21021736462911
2019-04-01,24.504365921020508,24.55721876822816,24.12478804823574,24.192054641817403,8812000,22.815672693252562,21.360856946309408
2019-04-02,24.499561309814453,24.566827901638806,24.288149926506872,24.528388801809367,8099600,22.817902479171753,21.48520024617513
2019-04-03,24.64370346069336,24.965622663266377,24.446707662717174,24.855113004194575,10447200,22.82135392189026,21.605471801757812
2019-04-04,24.802265167236328,24.86953177043587,24.499565452838397,24.70136526243702,6718600,22.82645686149597,21.72031332651774
2019-04-05,25.124181747436523,25.1626190139733,24.907966395426104,24.994452536230273,8217800,22.834481325149536,21.836363983154296
2019-04-08,25.220279693603516,25.234693440605625,24.84070180427805,25.023283875439727,7058600,22.84251353263855,21.950339539845785
2019-04-09,24.816680908203125,25.018480719099994,24.66292814765004,24.922384785534945,6827600,22.85067663192749,22.05782814025879
2019-04-10,25.071327209472656,25.09054675788199,24.81667460811851,24.931988232820494,5437000,22.859563817977904,22.174756145477296
2019-04-11,25.04250144958496,25.196254192979588,24.86952915504669,25.196254192979588,6347200,22.87293890953064,22.281053034464517
2019-04-12,25.5469970703125,25.61906945462958,25.297150292534187,25.498950036019025,5933000,22.888239555358886,22.39391981760661
2019-04-15,25.479738235473633,25.58544394250806,25.249109101570966,25.561420418057715,5584200,22.90602131843567,22.498472213745117
2019-04-16,25.551807403564453,25.753607182826507,25.350005791425204,25.724779690290326,6088000,22.922205562591554,22.591677061716716
2019-04-17,25.330787658691406,25.835288931451693,25.201058445774102,25.830483127522996,9079800,22.93692657470703,22.694466209411623
2019-04-18,25.46532440185547,25.542200779564844,25.10496603767827,25.494153730825516,6603000,22.951699476242066,22.797979005177815
2019-04-22,25.5469970703125,25.57102242033611,25.210664164504436,25.229881878495704,3704200,22.96817008972168,22.90197385152181
2019-04-23,26.200450897216797,26.27252329225213,25.561416448270535,25.633487010428727,6937600,22.985114412307738,23.009026622772218
2019-04-24,26.046701431274414,26.277330558279125,25.98904460774258,26.186040434947273,5798000,22.998544187545775,23.120790322621662
2019-04-25,25.96502113342285,26.16201696100243,25.614272554214203,25.989044657200385,6519000,23.00834219932556,23.232631397247314
2019-04-26,26.33979034423828,26.344596148192526,25.748802926391345,25.974628057434263,7146000,23.018748617172243,23.33561226526896
2019-04-29,26.43108558654785,26.594448128025554,26.325381706446418,26.33979545535172,8413200,23.032166299819945,23.43172238667806
2019-04-30,26.474321365356445,26.560807500693166,25.912163318544795,26.33498422098242,5847400,23.04276782989502,23.528073501586913
2019-05-01,25.8785343170166,26.724174429262252,25.873728512658072,26.6713215785824,11235400,23.05015170097351,23.607141494750977
2019-05-02,25.719974517822266,26.099552397138005,25.258716297145472,25.81126646743432,16984000,23.057005405426025,23.679010963439943
2019-05-03,26.44549560546875,26.527175942587217,26.061113774870076,26.128380366115202,6831400,23.065958614349366,23.764730834960936
2019-05-06,26.133188247680664,26.238893954242016,25.061722932669188,25.133795338575094,12464200,23.072657890319825,23.85547637939453
2019-05-07,24.826284408569336,25.571026385746677,24.235296997303625,25.398054102863608,23133800,23.074255208969117,23.923161284128824
2019-05-08,24.710975646972656,25.18184371383147,24.518783776350585,24.696561898183134,13466600,23.07570575714111,23.98836498260498
2019-05-09,24.46112632751465,24.61968489168542,23.586656820844706,24.071938624177047,19609000,23.07519076347351,24.036136436462403
2019-05-10,24.807069778442383,25.028089130572127,23.33200305224134,24.187252965277448,16458600,23.074734144210815,24.086476548512778
2019-05-13,22.97164535522461,23.615485710736337,22.702577114769245,23.33200372212571,28893400,23.061709938049315,24.10870402654012
2019-05-14,23.548219680786133,23.975846526129814,23.183057304834175,23.211886636966288,12672200,23.052786321640014,24.12895154953003
2019-05-15,23.956621170043945,24.14400720133124,23.043712701917364,23.10617532330552,14508800,23.04836396217346,24.15416742960612
2019-05-16,24.605266571044922,25.004064006558806,24.1440083440638,24.158422090882816,11568800,23.049262084960937,24.18795607884725
2019-05-17,24.144006729125977,24.845503798181213,23.96142467249614,23.96142467249614,11044400,23.04603934288025,24.218213335673013
2019-05-20,23.677946090698242,24.023890703347213,23.4473169598914,23.68755586692487,12875400,23.040987672805787,24.23366928100586
2019-05-21,24.288150787353516,24.398660453964208,24.05271770762381,24.119984301832297,6968800,23.037172422409057,24.25769675572713
2019-05-22,24.081546783447266,24.331395458984318,23.932599838732134,24.009476213291432,7130800,23.030628929138185,24.279479694366454
2019-05-23,23.216684341430664,23.442509466639024,22.765035923891073,23.442509466639024,14133200,23.018376264572144,24.287487665812176
2019-05-24,23.3079776763916,23.668336032651,23.144615148238916,23.56263216117153,6856000,23.00543399810791,24.299574915568034
2019-05-28,22.68335723876953,23.65392264640585,22.664137686251408,23.38485440978435,7015400,22.98965516090393,24.293738714853923
2019-05-29,22.231704711914062,22.46233380158941,21.82329754306801,22.3470183403132,10393600,22.972119455337523,24.28493070602417
2019-05-30,22.390260696411133,22.6112818374148,22.07795128263487,22.385456725746213,11341000,22.95797905921936,24.280363877614338
2019-05-31,21.472549438476562,21.909784106478646,21.453331721954722,21.679155012322536,12430400,22.940587186813353,24.267455609639487
2019-06-03,21.299579620361328,21.756032018340022,20.939221306455728,21.458136325383666,12919800,22.919990587234498,24.260936069488526
2019-06-04,22.68335723876953,22.712186567546716,21.76564468411935,21.885764138041505,8442200,22.909106416702272,24.279717508951823
2019-06-05,23.255125045776367,23.269538792507273,22.620894529334944,23.115786051120097,7973000,22.89826367378235,24.292362626393636
2019-06-06,23.697166442871094,23.894162279971557,23.1590317861611,23.346417846710633,7258000,22.888389558792113,24.308538564046223
2019-06-07,24.413074493408203,24.71577414825254,23.942206530773234,23.995057542262405,10280800,22.881116046905518,24.32913309733073
2019-06-10,24.74941062927246,25.225084456926247,24.734996881817825,24.855116331612713,10977400,22.874807920455932,24.356132539113364
2019-06-11,24.730192184448242,25.369226685504827,24.547610112913233,25.273130761913915,8649800,22.868475341796874,24.377216657002766
2019-06-12,24.595657348632812,24.81667852446574,24.44671040714752,24.658119974381943,6111800,22.862210235595704,24.391662534077962
2019-06-13,24.91757583618164,24.984842426376932,24.6437036715996,24.85030924598635,6536200,22.855214834213257,24.411234029134114
2019-06-14,24.792652130126953,24.965624420107854,24.58604654296946,24.792652130126953,3869000,22.844538621902466,24.432855478922527
2019-06-17,24.835895538330078,25.037697156994632,24.773434747230535,24.859920893390022,5985600,22.833887605667115,24.442304865519205
2019-06-18,25.571029663085938,25.90736266415711,25.24430460529332,25.35000847725395,9418200,22.82471565246582,24.487069384256998
2019-06-19,25.782440185546875,25.926583167418247,25.345205435239826,25.633491398982567,6872800,22.818367586135864,24.536318397521974
2019-06-20,26.498350143432617,26.6184695877222,25.907360864595887,26.546397187997545,7800800,22.815646810531618,24.589491271972655
2019-06-21,26.397449493408203,26.786637168608582,26.315769147742447,26.411865073667183,5862600,22.813018474578858,24.646427885691324
2019-06-24,26.291746139526367,26.53198504260573,26.229283511520066,26.43588911479851,3789600,22.810959939956664,24.697518730163573
2019-06-25,25.526058197021484,26.291262490529515,25.453868385310788,26.281637059910548,8245800,22.806362285614014,24.728320598602295
2019-06-26,25.41537094116211,25.90625693472563,25.38649464653013,25.76187729742909,5961400,22.80207074165344,24.743504015604653
2019-06-27,25.69931411743164,25.819629254992908,25.530871823327885,25.631936098272156,4716600,22.798458766937255,24.76349989573161
2019-06-28,26.060256958007812,26.2046347416588,25.810001276276637,25.95437905992763,7384400,22.795266675949097,24.78710912068685
2019-07-01,26.73883628845215,27.104593491416217,26.411578974075383,27.027591878378345,9473800,22.795443592071532,24.819385306040445
2019-07-02,26.9939022064209,26.9939022064209,26.498204466263378,26.743646519739126,4405600,22.794699182510374,24.850547313690186
2019-07-03,27.590669631958008,27.59548142992567,27.119032653137644,27.162346178300194,4015400,22.796795349121094,24.89005381266276
2019-07-05,27.470354080200195,27.552167495478905,26.830276644068974,27.215284730981598,5646800,22.800558195114135,24.934281698862712
2019-07-08,27.061281204223633,27.186409978534694,26.878401676464655,27.099782930431143,5051200,22.80012680053711,24.967447598775227
2019-07-09,27.152719497680664,27.22972294852886,26.681084376415367,26.681084376415367,3593400,22.799698972702025,25.002617899576823
2019-07-10,27.537731170654297,27.81204955633348,27.301912676999564,27.470354982713925,7283600,22.79802062034607,25.035796801249187
2019-07-11,27.706165313720703,27.783166916049503,27.398158904405506,27.71579074349468,6087600,22.79756646156311,25.07290391921997
2019-07-12,28.09599494934082,28.09599494934082,27.75911215488635,27.86017644246363,5425400,22.800350799560547,25.11530704498291
2019-07-15,28.10080337524414,28.20186765069254,27.951613778876496,28.192244055199343,2786400,22.803708324432375,25.161473973592123
2019-07-16,27.821670532226562,28.120051532113543,27.725418063786627,28.071926215825144,4127200,22.80694122314453,25.200746409098308
2019-07-17,27.268217086791992,27.864980853955387,27.253779860734653,27.807228278000174,5498800,22.80630784034729,25.229433409372966
2019-07-18,27.54735565185547,27.643606296526325,26.94577994334578,27.090157746215432,5190200,22.80721347808838,25.251881821950278
2019-07-19,27.075716018676758,27.884233838287496,27.008339839686396,27.86017117948568,5801000,22.804207935333253,25.26903206507365
2019-07-22,27.273035049438477,27.41741468610508,27.02278117383994,27.191221635466523,4121800,22.802332344055177,25.290832297007242
2019-07-23,27.831296920776367,27.836108718225603,27.350036397871957,27.600290254222635,5002200,22.803056926727294,25.315690739949545
2019-07-24,28.216304779052734,28.216304779052734,27.58104104003036,27.60510369883846,4686200,22.80902756690979,25.34544439315796
2019-07-25,27.797607421875,28.095990272477444,27.56179079011542,28.091176639091117,6524400,22.815055046081543,25.367499160766602
2019-07-26,28.365497589111328,28.41843654602393,27.98048949683342,28.023803021956148,3972800,22.824136991500854,25.408948548634847
2019-07-29,28.221118927001953,28.331808635429084,28.02861580464042,28.322183203931505,4349200,22.833022680282593,25.450634288787843
2019-07-30,28.018993377685547,28.110432232922726,27.648422486676647,27.763924005306396,4646800,22.85363233566284,25.476859251658123
2019-07-31,27.05165672302246,28.120055796591224,26.435643768967957,28.067116839127777,10282800,22.877146406173708,25.492167059580485
2019-08-01,26.368261337280273,27.985296794603347,26.108380245382712,27.0997774649199,14660200,22.89272784233093,25.517866675059
2019-08-02,25.795560836791992,26.14206896776105,25.285425906046466,26.08431822455388,13555400,22.907404947280884,25.535943094889323
2019-08-05,23.499954223632812,24.568351427430226,22.864688590096392,24.54428876640054,17920200,22.903436336517334,25.519923559824626
2019-08-06,24.39990997314453,24.45284892677727,23.52401592902999,23.93308665750669,11131600,22.903704671859742,25.513137563069662
2019-08-07,24.45284652709961,24.65016325754498,22.936875226360055,23.52882541769617,16106600,22.909470138549803,25.53782424926758
2019-08-08,25.858125686645508,25.858125686645508,24.69828798908157,24.8522911976978,11909800,22.922596473693847,25.576322682698567
2019-08-09,25.32874298095703,25.76187636965802,24.804168913812873,25.58862227983231,11780800,22.934533338546753,25.59919137954712
2019-08-12,24.395099639892578,25.049614362691557,24.125594873467254,24.885985681991812,11819200,22.943761157989503,25.595688597361246
2019-08-13,25.521242141723633,25.93994007252866,24.202589481743413,24.308465536777728,14375200,22.968941144943237,25.61864252090454
2019-08-14,23.283390045166016,24.534666962348528,23.235262880127532,24.375851907380603,19276600,22.977245492935182,25.612066586812336
2019-08-15,23.45663833618164,23.682829530107956,22.89837621156639,23.509575450768192,13019000,22.992293586730955,25.598208045959474
2019-08-16,24.48172378540039,24.592413492143613,23.884961728535778,23.899398957630844,10881800,23.014235153198243,25.60487766265869
2019-08-19,25.362430572509766,25.550121887501845,25.136237533486877,25.338367912922134,6489000,23.035921201705932,25.640640099843342
2019-08-20,24.77048110961914,25.35761773255547,24.73197938438355,25.218053568234716,6729400,23.051374311447145,25.665015157063802
2019-08-21,25.372053146362305,25.482742836691212,25.155485562734864,25.376864943392675,6033800,23.066442565917967,25.709826755523682
2019-08-22,25.338369369506836,25.747440113601897,24.833044309801537,25.55974878782032,7683400,23.08354049682617,25.761604499816894
2019-08-23,23.370012283325195,25.434618587001538,23.023504110014144,24.967797115583316,18481400,23.088789710998537,25.77793369293213
2019-08-26,24.135217666625977,24.140029464415857,23.557704631083684,23.96677537016684,9434600,23.095857982635497,25.82231149673462
2019-08-27,23.87052345275879,24.635727829771863,23.649144031953337,24.539477184804884,7398600,23.094387302398683,25.86516056060791
2019-08-28,24.366222381591797,24.404722271292147,23.466263823105805,23.668394210588446,7993000,23.09611186027527,25.893208312988282
2019-08-29,25.285430908203125,25.424996914771565,24.78973127036753,25.078488715253616,6609600,23.10575352668762,25.927046744028726
2019-08-30,25.261367797851562,25.71375206684488,24.982235789675034,25.704126635266718,8317200,23.122060270309447,25.953116766611735
2019-09-03,24.813793182373047,25.01110992301531,24.42397149853009,24.75604059789492,8066800,23.13667866706848,25.959795411427816
2019-09-04,25.627124786376953,25.636750217867924,25.19398954859989,25.41537080116558,6651200,23.157752923965454,25.974423980712892
2019-09-05,26.62333106994629,26.883212184036456,26.315324639556376,26.353824525423544,7329600,23.18039164543152,26.005976295471193
2019-09-06,26.690710067749023,26.85915236432517,26.50783237779321,26.71958636209836,4738800,23.20257881164551,26.040893840789796
2019-09-09,26.709962844848633,26.98909486930656,26.426019022252643,26.969844005027365,4705800,23.230309677124023,26.070766957600913
2019-09-10,26.709962844848633,26.709962844848633,26.103575306961723,26.474144347087165,6048400,23.264061403274535,26.102722136179604
2019-09-11,27.277851104736328,27.277851104736328,26.604085526689193,26.777339637379228,4669400,23.299696884155274,26.14342139561971
2019-09-12,27.508853912353516,27.836111244497882,27.28266085858402,27.513665710239447,6665400,23.33851824760437,26.175718466440838
2019-09-13,27.446287155151367,27.76391902823857,27.35003651883535,27.65804296111831,4129200,23.372367753982545,26.203449249267578
2019-09-16,27.210472106933594,27.335599042932387,27.003529922276762,27.104594197798477,3754600,23.40403473854065,26.215317948659262
2019-09-17,27.422222137451172,27.43184756742752,27.094964861707556,27.123841151636597,3787600,23.429616661071776,26.232397492726644
2019-09-18,27.46553611755371,27.48478697783103,26.666643774675958,27.28747024964625,7292200,23.456131916046143,26.251960659027098
2019-09-19,27.422222137451172,27.860169104128214,27.330783306470448,27.55216268833729,4596600,23.480208616256714,26.283563391367593
2019-09-20,27.013158798217773,27.696547989398244,26.825467452354506,27.624359998761975,5062400,23.49803496360779,26.31019318898519
2019-09-23,27.037221908569336,27.229726891841075,26.758089866411666,26.835091492547647,2634800,23.527115440368654,26.332491652170816
2019-09-24,26.373075485229492,27.451099831501626,26.09394534509013,27.345221932209206,7376600,23.553544178009034,26.33770529429118
2019-09-25,26.835084915161133,26.969839104767996,25.95919094410062,26.387514335103294,4352600,23.589665660858156,26.339309438069662
2019-09-26,26.671457290649414,26.888024893068152,26.24794935243411,26.83989957513652,7114200,23.62451503753662,26.333935356140138
2019-09-27,26.219074249267578,26.907276974908424,25.771501795924557,26.88802611251741,8081800,23.65712637901306,26.311075433095297
2019-09-30,26.599271774291992,26.79177489968903,26.36345328854116,26.36345328854116,3839600,23.6900857257843,26.29655739466349
2019-10-01,25.64637565612793,27.03721837933209,25.564560406364738,26.839901623373425,9808000,23.71840006828308,26.272975635528564
2019-10-02,24.27959442138672,25.174739312564643,23.89939815713575,25.165113881535895,14500000,23.745471286773682,26.22509021759033
2019-10-03,24.857105255126953,24.857105255126953,23.447011860515595,24.19777705637482,12254200,23.781140327453613,26.18041311899821
2019-10-04,25.85331916809082,25.925507154195472,25.020738577812466,25.049613037908955,9259000,23.821957654953003,26.14953234990438
2019-10-07,25.526058197021484,26.089132119257478,25.43461752407285,25.631934262103815,8789000,23.86520037651062,26.106700070699056
2019-10-08,24.337339401245117,25.18917056875376,24.31808854375205,24.972603011613796,11864000,23.90663288116455,26.043975671132404
2019-10-09,24.99666976928711,25.270988108078683,24.712726000168782,24.89079370741905,5390800,23.956403312683104,25.996892325083415
2019-10-10,25.501998901367188,25.75706642088469,24.929297637126645,24.972611162692203,8631400,24.014625673294066,25.967455355326333
2019-10-11,26.27201271057129,26.931339130269777,26.262387279556165,26.300889003616668,11528200,24.066497740745543,25.946199639638266
2019-10-14,26.214262008666992,26.39713969070175,26.108384103168685,26.195011146601253,4138400,24.11597098827362,25.93184207280477
2019-10-15,26.998720169067383,27.19603695072017,26.478959651779086,26.512647748461493,5646600,24.169750151634215,25.92727015813192
2019-10-16,26.86396598815918,27.051657324529607,26.71958817832527,26.849528757934827,4383000,24.22067352771759,25.91114797592163
2019-10-17,27.075716018676758,27.335597139808037,26.86877568429058,27.191219351133945,5153600,24.272487816810607,25.8921381632487
2019-10-18,26.709962844848633,27.09978458511673,26.450081684669904,26.91209141218978,4742000,24.32870767593384,25.87401075363159
2019-10-21,27.282655715942383,27.306720208426107,26.974649305126118,27.09496442409266,2781800,24.379926137924194,25.855963389078777
2019-10-22,26.989093780517578,27.489603380540917,26.955403851456367,27.431852625896568,4222400,24.42773455619812,25.835429636637368
2019-10-23,27.22010040283203,27.22972583520847,26.84471588360506,26.907280276120137,3251200,24.474276189804076,25.822114753723145
2019-10-24,27.335599899291992,27.523291227101762,27.085344183591175,27.48479133630499,5544400,24.520148477554322,25.826847139994303
2019-10-25,27.69173240661621,27.82648477274584,27.162344701646546,27.162344701646546,5141800,24.566698408126832,25.8489049911499
2019-10-28,28.153745651245117,28.278872601915143,28.028618700575095,28.03343049888937,4830000,24.615630311965944,25.88820807139079
2019-10-29,28.10080337524414,28.375121743383122,27.99973909979574,28.038238989358472,4290200,24.66585609436035,25.96488889058431
2019-10-30,28.375125885009766,28.456941145550193,27.75911287518642,28.17780910305925,5669200,24.71440828323364,26.031142489115396
2019-10-31,28.1152400970459,28.331807709001456,27.67248127781523,28.331807709001456,6653000,24.761109533309938,26.092182381947836
2019-11-01,28.894882202148438,28.89969399959207,28.505060518138944,28.548374038584445,5090400,24.809550971984862,26.14279499053955
2019-11-04,29.241392135620117,29.419459872666568,29.121076990197963,29.380958144917035,5891600,24.85596035003662,26.208005809783934
2019-11-05,29.135515213012695,29.380957294792225,29.039262732287312,29.30395567738459,4294800,24.9058207321167,26.287012736002605
2019-11-06,29.169206619262695,29.231771014220488,28.851574681892977,29.140330321005965,5306800,24.955393981933593,26.347812143961587
2019-11-07,29.46758270263672,29.809277246110664,29.29914224764626,29.56383517800124,6090400,25.006195363998412,26.4508820215861
2019-11-08,29.650463104248047,29.660088535657152,29.116263594154358,29.32320577979179,4420600,25.05556125640869,26.554112434387207
2019-11-11,29.510896682739258,29.539772976555728,29.17401393166696,29.226952885732175,2980600,25.10641134262085,26.63793198267619
2019-11-12,29.655271530151367,29.95365436231685,29.42426671018859,29.597520784126452,7868800,25.158414916992186,26.709479331970215
2019-11-13,29.693775177001953,29.814090309942916,29.27989082594693,29.3520806400568,5929400,25.2060791015625,26.791534233093262
2019-11-14,29.814088821411133,29.833339682327722,29.395392693722588,29.587895795299058,4929800,25.251827154159546,26.865568161010742
2019-11-15,30.46379280090332,30.46379280090332,30.02103397098612,30.22316252311441,6263600,25.30067984580994,26.95099188486735
2019-11-18,30.51673126220703,30.58892107872151,30.227975667875725,30.37716526273947,3525600,25.347591228485108,27.070103867848715
2019-11-19,30.473417282104492,30.709235754764258,30.2761005339048,30.709235754764258,4613400,25.39291928291321,27.17574052810669
2019-11-20,30.146160125732422,30.444541148409602,29.636025125004224,30.29535155500265,6156000,25.437138566970827,27.28033447265625
2019-11-21,29.99696922302246,30.179846899594786,29.727462669741865,30.14615880991761,3825000,25.483681135177612,27.37418025334676
2019-11-22,30.170225143432617,30.247226762910746,29.85740686749297,30.218352303021085,3182400,25.530706310272215,27.455593490600585
2019-11-25,30.863237380981445,30.872864648033335,30.473417515090805,30.473417515090805,3856600,25.58102872848511,27.548957983652752
2019-11-26,31.055742263793945,31.132745713131158,30.781423901051603,30.90173903684608,3432600,25.62833324432373,27.6529904683431
2019-11-27,31.459999084472656,31.47443631148141,31.151992669199014,31.243429664163127,3643200,25.676699924468995,27.750205039978027
2019-11-29,31.13274383544922,31.368560459300355,31.050926757531354,31.291557014607385,2236200,25.72417366027832,27.825361919403075
2019-12-02,30.33384895324707,31.219370189134136,30.18947116934533,31.20974292289581,7987600,25.764176063537597,27.886080900828045
2019-12-03,29.713027954101562,29.732276981356797,29.005574339331915,29.45314680959067,7728200,25.80052286148071,27.93613198598226
2019-12-04,30.242412567138672,30.44454111379438,29.9344061136462,30.04028218461969,5083400,25.83884518623352,27.995006148020426
2019-12-05,30.420480728149414,30.47341968552564,29.987347308992238,30.468607887520264,4199800,25.879304733276367,28.047383308410645
2019-12-06,31.224185943603516,31.368565590155377,31.017243741800208,31.026871009824696,5764200,25.921672716140748,28.109305508931477
2019-12-09,30.945051193237305,31.325243751891083,30.916173066860505,31.103864365541902,2694400,25.962165460586547,28.167618242899575
2019-12-10,30.824739456176758,31.137555873859757,30.62260907210171,30.91136650137131,4041200,26.002416305541992,28.22785603205363
2019-12-11,31.084613800048828,31.176054469611383,30.848797184137524,30.978739574750232,4917800,26.044158344268798,28.288895893096925
2019-12-12,31.88351058959961,32.13857808684016,31.002802925306494,31.07980637368746,10368400,26.090662183761598,28.362528800964355
2019-12-13,31.93645668029785,32.34552749400205,31.546636732991505,31.801704287240216,8216600,26.135176820755007,28.437766043345132
2019-12-16,32.60540771484375,32.79309906699176,32.499529788662365,32.50915705743916,4623600,26.184402933120726,28.530970191955568
2019-12-17,32.61022186279297,32.81716408402636,32.59097099666344,32.711286156177565,3737200,26.23413269042969,28.62385352452596
2019-12-18,32.60540771484375,32.817163567206514,32.60059408045535,32.73534646951267,2885800,26.285924501419068,28.727725728352866
2019-12-19,32.99521255493164,33.01927704413665,32.64389451158197,32.64870447204254,4674200,26.34244680404663,28.83039452234904
2019-12-20,33.495731353759766,33.64973457281303,33.3272909066275,33.35135540124341,5420800,26.40214310646057,28.94413242340088
2019-12-23,33.59199142456055,33.702679306643425,33.52461523414653,33.697865672549,3243400,26.457620973587037,29.06701437632243
2019-12-24,33.582828521728516,33.659939878032866,33.46715964874841,33.650302337387515,1739200,26.5119020652771,29.183406988779705
2019-12-26,34.07442092895508,34.08406214578159,33.68403621955891,33.68885682797217,2828000,26.566387157440186,29.32387440999349
2019-12-27,34.05996322631836,34.35395783357641,33.88164116021052,34.349137225100094,4203000,26.621039752960204,29.48688055674235
2019-12-30,33.496070861816406,34.12743447406767,33.32256574016701,34.08888064029295,5640600,26.671194381713867,29.63086331685384
2019-12-31,33.741878509521484,33.80935233115818,33.197263650107075,33.30329499183546,4322200,26.72125925064087,29.762339305877685
2020-01-02,34.652767181396484,34.6575877890565,33.92018925301691,34.2527413176791,5484200,26.775806655883787,29.914451122283936
2020-01-03,33.90092849731445,34.257580112575646,33.44789041700551,33.4719861140054,6434800,26.82783447265625,30.07384427388509
2020-01-06,34.25274658203125,34.27202533858804,33.22135700704765,33.25027330335941,4673800,26.87775354385376,30.22811222076416
2020-01-07,33.95392990112305,34.209370656657434,33.79970353239198,34.05996121907191,3871200,26.933097400665282,30.368977737426757
2020-01-08,34.47926330566406,34.90820547654554,33.93465228614115,34.03104238050128,7609000,26.99135622024536,30.50576524734497
2020-01-09,35.182918548583984,35.20701790881927,34.82627081478769,35.043150348720786,4257400,27.050730924606324,30.655242856343587
2020-01-10,34.88410949707031,35.43836178600175,34.715424977059904,35.39498734244768,4863000,27.110245208740235,30.786666011810304
2020-01-13,35.5877685546875,35.59258916312298,34.94194675211369,35.10099373706283,3547000,27.172052574157714,30.932062721252443
2020-01-14,35.419090270996094,35.795016900173515,35.23112695640739,35.43836903108821,5305400,27.230758295059204,31.071118958791097
2020-01-15,35.66488265991211,35.929960961311245,35.35642991485499,35.39498742724882,6929400,27.28656087875366,31.220367622375488
2020-01-16,36.532413482666016,36.532413482666016,36.050455540557216,36.13720811721869,3962200,27.34672513961792,31.374530251820882
2020-01-17,36.874603271484375,36.94207708938264,36.57578802290112,36.787850694608416,6911000,27.407879638671876,31.539288743336996
2020-01-21,36.667362213134766,36.932436882982216,36.4890364454921,36.50831520499785,5034600,27.467205123901365,31.696743106842042
2020-01-22,36.6866340637207,37.18787068533393,36.60951904022019,36.96134990010955,3390600,27.525017385482787,31.852593676249185
2020-01-23,36.76375198364258,36.826408870701655,36.002257537127704,36.4167416699372,5179000,27.582734746932985,32.003794002532956
2020-01-24,35.7757453918457,37.02401489689528,35.31306245749869,37.014377354409994,10740400,27.637530069351197,32.13082733154297
2020-01-27,34.064788818359375,34.575663080181194,33.770794168090895,33.91056241797652,13672800,27.68249737739563,32.230227088928224
2020-01-28,35.12027359008789,35.41908513557208,34.382874912408404,34.55156311949436,6222200,27.732886238098146,32.34264621734619
2020-01-29,35.02870178222656,35.664886089718024,34.956407358797435,35.602232883837914,4409600,27.780294761657714,32.45787057876587
2020-01-30,35.332340240478516,35.42391343826674,34.02623448556503,34.291312859663684,7025000,27.82955777168274,32.56516154607137
2020-01-31,33.43342590332031,35.18293202118457,33.10569433467121,35.12509574070031,13743000,27.86896586418152,32.63502877553304
2020-02-03,34.16599655151367,34.802180856911605,33.891280685024725,33.9346588097583,6987000,27.91314190864563,32.718870131174725
2020-02-04,35.72271728515625,36.02152879984535,35.29859202242861,35.42390209342055,5444000,27.964428873062133,32.828095308939616
2020-02-05,36.93242645263672,37.02399961516537,36.24804723017613,36.77338316646374,6672400,28.021356019973755,32.95250937143962
2020-02-06,37.31318283081055,37.380656648244056,36.92279807608135,37.30836589888478,3941200,28.076919679641723,33.08022136688233
2020-02-07,36.73965072631836,37.18787170077565,36.52276747458604,36.927614004924955,5909000,28.130384426116944,33.20070060094198
2020-02-10,37.544525146484375,37.544525146484375,36.37818778668048,36.38782532780687,4518600,28.18828194618225,33.33218816121419
2020-02-11,37.7373046875,38.32047329979439,37.54934140242358,38.040936837920306,5982600,28.24526951789856,33.46624698638916
2020-02-12,38.44578552246094,38.52290056238992,38.113237024647766,38.25782220894339,4594400,28.305343017578124,33.610108598073325
2020-02-13,38.30119323730469,38.67229918628106,37.79995660183564,37.91080853192026,5260200,28.364477376937867,33.740731938680014
2020-02-14,38.48916244506836,38.52289935471779,38.01684203292901,38.44578431720631,4598800,28.427530517578123,33.873605791727705
2020-02-18,38.18552017211914,38.320467775072565,37.66500483754475,38.10358454714336,4920600,28.48985824584961,34.002140839894615
2020-02-19,38.73013687133789,38.97593642821764,38.42650472016663,38.5421735857966,2816000,28.551281452178955,34.14520711898804
2020-02-20,38.22407913208008,38.81688895550012,37.1107575812962,38.50843619963751,7485400,28.611735906600952,34.28232561747233
2020-02-21,37.04811477661133,37.83370503513223,36.74447886696775,37.73249429093368,10155200,28.672845058441162,34.396957111358645
2020-02-24,33.34185028076172,34.47445069906935,32.95628245974126,33.58764985858844,16498800,28.715999431610108,34.43826732635498
2020-02-25,30.319971084594727,34.00694787624679,30.006697717603906,33.81898459146168,17715800,28.745293655395507,34.42600447336833
2020-02-26,29.987422943115234,31.881517751950827,29.7319839904435,30.74409674487643,16942600,28.771195421218874,34.40146153767903
2020-02-27,25.905241012573242,29.399436311943585,25.89560163250385,28.213820141265007,27476400,28.785863399505615,34.314336490631106
2020-02-28,25.731735229492188,25.731735229492188,22.772513644741434,23.611121305371235,29334200,28.796780977249146,34.237634595235185
2020-03-02,28.85000228881836,28.8885579675935,25.095549533199833,26.025728495010814,19694200,28.821247882843018,34.22325083414714
2020-03-03,26.39683723449707,30.194666408573983,25.6353427883409,28.99459029992397,25196800,28.830205736160277,34.15915791193644
2020-03-04,29.71752166748047,29.780176704263965,27.20652165023237,27.939097820358132,14220800,28.85807331085205,34.14744192759196
2020-03-05,26.734201431274414,28.43551198366454,26.035362209733947,27.471596323201336,20202400,28.873354587554932,34.07260885238647
2020-03-06,25.399181365966797,25.736552259265103,23.480989169643063,24.261760442658858,18677400,28.878909740447998,33.98017768859863
2020-03-09,19.466279983520508,21.97728029114178,19.278316689957194,20.034990472956128,25803600,28.855833406448365,33.79087003072103
2020-03-10,22.541170120239258,22.541170120239258,19.30241259957432,21.688104457616856,24889400,28.852455835342408,33.648479302724205
2020-03-11,19.220483779907227,20.965171064010676,18.40115488786184,20.695273947065225,24775000,28.832018365859984,33.437428855895995
2020-03-12,13.644227027893066,17.562544102378645,13.639407338886755,15.229868859763615,44989800,28.786822714805602,33.13255836168925
2020-03-13,17.432416915893555,17.480613810543165,13.918944190972832,16.237161506436355,35916400,28.7628262758255,32.879675181706745
2020-03-16,11.340470314025879,14.714175791358707,11.205521763998322,12.048948133331528,43515000,28.707577323913576,32.525179322560625
2020-03-17,13.45626163482666,13.663503633167968,10.974179181501697,12.077862050890737,43122400,28.667495884895324,32.20602688789368
2020-03-18,11.393486022949219,12.11160328203282,9.494572298632262,10.728384434293478,63240200,28.617965416908262,31.845998112360636
2020-03-19,11.32119083404541,12.193534365893752,10.072919813468108,10.998279007887156,47756200,28.561154584884644,31.476422437032063
2020-03-20,9.783746719360352,11.991114251986831,9.735551656311424,11.740496798641944,47508400,28.493797693252564,31.07961835861206
2020-03-23,8.978875160217285,9.86567775866612,8.43908283375557,9.706631690425933,63418400,28.420206236839295,30.66955246925354
2020-03-24,11.489874839782715,11.562168331053558,10.362093434320402,10.415109090241108,49427400,28.355590238571168,30.293143367767335
2020-03-25,11.937718391418457,13.30492867705374,10.947337391767611,11.67200668559935,61940600,28.2915317773819,29.92443928718567
2020-03-26,14.019938468933105,14.266326191720072,12.271069129754277,12.324211850786227,45637200,28.23798050880432,29.599837080637613
2020-03-27,12.754183769226074,13.961966340582046,12.377356196700594,12.739690968107386,46225400,28.17877314090729,29.250042168299355
2020-03-30,14.000616073608398,14.106901535148884,12.788002198372569,13.106856740063979,32701200,28.12418834209442,28.90583964983622
2020-03-31,13.348410606384277,14.271157202687593,13.126179088302266,13.831523563743264,48913200,28.066967134475707,28.563297684987386
2020-04-01,11.565726280212402,12.38701788429848,11.222715547259316,11.85076304369983,45514400,28.00061628818512,28.18518067995707
2020-04-02,12.3580322265625,12.483641734655487,11.338663359535024,11.435286341595798,47101200,27.934551301002504,27.82524905204773
2020-04-03,11.826605796813965,12.580262726119441,11.396635529755066,12.217927982921967,41665200,27.86477212905884,27.44770476023356
2020-04-06,14.218017578125,14.517547160882295,13.044052688706968,13.213142444890622,41583000,27.8033704662323,27.098289744059244
2020-04-07,14.218017578125,15.850940245546518,14.198692613319993,15.72532981724405,59664000,27.742473306655885,26.75385487874349
2020-04-08,15.662520408630371,15.879921597140916,14.30497424590929,14.686632983948614,40655200,27.689327178001403,26.421767409642538
2020-04-09,16.372699737548828,16.889630514714227,15.90407952457594,16.276076766233917,53853200,27.643560385704042,26.104327567418416
2020-04-13,15.89441967010498,16.251922285795814,15.169749192427238,16.19394923731919,43303400,27.595955629348754,25.77481985092163
2020-04-14,17.338926315307617,17.488692017746928,16.65290669875906,16.855813286325272,38211200,27.554153690338136,25.454928398132324
2020-04-15,16.22293472290039,16.55144985319536,15.802625104170955,16.189115118867768,33866800,27.504967079162597,25.11073392232259
2020-04-16,16.45965576171875,16.614251736706734,15.870257455246188,16.45965576171875,42307200,27.453571176528932,24.773938814798992
2020-04-17,17.80271339416504,17.904168525255244,17.034563646938327,17.561156893061415,37022800,27.407615232467652,24.45920680363973
2020-04-20,16.846149444580078,17.715752457958004,16.797838882754004,17.034563215803487,35936400,27.353892631530762,24.12724676132202
2020-04-21,15.290525436401367,16.20360958347496,15.12626695159299,15.966883415425047,43077600,27.29299348831177,23.785826428731283
2020-04-22,16.324386596679688,16.633578581739954,15.95721973222342,16.18911372101862,24901400,27.23930901527405,23.490153058369955
2020-04-23,16.305065155029297,17.165005779393983,16.26641522709246,16.57077695934007,36714200,27.18507074356079,23.176566251118977
2020-04-24,16.995914459228516,17.116692701921764,16.21327196259658,16.609424451196062,28577800,27.132361660003664,22.876019795735676
2020-04-27,17.74474334716797,17.94281963781262,17.295448031790805,17.387240697189895,23238600,27.082554550170897,22.58289318084717
2020-04-28,17.48386001586914,18.53704657615035,17.425886967879613,18.47424320871585,36668400,27.02949387550354,22.317067082722982
2020-04-29,18.836576461791992,19.160261283420738,18.343800986372116,18.556370040444882,29156800,26.98317274093628,22.061576747894286
2020-04-30,18.309986114501953,18.662658434918963,17.957311951154836,18.56120328945727,30899600,26.935614318847655,21.771364561716716
2020-05-01,16.84132194519043,17.479031051296598,16.628751014534966,17.329265335873895,33125400,26.88347984313965,21.436512819925944
2020-05-04,17.020071029663086,17.068383436161326,16.208441029791324,16.493477777876404,21443000,26.830843420028685,21.09829428990682
2020-05-05,17.474197387695312,18.02011562690345,17.387238737904326,17.556327561011734,22136000,26.78283582687378,20.777203400929768
2020-05-06,17.12635612487793,17.88967370237787,17.087706200483083,17.812375696518004,26540200,26.732102432250976,20.436900583902993
2020-05-07,17.73508071899414,18.10707801163034,17.628797094619614,17.749575364582142,22188000,26.681621351242065,20.103530184427896
2020-05-08,18.604684829711914,18.68198285265781,18.136066371884397,18.348635474253054,20463600,26.63356325149536,19.77284517288208
2020-05-11,18.6336669921875,18.909041235979064,18.116736264864414,18.198864584658867,21826600,26.587743549346925,19.445053068796792
2020-05-12,17.48869514465332,18.952527294459383,17.483862981458756,18.8607364659957,24825200,26.533359537124635,19.095045280456542
2020-05-13,16.58527183532715,17.590146017623958,16.087664142308274,17.387239421912785,37855000,26.47518030166626,18.73504114151001
2020-05-14,17.189163208007812,17.189163208007812,15.643201079025953,16.08283388092132,41451200,26.42103115081787,18.37602491378784
2020-05-15,17.392066955566406,17.401729436137735,16.50313901523138,16.701215259619254,31935400,26.37273320198059,18.028824710845946
2020-05-18,19.000835418701172,19.300364966528733,18.566032975943532,18.648161302392275,26279400,26.335896072387694,17.728036721547443
2020-05-19,18.4162654876709,19.21823292618161,18.39694236993052,18.870392848768923,24525200,26.29899959564209,17.47927697499593
2020-05-20,19.343843460083008,19.517764421445285,19.082962018039595,19.136104738781366,20024400,26.27821904182434,17.296341514587404
2020-05-21,18.923532485961914,19.483945251085938,18.701300981610395,19.314854620699688,26277200,26.250837154388428,17.111943340301515
2020-05-22,19.024988174438477,19.07329873147287,18.619173229388856,18.880054660405673,14088200,26.223697862625123,16.997272459665933
2020-05-26,19.75448989868164,20.348718656206195,19.672361574853035,20.300408094298756,18760200,26.1931796836853,16.897651704152427
2020-05-27,20.619264602661133,20.62409492215039,19.310028712404243,20.35355280043235,24204600,26.169632291793825,16.76047274271647
2020-05-28,20.51780891418457,21.300451428199654,20.363212907537882,20.865649007674737,21445800,26.150245838165283,16.66248893737793
2020-05-29,20.75936508178711,20.90429860539606,19.759321373076673,20.41152315078183,25808800,26.1264364528656,16.513186327616374
2020-06-01,21.03474235534668,21.165183098237414,20.52747402828051,20.63858980712891,13758600,26.115193214416504,16.41819534301758
2020-06-02,21.566165924072266,21.566165924072266,20.942949656893752,21.242481070177536,16631400,26.105740852355957,16.354311752319337
2020-06-03,22.435762405395508,22.638670781654163,21.94781918743997,22.02028685958866,17846400,26.095511045455932,16.40380312601725
2020-06-04,22.21837043762207,22.595198034639214,21.7497501797407,22.174890188510087,21390800,26.079790744781494,16.398423131306966
2020-06-05,23.928586959838867,24.377882209657795,23.488954191437863,23.503448835029687,24524400,26.075581274032594,16.47689151763916
2020-06-08,24.82717514038086,24.856162581926917,24.020377368110942,24.1653108899818,16026600,26.072856884002686,16.663273986180624
2020-06-09,24.286094665527344,24.629104508792178,23.93825265943898,24.15565391324421,19661800,26.06759551048279,16.77750194867452
2020-06-10,23.865781784057617,24.624269009975677,23.682198336907398,24.421360601456012,28500200,26.07007435798645,16.986257139841715
2020-06-11,19.696516036987305,22.300494654243998,19.556412833178346,22.107248728788214,48438000,26.047880849838258,17.090261379877727
2020-06-12,20.41635513305664,21.368088359083206,19.305195570949873,21.22798514291008,34717600,26.030610008239748,17.24064253171285
2020-06-15,20.991256713867188,21.232813173536705,18.89937688852297,19.14576550942642,26411000,26.013735179901122,17.401810296376546
2020-06-16,22.1942138671875,22.749794637233702,21.11204161780392,22.730469672047896,27357600,25.998279094696045,17.608651415506998
2020-06-17,21.904342651367188,22.503403559218924,21.754576963671813,22.440598355613798,16723800,25.981493968963623,17.82407587369283
2020-06-18,21.933334350585938,22.05411261938227,21.46471407791853,21.580660183922138,15716000,25.96709167480469,17.998133532206218
2020-06-19,21.54684066772461,22.778780383828376,21.266636065177345,22.735300136872596,21055000,25.946690254211425,18.158285570144653
2020-06-22,22.005796432495117,22.06860163751965,21.174843338862814,21.42123015406703,12902800,25.92360258102417,18.291383202870687
2020-06-23,22.28600311279297,22.812596354307303,22.189380144611196,22.59036297461028,13761200,25.90157904624939,18.450246858596802
2020-06-24,20.599937438964844,21.952653431887658,20.160304695191684,21.807719904597676,29068000,25.87102891921997,18.56023554801941
2020-06-25,21.227983474731445,21.2956208393456,20.010538555622908,20.450173132431036,20195400,25.843619022369385,18.69156176249186
2020-06-26,19.71101188659668,21.034742442074133,19.599896107290142,20.991262194264618,23108200,25.805784826278686,18.827316522598267
2020-06-29,20.590274810791016,20.590274810791016,19.503270599497597,19.981553263355803,17411800,25.771191930770875,18.964520565668742
2020-06-30,21.430896759033203,21.754581641581595,20.464670588421644,20.50815083981637,17873600,25.741114978790282,19.124592081705728
2020-07-01,21.827049255371094,22.107253885418444,21.517857176864986,21.628972964894984,19006400,25.71419786453247,19.2514092763265
2020-07-02,22.174890518188477,22.918883240933397,22.029955123707037,22.61935365533661,17203200,25.687961206436157,19.384023825327557
2020-07-06,23.208751678466797,23.30537465836073,22.889897134867844,23.07831093204949,14732800,25.666677284240723,19.509794346491496
2020-07-07,22.47441864013672,23.310203970679968,22.397120628148038,22.831921254485636,14961800,25.64193826675415,19.611489661534627
2020-07-08,22.996179580688477,23.025167026056533,22.257017231637693,22.66766257157036,14111600,25.621853370666503,19.72985232671102
2020-07-09,22.6048583984375,23.199087185322785,21.802890867812252,23.150774778098434,19465800,25.599691553115846,19.81761786142985
2020-07-10,23.300540924072266,23.363346133206456,22.26184902833258,22.571041068793324,13980000,25.584328880310057,19.935577964782716
2020-07-13,22.691816329956055,24.42135976912,22.542050648841844,23.86094880901446,19627400,25.56361253738403,20.03944730758667
2020-07-14,23.561424255371094,23.64838475396727,22.078267302435318,22.34397911795471,22470000,25.548062372207642,20.135425821940103
2020-07-15,24.218456268310547,24.484168061379453,23.65321307519386,24.339234523608223,19134600,25.538059282302857,20.258297602335613
2020-07-16,23.976903915405273,24.088019708395464,23.595244120180116,23.76433296974557,12577800,25.524947443008422,20.403070576985677
2020-07-17,24.18463897705078,24.37788308354687,23.745006192889985,24.218456741760846,10825000,25.517638759613035,20.534074783325195
2020-07-20,24.764371871948242,24.947955330213592,23.943081236248755,24.131495013684045,10791000,25.520062646865846,20.67506322860718
2020-07-21,24.914134979248047,25.368260494173846,24.68707130032031,25.252314416840722,14608600,25.52034779548645,20.807033570607505
2020-07-22,25.353775024414062,25.416580242833977,24.817519193672936,24.84650664285064,10376400,25.517850074768067,20.93385076522827
2020-07-23,24.43585777282715,25.43590159056905,24.107340767267207,25.252318124419684,17185600,25.512399072647096,21.049717394510903
2020-07-24,23.981733322143555,24.22812202833184,23.604905704361677,23.976903002167195,17366200,25.510621042251586,21.1354700088501
2020-07-27,24.479337692260742,24.537312585959885,23.952746229802287,24.13149754471617,10934000,25.508034381866455,21.238292535146076
2020-07-28,24.03004264831543,24.595284002345746,23.9527446381165,24.310247244187828,10729600,25.500674600601197,21.358104546864826
2020-07-29,24.904476165771484,25.049409705241892,24.22811903393293,24.247442154380362,10110600,25.493836917877196,21.4895112991333
2020-07-30,24.638769149780273,24.745054626046432,23.65321794148579,24.16531851275966,17065000,25.485959453582765,21.608920828501383
2020-07-31,25.223331451416016,25.247486734902147,24.04453629375082,25.092890709074908,15709000,25.477082509994506,21.74387041727702
2020-08-03,25.73542594909668,25.938332494671396,25.513194444058783,25.648465474441927,9230800,25.471439809799193,21.877209504445393
2020-08-04,26.02529525756836,26.04945053755638,25.537351967263373,25.537351967263373,10125800,25.46618770599365,22.000886344909667
2020-08-05,26.51807403564453,26.605034528852155,26.319997766211603,26.397295777626162,9164400,25.465228261947633,22.132293128967284
2020-08-06,27.059154510498047,27.092974111233342,26.300667354690532,26.37796535009354,11800800,25.46411075592041,22.291800785064698
2020-08-07,27.1122989654541,27.170273847919024,26.57121296295604,26.807939125696898,14788400,25.464726781845094,22.46725123723348
2020-08-10,27.35385513305664,27.411830014856317,26.72580865699757,27.24757153561659,10513800,25.465395555496215,22.636662769317628
2020-08-11,26.701658248901367,27.841805331276763,26.4939194918789,27.687209304133997,13895200,25.462225847244262,22.791822624206542
2020-08-12,27.783830642700195,28.006064045911803,27.31521223826817,27.31521223826817,10382800,25.46268633842468,22.93820587793986
2020-08-13,27.66305160522461,27.99640077923557,27.40217196664948,27.595416075115132,7720600,25.46023286819458,23.092318979899087
2020-08-14,27.643726348876953,27.79349019885543,27.35385744417666,27.542271218620442,7134600,25.457947483062743,23.230650361378988
2020-08-17,27.91427230834961,28.01572745263515,27.812819006994154,27.909441988588434,4849800,25.455643215179443,23.38049602508545
2020-08-18,28.07369613647461,28.204136864892295,27.595413465609766,28.02055341271965,6408200,25.455435495376587,23.531307824452718
2020-08-19,27.75001335144043,28.339411871160156,27.590587000834475,28.208971124520705,8725800,25.449711151123047,23.664566548665366
2020-08-20,28.001232147216797,28.117180090981876,27.242744800421622,27.271732247095404,6766200,25.44351035118103,23.787599341074625
2020-08-21,28.29109764099121,28.33940820330278,27.82247744626374,27.90943793276842,7092600,25.439288263320922,23.91715415318807
2020-08-24,29.155868530273438,29.17036317332526,28.692080497071252,28.957792275910222,6936400,25.439221572875976,24.05709587732951
2020-08-25,29.450565338134766,29.479552778932398,28.99160766161878,29.32012461893993,8067600,25.439136486053467,24.19735959370931
2020-08-26,30.34916114807129,30.421628841536283,29.474725878681035,29.619661265611022,6783600,25.442629976272585,24.343742847442627
2020-08-27,30.537574768066406,30.953052276681728,30.073786692699063,30.60037997918802,11451600,25.44776336669922,24.478773053487142
2020-08-28,31.136634826660156,31.175284755550212,30.49892758634461,30.846767731704904,9331400,25.455170183181764,24.627410793304442
2020-08-31,30.783960342407227,31.329876694727474,30.74048009954785,31.073827399516567,8415200,25.460621109008787,24.74166701634725
2020-09-01,31.663225173950195,31.692210773295695,30.774297216402818,31.03034834917658,10276200,25.469866790771484,24.855601183573405
2020-09-02,33.03043746948242,33.310640211050334,31.89995112145288,32.238132436373725,13088600,25.48270001411438,25.00134023030599
2020-09-03,29.605165481567383,32.66810396629665,28.841847862987194,32.53282922363446,25688600,25.478142185211183,25.096996625264484
2020-09-04,28.90948486328125,30.238045745154597,26.91422745921105,29.80807542734439,19516400,25.470322523117066,25.250546105702718
2020-09-08,26.53256607055664,27.73068797727313,26.42628245976253,27.39250849600299,20648400,25.452254552841186,25.352482954661053
2020-09-09,28.06403350830078,28.72589778493631,27.32003906549395,27.556765240179686,12566000,25.44258987426758,25.47036256790161
2020-09-10,26.60986328125,28.759714524136875,26.363474634425614,28.576132922383884,18052800,25.424788064956665,25.54395672480265
2020-09-11,26.643680572509766,27.344192892567463,25.91901113002551,27.06398833313032,17754400,25.403690280914308,25.622945690155028
2020-09-14,27.706527709960938,28.160655074968723,27.339362668717122,27.479465870386743,8035200,25.38694420814514,25.719165579477945
2020-09-15,28.122007369995117,28.580965089924213,27.846633106623628,28.368396032756877,8717000,25.370254249572753,25.828751691182454
2020-09-16,27.798320770263672,28.846675031845695,27.72102276868587,28.474677823336993,10333000,25.353582134246825,25.925293763478596
2020-09-17,27.073657989501953,27.50845866448044,26.35381867494875,26.47942911031356,14612600,25.3372811794281,26.005088011423748
2020-09-18,26.12674903869629,27.29105116637254,25.474545454979527,27.2765565247813,17098600,25.319349784851074,26.097201538085937
2020-09-21,25.261981964111328,25.271644446315452,24.001056601888934,24.9576202249366,18475200,25.294447631835936,26.16443484624227
2020-09-22,26.01080322265625,26.15573674977389,24.99143452800551,25.609818559936663,8707200,25.27239924430847,26.269431368509927
2020-09-23,24.203962326049805,26.21854464113257,24.083184067251292,26.160571592929678,11749000,25.237298126220704,26.329659493764243
2020-09-24,24.402036666870117,25.136368643440306,23.561421084155306,23.875443426438263,14627000,25.204583053588866,26.37917849222819
2020-09-25,25.561508178710938,25.764416592449663,23.976898164253345,24.184636896993798,11708600,25.17826689720154,26.441419474283855
2020-09-28,26.861080169677734,27.020508333047673,26.373136884956768,26.61952368670247,8615000,25.157149229049683,26.519522635142007
2020-09-29,26.421449661254883,26.98186067506124,26.23303588359419,26.807941540787432,7061800,25.12983892440796,26.57306760152181
2020-09-30,27.010848999023438,27.822479023800064,26.537398458392058,26.595371505038983,13659400,25.105210886001586,26.648674774169923
2020-10-01,27.513288497924805,27.93359633436313,27.035005768720485,27.68720949036274,8014600,25.07975028991699,26.723959922790527
2020-10-02,26.754802703857422,27.252408583124332,26.09776862467191,26.22337721372555,11139000,25.050473194122315,26.793125661214194
2020-10-05,28.146163940429688,28.20413883016379,27.26689838502508,27.28139302892357,8081600,25.028176975250243,26.87388604482015
2020-10-06,26.967370986938477,28.754889685821514,26.827267756584952,28.204141089733945,13865000,24.998037767410278,26.94514528910319
2020-10-07,28.368396759033203,28.580965821642646,27.72585556609642,27.730687728274983,7007600,24.972401094436645,27.02526149749756
2020-10-08,29.097898483276367,29.131716248996703,28.648603203929,28.88532940690138,7647000,24.949930629730225,27.106585534413657
2020-10-09,29.89020538330078,30.02547829726278,29.40709230912394,29.576182990843908,9155000,24.931467514038086,27.20514055887858
2020-10-12,31.329875946044922,31.750185564618167,30.4795979140279,30.64868671947937,10035000,24.917744789123535,27.32422784169515
2020-10-13,30.73081398010254,31.320212348428047,30.450607594200385,31.30088738879419,7817000,24.901099042892454,27.423668543497723
2020-10-14,30.17523956298828,31.199440518639737,29.938515209140608,30.8902466298263,9496800,24.884494886398315,27.51135361989339
2020-10-15,30.030309677124023,30.175243235906912,28.904657132882406,29.035096045735873,9637600,24.86593704223633,27.589295864105225
2020-10-16,29.96750259399414,30.88058598471703,29.928854507425008,30.407135405932202,7622800,24.842510719299316,27.681489944458008
2020-10-19,28.609956741333008,30.503759100803787,28.363568042333117,30.329838099846246,11269400,24.81605586051941,27.7586270014445
2020-10-20,28.928810119628906,29.822568530196964,28.76938192758777,28.967458205531884,11731200,24.789436178207396,27.83278487523397
2020-10-21,28.774213790893555,29.52786896599867,28.70657641613923,28.92397765623879,9335600,24.76353759765625,27.911854394276936
2020-10-22,29.276641845703125,29.411914714789663,28.26210546366639,28.837009167763274,10873200,24.737524490356446,27.984723822275797
2020-10-23,29.53752899169922,29.614826999203007,28.890157487756294,29.595502036594592,9725000,24.70929754257202,28.066369819641114
2020-10-26,27.919103622436523,28.837017312356878,26.957707841336802,28.614785751495848,18392800,24.674472513198854,28.111299355824787
2020-10-27,27.629230499267578,28.09785067683235,27.571257458030928,28.00605987463018,8161000,24.634679822921754,28.1428627649943
2020-10-28,24.793359756469727,26.305504007860712,24.667751183590077,26.136413347029382,19969200,24.581551170349123,28.12233050664266
2020-10-29,25.532520294189453,26.30550216910868,24.435855449719963,24.84650074616503,12400400,24.530889358520508,28.105904610951743
2020-10-30,24.720895767211914,25.464890363195053,23.82230697381572,25.131542996754376,18944800,24.471831769943236,28.066933631896973
2020-11-02,25.57117462158203,26.044625203087982,24.88515311246886,25.566342458901822,13937800,24.415314626693725,28.04124822616577
2020-11-03,26.909393310546875,27.4311543697695,26.247529045050396,26.373137608755734,13491600,24.366524782180786,28.033840529123943
2020-11-04,28.701745986938477,29.779087858284136,27.774169823296123,28.088192197413996,20369000,24.326600341796876,28.067175324757894
2020-11-05,30.38297462463379,30.890242878491435,30.059289816823675,30.155910937231045,17022400,24.29469645500183,28.110494391123453
2020-11-06,30.39263916015625,30.721156151956144,29.7307748573814,30.315341152846266,13941800,24.267780923843382,28.15598751703898
2020-11-09,31.537620544433594,34.083628481326,31.38302450983775,33.996667981499584,28330800,24.255145082473756,28.220885753631592
2020-11-10,31.39751434326172,31.67772078130208,30.46510790405447,31.223593360054586,14247000,24.236531286239625,28.278939787546793
2020-11-11,32.06903076171875,32.31058719504677,31.643892765970552,31.996566780407274,8015200,24.221732931137083,28.34552869796753
2020-11-12,31.141464233398438,32.006236965020655,30.61004065869835,31.784005422359158,11904200,24.200778551101685,28.402052879333496
2020-11-13,32.43137741088867,32.639116167845685,31.5327868515732,31.687382878667258,9809600,24.195768308639526,28.475888633728026
2020-11-16,33.61017990112305,33.64399767238057,32.83719963962201,33.223687927442214,10209400,24.192989225387574,28.564540004730226
2020-11-17,33.117401123046875,33.46523942367228,32.47485988055899,32.92415516545938,6924200,24.179962644577028,28.630565547943114
2020-11-18,31.895122528076172,33.34446170483418,31.880629726046212,33.18020503401447,8335600,24.154776124954225,28.67130816777547
2020-11-19,32.30576705932617,32.40722034520916,31.33470891464666,31.70670429621763,8866000,24.1297390460968,28.703918266296387
2020-11-20,31.643905639648438,32.281614735639,31.619748512144334,32.22363984114526,5304000,24.104260320663453,28.722357114156086
2020-11-23,32.218807220458984,32.552152684808824,31.513462681208143,32.14150737107603,8794400,24.077631731033325,28.740393320719402
2020-11-24,33.75993728637695,33.91453330889464,32.70192225465212,32.94347877020225,9808400,24.05774489402771,28.78999293645223
2020-11-25,33.60050964355469,33.7406091659087,33.27682114174971,33.73578068986861,6243400,24.03351851463318,28.822281010945638
2020-11-27,33.86138153076172,34.020809673022185,33.58117884886449,33.92902072802953,3632400,24.011319456100463,28.836130078633627
2020-11-30,33.4217529296875,33.71645211436795,32.624615851221684,33.629491638792416,9995000,23.985982408523558,28.899739869435628
2020-12-01,34.51842498779297,34.972552421633566,34.218897264076794,34.397646728653235,7728200,23.96764693260193,28.993222204844155
2020-12-02,34.716495513916016,34.76963823119075,33.99665827882075,34.170579228836395,7159400,23.947578725814818,29.129621028900146
2020-12-03,34.69717788696289,35.12714819151785,34.3783252017902,34.692345724591505,7116200,23.929944219589235,29.240173435211183
2020-12-04,35.581275939941406,35.59093657891055,34.85660638387686,34.88559198664425,5830600,23.922610025405884,29.389696979522704
2020-12-07,35.40251922607422,35.53296179711887,34.97738112288113,35.373533626224116,5255600,23.932913370132447,29.53567762374878
2020-12-08,35.6923828125,35.86630376641296,34.97254556127421,34.97737772273269,4220000,23.959775428771973,29.668775208791097
2020-12-09,34.740657806396484,35.943608151529844,34.47011201839844,35.88563326427461,8655200,23.98354160308838,29.779086049397787
2020-12-10,34.67301940917969,35.00636856847036,34.030481901513326,34.301024010004426,6214000,24.027380495071412,29.893664360046387
2020-12-11,34.54257583618164,34.634368475920596,33.701960337383696,34.15125552716281,6650000,24.07143469810486,30.018146324157716
2020-12-14,34.09327697753906,35.552276304002895,34.02080930585197,35.22859154777394,7900400,24.097651071548462,30.150921789805093
2020-12-15,35.4653205871582,35.479813384759524,34.450780524757796,34.87592224564452,6934600,24.142993488311767,30.320977433522543
2020-12-16,35.639244079589844,35.93394330190655,35.28174149472648,35.557115754907386,6312800,24.172602100372316,30.48145144780477
2020-12-17,36.23830795288086,36.301111317341956,35.90495879613098,36.146515301402545,5938800,24.220122632980345,30.68202387491862
2020-12-18,35.817996978759766,36.36391333352282,35.18028797592183,36.33492773344006,12352400,24.27221671104431,30.87228988011678
2020-12-21,35.46049880981445,35.70205533619485,33.75027816073803,34.58123320122421,12077600,24.35218780517578,31.03727305730184
2020-12-22,35.22377014160156,35.557115600886306,34.90491379653135,35.51846567678211,6252400,24.415600805282594,31.17665122350057
2020-12-23,35.32863998413086,35.91825673934433,35.28031152770227,35.52195749707009,4289000,24.49614158630371,31.325104395548504
2020-12-24,35.739437103271484,35.739437103271484,35.29480940819316,35.47846270323953,3174600,24.606617636680603,31.470580863952637
2020-12-28,36.648033142089844,36.77852035934451,36.32905865311681,36.53687436002264,4363600,24.702695717811583,31.622826608022056
2020-12-29,36.43054962158203,37.194151866285196,36.261398159078254,37.14098945132324,5790400,24.828146114349366,31.784089056650796
2020-12-30,36.57553482055664,36.91383770971459,36.47887790571864,36.69152385580723,4217400,24.943742480278015,31.92457857131958
2020-12-31,37.14582443237305,37.372972268550505,36.36772399608346,36.54170941582681,5678600,25.072504172325136,32.09421946207682
2021-01-04,35.62345886230469,37.60978961098799,34.44422500428028,37.57112535955828,14195000,25.194015512466432,32.21513716379801
2021-01-05,36.329063415527344,36.68670219620916,35.410807760284165,35.41564171332738,8545800,25.326742095947267,32.33565657933553
2021-01-06,37.010498046875,38.01091222591013,35.70077731790219,35.86992876127046,15697800,25.466900210380555,32.45432812372844
2021-01-07,38.63919448852539,38.88084049204894,37.701610502167284,37.75960318318869,10134000,25.602646808624268,32.57615009943644
2021-01-08,39.301307678222656,39.36896826735184,38.03025096846668,39.098325910835115,12885600,25.73946475505829,32.718991661071776
2021-01-11,38.51837158203125,39.08865629924633,38.2187328967452,38.24289528482208,9382800,25.86195692062378,32.85804386138916
2021-01-12,38.5473747253418,38.85668134063791,37.79827057713126,38.576371068267775,9411200,25.990922875404358,32.999994945526126
2021-01-13,38.827674865722656,39.16114750292318,38.25255993220484,38.51353803689763,6181000,26.11505816936493,33.14766448338826
2021-01-14,38.426544189453125,39.243305082157505,38.31538541795934,39.0838215400664,7253600,26.240448837280272,33.31127427419027
2021-01-15,37.575950622558594,38.151069246082784,36.97666961289838,37.8900911401279,8500800,26.370499958992003,33.45539328257243
2021-01-19,38.4651985168457,38.634353622679356,37.90458185985149,38.36370766568014,8177200,26.50103579044342,33.616909694671634
2021-01-20,40.045570373535156,40.32588058318024,39.08865071162516,39.209473696414435,6933400,26.642130613327026,33.796391836802165
2021-01-21,40.13740158081055,40.379047577835955,39.85225738696341,40.229224552367,4612200,26.771727533340453,33.97305637995402
2021-01-22,39.73142623901367,40.103563062948815,39.407621554350285,39.53810874360024,7853600,26.8992945766449,34.16992842356364
2021-01-25,40.20988845825195,40.306549059849274,38.36371337082987,39.97791038886825,10155600,27.022031416893004,34.379606056213376
2021-01-26,40.02140808105469,40.64485518390871,39.934415376302375,40.49986980080501,4737800,27.140274958610533,34.63340686162313
2021-01-27,37.07332229614258,38.90499909344373,36.32422204146077,38.8953348775385,14850000,27.24616947174072,34.82575356165568
2021-01-28,38.00608444213867,39.28680904216464,37.513128200430174,37.63878147176781,13362400,27.349505262374876,35.04717337290446
2021-01-29,35.768436431884766,37.72576651745317,35.18848390906005,37.40679576404062,15330000,27.4472327709198,35.2171277364095
2021-02-01,37.474464416503906,37.84176739141182,36.130913164213126,36.78819061942705,7982200,27.552306814193727,35.39321225484212
2021-02-02,39.0789909362793,39.60577743995825,38.518370453278465,38.53287231037011,7695400,27.658688201904297,35.56616633733113
2021-02-03,39.19981002807617,39.75559650332245,38.774514443072675,39.37379542358327,6377200,27.770456504821777,35.71311359405517
2021-02-04,40.51436996459961,40.52886813490109,39.48012536120613,39.538118042412044,5272800,27.896575727462768,35.881809107462566
2021-02-05,40.9831657409668,41.23930992767368,40.620696717387105,41.17647960376216,5969800,28.019869623184203,36.03923486073812
2021-02-08,41.91108322143555,41.91108322143555,41.2103076025546,41.48578389763873,4910800,28.147899713516235,36.21446100870768
2021-02-09,41.79509353637695,42.007739507812104,41.46645483082228,41.6114402176337,4008800,28.27189560890198,36.37656205495198
2021-02-10,41.76609420776367,42.45720192274352,40.920333198596566,42.38954133698818,6938000,28.392002363204956,36.5536392211914
2021-02-11,41.94007873535156,42.26388348706137,41.113649866384215,42.13339627079297,6182600,28.514283456802367,36.71211757659912
2021-02-12,42.573184967041016,42.64567949504719,41.64526533279159,41.64526533279159,5201800,28.632966499328614,36.86150099436442
2021-02-16,42.447540283203125,43.051655326443885,42.20589426590682,42.98882500212246,7512200,28.75365427017212,37.01700331370036
2021-02-17,42.486202239990234,42.553862826206796,41.48578424259086,41.82892481340754,7880600,28.881878671646117,37.19352130889892
2021-02-18,41.94974899291992,42.181727098680255,40.96866309079335,41.56311390035203,8199200,29.006527061462403,37.35425434112549
2021-02-19,41.717769622802734,42.45720586959994,41.54861814268993,42.37021315308111,7556600,29.12774492263794,37.52215207417806
2021-02-22,40.7705078125,41.56310628860708,40.64968482910289,40.7366775246378,7823400,29.24596568107605,37.66468041737874
2021-02-23,40.89617156982422,41.34079933796301,38.571534474162355,39.997248128416174,13051000,29.3617711353302,37.783617655436196
2021-02-24,42.24454879760742,42.37503599455686,40.18572417133744,40.49986465901727,12564800,29.479970455169678,37.92768497467041
2021-02-25,39.21430969238281,42.268714759585954,38.66819110006831,41.80475491627694,20683400,29.582873668670654,38.01690044403076
2021-02-26,38.5377082824707,40.171237824190676,37.904596856382085,39.799100868794056,18970400,29.68811873435974,38.10216636657715
2021-03-01,41.33112335205078,41.77575472048371,40.142225672007264,40.142225672007264,9865000,29.81184799194336,38.21571133931478
2021-03-02,40.388710021972656,41.52927937283112,40.31621548860302,41.45195088731015,12509000,29.927845726013185,38.31024824778239
2021-03-03,38.79869079589844,40.48537926193838,38.764860494994245,40.161574426537314,16727000,30.034878845214845,38.37860679626465
2021-03-04,37.32947540283203,39.56711986383754,35.865101140395275,38.72618907597785,20259000,30.1265220451355,38.40774345397949
2021-03-05,39.3979606628418,39.736267261826264,36.13090952657312,38.45070882269066,22432800,30.23143052101135,38.474334144592284
2021-03-08,38.81800842285156,40.63518714731239,38.71168360623379,39.71209777324436,15477000,30.328801345825195,38.52642790476481
2021-03-09,40.461204528808594,41.29729757641134,39.90058407082456,40.05523735453996,8943400,30.436489706039428,38.62177035013835
2021-03-10,41.20064163208008,41.790258442460015,40.780176278639004,41.277970119380825,10816200,30.54736797332764,38.73056405385335
2021-03-11,42.47169494628906,43.14830440907731,41.90624425361475,42.070565432840795,7686200,30.660953998565674,38.86271603902181
2021-03-12,42.64568328857422,42.68918148413723,41.71776357178212,42.00290775737798,7834200,30.77108609199524,39.00525614420573
2021-03-15,43.41412353515625,43.49628229455629,41.98840984761048,42.72784974388738,6305600,30.885567665100098,39.13773619333903
2021-03-16,43.25947189331055,43.863586948344725,42.964663451475815,43.61227302060413,6973200,30.998068199157714,39.264739990234375
2021-03-17,43.65576934814453,43.95540804275605,42.37987870165379,42.79067618399977,8504200,31.111173334121705,39.3883643468221
2021-03-18,41.75642776489258,43.49144420137329,41.5631102356538,42.76167596715406,10932600,31.212124643325804,39.48733819325765
2021-03-19,41.53410720825195,42.19138448948245,40.78016933435544,41.66459439932033,8538200,31.30761636734009,39.588564999898274
2021-03-22,42.486202239990234,42.99365663661447,41.67910178344908,41.68393573595752,7587800,31.408955526351928,39.70960553487142
2021-03-23,41.52848434448242,42.79996045419699,41.24324604316293,42.30200600226395,9710600,31.496955013275148,39.812936274210614
2021-03-24,40.875823974609375,42.5485656472813,40.875823974609375,41.997431256973755,8244600,31.577198257446287,39.898542722066246
2021-03-25,41.54781723022461,41.837887351623465,39.73487436092961,40.39236860326927,11545800,31.663506870269774,39.98020579020182
2021-03-26,43.58315658569336,43.699183921243616,41.75087482678588,41.9635946823301,10852800,31.762093744277955,40.099415906270345
2021-03-29,43.50096893310547,43.805542059649646,42.51955925957843,43.041687780890456,11301200,31.881116008758546,40.21483980814616
2021-03-30,43.138370513916016,43.38492807491874,42.59206806537406,43.070683923813974,8918600,31.99472608566284,40.31471557617188
2021-03-31,43.675010681152344,44.211642189657915,43.34143162418805,43.35109903214593,11006000,32.10814485549927,40.448908106486
2021-04-01,45.03350067138672,45.096348028372006,44.26481099285407,44.34216499078208,10146600,32.222341289520266,40.59398206075033
2021-04-05,46.98665237426758,47.213875168978106,46.01491382838644,46.0390878787165,10349200,32.34775283813477,40.7602512995402
2021-04-06,46.91413497924805,47.31056506996304,46.69657958665375,46.81744246416981,9015400,32.472656841278074,40.89816697438558
2021-04-07,47.1026725769043,47.213868027784905,46.69173960254335,46.88028536358475,6547800,32.600436000823976,41.02818972269694
2021-04-08,47.74565887451172,47.77466477673891,47.209027552661,47.54744204011583,5686000,32.72913531303406,41.18197784423828
2021-04-09,48.785091400146484,48.85760617255653,47.66348040764268,47.73599886849486,6527000,32.86163075447082,41.352606455485024
2021-04-12,48.8286018371582,48.944629165195536,48.33548292666783,48.548199079995904,5920000,33.00277407646179,41.51928857167562
2021-04-13,49.239532470703125,49.51026780748094,48.6593921704288,48.79475799459667,6068000,33.14283182144165,41.69950504302979
2021-04-14,48.76576232910156,49.664982565312584,48.5578780016239,49.26371686764408,9262400,33.28810557365418,41.886001904805504
2021-04-15,50.32729721069336,50.42882157662172,49.558611145046314,49.568278551516734,7601600,33.43679068565368,42.08370354970296
2021-04-16,50.868770599365234,51.071819356829316,50.28379469041827,50.83492913978789,9362400,33.583980054855346,42.26409022013346
2021-04-19,50.10490798950195,50.6463749414121,49.55860917876931,50.462661029785195,8908000,33.725369348526,42.43021532694499
2021-04-20,49.01231384277344,49.8873636034178,48.427337945315095,49.592457880703094,9427400,33.85955646514893,42.58489678700765
2021-04-21,50.3659782409668,50.438496704840844,48.69807201407524,48.751248286577756,7360600,33.995342597961425,42.754164950052896
2021-04-22,49.00264358520508,50.61253794079556,48.577207599554576,50.30796113985337,11929200,34.127983722686764,42.903852208455405
2021-04-23,50.56901931762695,51.1056507050675,49.176680513923834,49.20085087258696,7257000,34.26584792137146,43.12878049214681
2021-04-26,50.8929443359375,51.10566420363249,50.65605410319526,50.83009696068339,6124400,34.40728835105896,43.34356149037679
2021-04-27,50.839759826660156,51.07181447344695,50.41432016014752,50.99929601316028,5314200,34.5449844455719,43.594750213623044
2021-04-28,50.76723861694336,51.386055892783986,50.636704657808345,50.95578439041224,7077600,34.685361557006836,43.81629645029704
2021-04-29,51.71480178833008,52.00003637112589,50.44815767149196,51.87917350958018,8503400,34.82612844467163,44.026893297831215
2021-04-30,50.73823547363281,51.212019585447216,50.39982088550994,50.87843685683868,10135200,34.95872734069824,44.219200388590494
2021-05-03,51.066978454589844,51.65678984976342,50.87360081353273,51.487582569617416,6332400,35.09417771339417,44.395077196757
2021-05-04,50.12424850463867,50.472334152824814,48.678729643616435,50.28378837479765,13769600,35.223875761032104,44.54742857615153
2021-05-05,50.11941146850586,50.83492124501847,49.86801833475066,50.762402789060005,7332800,35.35065095901489,44.684234046936034
2021-05-06,51.328041076660156,51.39089212761852,49.40390631438029,50.19193087330651,8457200,35.48272048950195,44.843116505940756
2021-05-07,52.464149475097656,52.73004924667699,51.39089035962555,51.65195089552294,9123200,35.61827236175537,45.021417427062985
2021-05-10,50.907447814941406,52.69621700866592,50.854267851325154,52.628534089234776,9577000,35.75063031196594,45.17087357838948
2021-05-11,49.5731086730957,49.91635873607704,48.026061927774606,49.1234987083711,13711000,35.8785871887207,45.2875389734904
2021-05-12,46.41618347167969,48.94946851307387,46.16478660489953,48.45634956430133,14976400,35.988271417617796,45.35368302663167
2021-05-13,48.02607727050781,48.75125462667291,46.9334793762312,46.9334793762312,14824200,36.10825159072876,45.4460142771403
2021-05-14,50.245113372802734,50.57386053268701,49.065490559963514,49.075161655266015,9549200,36.234954776763914,45.58427035013835
2021-05-17,49.868019104003906,50.1870951513245,49.09449750154586,49.829342101770514,10020200,36.36110102653503,45.720107841491696
2021-05-18,48.61587905883789,50.05173052717322,48.52402578689259,49.984047615869514,6724600,36.47806376457214,45.850864028930665
2021-05-19,48.19527816772461,48.243622576979156,46.232462693700434,46.78359707377466,10097600,36.59036302566528,45.97251580556234
2021-05-20,49.73748779296875,50.211271874460195,48.48051466096335,48.52402721290421,7333600,36.708923988342285,46.097398122151695
2021-05-21,49.61661911010742,50.791406236737075,49.442576299611055,50.332128851974915,7418000,36.8244167137146,46.27076994578044
2021-05-24,51.134666442871094,51.545603192017005,50.38531878828062,50.5110172181997,5101200,36.944794273376466,46.480719248453774
2021-05-25,50.801082611083984,51.69546711504799,50.56902427682181,51.545598335937434,6072600,37.06323819160461,46.638551902771
2021-05-26,51.10081481933594,51.28936058249086,50.62219893505358,51.01862896123081,3656200,37.18197299003601,46.81708698272705
2021-05-27,51.12982940673828,51.685799344786666,51.12015831163925,51.50208542232567,7473000,37.30411384582519,47.022605959574385
2021-05-28,51.4295654296875,51.88401098630097,51.35221511341144,51.77765107403467,5644200,37.42234251976013,47.25760746002197
2021-06-01,51.27970504760742,52.4158154366144,51.12983624949389,52.372306568172114,5707600,37.540425786972044,47.4556365331014
2021-06-02,51.545597076416016,51.8646731287325,51.1636699723757,51.54076152895064,4335800,37.65993514060974,47.667763010660806
2021-06-03,50.97029495239258,51.41023392667621,50.04206890007422,50.60770630491424,7609400,37.775215253829955,47.84291451772054
2021-06-04,52.31428146362305,52.46898578156911,51.6567871902418,51.67612569104029,6013200,37.8964181804657,48.02814184824626
2021-06-07,52.23209762573242,52.42064340527217,51.835667565105,52.34328939908047,3919800,38.01882860183716,48.19081522623698
2021-06-08,52.2465934753418,52.57534058006978,51.511748958654174,52.55116653431153,4733600,38.140055408477785,48.35083039601644
2021-06-09,52.00003433227539,52.58984566364346,51.903345522206585,52.58017825801325,4553200,38.258600091934206,48.49392890930176
2021-06-10,52.72038650512695,53.08780698216396,51.966199671938966,52.49799557370698,5438400,38.37642268180847,48.6516108194987
2021-06-11,52.9814567565918,53.02013376812671,52.43032225176914,52.94278343349971,4152000,38.49407713890076,48.80703894297282
2021-06-14,53.35371017456055,53.358545722536405,52.52700851592391,53.005624489146726,4601800,38.609099884033206,49.00032698313395
2021-06-15,53.029788970947266,53.39720940507587,52.69137075411295,53.39720940507587,4773600,38.72156095504761,49.191921679178876
2021-06-16,52.15958023071289,53.169995748655495,51.299037180712524,53.11198024282862,7662600,38.82667568206787,49.35314464569092
2021-06-17,52.12089920043945,52.459317425623254,51.11048744899422,51.985533385742656,7110200,38.93336037635803,49.5296848932902
2021-06-18,50.02273178100586,51.04764669231344,49.90670444336478,50.81075646883382,11185000,39.02515790939331,49.68213335673014
2021-06-21,52.14023971557617,52.20309076657239,50.35147077206488,50.6608794143107,9854600,39.12070692062378,49.858673731486
2021-06-22,52.918601989746094,53.29086171901321,51.835671637086186,52.135409213520035,8762400,39.23727410316467,50.01426448822021
2021-06-23,52.7735595703125,53.30535540261177,52.7300470238693,52.986275690167204,4960800,39.356594476699826,50.168807665506996
2021-06-24,53.69695281982422,53.88066304440792,53.51324259524052,53.60026400445214,9034000,39.49241641044617,50.344784037272134
2021-06-25,54.25292205810547,54.43179673317498,53.86132756571889,54.01119633422401,6309800,39.62336085319519,50.52108256022135
2021-06-28,54.605838775634766,54.64935132330657,53.97735411551422,54.46564110359905,9842200,39.76334073066712,50.68062152862549
2021-06-29,54.66869354248047,54.99744069220185,54.46564480871074,54.74121200123881,6301600,39.903465795516965,50.8086555480957
2021-06-30,54.81856155395508,55.074790241341944,54.484978861387745,54.50915291011714,8498800,40.039025964736936,50.940395991007485
2021-07-01,55.73712158203125,55.78063044478703,55.0892946807226,55.123136136791125,9977200,40.17710153579712,51.08430347442627
2021-07-02,57.00859832763672,57.12946119910225,56.05619831033757,56.17222932262281,10956200,40.32315292358398,51.23868579864502
2021-07-06,56.63633728027344,57.085947269762485,55.524397486092234,56.99892586249229,8983200,40.47096632003784,51.36953989664713
2021-07-07,57.26967239379883,57.38569973753949,56.12389084797618,56.97476664177413,8007600,40.62668093681336,51.51022440592448
2021-07-08,55.901493072509766,56.19639876916096,54.542995599650446,55.01194412345454,14217200,40.779878492355344,51.621257082621256
2021-07-09,57.64675521850586,57.762786232959016,56.41395611958914,56.50580939547849,7475600,40.93805825233459,51.769273630777995
2021-07-12,58.294578552246094,58.37676441609444,57.43403553444113,57.61291021594142,10706800,41.10851133346558,51.90206165313721
2021-07-13,57.6999397277832,58.57498951068324,57.55973834059544,57.97067509441311,12580200,41.27500084877014,52.01591447194417
2021-07-14,57.89814758300781,58.589483314771016,57.40019317193314,58.396101994082485,11318000,41.43668404579162,52.1458017985026
2021-07-15,57.313175201416016,57.6419223597821,56.52998246542684,57.337345562676354,10190600,41.58894452095032,52.284149487813316
2021-07-16,55.9885139465332,57.8401339746293,55.80480371450533,57.8401339746293,10763400,41.736779842376706,52.37785841623942
2021-07-19,53.52774429321289,54.165900049649586,52.32878309313453,53.967683187811545,23309200,41.86936431884766,52.453276761372884
2021-07-20,55.814476013183594,56.28342457357173,53.440730989044276,53.750139664022406,16256600,42.01087025642395,52.54070103963216
2021-07-21,57.139122009277344,57.19230195822513,56.20606066197724,56.288246514554196,9314000,42.16279185295105,52.64480400085449
2021-07-22,57.51138687133789,57.58390533008457,56.78620966075512,57.2164811772922,6685400,42.30961796760559,52.755997784932454
2021-07-23,59.246978759765625,59.401683081677184,58.00450863703909,58.28490768469994,5911200,42.471016006469725,52.89732678731283
2021-07-26,59.69175720214844,59.69175720214844,58.97624736034865,59.00525695844417,5418800,42.627632808685306,53.0302760442098
2021-07-27,58.88922119140625,59.24697792766127,57.65158663349593,59.23730683292901,8183000,42.77658942222595,53.16612580617269
2021-07-28,58.79254150390625,59.38718482680754,58.183391536654014,59.155130155387404,7572200,42.92110110282898,53.29488519032796
2021-07-29,59.522552490234375,59.981829959011705,59.184134213055266,59.22281121989443,6752400,43.062064485549925,53.45152359008789
2021-07-30,58.61848449707031,59.275978721349894,58.357420288449745,58.41543578651263,6612800,43.201502838134765,53.59317480723063
2021-08-02,58.25590896606445,59.61924212379067,58.159220136103556,59.36301340479611,7308000,43.341906185150144,53.708639272054036
2021-08-03,59.68208312988281,59.73043122814982,57.680594317904514,58.59915285834702,9525600,43.49016505241394,53.82893816630045
2021-08-04,58.83121109008789,59.39201288230719,58.71518008057325,59.12611678449738,6468200,43.63448359489441,53.9610008875529
2021-08-05,59.909305572509766,59.96248552954729,59.169625409914076,59.31466232700587,5057000,43.79098033905029,54.133270835876466
2021-08-06,60.24772644042969,60.39275967539662,59.92864668430653,60.0446740099685,6092200,43.9475749206543,54.3637965520223
2021-08-09,60.059173583984375,60.33474075527315,59.72075536534298,60.204206801880616,4908800,44.10399971961975,54.564348157246904
2021-08-10,60.24289321899414,60.5813078020936,59.93348454631968,60.23322212322426,7143600,44.25883097648621,54.730977821350095
2021-08-11,60.68282699584961,60.75534545416273,60.23805252791075,60.74567804766058,5811400,44.414557466506956,54.911224619547525
2021-08-12,61.21945571899414,61.3113126746955,60.25255282004708,60.62481250166913,6878800,44.581059226989744,55.12128423055013
2021-08-13,61.55787658691406,61.586882494825154,61.233964987100244,61.422510765406315,7744400,44.75070245742798,55.34399420420329
2021-08-16,62.01715087890625,62.06065973857746,60.32023527133439,61.03090948683209,9265000,44.936821413040164,55.54865525563558
2021-08-17,60.818199157714844,61.18561963588844,59.46936905267155,60.87137911690037,14781800,45.11324980735779,55.735348256429035
2021-08-18,58.8215446472168,61.02608605260374,58.695849909631235,60.3492531973397,13303200,45.28375305175781,55.86346289316813
2021-08-19,59.0294189453125,59.570885875485345,57.55972615350766,57.583900200417105,14684400,45.45104427337647,56.00060183207194
2021-08-20,60.50395202636719,60.61514379860552,59.00525321155934,59.21796934957955,9821200,45.619017066955564,56.15732078552246
2021-08-23,62.051002502441406,62.46677108434539,61.19529128844095,61.19529128844095,7659400,45.785763349533084,56.33934033711751
2021-08-24,62.36041259765625,62.587635396293955,62.128350562738234,62.3797474121238,5245000,45.945650539398194,56.521521123250324
2021-08-25,62.72299575805664,62.96955334965924,62.27338205938845,62.44742488195615,5116400,46.107302322387696,56.712242635091144
2021-08-26,61.644901275634766,62.71332863897218,61.586885768286955,62.60696871972228,9457000,46.2578387260437,56.88056437174479
2021-08-27,63.23060989379883,63.443329705352085,61.95913763691481,61.98331168402468,9611400,46.41700420379639,57.084902954101565
2021-08-30,64.07183074951172,64.4634253089304,63.47718743250132,63.58837921899287,6443600,46.57701820373535,57.28086210886637
2021-08-31,63.87843322753906,64.22651881143972,63.55935354614968,64.07181082886937,8229400,46.74070304870605,57.47496770222982
2021-09-01,63.98479461669922,64.48274895980076,63.82525477227598,64.24585512228454,9301600,46.898470134735106,57.670604387919106
2021-09-02,64.51658630371094,64.88401408008343,63.970291251123705,64.5794373448026,6092400,47.053002166748044,57.87921358744303
2021-09-03,64.4392318725586,64.69062865833155,63.80591173839448,64.06214038234053,7314800,47.209611320495604,58.074527676900225
2021-09-07,63.776920318603516,64.3328939638397,63.4530087022638,64.29421695902361,8460400,47.369020309448246,58.254452069600426
2021-09-08,63.54486846923828,63.84460604867733,62.650480213519906,63.50619146271636,10266400,47.525215816497806,58.42430470784505
2021-09-09,62.68431091308594,64.21685098098469,62.59245396587813,63.40948802024274,10624400,47.68041784286499,58.5852134068807
2021-09-10,61.2291259765625,63.74790755127703,61.16144306963672,63.56903287801967,12731000,47.825469436645506,58.736372502644855
2021-09-13,61.644901275634766,62.64081386534016,60.658659781375114,62.51995099136386,18009800,47.9648942565918,58.89510587056478
2021-09-14,60.68766403198242,62.38457608054762,60.27673100938395,62.287887259386366,15547600,48.10033002853393,59.07285474141439
2021-09-15,62.21052932739258,62.40391433440033,60.363748615991845,60.84236452089997,13475000,48.24207576751709,59.240692901611325
2021-09-16,61.862449645996094,62.37491071223235,60.57647065404767,61.944639199095285,13739400,48.38427925109863,59.389757029215495
2021-09-17,60.10268783569336,61.72224955572553,59.91414205360125,61.49986231757695,18838600,48.512200565338134,59.51190916697184
2021-09-20,57.10528564453125,58.09635888735188,54.949092656290496,57.40019131916283,25870200,48.62414451599121,59.568714714050294
2021-09-21,56.94091796875,58.57498642486235,56.67985371206147,58.048022363646,15171800,48.735363216400145,59.61351464589437
2021-09-22,58.550804138183594,59.42101820473852,57.44853544617519,57.864303979257905,12969600,48.85021085739136,59.679264068603516
2021-09-23,60.68282699584961,61.3693308876462,59.251811084801545,59.33883249708889,9306400,48.976612396240235,59.77949962615967
2021-09-24,60.987403869628906,61.277474014851045,59.87062846228277,59.96732096965149,6932000,49.10308750152588,59.88231366475423
2021-09-27,60.465274810791016,61.01640918791918,60.126860259376166,60.50878736079691,7759200,49.23171058654785,59.96111621856689
2021-09-28,56.81521224975586,59.358167885738126,56.46229476008374,59.20346357072258,17454600,49.342421550750736,59.95789311726888
2021-09-29,57.04243469238281,58.06735307876335,56.82004747135003,57.33734036751019,12056200,49.45492084503174,59.9646614074707
2021-09-30,54.9732666015625,57.951329448367865,54.87657778225252,57.651588206999676,18906600,49.559320793151855,59.9263879776001
2021-10-01,56.931251525878906,57.598413289755854,54.233591182843796,55.66460722681037,20352000,49.666650447845456,59.94355061848958
2021-10-04,54.70737075805664,56.78620989040233,53.80815071822214,56.42845683116516,16350600,49.761991081237795,59.8945608774821
2021-10-05,56.37044143676758,57.308338481721215,54.98776991854518,55.31651707018775,11374800,49.86265174865723,59.86249192555746
2021-10-06,57.10528564453125,57.1826359572448,54.21907994626465,54.89591270260665,14926000,49.96908819198608,59.85258102416992
2021-10-07,58.55563735961914,59.75943036350618,58.391261958713336,58.4782833619125,11065000,50.084563884735104,59.863539187113446
2021-10-08,58.217227935791016,59.058436189780046,57.98033773684666,58.91823481411521,9985200,50.199531173706056,59.87860673268636
2021-10-11,56.97958755493164,59.19862791516632,56.95541350732521,57.965828944516545,9545000,50.30778591156006,59.89512462615967
2021-10-12,56.583160400390625,57.530724837453285,56.23507475239985,57.371184967383854,10140600,50.41200452804566,59.946048227945965
2021-10-13,57.14396286010742,57.51622256132298,55.74678839266545,56.96992003406104,9447800,50.51448417663574,59.96820634206136
2021-10-14,60.025333404541016,60.1026837180385,58.50729246823769,58.710344879107446,9437600,50.63245809555054,60.016309865315755
2021-10-15,61.40800094604492,61.56754080818606,60.68282377824899,60.98740054932604,7802600,50.75662042617798,60.08125343322754
2021-10-18,61.983314514160156,62.09450628368234,60.32507218157051,60.600639364373286,6398800,50.880807876586914,60.12685902913412
2021-10-19,63.394996643066406,63.40949959770688,62.39908774770348,62.6601483081165,6880800,51.019665565490726,60.18857968648275
2021-10-20,64.10568237304688,64.26521490257419,63.53520567342903,63.5787145451183,7339400,51.15854866027832,60.275520706176756
2021-10-21,64.62295532226562,64.7148122793264,63.65605240900922,63.84459818201886,6530600,51.29661094665527,60.37269426981608
2021-10-22,64.4054183959961,65.07741577957347,63.525533002466545,64.42475321286152,9910600,51.42544206619263,60.45407536824544
2021-10-25,65.3819808959961,65.58986149176232,64.10083004619773,64.89369017935455,6206400,51.555845432281494,60.56680030822754
2021-10-26,65.63337707519531,66.70664006224166,65.45933422927199,66.14100265721208,8000000,51.69142045974731,60.689758110046384
2021-10-27,64.73898315429688,66.11681531202133,64.7244802014596,65.82674887839254,6128200,51.82237850189209,60.77403977711995
2021-10-28,66.58577728271484,66.63895724618715,65.39165141128794,65.3964906478031,8521200,51.96116901397705,60.90328254699707
2021-10-29,67.01121520996094,67.14174918535822,65.42066296145379,65.5318547450742,10592200,52.10409236907959,61.021647707621256
2021-11-01,67.37379455566406,67.65419728267499,66.56159228141107,67.47532260627708,9087200,52.25308158874512,61.14041550954183
2021-11-02,68.16665649414062,68.31169340886665,67.37379638744017,67.42214448464347,8008600,52.40158887863159,61.2755402247111
2021-11-03,69.43814086914062,69.61701556241326,67.70254438861775,67.9007612728241,8535800,52.54855173110962,61.428794352213544
2021-11-04,70.37120056152344,70.44372271409878,69.5396633748081,69.70403511763018,9553200,52.69972072601318,61.590267244974775
2021-11-05,71.13504791259766,72.09711897885944,70.41470257763828,71.47830169687599,9937800,52.856738834381105,61.755527114868165
2021-11-08,71.3332748413086,71.90374410671896,70.98035728937022,71.67652129710366,7478600,53.01235576629639,61.918450419108076
2021-11-09,70.59843444824219,71.59918277124332,69.9071022218057,71.50248655262398,9782600,53.165240898132325,62.06147181193034
2021-11-10,68.91117095947266,70.58874819121449,68.16665892344281,69.78138510195727,10143800,53.32443014144897,62.196354675292966
2021-11-11,68.988525390625,69.61701379610558,68.94984838662327,69.57833679210385,5655000,53.47934234619141,62.36580435434977
2021-11-12,70.52108001708984,70.7724769056548,69.1045704204983,69.55901608859759,7729200,53.65310556411743,62.557332038879395
2021-11-15,70.5500717163086,71.19790231311042,70.03278246296325,71.13988311858706,6410200,53.81848360061645,62.72476736704508
2021-11-16,71.39611053466797,71.95691601806479,70.41954386313817,70.4485497714373,7697400,53.9800691986084,62.88051916758219
2021-11-17,70.85464477539062,71.36710214253075,70.56941018453094,71.28008442066192,7756000,54.13834337234497,63.02208970387777
2021-11-18,71.5653076171875,71.72967931691397,70.06660537951457,71.37193001478963,8877600,54.29359806060791,63.16946156819662
2021-11-19,71.22206115722656,72.14544769067611,71.04317912955591,71.52663051169223,8783200,54.44479253768921,63.32908089955648
2021-11-22,70.58875274658203,73.33476117597922,70.51140611094628,72.08262352795434,11923800,54.58818088531494,63.451716613769534
2021-11-23,70.92233276367188,71.2849213845259,69.18191180970314,70.41954645525007,12857000,54.73381708145141,63.565891647338866
2021-11-24,71.40094757080078,71.49280452884068,69.50581872584364,69.92641913699065,9659400,54.8819913482666,63.69126688639323
2021-11-26,66.75013732910156,68.89182345779813,66.10714609160284,68.18598117864768,16610400,55.00604164123535,63.737355931599936
2021-11-29,69.1142349243164,69.94093292092036,67.83792316265422,68.85799882316138,11760000,55.138746891021725,63.81398340861003
2021-11-30,65.19342803955078,68.80964265673909,64.93236013728401,67.9200937993573,20481600,55.252476329803464,63.82655334472656
2021-12-01,62.887367248535156,68.95468458999073,62.771336241633136,67.63485678346339,19215000,55.35448215484619,63.81172746022542
2021-12-02,65.7252197265625,66.4407257697433,62.785834178535545,62.955045127969846,18059800,55.473359508514406,63.848066647847496
2021-12-03,63.99448776245117,66.99672553018311,62.099358321452726,66.52777687461435,24006600,55.584743099212645,63.86990292867025
2021-12-06,66.28120422363281,67.14657917093604,64.08149840258415,65.16926428780644,16989400,55.71229658126831,63.95410423278808
2021-12-07,70.38569641113281,70.68060209731172,68.7177903466616,68.76129920768378,13949800,55.859744205474854,64.09978415171305
2021-12-08,71.00450897216797,71.19305473428457,69.7620426363953,70.6225855893258,8183200,56.00354400634765,64.27173156738282
2021-12-09,69.5396499633789,70.78212364441038,69.44296115547714,70.34701294352763,7923000,56.15517070770264,64.39388357798258
2021-12-10,71.5459976196289,71.5605005759942,69.59284922440426,70.8159810571117,11845200,56.32021215438843,64.5552760442098
2021-12-13,69.63633728027344,71.39610010318626,69.46229447902347,71.25590244126298,9221800,56.46173822402954,64.71417020161947
2021-12-14,68.17633056640625,69.20124535529885,66.7453109231683,67.99261664127107,9927000,56.60067632675171,64.89868761698405
2021-12-15,71.32842254638672,71.44928540695372,67.00153361346516,68.16182150103842,11675800,56.76332498550415,65.13847935994467
2021-12-16,69.4188003540039,72.34851531601176,68.66944904024753,72.22765243885378,14363600,56.92377161026001,65.31961263020834
2021-12-17,67.23843383789062,69.38012038887791,66.39722559307197,67.94426887933248,20049600,57.062973976135254,65.42887274424235
2021-12-20,65.0822525024414,65.24663165406449,63.37083707188455,64.83086297997984,15880200,57.194295196533204,65.49712022145589
2021-12-21,68.52925109863281,68.587262918854,65.62371019803061,66.62445098126875,10337400,57.334635429382324,65.63151982625325
2021-12-22,70.57424926757812,70.61292627355128,68.30202864906823,68.37938266101456,8348000,57.48150346755981,65.86083710988363
2021-12-23,71.8660888671875,72.57706027149183,70.98100186631949,71.01969504110792,7704000,57.628475437164305,66.10789801279704
2021-12-27,74.8937759399414,74.93246174029882,72.50935943958287,72.53354359978341,6228400,57.78971590042114,66.43990650177003
2021-12-28,74.75834655761719,75.63375846382205,74.34240413268368,75.13559580581631,6149400,57.94643701553345,66.73702475229899
2021-12-29,75.0291976928711,75.51285137256735,74.27469913334005,74.77769571303759,6465000,58.10528564453125,67.07572186787924
2021-12-30,74.38594055175781,75.70631308664609,74.15378884210016,75.16462330412162,6001000,58.25893650054932,67.3759801864624
2021-12-31,73.78619384765625,74.69546499958102,73.67012170398479,74.10540700268965,5945200,58.419085330963135,67.65399532318115
2022-01-03,75.07756042480469,75.13076262603988,73.28320936308702,74.44397527007534,9503800,58.586802597045896,67.9293607076009
2022-01-04,75.0146713256836,76.14157764440489,74.07638222325774,75.79335386512248,11905200,58.74944494247436,68.20931809743246
2022-01-05,70.6569595336914,75.1887992254002,70.6327753753426,74.82605899007497,15084000,58.89508731842041,68.43727429707845
2022-01-06,70.4635009765625,71.75968920748137,69.32691195470015,70.47317611588892,13981200,59.043025703430175,68.66861330668131
2022-01-07,69.66545104980469,71.02452366507363,68.96899616741875,70.4344657694671,13156600,59.18361387252808,68.8773047765096
2022-01-10,69.35108947753906,69.46232773925821,65.36094727358422,68.07424426747224,18895800,59.312453536987306,69.03273404439291
2022-01-11,71.25667572021484,71.28085987279643,67.79854854013023,69.22533236280438,14850200,59.45123207092285,69.1968786239624
2022-01-12,71.88542938232422,72.80436817385734,70.8745878556768,72.08372172872959,10613000,59.59496736526489,69.36191387176514
2022-01-13,68.84324645996094,72.64476376441118,68.34992513874931,72.354576054281,9745400,59.720808544158935,69.45271803538004
2022-01-14,68.90129852294922,69.06573898391848,66.77321814934571,67.30524008773875,11007900,59.84014753341675,69.53264497121175
2022-01-18,65.2545394897461,66.78288655878957,64.73219274285904,66.67648218183288,11867700,59.93148696899414,69.5431713740031
2022-01-19,63.232879638671875,66.5604116681388,63.07810693127073,65.92199270003128,11656200,60.01308069229126,69.52362906138102
2022-01-20,61.12413024902344,66.12510954169124,60.891978626878355,64.02605504570504,10739300,60.08318798065186,69.45266488393148
2022-01-21,57.525760650634766,61.617469684167965,57.487067476846306,60.63081589246728,23424600,60.13208848953247,69.31753794352214
2022-01-24,58.2415657043457,58.42535643418151,50.70624172066535,55.117163886962565,26532700,60.179370861053464,69.20924765268961
2022-01-25,56.07480239868164,58.17385735757048,53.201898688697014,55.52343756201571,17505300,60.21560186386108,69.03406473795573
2022-01-26,55.71689224243164,59.769911699163835,53.91770398236078,58.454373340414676,21162500,60.24798866271973,68.84582602183023
2022-01-27,54.855987548828125,58.81227393689293,54.14018232476817,57.545103932954596,18358600,60.27843978881836,68.63719590504964
2022-01-28,58.89933395385742,58.90900909210665,53.5211083623177,55.38800783615465,16536600,60.32129997253418,68.48274052937826
2022-01-31,62.06243896484375,62.226879432145886,58.038437115765596,58.58980197316661,9906100,60.37726831436157,68.35981216430665
2022-02-01,63.42633056640625,63.619789047579346,60.85329365297359,62.430005366425576,10517000,60.44387542724609,68.24406433105469
2022-02-02,65.17715454101562,65.49636767871546,63.37796261212136,64.37429519766641,11025200,60.5246996307373,68.14476610819499
2022-02-03,60.59212112426758,63.29090904025831,60.18585388013171,62.41065596466249,9946000,60.57583034515381,67.96574687957764
2022-02-04,61.43367385864258,63.05875381312376,59.44102354359226,60.48571331934978,10979900,60.637985496521,67.81300086975098
2022-02-07,60.804931640625,62.34294655783075,60.23422024072474,61.74322081249089,7937700,60.689165058135984,67.67789688110352
2022-02-08,62.26557540893555,62.710535894567876,59.98272583268472,60.56311244393024,6977300,60.74602821350098,67.56584771474202
2022-02-09,65.00304412841797,65.13846655277132,63.987375945767816,64.10344809237432,6949900,60.816844635009765,67.47388044993083
2022-02-10,61.55943298339844,65.10944883030513,60.630818906222146,62.400992950199765,11250500,60.87080560684204,67.32403647104898
2022-02-11,57.89332962036133,62.45902040474504,57.264582206738744,61.55942448850022,12311000,60.9016982460022,67.09899012247722
2022-02-14,57.3226203918457,58.31894927086101,55.85231676317153,57.64183352424446,10146900,60.93462017059326,66.87345638275147
2022-02-15,60.04075622558594,60.137485467363845,58.93802663338802,59.17017828964861,6575900,60.97948905944824,66.68138052622477
2022-02-16,60.27291488647461,60.86296919774371,58.37698990950052,59.20887471848168,7204300,61.03023239135742,66.49889475504557
2022-02-17,56.45204544067383,59.12181153104189,56.14250745019591,58.90900646882827,8155800,61.061895561218265,66.26328296661377
2022-02-18,55.32029724121094,57.02275997349652,54.3723366314087,56.53910637523104,7960800,61.08185684204101,66.00324904123941
2022-02-22,53.55979919433594,55.77493359123875,52.089491792067946,54.41103057248776,11100100,61.087335090637204,65.70589656829834
2022-02-23,50.58049774169922,54.88501580632945,50.43540017604367,54.643188990226456,12299700,61.085700340270996,65.43640257517497
2022-02-24,52.93105697631836,53.09549744718059,46.5661731302986,46.6629060749098,20427300,61.10249008178711,65.16668294270833
2022-02-25,56.384334564208984,56.47139235516183,52.79562592934444,53.40502677603046,12999100,61.15233083724976,65.01986471811931
2022-02-28,55.94904327392578,56.59713726508901,53.70489107858027,54.20789121753479,14717800,61.19194566726684,64.90422598520915
2022-03-01,53.47273254394531,56.21021326667531,52.34098506662176,55.44603981156868,12756500,61.20808376312256,64.70001786549886
2022-03-02,56.37466049194336,57.003411626263656,54.03377891982706,54.343316917958404,12647700,61.240616970062256,64.57302074432373
2022-03-03,55.552452087402344,57.61281743049504,54.81729655832495,57.35164404700576,11393600,61.275299835205075,64.39420820871989
2022-03-04,54.20790100097656,54.62384342768163,52.515113256474145,54.024110255697686,11194300,61.305362949371336,64.12457828521728
2022-03-07,49.39071273803711,54.03378710317934,49.35201955991465,53.937054157873206,14190000,61.303629074096676,63.76434834798177
2022-03-08,48.22026062011719,52.10883585983333,47.8333399687426,49.44874116044908,18218400,61.29664728164673,63.40902519226074
2022-03-09,52.13785934448242,52.84399315481971,50.53212954659586,51.37368577398631,11559000,61.30166324615479,63.085556221008304
2022-03-10,51.393028259277344,51.760602307663305,49.564818394992,50.299970181747746,8340900,61.304622974395755,62.781501070658365
2022-03-11,49.46808624267578,52.5924878427175,49.25527749239959,52.360336196947,9386000,61.29645933151245,62.46969699859619
2022-03-14,48.365360260009766,51.01578362585133,47.92039983121387,49.74860985864478,8062500,61.28263698577881,62.08697929382324
2022-03-15,51.55747604370117,51.77995626994227,48.82966987502771,49.31332350337385,8322900,61.283276538848874,61.789290555318196
2022-03-16,54.923702239990234,54.9914134495371,51.02545536186012,52.84399395108028,11178900,61.301496524810794,61.584045028686525
2022-03-17,56.98406219482422,57.051773397910516,54.053122806996676,54.159527180413384,7959800,61.328688850402834,61.44907519022624
2022-03-18,58.86063766479492,59.02508179646959,56.08446722167056,56.39400520954584,8160200,61.36814056396484,61.28793163299561
2022-03-21,58.86063766479492,59.6731758054635,57.380658929642244,58.831619631551575,7567400,61.4008723449707,61.09270477294922
2022-03-22,60.872650146484375,61.298264040314066,59.450707200531355,59.450707200531355,6256200,61.44407510757446,60.909480794270834
2022-03-23,58.55464553833008,60.451621598606906,58.53528818766965,59.82252431630993,6633900,61.475615367889404,60.63716195424398
2022-03-24,61.14848327636719,61.17751746195259,58.94179656296824,59.367647283718156,6296200,61.52135761260986,60.41033089955648
2022-03-25,62.067928314208984,62.213106613819434,60.36452188457237,61.47754566948573,6121400,61.56809532165527,60.19430974324544
2022-03-28,63.384193420410156,63.403554463565726,61.00329461341068,61.80660807065496,7579400,61.62010900497437,60.01094729105632
2022-03-29,65.78446197509766,65.96835498903596,63.94555398794086,65.09729253363795,8241200,61.68226276397705,59.877585093180336
2022-03-30,64.57465362548828,65.60056750345169,63.577773931380406,65.26182305167842,7682100,61.73998708724976,59.70253664652507
2022-03-31,61.584014892578125,64.54562367743942,61.50658547449858,64.23591338919694,9363200,61.787109260559085,59.478692372639976
2022-04-01,62.019535064697266,62.2905305955098,60.52905226115391,62.242135371832816,8822300,61.83660243988037,59.33473529815674
2022-04-04,63.65520095825195,63.674562005059286,61.78726237347657,62.1260105438846,7030600,61.9047647857666,59.2212636311849
2022-04-05,61.29365921020508,64.08105167938966,60.73230703041517,63.03577673441716,8283600,61.95053188323975,59.08173376719157
2022-04-06,59.42570877075195,60.38387364492119,58.14815314383485,59.57088336487965,13197200,61.983067417144774,58.916310755411786
2022-04-07,60.296775817871094,61.07105150394226,58.19655278865072,59.028900535691356,10488700,62.02068349838257,58.73364575703939
2022-04-08,59.87091827392578,61.03233351637203,59.145034208901535,59.9677013391141,8792700,62.051553325653074,58.533403905232746
2022-04-11,56.744781494140625,58.75789817154481,56.52217747691078,58.40947320821548,7495800,62.06401262283325,58.331762822469074
2022-04-12,56.08664321899414,58.97082214768648,55.467222736595424,57.93522783641913,11892500,62.07141664505005,58.11818523406983
2022-04-13,58.00298309326172,58.29333601478025,55.912436889475494,55.97050895059429,8523800,62.08808809280396,57.99732596079509
2022-04-14,55.873722076416016,58.56433147185812,55.79629635377507,58.119123413569,8504800,62.09336389541626,57.87467333475749
2022-04-18,55.89307403564453,56.570566580544664,55.00265800500353,55.41882814660324,7283300,62.09414365768433,57.787489064534505
2022-04-19,58.574005126953125,58.8933921949604,55.786609289982806,55.84468134418289,7842600,62.10197069168091,57.804959805806476
2022-04-20,58.438507080078125,59.599922314271744,57.98361855444328,59.33860360967539,8901900,62.11098154067993,57.80824216206869
2022-04-21,55.83500671386719,60.606485422334615,55.4672280745725,59.967707526882464,10186600,62.10380821228027,57.80424556732178
2022-04-22,51.2861328125,55.505935938395474,51.01513357172693,55.38979551637127,11662500,62.08073141098023,57.73039957682292
2022-04-25,52.108795166015625,52.16686721768056,48.624553290935914,50.366674228475766,16519700,62.05304161071777,57.68461303710937
2022-04-26,47.60832214355469,51.20870883666365,47.56961112679746,51.111925756713816,13666400,61.999610328674315,57.496429506937666
2022-04-27,47.95674133300781,49.93114693808139,47.211499893091684,47.99545603711609,16340700,61.950894336700436,57.26133454640706
2022-04-28,51.586158752441406,52.23461708616319,48.09223629000881,49.71821684699704,12990600,61.919334392547604,57.06399834950765
2022-04-29,45.93394470214844,50.90866978195638,45.614557619814086,50.06664526448863,14815700,61.86243824005127,56.74327818552653
2022-05-02,46.73726272583008,47.192147625985285,43.572407318694566,45.89523443491481,14769100,61.81618198394776,56.51236387888591
2022-05-03,47.36635208129883,48.20838022928925,46.330757808840744,46.88242938605534,12159300,61.78537502288818,56.27790851593018
2022-05-04,51.663597106933594,51.86684378876067,46.437229597988825,47.59864501020298,16068600,61.76462062835694,56.12555294036865
2022-05-05,46.20494079589844,50.07632237708001,44.598317587389566,50.04728450463586,18436800,61.70994972229004,55.857875696818034
2022-05-06,45.362918853759766,46.49530004113399,43.44658515177954,45.26613577779582,15267700,61.64920738220215,55.53054027557373
2022-05-09,41.00761032104492,43.67886580702555,40.436581362899865,43.25301144987763,17618200,61.558010540008546,55.188009897867836
2022-05-10,41.2302131652832,43.398188517439216,39.933300162662476,42.93362316169948,15112600,61.465702819824216,54.910291290283205
2022-05-11,39.27516555786133,42.76908412402977,39.033204223548346,40.89146549889432,19481200,61.36763254165649,54.609500376383465
2022-05-12,39.13966751098633,40.1559081570525,36.98137266438028,38.24925149550572,20483000,61.269368171691895,54.261148897806805
2022-05-13,41.93674850463867,42.37227603865235,40.10751735522292,40.44626550527963,15028100,61.18143915176392,53.955546124776205
2022-05-16,41.45281982421875,42.63358868938622,40.63014902752938,41.385067250247275,10006900,61.09561082839966,53.70555903116862
2022-05-17,43.93050765991211,44.046648088800225,42.188386458439744,43.45626542159701,11503900,61.023983821868896,53.51572920481364
2022-05-18,38.694461822509766,42.50777168212773,38.23957326574985,42.41098861100488,12196000,60.91904571533203,53.26797358194987
2022-05-19,37.90083694458008,39.29453340433436,37.23302474987167,37.65887552289812,12146700,60.814393844604496,53.05664590199788
2022-05-20,37.96857452392578,39.18806179305678,35.306999679185324,39.03320667704428,16970300,60.70469018936157,52.80727119445801
2022-05-23,40.1171989440918,40.33012245534568,38.18150783645927,38.907392001821464,14227700,60.604037551879884,52.53615226745605
2022-05-24,39.1977424621582,39.55584426075802,37.06848163938654,38.76221125194893,12892500,60.49973039627075,52.256963920593265
2022-05-25,40.25269317626953,40.83339898046327,38.587997789259205,38.68478455131647,13223200,60.39977939605713,52.036629931132
2022-05-26,42.614234924316406,43.1271955347442,40.5333693760276,40.59143774140765,11838400,60.30943643569946,51.80728950500488
2022-05-27,45.75973892211914,45.77909627722105,43.36916279362246,43.41755433535823,11222600,60.23213785171509,51.64407761891683
2022-05-31,44.95642852783203,46.127520809131596,44.00794028985106,45.14999838481626,12234800,60.14913061141968,51.48988641103109
2022-06-01,43.891788482666016,46.03072967473239,42.99169194337101,45.69198156125603,11944400,60.058503799438476,51.39823767344157
2022-06-02,46.34043884277344,46.379149852872786,43.03040565084245,43.824038584455714,9721100,59.98611499786377,51.36690731048584
2022-06-03,44.085365295410156,45.23710389498274,43.7369402969525,44.68542851939953,10181200,59.912434101104736,51.23269907633463
2022-06-06,44.44346237182617,46.02105152743305,44.07568375015584,45.43066519786031,9246800,59.8395043182373,51.11687297821045
2022-06-07,45.72102737426758,45.89523618409054,43.10784353839214,43.26269868537538,8331100,59.7655896949768,51.054421997070314
2022-06-08,44.25956726074219,45.75972680969252,43.95953387413732,45.130629549571154,8121600,59.67663251876831,50.985992113749184
2022-06-09,41.07535934448242,44.38539268526001,41.06568251453174,43.6304744198359,8270800,59.57020725250244,50.811290168762206
2022-06-10,37.48465347290039,39.313880764981946,37.445938769185865,39.04288522305501,12564700,59.44401554107666,50.52063935597737
2022-06-13,33.197105407714844,35.152154084437775,32.70350574549088,34.61015918557142,14471400,59.30177656173706,50.12419007619222
2022-06-14,32.86803436279297,33.95202404929188,32.0066524042992,33.68102478164824,14149800,59.14996368408203,49.69098002115886
2022-06-15,34.252052307128906,35.51993126542861,32.41314803730136,33.77781007063074,19453000,59.000864791870114,49.28083693186442
2022-06-16,30.971052169799805,32.01632695270837,30.158061902661075,31.90986337014874,17307200,58.83632788658142,48.78247696558635
2022-06-17,31.038803100585938,31.938899659068117,30.11935103619367,30.971054214853933,14458000,58.67159792900085,48.32387959162394
2022-06-21,33.39067459106445,33.75845696815699,32.55832674966254,32.57768410551353,8654200,58.51596837043762,47.8612494468689
2022-06-22,33.18742370605469,34.358515897018975,32.0840804060032,32.190540311696424,12004900,58.3597093296051,47.37990770339966
2022-06-23,34.155269622802734,34.368193128711205,32.79060757386292,33.777810457016486,12507100,58.2116010761261,46.892758973439534
2022-06-24,37.397552490234375,37.40723301354188,35.05536796696938,35.07472532154652,11085900,58.08086449623108,46.41964381535848
2022-06-27,37.02976608276367,37.77500753821251,36.65230693993421,37.70725865062966,9407900,57.952591772079465,45.96056235631307
2022-06-28,34.755332946777344,38.27829009662024,34.66822670111473,37.42658499370115,13583100,57.820222806930545,45.51341765721639
2022-06-29,34.6295051574707,35.161823049233526,34.09719095774486,34.852109143100165,10002200,57.68514582633972,45.056917158762616
2022-06-30,33.7487678527832,34.687579066353166,32.480892749630634,33.50680650429916,13581100,57.550451345443726,44.5584766070048
2022-07-01,34.794044494628906,34.93921909619183,32.83899625220842,33.57455716609107,11727300,57.413368921279904,44.1168163617452
2022-07-05,34.997291564941406,35.02632574718906,32.52928638888019,33.35195355022145,11786200,57.27904313087463,43.70967607498169
2022-07-06,35.36507034301758,36.08127384192804,34.35851028245671,35.04567960201695,9897700,57.155355043411255,43.294147650400795
2022-07-07,36.92330551147461,37.165266874742365,35.868353819945696,35.87803064997995,7805800,57.05444514274597,42.91168743769328
2022-07-08,36.855560302734375,37.407231970670125,35.984497831237,36.42002906698569,8808800,56.954018354415894,42.58020041783651
2022-07-11,35.577999114990234,36.32324059637546,35.36507561462131,36.04256820606585,7584000,56.83915432929993,42.23838968276978
2022-07-12,34.6295051574707,36.09095369152268,34.1165483076305,35.413461213672974,9289400,56.70888772010803,41.84883171717326
2022-07-13,34.077842712402344,34.91019051967777,32.935784608285545,33.061605570139214,12728700,56.5743399143219,41.485567061106366
2022-07-14,33.80684280395508,33.97137476285239,31.93890073814883,32.63575066297862,11869300,56.44104775428772,41.117463207244874
2022-07-15,35.7522087097168,35.76188923151834,34.51336774580522,35.045681991733645,12550400,56.335732736587524,40.737099933624265
2022-07-18,34.852115631103516,36.836201905310716,34.4843369909222,36.623274708967465,9121600,56.22478114128113,40.34399340947469
2022-07-19,37.63950729370117,37.81371976235283,35.78124588413309,35.97481201193518,9987000,56.13811234474182,40.04073508580526
2022-07-20,38.346038818359375,38.80092739836017,37.3007675670857,37.68790356339393,13295900,56.045186281204224,39.82506685256958
2022-07-21,39.51713180541992,39.536485465578714,37.43626259479476,38.16214668798436,11227000,55.96923508644104,39.61520579655965
2022-07-22,38.462181091308594,39.92362614509307,37.72661645721557,39.555843828046555,9853800,55.879693784713744,39.46277011235555
2022-07-25,38.558956146240234,38.81059429482703,37.87178688275634,38.6073476718873,6359400,55.78696213722229,39.306140359242754
2022-07-26,37.16526794433594,38.10407555024771,36.90394922144168,38.05568401460896,7153100,55.68001029014587,39.06579217910767
2022-07-27,40.059120178222656,40.58175757591419,38.075037863323864,38.152463574813076,10855200,55.58921975135803,38.96787843704224
2022-07-28,41.55928039550781,41.77220756623362,39.18806210495103,40.31076262798644,10002200,55.51211821556091,38.88157873153686
2022-07-29,43.40786361694336,43.69822018324032,41.78188309064363,42.052882306384994,8342600,55.446241731643674,38.81560392379761
2022-08-01,42.97234344482422,43.814368030697075,42.2464592899592,42.46906332107328,8307800,55.375383634567264,38.67074969609578
2022-08-02,42.139984130859375,43.669177744457734,41.733487195777414,42.449694323285286,9022800,55.285956888198854,38.60300041834513
2022-08-03,44.05632781982422,44.47250168223501,42.72069998948172,42.81748675518051,7469700,55.19919852256775,38.58122390111287
2022-08-04,43.97890090942383,44.2692575310023,43.417552404583596,44.04664980324873,6924700,55.10917645454407,38.63074541091919
2022-08-05,43.72726058959961,43.95954144526829,42.51745369788213,42.53681105119413,8026800,55.01083777427673,38.67236286799113
2022-08-08,43.601444244384766,45.053212667785175,43.223985045026744,44.29829426906913,7120700,54.90831658363342,38.74446751276652
2022-08-09,43.04009246826172,43.48530053184508,42.69166748213987,43.35947957751491,5361600,54.8004022693634,38.809474595387776
2022-08-10,45.7307014465332,45.8081308613721,44.75317908243723,45.382276463833584,7920200,54.70702868461609,38.87270714441935
2022-08-11,45.74037551879883,47.346998859434514,45.488737319823954,46.698544163436296,6599000,54.6088206577301,38.94416640599569
2022-08-12,48.03417205810547,48.072883071237634,46.06944322917623,46.39851083904338,5762700,54.520824632644654,39.012560812632245
2022-08-15,48.62455749511719,48.808446803233274,47.230857670953405,47.230857670953405,6238100,54.440252504348756,39.1780624071757
2022-08-16,48.90522384643555,49.60207367265443,47.94705902742156,48.247088719903715,6616700,54.351849737167356,39.36146885553996
2022-08-17,47.85028076171875,48.82780679592165,47.13407715071551,47.60831938383216,7784100,54.25604506492615,39.52616395950317
2022-08-18,48.23741912841797,48.48905733006495,47.43410560355113,47.888994163031754,5618600,54.16036318778992,39.661500962575275
2022-08-19,46.311405181884766,47.34699955997649,45.972660737476275,47.259897010303625,6570600,54.05108693122864,39.78006200790405
2022-08-22,43.38850784301758,44.64670603149156,43.05944028369021,44.58863398265605,8335700,53.92083876609802,39.832325585683186
2022-08-23,43.0594482421875,44.02729374944062,42.87555523290534,43.2046228530529,7140900,53.78428000450134,39.8397458076477
2022-08-24,43.427223205566406,43.91114591828467,42.74973066935338,42.96265784440135,6117000,53.64574088096619,39.80087054570516
2022-08-25,45.27580261230469,45.29515996163118,43.582073312623756,43.92082138778207,6910500,53.515453519821165,39.80619344711304
2022-08-26,40.649513244628906,45.41131159539301,40.649513244628906,45.237102792447935,11974100,53.365708913803104,39.752155526479086
2022-08-29,39.85586929321289,40.81403406170609,39.42033817479018,39.70101419466668,5511500,53.220432405471804,39.64407936731974
2022-08-30,38.52023696899414,40.272038053162305,37.871782478258034,40.20428918672827,8926700,53.068090963363645,39.55132722854614
2022-08-31,37.62015151977539,39.39131046131246,37.59111733779524,39.013851327420916,8803800,52.903586320877075,39.43760538101196
2022-09-01,37.94921875,38.055682338939945,36.1296719842463,36.932981778183205,12426000,52.74058205604553,39.30807523727417
2022-09-02,36.75877380371094,39.43970643905438,36.187744777525324,39.08160461681392,14563100,52.56739537239075,39.18306201299031
2022-09-06,36.323246002197266,37.262057462576735,35.66511066593676,36.99106186248293,10780300,52.39473837852478,39.10386012395223
2022-09-07,38.26860809326172,38.491212092747595,36.1780621719626,36.22645370367045,8421900,52.228254880905155,39.11692603429159
2022-09-08,38.99449920654297,39.129996996677264,37.19430584152939,37.52337348558604,12543600,52.067117071151735,39.213549264272054
2022-09-09,40.80436706542969,41.075362630174766,39.60423699348867,39.71070059164928,7645900,51.91819514274597,39.34582147598267
2022-09-12,42.11095428466797,42.35291564934945,41.37539336053274,41.47217642959036,7244800,51.77413825035095,39.47680317560832
2022-09-13,36.64263153076172,39.68166583574917,36.26517237329403,39.27517249448785,11696500,51.600346670150756,39.571329498291014
2022-09-14,37.010414123535156,37.465299005066406,36.052245439047795,37.00073360084265,6772200,51.45164805412293,39.6708563486735
2022-09-15,35.76189041137695,37.37819055405309,35.35539339915898,36.507131857078726,10567900,51.284886331558226,39.71037661234538
2022-09-16,34.9392204284668,35.10375608029023,33.96169811600112,34.50369291513346,11593600,51.13361529350281,39.73957322438558
2022-09-19,35.703819274902344,35.713499797272746,33.9907323270554,34.010089679758686,9851800,50.997697553634644,39.76538238525391
2022-09-20,34.513370513916016,35.02632744941987,33.68102279001631,34.7553318898386,12608600,50.84163830757141,39.7173126856486
2022-09-21,32.674461364746094,35.87803119193624,32.674461364746094,35.02632614659782,16503800,50.68503817558289,39.64472427368164
2022-09-22,31.832435607910156,32.7131748016929,31.619508431818506,32.42282191104622,12424500,50.51279433250427,39.59600931803386
2022-09-23,30.19677734375,30.903304045638226,29.03536212052169,30.874268018951007,16917500,50.31184973716736,39.52213052113851
2022-09-26,29.306364059448242,30.75813239142718,28.986975100253634,29.83867837609963,16036400,50.10335901260376,39.44809045791626
2022-09-27,29.093435287475586,30.767809409729452,28.474014756618402,30.21613592266363,19343600,49.901127939224246,39.3530803044637
2022-09-28,30.758127212524414,31.213013882052756,28.880506635757587,29.325714629846786,15903300,49.69718858718872,39.282427565256754
2022-09-29,28.822439193725586,29.916103778990742,28.067519051229215,29.838676214069483,19154500,49.49311909675598,39.173383712768555
2022-09-30,27.496492385864258,29.56768130664077,27.477135031497266,28.61919309488507,18747300,49.289719905853275,39.01627016067505
2022-10-03,29.664464950561523,30.109674851668874,27.951377929507718,28.386909153849817,14928900,49.081400117874146,38.89641857147217
2022-10-04,32.39379119873047,32.403468029572174,31.038805974553874,31.048486497433288,17376100,48.89627507209778,38.8433484395345
2022-10-05,32.142154693603516,32.78093270559067,30.583924377583532,31.222700543551525,18489300,48.720793676376346,38.801892598470054
2022-10-06,31.145265579223633,32.55831899128375,31.00008729095507,31.74532869946171,14380900,48.55110874176025,38.753016312917076
2022-10-07,28.541763305664062,30.158065349338692,28.067519236636254,30.070959107474525,16822600,48.35117130279541,38.665264987945555
2022-10-10,27.91266441345215,28.861152561962953,27.312599390219905,28.793403672214865,15989100,48.13786337852478,38.53460591634114
2022-10-11,27.32227897644043,28.561121924285317,26.85771356325567,27.46745543730831,17495800,47.91514432907105,38.40910863876343
2022-10-12,27.070634841918945,27.806197558433276,27.00288596011159,27.41905977237799,12269400,47.67602862358093,38.23296076456706
2022-10-13,29.170862197875977,29.51928716165761,25.10591228650487,25.357552333011743,26105100,47.448091201782226,38.08004115422567
2022-10-14,27.17710304260254,30.18710330185204,27.02224790187127,29.799965450023866,20903700,47.208830728530884,37.87437400817871
2022-10-17,29.23861312866211,29.51928922376401,28.609513891457798,28.6385499224742,14569300,46.9830940914154,37.72064787546794
2022-10-18,30.10967254638672,31.309798837091336,29.422501316816394,31.261407302988914,24385600,46.76471148490906,37.579826482137044
2022-10-19,29.645105361938477,30.44841701270024,28.899865767389873,29.732211600239523,13506600,46.53754920959473,37.454490439097086
2022-10-20,28.86115264892578,30.593596988075735,28.65790597906911,29.490251857649174,14523000,46.30678161621094,37.26785764694214
2022-10-21,30.942020416259766,31.067839520824354,28.406266203494003,28.76436800988317,17892400,46.10820692062378,37.09090331395467
2022-10-24,32.06472396850586,32.37443424782184,30.651668511603102,31.35819716306392,16027100,45.916213035583496,36.90185098648071
2022-10-25,33.61327362060547,33.69070303243487,32.026007598478444,32.05504178189569,17358700,45.7359521484375,36.7458664894104
2022-10-26,32.86803436279297,34.300445349911726,32.674464512201176,32.74221709814044,17531000,45.553536872863766,36.59133399327596
2022-10-27,32.29700469970703,33.58424104262309,32.12279220680053,33.11967562555167,14456300,45.35873851776123,36.395345274607344
2022-10-28,34.56175994873047,34.72629559421072,32.20989522243465,32.24860992631675,16002400,45.17212017059326,36.23839292526245
2022-10-31,33.83587646484375,34.40690543509533,33.56488091694043,33.874591169412064,15301700,44.997083320617676,36.073536523183186
2022-11-01,33.39067459106445,34.919872474949464,33.0422495698229,34.842443051545516,13091100,44.819530200958255,35.90335702896118
2022-11-02,30.854909896850586,34.44561721596331,30.825875716907454,33.21645314053004,22382600,44.647532052993775,35.700270652770996
2022-11-03,29.848350524902344,30.651662085727406,29.316036324675775,29.974169607240416,19157700,44.48060940742493,35.435564804077146
2022-11-04,31.145265579223633,31.7646860507,29.61606990575239,31.2904438674922,21279300,44.330715084075926,35.192312971750894
2022-11-07,32.04536437988281,32.18086215612999,30.942019279237034,31.4743353999572,12186700,44.20331310272217,34.92583284378052
2022-11-08,32.5292854309082,33.3325952164148,31.454976414933725,32.31635825526286,16032100,44.074751701354984,34.65757830937704
2022-11-09,30.496814727783203,32.27764891302304,30.370993767455495,31.938904433722968,13833200,43.94686176300049,34.35077149073283
2022-11-10,35.51025390625,35.6167175134899,33.30356710905198,33.85523880835149,19784800,43.84582857131958,34.14510437647502
2022-11-11,36.565208435058594,36.77813566509825,35.239260893534976,35.781255800891245,15045900,43.75437467575073,33.95056753158569
2022-11-14,35.63606643676758,37.000728268779305,35.539283376015526,36.04256341440783,11806300,43.63805833816528,33.772645219167075
2022-11-15,36.53615951538086,37.552396326407944,35.4328164810065,37.2330093021591,18012000,43.51042694091797,33.65843941370646
2022-11-16,35.6844596862793,36.29420333609615,35.48121303368611,36.032884629031784,8990700,43.371717586517335,33.53552293777466
2022-11-17,35.297325134277344,35.481214442682585,34.1843013776228,34.271407616770006,11901300,43.222318439483644,33.40002463658651
2022-11-18,35.771568298339844,36.245814211266286,34.96825846432826,36.245814211266286,11520400,43.098215675354005,33.24162073135376
2022-11-21,35.36507034301758,35.703814742226974,34.842432962491316,35.384427693263405,6463000,42.96787265777588,33.15354668299357
2022-11-22,36.78779983520508,36.826514534984774,35.50056744984456,35.89738389249398,10610100,42.84778699874878,33.102412192026776
2022-11-23,37.43626403808594,37.591119169588396,36.594239491293656,36.64263102763113,9312800,42.72364044189453,33.084345976511635
2022-11-25,37.397552490234375,37.5814455126982,37.19430580523129,37.28141205480945,2726000,42.58561298370361,33.080635992685956
2022-11-28,35.63606643676758,36.98137091822147,35.394105092850346,36.48777140112664,7842700,42.455996150970456,33.04208345413208
2022-11-29,35.403785705566406,35.9651341050446,34.89082514455208,35.645747050108426,8459100,42.343548431396485,33.01950031916301
2022-11-30,38.70414352416992,38.71382035476206,34.92954456276557,35.481216207457926,17124100,42.25045604705811,33.059181944529215
2022-12-01,38.64606857299805,39.40098683198074,37.89115031401535,39.07191923590466,12623600,42.14348260879517,33.06547295252482
2022-12-02,38.48152542114258,38.76220142904312,37.13622111766728,37.15557846566421,10559000,42.03452566146851,33.056923389434814
2022-12-05,36.381309509277344,37.9395412272225,36.01352721566635,37.649188339440045,13138300,41.934171981811524,32.983205763498944
2022-12-06,34.82307815551758,36.48777347786798,34.203657670560396,36.33291835662869,11008500,41.831685886383056,32.86174116134644
2022-12-07,34.6295051574707,35.28764028543476,34.310118114449985,34.54239892900378,11443100,41.73703441619873,32.828189055124916
2022-12-08,35.42314910888672,35.70382523185712,34.67791121167835,35.10376196608858,14053400,41.661247673034666,32.801734638214114
2022-12-09,34.61015701293945,35.781252994260164,34.581122826407174,35.065045626147615,11692300,41.56964317321777,32.78253908157349
2022-12-12,36.10063552856445,36.10063552856445,34.6391904838082,34.83276031748096,8200000,41.46822467803955,32.801895999908446
2022-12-13,36.88459396362305,39.18806737281987,36.12967562707827,39.15902949615742,23598600,41.372902431488036,32.82157557805379
2022-12-14,36.20709991455078,37.910506365689876,35.33603748996754,36.797486258764145,17369500,41.28657426834106,32.849804401397705
2022-12-15,33.5164909362793,35.02632756407444,33.02288766024042,34.78436618735982,14922600,41.17228342056274,32.86383822758992
2022-12-16,32.29700469970703,33.158386641279314,31.71629885137719,32.809965347504054,12182700,41.05600618362427,32.87158104578654
2022-12-19,31.474334716796875,32.42282282197739,31.038803522571783,32.32603975305511,10228100,40.94233835220337,32.89287366867065
2022-12-20,31.571121215820312,32.006652457364474,30.93234329223481,31.26141093117509,10743100,40.853240394592284,32.930619621276854
2022-12-21,32.99385452270508,33.29388796847865,32.113115231217584,32.26797036954381,10598800,40.777108364105224,32.99562660853068
2022-12-22,31.571260452270508,32.212597048289105,30.01650248443721,32.13485748182549,19509400,40.674275369644164,33.00917882919312
2022-12-23,32.047393798828125,32.105698458167645,30.87161097000619,31.270016875095674,12097000,40.57754719734192,33.06292807261149
2022-12-27,31.687862396240234,32.125138139488826,31.24087106173106,32.04739858209969,8897400,40.48864607810974,33.13278423945109
2022-12-28,30.502355575561523,32.163999446942746,30.44405276956906,31.668422815887592,11445900,40.3993310546875,33.146749083201094
2022-12-29,32.0571174621582,32.30976360672612,31.03680802568745,31.172850395931373,14159700,40.30182926177979,33.14113785425822
2022-12-30,31.843334197998047,31.862769085144368,30.83274230734352,31.38662361712374,11616200,40.186427421569825,33.136157512664795
2023-01-03,31.42548942565918,32.81505217324608,30.66754560331743,32.32919117637864,13371300,40.058634557724,33.140827910105386
2023-01-04,32.11540985107422,32.659575479987105,31.21170813694974,31.979369370552266,11186200,39.9249084186554,33.20038868586222
2023-01-05,31.007654190063477,31.619840192974788,30.85217879166983,31.600405304822345,12147600,39.78564350128174,33.251971848805745
2023-01-06,33.106571197509766,33.40780637884568,31.007651638498945,31.785028566498216,13922200,39.64681310653687,33.3483767191569
2023-01-09,33.06770706176758,34.54472533018023,32.999686800648185,33.68960871018844,11496200,39.519378414154055,33.44832792282104
2023-01-10,33.738197326660156,33.757632216260674,32.640150158600854,32.89279630975528,9266200,39.382326984405516,33.52445017496745
2023-01-11,34.99171447753906,35.03058425482911,33.94225643848969,34.18518698631351,8903500,39.24694591522217,33.65469369888306
2023-01-12,35.35125732421875,35.73994400926324,34.14632007488035,35.27351776311407,14066100,39.10678123474121,33.75657110214233
2023-01-13,35.749656677246094,35.905132063792784,34.379528674920394,34.45726451478093,8969300,38.95660720825195,33.850570837656655
2023-01-17,35.5553092956543,36.20636127775405,35.35124855859247,35.76908932885738,9069900,38.811510486602785,33.94907423655192
2023-01-18,33.87423324584961,36.15777871475388,33.796493698007005,35.87597841406295,10953300,38.67296157836914,34.03262557983398
2023-01-19,33.08713912963867,33.70904072501767,32.717883667322674,33.27176871420962,10568800,38.52829959869385,34.0683775583903
2023-01-20,34.884822845458984,34.952843091960055,33.009399004899954,33.43695536959602,10222900,38.38444770812988,34.11537920633952
2023-01-23,36.15777587890625,36.69222225451778,34.865387505402936,35.12775289855595,10939900,38.25876829147339,34.1577875773112
2023-01-24,36.031455993652344,36.29381768951757,35.34153050946908,35.70107034287425,7445500,38.14179702758789,34.21051127115886
2023-01-25,36.07032775878906,36.14806731564469,34.23377335657511,34.865394282135696,11463700,38.02066478729248,34.27339998881022
2023-01-26,37.18780517578125,37.25582542616928,35.94400207517079,36.77967996662742,11491400,37.907249221801756,34.31716740926107
2023-01-27,37.45988464355469,38.1498064159994,36.84769870830245,36.91572266273091,10621700,37.81082473754883,34.377567545572916
2023-01-30,36.060611724853516,37.294699373589026,35.96343727997707,36.65336286470867,8956400,37.710694580078126,34.42206649780273
2023-01-31,37.615360260009766,37.615360260009766,36.0800413243081,36.1674964584625,7990100,37.60875646591187,34.534740670522055
2023-02-01,38.781429290771484,39.59767601205372,36.45901403923026,37.255825873478905,14755700,37.52329500198364,34.683625316619874
2023-02-02,40.452796936035156,40.899788266265666,39.354749792794046,39.93778164032722,14382200,37.4460936164856,34.8387508392334
2023-02-03,39.160400390625,40.511093533847195,38.791144949980406,38.946624046526075,16025100,37.349025592803955,34.95733477274577
2023-02-06,38.47047805786133,38.84944908347949,37.93603164463505,38.43160828425289,9688900,37.249185447692874,35.05635464986165
2023-02-07,39.937774658203125,40.28759518829607,37.78055423400569,38.149805943036746,15104600,37.16969928741455,35.21370398203532
2023-02-08,38.625953674316406,39.73371628094054,38.4024580349822,39.34502966303024,11120100,37.10639839172363,35.26563231150309
2023-02-09,37.586212158203125,39.665696916298856,37.20724112187316,39.6462620289453,11354500,37.03378547668457,35.28264904022217
2023-02-10,37.79026794433594,37.926308431090646,36.98374061279365,37.207236227722845,9314000,36.984695205688475,35.31855239868164
2023-02-13,39.111820220947266,39.16040559165774,37.85829763975564,38.01377305012487,10119300,36.94047060012817,35.36148007710775
2023-02-14,39.05350875854492,39.75314983691524,37.87772594048132,38.68425703991661,18494200,36.87780735015869,35.41763089497884
2023-02-15,39.413047790527344,39.461633151795475,38.15952545295209,38.402455966118204,7639700,36.845202865600584,35.48622627258301
2023-02-16,37.76112365722656,39.072947087944016,37.722253881263974,37.90687975684747,13014500,36.800322170257566,35.519385528564456
2023-02-17,37.450172424316406,37.518192678040904,36.56590541907213,37.119786746157786,9892500,36.75074127197266,35.554137229919434
2023-02-21,35.20549392700195,36.56590645363377,35.09860389474612,36.29382172421185,9930200,36.668450756073,35.52776546478272
2023-02-22,35.050018310546875,35.71078968147119,34.62246189099475,35.302668150102235,14889400,36.61267614364624,35.48799470265706
2023-02-23,35.5358772277832,35.953718031178084,34.389244842675254,35.8079582321052,14245900,36.56354093551636,35.45696678161621
2023-02-24,34.38924789428711,34.622462852133474,33.670175545677324,34.1268824567697,13102800,36.53044912338257,35.43618647257487
2023-02-27,34.71963119506836,35.66220284558763,34.48641996012747,35.31238228635055,8582900,36.4978962135315,35.424783897399905
2023-02-28,34.3309440612793,35.127755898082874,34.31150917418339,34.60302506697056,8849000,36.473175106048586,35.35189723968506
2023-03-01,33.93253707885742,34.437833062228364,33.573000906645284,34.107447369517594,10215800,36.44713945388794,35.273338381449385
2023-03-02,34.671051025390625,34.913981593838244,33.281487877324125,33.34950813994336,11995300,36.4108109664917,35.20983047485352
2023-03-03,36.31325149536133,36.420141512554544,35.00142822775919,35.18605408038585,12577600,36.385113124847415,35.20869617462158
2023-03-06,36.42014694213867,37.22667813259909,36.293822020547985,36.58534164065355,8015900,36.347561321258546,35.235313987731935
2023-03-07,34.739070892333984,36.46873533379586,34.55444499687414,36.38128018187778,13710900,36.327784366607666,35.23714008331299
2023-03-08,34.8945426940918,35.08888786788451,34.27264110341581,34.758502184484655,10397600,36.312752895355224,35.22832997639974
2023-03-09,32.931663513183594,35.526163616116825,32.649863196256504,35.05973742266469,15767300,36.28756834030151,35.20035508473714
2023-03-10,31.503231048583984,33.31063488226282,31.0756746272036,32.75675354056458,27823300,36.24449850082397,35.12373167673747
2023-03-13,31.289451599121094,32.57212444332778,30.20112205813231,30.482922349905508,21660400,36.20495704650879,35.03047930399577
2023-03-14,32.883079528808594,33.300920373038785,31.72673144060529,32.59156360899884,14474600,36.16810897827148,34.9750789642334
2023-03-15,32.26117706298828,32.30004683976099,30.852179162997988,31.367190731345623,21041900,36.11634368896485,34.95415706634522
2023-03-16,33.90338897705078,33.98112853694106,31.474083332873153,31.619843154254305,16446100,36.0570619392395,34.980930137634275
2023-03-17,32.75675582885742,33.854802998240125,32.348634267233116,33.55356776930826,14697900,35.99606357574463,35.00230382283529
2023-03-20,33.65073776245117,33.75762778781875,32.72760101507065,32.892791994765496,10721300,35.94485832214355,35.036964098612465
2023-03-21,34.94312286376953,35.09859823831479,34.11716063152757,34.53500139564771,10055600,35.887871742248535,35.069451904296876
2023-03-22,33.192901611328125,35.890795422860435,33.15394191701695,34.92656713876501,12275300,35.83340942382812,35.09647925694784
2023-03-23,33.40717697143555,34.96553151388998,32.696179174380035,33.903903851897184,16455300,35.778227996826175,35.119142309824625
2023-03-24,34.05974197387695,34.088959893428466,32.43320966981016,33.07602990775588,13273300,35.719921569824216,35.15867363611857
2023-03-27,34.22531509399414,34.858397263066,34.00130237511994,34.67334053174253,10769300,35.66975030899048,35.22072296142578
2023-03-28,34.00129318237305,34.22530584068215,33.504570107931265,34.04999094019663,8820100,35.63437997817993,35.25312589009603
2023-03-29,35.4525146484375,35.530430327774525,34.78047287272436,35.092143020874914,8166700,35.62421928405762,35.313278897603354
2023-03-30,36.056373596191406,36.22194673002088,35.53042884978998,36.18299074967347,8366400,35.638515625,35.390460300445554
2023-03-31,37.566036224365234,37.64395563601146,36.2803956554188,36.30961357708511,10767400,35.66200563430786,35.48130407333374
2023-04-03,37.95561218261719,38.09196738848966,37.283570503101885,37.41018764372662,11693100,35.6805234336853,35.597103373209634
2023-04-04,37.34202194213867,38.22833477818889,36.942694262498506,38.169895221875,8313600,35.712378282547,35.66769421895345
2023-04-05,37.00113296508789,37.273843457456685,36.514147819914015,37.06931058818009,8826400,35.742189931869504,35.73325131734212
2023-04-06,37.410194396972656,37.488113794623246,36.455704068161175,36.75763616095515,7192100,35.762287530899044,35.794451268513996
2023-04-10,37.517330169677734,37.53681001829007,36.50440033424357,36.679715256353376,7034700,35.78393706321717,35.836544863382976
2023-04-11,37.517330169677734,37.926395844333136,37.322535398955594,37.66342346116843,5864300,35.80074736595154,35.87264607747396
2023-04-12,37.088783264160156,38.18936680423071,36.89398850069776,38.121189194329034,11163300,35.79920351982117,35.894964853922524
2023-04-13,38.48155975341797,38.59843884882036,37.20566120951996,37.35175450567093,7516100,35.80646248817444,35.943735694885255
2023-04-14,38.21859359741211,38.94907127253894,37.53681369088009,38.29650928408348,8629600,35.823778791427614,36.016141700744626
2023-04-17,38.59843063354492,38.617910478632574,37.80951362679763,38.1893613175054,6360700,35.84362341880799,36.10799655914307
2023-04-18,38.676353454589844,39.085422846317456,38.2575459962169,39.05620121557897,7405300,35.868261346817015,36.17118873596191
2023-04-19,38.63739013671875,38.8906244305832,38.0919692860585,38.11144913292507,6380500,35.88747807502747,36.212515640258786
2023-04-20,37.95561218261719,38.471815094963155,37.51732493845519,37.77055550430396,6899700,35.90226967811584,36.24458491007487
2023-04-21,38.04327392578125,38.16988736529743,37.478369477228,38.03353214403316,6885200,35.91566069602966,36.27746734619141
2023-04-24,38.160152435302734,38.26728975093051,37.5855098731731,37.98483750343936,4962200,35.9218449306488,36.2936731338501
2023-04-25,36.3193473815918,37.721863044461664,36.30960559957534,37.58550781944113,9033400,35.91916386604309,36.27466417948405
2023-04-26,35.85184097290039,36.77710960214398,35.68626412271713,36.50439916113754,8089100,35.92053307533264,36.2711846669515
2023-04-27,37.926395416259766,38.02379465822211,36.44596037704279,36.51414170411702,8052100,35.93701752662659,36.27636858622233
2023-04-28,38.91985321044922,38.91985321044922,37.67317238609589,37.702390306853566,8380300,35.96122757911682,36.278675651550294
2023-05-01,38.78350067138672,39.36788141981076,38.70558497211786,38.77376260225393,4993600,35.98611086845398,36.250854047139484
2023-05-02,37.47837448120117,38.56922011236209,36.61154155994105,38.56922011236209,10968200,35.994741697311404,36.22282028198242
2023-05-03,36.67971420288086,38.267286522878244,36.60179852607054,37.58550670263266,12042800,36.00387969017029,36.19297421773275
2023-05-04,35.87131881713867,36.416739668684706,35.47198752882691,36.3193441495946,10457000,35.995038747787476,36.125199953715004
2023-05-05,37.80951690673828,38.12118702437665,36.78684910102482,36.86476477273398,8219300,35.99235613822937,36.11159267425537
2023-05-08,37.85822296142578,37.97510206770122,37.45889530348891,37.89718266351759,4808400,35.9840615940094,36.116126187642415
2023-05-09,37.34202194213867,37.66343021336032,37.264102533720155,37.380981646347934,4865900,35.97846079826355,36.10865542093913
2023-05-10,37.84847640991211,38.315981584018076,36.767369069304195,38.15040474494256,10305400,35.974908399581906,36.087599690755205
2023-05-11,37.624473571777344,37.692651195259735,37.02060931321642,37.57577580006161,7251000,35.977204427719116,36.063782437642416
2023-05-12,37.47837448120117,38.01405737143366,36.75763858245974,37.96535960239464,7055900,35.96430069923401,36.03153788248698
2023-05-15,37.81926345825195,37.94587690517514,37.0790440489408,37.6342067482235,5116700,35.94560061454773,36.03250687917073
2023-05-16,37.05956268310547,37.76082236524945,37.05956268310547,37.5075880509636,6093100,35.91385910987854,36.02599671681722
2023-05-17,38.37443161010742,38.569222699328805,37.147226941762256,37.614732243616935,7160400,35.890869550704956,36.07881234486898
2023-05-18,39.48475646972656,39.591893796149,38.20885405158943,38.28677345822458,7849500,35.87759341239929,36.15272464752197
2023-05-19,39.289955139160156,39.87433573020163,38.92958723186462,39.71850065823049,7093800,35.85376154899597,36.215292612711586
2023-05-22,39.289955139160156,39.767202136984935,38.91984544995326,39.289955139160156,5141500,35.83031682014465,36.29697106679281
2023-05-23,37.99457550048828,39.11464270583764,37.86796205079944,38.84193224139839,6440900,35.801653394699095,36.351553471883136
2023-05-24,37.14722442626953,37.60499162882534,36.80633632781411,37.50759237540835,9004400,35.76938229560852,36.39849147796631
2023-05-25,38.023799896240234,38.46208725694467,37.449157293405904,38.07249766622924,7184900,35.744300832748415,36.46667919158936
2023-05-26,39.52371597290039,39.72824884117924,38.218595641584955,38.218595641584955,7332000,35.71326590538025,36.54755694071452
2023-05-30,39.543182373046875,40.23470392926477,39.14385480288767,40.06912708947146,6778100,35.68227993965149,36.60138912200928
2023-05-31,38.86140823364258,39.28021567126106,38.42312094829753,38.99776345232747,7848200,35.63641612052918,36.64207681020101
2023-06-01,39.94252014160156,40.25419405400291,38.54000425510367,38.910114007316295,6797900,35.593005933761596,36.72880096435547
2023-06-02,41.676185607910156,41.9099363744901,40.546380328369914,40.71195347841392,9240000,35.55686074256897,36.84182834625244
2023-06-05,41.39372634887695,42.143683719163526,41.19893159944913,41.77357406679075,5249000,35.52457797050476,36.98286272684733
2023-06-06,41.666439056396484,41.841753968966536,41.08205849143032,41.28659131762837,4814600,35.49172307014465,37.15224952697754
2023-06-07,41.237892150878906,42.13394281533914,41.10153693806112,41.802792849038426,6945400,35.46635550498962,37.31805686950683
2023-06-08,41.94889450073242,42.0657698796389,40.98466612280166,41.218416880614626,4388600,35.4591574382782,37.469153785705565
2023-06-09,42.133949279785156,42.75729332964794,41.85150074507088,42.18265076217864,5940500,35.454529943466184,37.63369998931885
2023-06-12,43.273494720458984,43.30271263647535,42.2118670921824,42.435879784244264,4577800,35.45376130104065,37.789868418375654
2023-06-13,44.14032745361328,44.33512222913328,43.52672521111573,43.75073790257327,6692500,35.44808392524719,37.97959461212158
2023-06-14,44.2572021484375,44.84158646596147,43.18583647274545,44.22798423295174,9198600,35.46612236976623,38.156369018554685
2023-06-15,45.854515075683594,46.25384267663932,43.926050966735154,43.98449051153398,7451600,35.496115598678585,38.338225555419925
2023-06-16,45.406490325927734,46.53629562529191,45.24091717297853,46.50707770780711,6530200,35.53054686546326,38.541785367329915
2023-06-20,44.695491790771484,45.02664180670025,43.99423205929846,44.734451490386974,5274300,35.565923566818235,38.72992394765218
2023-06-21,43.96757888793945,44.5831260359804,43.772166680779705,44.33886170882518,5909600,35.59601536750793,38.89505456288656
2023-06-22,44.387718200683594,44.41702873013218,43.49859611135374,43.63538355168476,4837000,35.634160089492795,39.06442794799805
2023-06-23,43.391117095947266,43.93827055791193,43.14685275658094,43.283640190277595,6276900,35.669499444961545,39.22092501322428
2023-06-26,42.834197998046875,43.77217223890276,42.74626268001799,43.19570820453082,5154900,35.692327394485474,39.3439530690511
2023-06-27,44.19230651855469,44.40726034296695,42.941674217635885,43.09800325525074,5292600,35.71831643104553,39.47955195109049
2023-06-28,44.260704040527344,44.58313480483504,43.6646983686945,43.84056901701169,6275200,35.73559811592102,39.59112974802653
2023-06-29,44.739463806152344,44.79808487074054,43.96758748686016,44.114147602687794,5866300,35.748740663528444,39.704193941752116
2023-06-30,46.2929801940918,46.6056382608005,45.63834980448548,45.726285118695934,5441600,35.79699240684509,39.85337657928467
2023-07-03,46.498165130615234,46.527475662008186,46.07803012048347,46.185507038495565,2324000,35.84443116188049,40.011660448710124
2023-07-05,46.22459030151367,46.44931307261492,45.82399688743258,45.83376582218548,3980700,35.89674466133118,40.15856704711914
2023-07-06,45.11073684692383,45.21821375364608,44.26069798121393,44.993491006489585,5849500,35.94760224342346,40.28512382507324
2023-07-07,44.71991729736328,45.98032222808074,44.65152357806961,44.73945889247264,5695400,35.992682733535766,40.405166943868004
2023-07-10,45.05211639404297,45.11073745145664,44.41702760608863,44.583129298842984,4303400,36.0453764629364,40.53788916269938
2023-07-11,45.92169952392578,46.04871803430402,44.97395261764982,45.276841764804594,5094100,36.1116126537323,40.66189149220784
2023-07-12,46.96714401245117,47.44590372838624,46.6447170422727,47.12347303102997,6678100,36.18728619575501,40.80770066579183
2023-07-13,48.05168151855469,48.32525638811282,47.4068238066119,47.553380175084584,4276000,36.27656071662903,40.96525484720866
2023-07-14,47.93443298339844,48.6281427791641,47.69993758897652,48.344795264664484,6052700,36.369701061248776,41.1195561726888
2023-07-17,48.42296600341797,48.78447619719316,47.85627092333637,47.85627092333637,3391600,36.46634871482849,41.28264910380046
2023-07-18,49.50749588012695,49.722449697399014,48.16892830706491,48.3057157445369,4732400,36.5600955581665,41.47518049875895
2023-07-19,49.79084396362305,50.210978941722786,49.5368106808358,49.75176077329326,5167700,36.664937582015995,41.67097333272298
2023-07-20,48.78447723388672,49.73222412311173,48.54021287911147,49.40979338576283,6093600,36.7713775062561,41.848045412699385
2023-07-21,48.764930725097656,49.400019474398384,48.74538913142309,49.351163626623034,4482200,36.866879835128785,42.05547180175781
2023-07-24,49.4000244140625,49.654057702877644,48.93103730051112,49.1264458024405,3743400,36.951911001205445,42.28127485911052
2023-07-25,49.78107452392578,50.1914368366853,49.253462641368,49.253462641368,3712500,37.04010560035706,42.47885284423828
2023-07-26,49.761531829833984,50.2598294453468,49.0775909298301,49.44887377163416,5685100,37.133186931610105,42.65954748789469
2023-07-27,48.755165100097656,51.021937939667,48.44250703444521,50.87537784075197,6969400,37.23425394058228,42.825741895039876
2023-07-28,50.1523551940918,50.43569899084358,49.56611855211527,49.80061395434148,4961900,37.34545239448548,43.03697490692139
2023-07-31,50.435699462890625,50.552949028690094,49.85923547616625,50.31845362426916,4184400,37.46101949691772,43.26624132792155
2023-08-01,49.956947326660156,50.22075327942563,49.65405818226017,49.90809520070617,3734500,37.57545105934143,43.50100180308024
2023-08-02,47.88557815551758,48.979885049878035,47.61200329551643,48.88217708046482,7270600,37.66902463912964,43.66893615722656
2023-08-03,47.416587829589844,48.022366016842454,46.93783185744564,47.14301298836458,5749400,37.77022206306457,43.82824223836263
2023-08-04,46.752193450927734,48.67699765376774,46.576322826953614,47.973515157871276,7662100,37.8577899646759,43.98507843017578
2023-08-07,47.93443298339844,48.002826696942776,47.09416310022185,47.31888583432152,4888400,37.94691376686096,44.153177706400555
2023-08-08,47.289573669433594,47.4556716173791,46.205039496262756,47.07461987592507,6264300,38.03513610839844,44.31426270802816
2023-08-09,46.341827392578125,47.426361576841146,46.097563070975745,47.39704732376798,5819600,38.1225394821167,44.46198692321777
2023-08-10,46.332061767578125,48.1493891925922,45.97055156032448,47.064854843652945,12200100,38.19948968887329,44.60386689503988
2023-08-11,46.2441291809082,46.56655618930657,45.52110505478923,45.716517282970976,6756400,38.270386714935306,44.75694300333659
2023-08-14,46.95737838745117,46.98668891575648,45.83376092482553,45.94123783151575,4629300,38.33710723876953,44.89999211629232
2023-08-15,45.37454605102539,46.507932529321096,45.14982328768502,46.37114508443377,7037900,38.399639797210696,44.99815527598063
2023-08-16,44.29978561401367,45.716519683757774,44.29001667932178,45.18890775811319,6477500,38.45965370178223,45.08165245056152
2023-08-17,43.26409912109375,44.81762048741049,43.09800115735367,44.710143580436046,6629100,38.50316539764404,45.14788818359375
2023-08-18,43.28363800048828,43.61583763430709,42.267497505609825,42.36520547271997,6455000,38.550404205322266,45.23603922526042
2023-08-21,44.14345169067383,44.35840550192657,42.931898927946584,43.57675663452678,5271700,38.60416809082031,45.35264301300049
2023-08-22,43.76239776611328,44.68083029482033,43.5865271523131,44.67106136168825,5200600,38.668705530166626,45.448286310831705
2023-08-23,45.15959930419922,45.39409101937557,44.03598167684514,44.0750648717674,6318400,38.74526177406311,45.54221769968669
2023-08-24,43.29341125488281,45.82398986650493,43.26409700075858,45.67742977741746,7541700,38.80600250244141,45.604721514383954
2023-08-25,44.18253707885742,44.57335780483409,42.69740937491837,43.781943691603864,9793700,38.86668836593628,45.69340699513753
2023-08-28,44.99348449707031,45.18889668764157,44.43656217660764,44.837155490048815,4963900,38.92900936126709,45.77758973439534
2023-08-29,46.91830062866211,47.01600488577363,44.90556087842959,44.954413006985355,6497600,39.01111679077148,45.86495831807454
2023-08-30,47.51430130004883,47.70971352093762,46.78150826709943,47.06485207385117,4695300,39.07113702774048,45.96696790059408
2023-08-31,47.2211799621582,48.022366630711744,47.17232411659116,47.660852754839794,4142100,39.12441688537598,46.059546915690106
2023-09-01,47.45567321777344,48.256859913280024,47.015996683122786,48.12984141945254,4580000,39.18351491928101,46.16317660013835
2023-09-05,46.85966491699219,47.41658725252447,46.820581732384895,47.34819354305051,3253700,39.235132446289064,46.245022773742676
2023-09-06,45.88261413574219,46.58609664917579,45.12051056430788,46.54701345905656,5785700,39.286123218536375,46.30750052134196
2023-09-07,45.41362380981445,45.609036019351045,44.76876612736822,44.86647036854757,4503900,39.33670471191406,46.343169339497884
2023-09-08,45.56996536254883,46.087804692111774,45.29639043027843,45.42340896048065,4222800,39.385696697235105,46.366996637980144
2023-09-11,46.47861862182617,46.576322867595685,45.872844098263435,46.4102249043519,3859300,39.44126443862915,46.40402024586995
2023-09-12,45.67743682861328,46.48839631964288,45.511338847373075,45.98032598680117,3478800,39.48571262359619,46.401068941752115
2023-09-13,45.853302001953125,46.19527058558272,45.394083852069365,45.736056162876984,4157900,39.527797813415525,46.408515803019206
2023-09-14,46.97692108154297,47.191871172776246,46.16596165912031,46.6056382298809,3709900,39.57569465637207,46.446539624532065
2023-09-15,45.25729751586914,46.547012958509605,45.13027901293661,46.45907764527602,5798700,39.62380081176758,46.46803493499756
2023-09-18,45.3256950378418,45.73606110976117,45.00326801371369,45.13028280012678,3608300,39.67341035842895,46.48366788228353
2023-09-19,45.04234313964844,45.20844483021462,44.172762679138735,45.01303261132772,4243700,39.70510135650635,46.51118831634521
2023-09-20,43.756927490234375,45.537334275248405,43.69823140780025,45.41016129582997,6931100,39.730655651092526,46.526567141215004
2023-09-21,41.575443267822266,42.925423411750714,41.50696636568276,42.83738114732687,7568300,39.74612524032593,46.4829527537028
2023-09-22,41.23305892944336,42.318908552926914,41.14501666465158,41.83957023594712,6057700,39.770383987426754,46.4324920018514
2023-09-25,41.77109909057617,41.77109909057617,40.753722497588214,40.88089550463966,5498900,39.80512409210205,46.383019256591794
2023-09-26,39.883079528808594,41.03740980810547,39.6580834549404,40.831979096970784,8486900,39.83139196395874,46.276187578837074
2023-09-27,39.95155334472656,40.39176464292863,38.87548459953137,40.25481084609044,10150600,39.85403398513794,46.1670773824056
2023-09-28,40.597190856933594,41.07653282466695,39.570033762317166,39.72655290309957,9067000,39.883969154357914,46.073287391662596
2023-09-29,40.27437210083008,41.51674453899016,39.834164538435424,41.477617548622696,8825000,39.90483783721924,45.99268131256103
2023-10-02,40.23524475097656,40.5776292368269,39.423299067801445,40.02002951317862,7607300,39.921591091156,45.91793677012126
2023-10-03,38.591793060302734,40.01025005139129,38.18092793167952,39.55047338480871,9954800,39.93351455688477,45.81026471455892
2023-10-04,39.41352081298828,39.61895151784046,38.288536746340405,38.69940188775601,8363200,39.96299970626831,45.70179506937663
2023-10-05,39.31569290161133,39.550473508948826,38.38636248233293,39.28634672508583,6156000,39.998093147277835,45.57427088419596
2023-10-06,40.69501876831055,41.145014616912384,38.22005839370048,38.611358158125256,9910400,40.0441965675354,45.45165983835856
2023-10-09,41.448265075683594,41.653699488024515,39.99068121973388,40.14720036664883,6851500,40.09358228683472,45.343557039896645
2023-10-10,42.08413314819336,42.87651355919,41.52653336213657,41.67326798747647,8454100,40.13903367996216,45.2379098256429
2023-10-11,42.622161865234375,42.6906387609014,41.70261231505506,42.42651199259533,6531800,40.19428818702698,45.12315425872803
2023-10-12,41.81022644042969,42.866729946415006,41.08632291848428,42.76890686072227,8857900,40.243102350234984,44.99014396667481
2023-10-13,41.17436218261719,42.58303466500352,40.67545851126513,42.21130398113777,7578600,40.29053484916687,44.86330871582031
2023-10-16,42.446083068847656,42.749340598860584,41.7319641095057,41.79066019871475,7218200,40.3502534866333,44.75799458821614
2023-10-17,42.406944274902344,43.03302457888781,41.37978716528218,41.45804860267189,10480900,40.40200262069702,44.64144325256348
2023-10-18,40.72437286376953,42.14282999102442,40.37220378591739,41.86891863507748,11206500,40.44640781402588,44.4904982248942
2023-10-19,39.60916519165039,41.38957184941014,39.384165424256906,40.851533794831035,14132800,40.48732619285583,44.321292114257815
2023-10-20,38.09288024902344,39.58959847319251,38.083099435508096,39.41351397623144,10926700,40.51721354484558,44.14358736673991
2023-10-23,37.90702438354492,38.97331244450536,37.18312085658995,37.63311675634055,10577600,40.55171039581299,43.93949851989746
2023-10-24,38.748313903808594,39.051567691355004,37.9461527049579,38.46462174692666,7171400,40.57991910934448,43.74470876057943
2023-10-25,37.06572341918945,38.25918418841844,36.90920427992259,38.24939964312702,9454300,40.599909191131594,43.52985502878825
2023-10-26,35.69618606567383,36.948339326510194,35.43205928752033,36.71355872424783,12198100,40.60969913482666,43.32669849395752
2023-10-27,35.1875,36.19509190482453,34.79620021645251,36.097268824793304,10997200,40.610678062438964,43.122880363464354
2023-10-30,36.43964767456055,36.713555241456795,35.55922516423587,35.9016133545669,10364500,40.61612001419067,42.951004600524904
2023-10-31,37.09507751464844,37.1831197825226,36.06792021059085,36.566827639114905,10334300,40.622847118377685,42.770348676045735
2023-11-01,38.27875518798828,38.49396670387431,37.20268268171342,37.33963648228939,12363200,40.63646434783936,42.620168368021645
2023-11-02,40.4308967590332,40.47980829791696,39.305912706150714,39.32547806804646,9117700,40.66924766540527,42.52165285746256
2023-11-03,41.51674270629883,41.98630015538002,41.06675061739321,41.11566215197671,8423300,40.71139568328857,42.44139753977458
2023-11-06,41.7808723449707,41.94717605204675,41.233057149217004,41.741741621927964,7848800,40.745875930786134,42.36700992584228
2023-11-07,42.13304138183594,42.338472080208966,41.44826865554801,41.78087233793294,5876600,40.775752258300784,42.28660430908203
2023-11-08,42.230865478515625,42.475426905836315,41.546096467386675,42.30912692647964,6130900,40.8067493057251,42.23420963287354
2023-11-09,41.18414306640625,42.54390774349349,41.0765391725045,42.51455783451006,8754300,40.83231838226318,42.182282257080075
2023-11-10,43.10150909423828,43.19933217656694,41.350448305891014,41.79065963979276,7495800,40.86188690185547,42.179572423299156
2023-11-13,42.96455383300781,43.29715755495929,42.4558692998694,42.700430750371616,7261900,40.889410247802736,42.17425435384114
2023-11-14,45.439510345458984,45.85037171961188,44.686260761134406,44.77430301726873,8035400,40.93630474090576,42.1958553314209
2023-11-15,45.73298645019531,46.25145547676652,45.46885966353322,45.86015943600547,6232100,40.97689287185669,42.2286984761556
2023-11-16,45.850372314453125,45.948199117933164,45.214514884532285,45.53733400673896,5915100,41.0122375869751,42.24021135965983
2023-11-17,46.026458740234375,46.2025432620993,45.54712044426631,45.86993957987791,6711000,41.04010589599609,42.28576215108236
2023-11-20,47.04383087158203,47.32752299009699,45.91884694324247,45.9384123029722,4833300,41.07952304840088,42.333450380961104
2023-11-21,46.69166946411133,46.82862327281308,46.310154216524616,46.67210410119517,6655800,41.12062900543213,42.36175346374512
2023-11-22,47.229705810546875,47.63078643741604,46.86775591110679,47.200359630830846,4852700,41.157088661193846,42.366943550109866
2023-11-24,47.268829345703125,47.337306242429015,47.10252937700054,47.19057163446397,1565600,41.20030303955078,42.36285235087077
2023-11-27,47.024269104003906,47.327526605414235,46.88731530714475,47.04383446522823,3648300,41.24749332427979,42.35957050323486
2023-11-28,47.13188171386719,47.542743147934985,46.69167036900064,46.867754906947255,4195100,41.294201393127445,42.35417397816976
2023-11-29,46.99492645263672,48.168822092160326,46.88731882368794,47.816653027132105,4653900,41.33361692428589,42.35642833709717
2023-11-30,47.52317428588867,47.630778170074336,46.574274834848886,47.239482158836026,6582500,41.37596525192261,42.38377100626628
2023-12-01,48.32533645629883,48.520982600337376,47.131875572766496,47.31774090228752,8105700,41.42052669525147,42.432299550374346
2023-12-04,47.591651916503906,47.66012881282145,46.83840232530001,47.22969834258438,8888100,41.46967933654785,42.4659943262736
2023-12-05,47.532958984375,47.83621649652706,46.99492459263722,47.08296685540967,5196600,41.520093269348145,42.48356666564941
2023-12-06,46.93622589111328,48.22750985200476,46.79927209703555,48.198163676619814,5829800,41.5787469291687,42.50454648335775
2023-12-07,47.9536018371582,48.15903252644688,47.36665221270502,47.56230208752275,4836500,41.643264846801756,42.539551480611166
2023-12-08,48.56989669799805,48.73619666276681,47.630778063366016,47.69925495847208,8643000,41.708434944152835,42.56610107421875
2023-12-11,49.12750244140625,49.176413982247624,48.3155566829362,48.3840335864564,6045100,41.78212621688843,42.63060448964437
2023-12-12,49.782920837402344,49.80248619832792,48.64815602569629,48.99054424432728,6158100,41.857442665100095,42.70489158630371
2023-12-13,51.7981071472168,51.90571476419794,49.753573619707986,49.89052741160727,10707600,41.944778480529784,42.817487653096514
2023-12-14,52.25788116455078,52.83504625099454,51.35789695204107,52.443750227529414,9662500,42.03640520095825,42.959170214335124
2023-12-15,52.02310562133789,52.41440538647665,51.70028275534174,52.03288643619636,6509300,42.12316547393799,43.13329792022705
2023-12-18,52.85462188720703,53.17744480774289,52.47310660418229,52.51223733364938,4974300,42.20587232589722,43.32699063618978
2023-12-19,53.774169921875,53.81329691566537,53.01113570143647,53.03070106418735,4704000,42.2926424407959,43.527041816711424
2023-12-20,51.45952224731445,54.13592666123353,51.40069881608936,53.46927606657888,7698200,42.3762446975708,43.71998252868652
2023-12-21,52.93007278442383,53.02810809372206,51.65559132470278,52.488906412967104,9222800,42.46642234802246,43.93629118601481
2023-12-22,53.224178314208984,53.82220337793379,52.58693763389078,53.30260580758876,6888500,42.56788492202759,44.146740976969404
2023-12-26,53.85161590576172,54.194743218546314,53.33202204931442,53.35162611878163,2804000,42.679626846313475,44.37302837371826
2023-12-27,54.14571762084961,54.20454104004218,53.61631806753649,53.80259035840963,5438000,42.79390817642212,44.60486958821615
2023-12-28,54.135929107666016,54.430038797467596,54.0182822398993,54.2045545772928,4038400,42.90017242431641,44.86393852233887
2023-12-29,53.665348052978516,54.233959570396536,52.9888917131893,54.04769098948167,5842500,43.00719327926636,45.1014689763387
2024-01-02,52.69478225708008,53.06732316018315,51.99872184481938,52.57713913918706,6554500,43.1011502456665,45.32445379892985
2024-01-03,51.42030334472656,52.22420482112535,51.2242289929643,51.96930704189225,7324500,43.19446798324585,45.503208541870116
2024-01-04,50.88109588623047,52.07714219010166,50.7928626249787,51.20461535094909,5516600,43.28061977386474,45.66042238871257
2024-01-05,51.077171325683594,51.87127075235008,50.57718529098723,50.90070478642438,7855500,43.361290016174316,45.8103063583374
2024-01-08,53.20457077026367,53.27319622973958,51.17520934905985,51.20461919174751,6631100,43.461348361968994,45.98667984008789
2024-01-09,52.939876556396484,53.3222195109346,52.12616925125541,52.312441580763945,10046600,43.5590118598938,46.172174008687335
2024-01-10,53.85161590576172,54.13592353053023,52.94967537817372,53.03790865000508,5350600,43.657971229553226,46.38346157073975
2024-01-11,53.71436309814453,54.302582396533694,52.31243657251637,54.11631382466545,9994600,43.75541646957397,46.5712662378947
2024-01-12,53.79279327392578,54.44964180501373,53.30260925423313,54.17513621091689,5725100,43.85437397003174,46.76103038787842
2024-01-16,53.19476318359375,53.75357635426758,52.557526261629754,53.29280222222378,9842000,43.94308521270752,46.96887022654216
2024-01-17,52.25361633300781,52.439888656041425,51.46932264072959,52.12616743932281,5820300,44.0240714263916,47.17961107889811
2024-01-18,53.60652160644531,53.79279017687372,52.27322055127526,52.77321031686756,7184900,44.104273853302004,47.438171768188475
2024-01-19,55.61627960205078,55.694710841968224,53.75358253169983,53.979066736751435,7730600,44.19257719039917,47.733326021830244
2024-01-22,55.929996490478516,56.5476294089693,55.70451228781208,56.14567865816264,8886200,44.28551706314087,48.01968739827474
2024-01-23,56.39077377319336,56.48880908763964,55.72412316349757,56.12607393641937,4304900,44.382465267181395,48.34177157084147
2024-01-24,56.547630310058594,57.74368054655539,56.439789224498085,57.390747444650934,6123900,44.478152446746826,48.68929564158122
2024-01-25,57.44956588745117,57.51819135135253,56.518219237416375,57.282905115064246,5014400,44.57781362533569,49.060330073038735
2024-01-26,57.21427917480469,57.792696465591234,56.89075592784278,57.25349479379533,9360200,44.67629837036133,49.40657393137614
2024-01-29,58.547584533691406,58.57699438015642,57.08683440907261,57.27310300303026,5933300,44.78359237670898,49.764115715026854
2024-01-30,58.361305236816406,58.62600504284271,58.07700136202409,58.25346415956787,4964600,44.88299110412598,50.09882488250732
2024-01-31,55.51824951171875,57.70447004256388,55.479033888073026,57.54761128778868,13144100,44.96948938369751,50.35028076171875
2024-02-01,57.61622619628906,57.6260282304996,55.753525552497045,56.01822535386583,9111600,45.06457836151123,50.61860548655192
2024-02-02,59.4005012512207,60.00832840481749,57.63583948089647,57.76328463677802,8400200,45.168199100494384,50.91226596832276
2024-02-05,58.73384475708008,59.322064041394356,57.910335515155886,59.15540328210121,9577500,45.268681373596195,51.18894602457682
2024-02-06,59.21422576904297,59.3514766838897,58.537769489002734,59.076971114389295,4856400,45.37497444152832,51.472002029418945
2024-02-07,60.66517639160156,60.84164294098011,59.71421817992912,60.037741433725564,4733200,45.48808395385742,51.7966859181722
2024-02-08,60.733802795410156,60.851445916879,60.33185203556817,60.64556951935668,3966900,45.60095220565796,52.0905574798584
2024-02-09,61.7337760925293,61.90043686264787,60.763210096580046,60.89065898772247,5296000,45.728024349212646,52.403377850850426
2024-02-12,61.61613464355469,62.55729087791502,61.37104261436026,61.723975734769446,4922600,45.85684581756592,52.67298825581869
2024-02-13,59.09658432006836,59.71421723310007,57.83191238931791,59.21423117766021,8772900,45.96269676208496,52.895714886983235
2024-02-14,60.65536880493164,60.831835349039025,59.165208954584415,60.03773964036303,6358700,46.071374340057375,53.142464828491214
2024-02-15,61.80239486694336,61.89062812975335,60.63575464314379,60.841634749571675,7448700,46.186468811035155,53.40539709726969
2024-02-16,60.851444244384766,62.116119919789405,60.59655019824011,61.704363396254436,6962100,46.303334159851076,53.63552398681641
2024-02-20,59.83185958862305,60.449492493786074,58.998548260237285,60.21420252140727,6453400,46.41909488677979,53.854527155558266
2024-02-21,59.9691162109375,60.03774542008138,58.65542651803851,59.322073400189936,5508200,46.53958387374878,54.066850662231445
2024-02-22,63.66510009765625,63.99842162631147,62.02788359850659,62.36120886696893,7295900,46.66886178970337,54.340121841430665
2024-02-23,63.743534088134766,64.61606862652427,63.47883797756028,64.27293378889915,5784200,46.798288345336914,54.61877625783284
2024-02-26,63.03767013549805,64.0670521251916,62.98864873996343,63.89058557272772,4177000,46.926766586303714,54.883872731526694
2024-02-27,63.351383209228516,63.43961273951027,62.54747800408125,63.28275774802683,4077300,47.054281120300296,55.156480344136554
2024-02-28,63.04746627807617,63.312169837540736,62.606303651787975,62.73375254417273,3938100,47.181396083831785,55.41521854400635
2024-02-29,63.66510009765625,64.30233331180467,62.67492632672088,63.70431571507702,6850400,47.31232971191406,55.670881271362305
2024-03-01,65.45917510986328,65.63564166802888,63.86117779064127,64.00823450238178,6462000,47.45052927017212,55.96867332458496
2024-03-04,65.20428466796875,65.95916481674764,65.11604764924054,65.11604764924054,3643300,47.591252880096434,56.26319541931152
2024-03-05,63.22393798828125,64.59645485272038,62.3808245462026,64.41998829186942,6021500,47.71550041198731,56.53465728759765
2024-03-06,64.20429992675781,65.05722280201657,63.69451184428159,64.49841332639585,6771900,47.83909812927246,56.80550225575765
2024-03-07,66.06700134277344,66.44934427841594,65.03761191320393,65.38074670947012,5955900,47.97298336029053,57.097120666503905
2024-03-08,64.84153747558594,67.34147881167992,64.59644548105179,66.29248537425832,11477600,48.10074127197266,57.359021250406904
2024-03-11,64.6258544921875,64.84153664134087,63.567055294315,64.31213704240461,8913400,48.23389766693115,57.60640347798665
2024-03-12,66.69444274902344,66.91012493456194,64.43960053570112,65.42976696259656,8326600,48.38163375854492,57.854675738016766
2024-03-13,66.34149932861328,66.8610931606259,65.78268987989595,66.78266940683059,5123400,48.523222255706784,58.089402707417804
2024-03-14,65.88072967529297,66.72384679291422,64.67488116773755,66.68463117353478,6770800,48.65500732421875,58.32036310831706
2024-03-15,64.44938659667969,65.22387817062318,63.939598556415206,64.67487451501314,6360000,48.77953834533692,58.51360918680827
2024-03-18,65.60621643066406,66.61599414564955,65.42974991389676,66.03758068934265,9732400,48.913262386322025,58.71080996195475
2024-03-19,66.7042465209961,66.80228183521923,64.94938672182616,65.36113952933239,5571700,49.04707101821899,58.964888699849446
2024-03-20,68.5045166015625,68.58308988849643,66.4321929909369,66.72683907035858,5927000,49.181212673187254,59.22446276346842
2024-03-21,69.08397674560547,69.88934168542475,69.03487406184443,69.61433518508694,5468600,49.3196639251709,59.488792737325035
2024-03-22,68.7598648071289,69.28039963501655,68.63218136342525,69.074150410372,3529000,49.45513105392456,59.73726355234782
2024-03-25,68.18040466308594,68.58308712251115,68.06255223059915,68.14111802120343,8511200,49.589843616485595,59.971175003051755
2024-03-26,67.61074829101562,68.81878797414629,67.54199855250637,68.6911120292461,7742100,49.718152885437014,60.195755322774254
2024-03-27,69.32951354980469,69.34916061809459,67.89558478424507,68.7795155282643,5110600,49.85413070678711,60.456824747721356
2024-03-28,69.29023742675781,69.87952211746212,69.17237749135239,69.32951657873157,3904300,49.9842144203186,60.733415667215986
2024-04-01,68.93665313720703,69.7616500622325,68.4062947597649,69.54557729810867,8047700,50.10819604873657,61.02535483042399
2024-04-02,67.54199981689453,67.59110998524599,66.608966563494,67.30628749375876,5248700,50.22462003707886,61.303036562601726
2024-04-03,67.7384262084961,68.33753423517587,67.06074491759234,67.09020801838662,5570800,50.33403959274292,61.58072414398193
2024-04-04,65.1553955078125,69.41790214941192,65.06700619045932,69.28040266031131,7966900,50.43278411865234,61.77990455627442
2024-04-05,67.1786117553711,67.97414553165297,65.5286105019704,65.7053966181619,8073700,50.545199718475345,62.01721680959066
2024-04-08,67.23754119873047,67.86611242140245,66.972365758262,67.47325353394245,8048700,50.6615495300293,62.24031556447347
2024-04-09,67.47325134277344,68.05271986891991,65.57771420350888,67.96432306286106,5631700,50.77697719573975,62.46963036855062
2024-04-10,65.48931884765625,66.24556592981901,64.66431453759233,65.1946728455279,8940600,50.88746820449829,62.66457246144613
2024-04-11,66.88397216796875,67.4339776341445,64.61522303612006,65.97057839526232,6507900,51.0077170753479,62.89272594451904
2024-04-12,64.03575134277344,65.99022224607987,63.38754054804449,65.43040076706667,7446200,51.106934299468996,63.08909486134847
2024-04-15,61.64915084838867,65.72504431742338,61.31522189279674,65.65629456891155,9206200,51.1938765335083,63.22313868204753
2024-04-16,61.256290435791016,62.36611366501403,60.79468552799222,61.796468623731,8826600,51.2764606666565,63.317138862609866
2024-04-17,60.166107177734375,62.22861070767849,59.64557233880286,62.169680750852656,9682400,51.345826301574704,63.38774070739746
2024-04-18,59.694679260253906,61.403610556642136,59.39021718056695,60.62771631158047,9430700,51.4118088722229,63.44280579884847
2024-04-19,58.103607177734375,60.03843100063198,57.69110872123153,59.67503522143092,8056200,51.471203956604,63.46873874664307
2024-04-22,59.665218353271484,60.67682497171348,58.22146619174346,59.075933744710746,7134600,51.543976364135744,63.50566628774007
2024-04-23,61.80629348754883,61.99289941203094,60.26432842409583,60.46075788209716,6311000,51.62940824508667,63.58219985961914
2024-04-24,61.75718688964844,62.425044797065894,60.892899524770506,62.15986559148129,5805000,51.7129335975647,63.63569323221842
2024-04-25,60.92236328125,61.236648917903544,58.77147025291846,59.35093509798225,7454100,51.78793691635132,63.67837753295898
2024-04-26,62.68040084838867,63.25986943736412,61.74736372974154,61.97325629588469,4979800,51.86650320053101,63.797746721903486
2024-04-29,63.289329528808594,63.564328509863834,62.277719176278005,63.34825574098893,3580100,51.94269144058227,63.89229844411214
2024-04-30,60.303611755371094,63.10271920188085,60.29378822239101,62.70004052103945,5121800,52.00453733444214,63.90735028584798
2024-05-01,59.61611557006836,62.49379653577179,59.498259390470174,60.03843760575729,8514500,52.06050308227539,63.922054799397785
2024-05-02,61.256290435791016,61.58039959650313,59.311646711258945,60.98129144845725,4893200,52.11924705505371,63.95608921051026
2024-05-03,63.53486633300781,64.00629102366588,62.552719072202926,63.50540322648673,5392800,52.187967166900634,64.00391737620036
2024-05-06,65.49915313720703,65.49915313720703,64.28128978866255,64.45807592034414,3542700,52.271540546417235,64.08333988189698
