Price,Close,High,Low,Open,Volume,MA200,MA60
Ticker,^TNX,^TNX,^TNX,^TNX,^TNX,,
Date,,,,,,,
2016-12-27,2.562999963760376,2.5759999752044678,2.549999952316284,2.552000045776367,0,1.8033400005102158,2.1006833374500276
2016-12-28,2.50600004196167,2.562999963760376,2.503000020980835,2.559999942779541,0,1.8060550004243852,2.1156500041484834
2016-12-29,2.4769999980926514,2.496999979019165,2.4600000381469727,2.4860000610351562,0,1.8086450004577637,2.1299000044663745
2016-12-30,2.446000099182129,2.4830000400543213,2.431999921798706,2.4739999771118164,0,1.8111850011348725,2.142616673310598
2017-01-03,2.450000047683716,2.5179998874664307,2.447999954223633,2.510999917984009,0,1.8139200013875962,2.154850008090337
2017-01-04,2.4519999027252197,2.4739999771118164,2.434000015258789,2.4560000896453857,0,1.81682500064373,2.1666833400726317
2017-01-05,2.368000030517578,2.443000078201294,2.3459999561309814,2.438999891281128,0,1.8190500009059907,2.17721667488416
2017-01-06,2.4179999828338623,2.424999952316284,2.3389999866485596,2.3389999866485596,0,1.8214650011062623,2.1888000071048737
2017-01-09,2.375999927520752,2.3919999599456787,2.368000030517578,2.38700008392334,0,1.823970000743866,2.1990833401679994
2017-01-10,2.378999948501587,2.3919999599456787,2.36299991607666,2.390000104904175,0,1.8263650006055832,2.209100006024043
2017-01-11,2.369999885559082,2.3980000019073486,2.3289999961853027,2.371999979019165,0,1.8288650000095368,2.219633336861928
2017-01-12,2.3610000610351562,2.36299991607666,2.309000015258789,2.3359999656677246,0,1.8316000002622603,2.229083337386449
2017-01-13,2.380000114440918,2.430999994277954,2.3359999656677246,2.3359999656677246,0,1.8343500006198883,2.2393166720867157
2017-01-17,2.3269999027252197,2.3540000915527344,2.312999963760376,2.3329999446868896,0,1.8370550000667571,2.2489500045776367
2017-01-18,2.3889999389648438,2.3970000743865967,2.3580000400543213,2.361999988555908,0,1.8400399994850158,2.2595666706562043
2017-01-19,2.4590001106262207,2.496000051498413,2.433000087738037,2.434999942779541,0,1.8434399998188018,2.2714333395163218
2017-01-20,2.4670000076293945,2.513000011444092,2.4600000381469727,2.497999906539917,0,1.8471399998664857,2.2835500061511995
2017-01-23,2.4030001163482666,2.4709999561309814,2.38100004196167,2.4579999446868896,0,1.8503800004720687,2.294216674566269
2017-01-24,2.4709999561309814,2.4730000495910645,2.4189999103546143,2.436000108718872,0,1.8542800003290176,2.306100006898244
2017-01-25,2.5230000019073486,2.5360000133514404,2.4820001125335693,2.4820001125335693,0,1.8582950001955032,2.318316674232483
2017-01-26,2.507999897003174,2.555000066757202,2.503999948501587,2.5380001068115234,0,1.86221499979496,2.3294000049432118
2017-01-27,2.4809999465942383,2.5250000953674316,2.4809999465942383,2.5209999084472656,0,1.865714999437332,2.3400000035762787
2017-01-30,2.4830000400543213,2.496999979019165,2.4660000801086426,2.490000009536743,0,1.8693199998140335,2.3508166710535687
2017-01-31,2.4509999752044678,2.496000051498413,2.433000087738037,2.484999895095825,0,1.8726699995994567,2.3613333364327747
2017-02-01,2.4739999771118164,2.5160000324249268,2.4630000591278076,2.486999988555908,0,1.8762799996137618,2.3725833356380464
2017-02-02,2.4700000286102295,2.4739999771118164,2.433000087738037,2.4549999237060547,0,1.8797649997472763,2.3835500021775564
2017-02-03,2.490999937057495,2.502000093460083,2.427999973297119,2.4830000400543213,0,1.8833049994707107,2.395350001255671
2017-02-06,2.4130001068115234,2.4579999446868896,2.4059998989105225,2.421999931335449,0,1.8861000001430512,2.4051000038782755
2017-02-07,2.3889999389648438,2.440999984741211,2.367000102996826,2.4230000972747803,0,1.8886949998140334,2.413883336385091
2017-02-08,2.3510000705718994,2.371000051498413,2.325000047683716,2.365999937057495,0,1.8910100001096726,2.4185333371162416
2017-02-09,2.3949999809265137,2.3980000019073486,2.3489999771118164,2.3519999980926514,0,1.8934750002622605,2.4231666684150697
2017-02-10,2.4089999198913574,2.434000015258789,2.3970000743865967,2.4110000133514404,0,1.8958649998903274,2.42628333568573
2017-02-13,2.434000015258789,2.4519999027252197,2.427000045776367,2.436000108718872,0,1.8987349998950958,2.4295500040054323
2017-02-14,2.4700000286102295,2.502000093460083,2.430999994277954,2.440999984741211,0,1.9018949997425079,2.433666670322418
2017-02-15,2.502000093460083,2.5239999294281006,2.4830000400543213,2.4839999675750732,0,1.9053100001811982,2.4374333381652833
2017-02-16,2.450000047683716,2.492000102996826,2.437999963760376,2.4749999046325684,0,1.908235000371933,2.4393500049908954
2017-02-17,2.424999952316284,2.428999900817871,2.4000000953674316,2.4059998989105225,0,1.9113600003719329,2.4407833377520243
2017-02-21,2.427000045776367,2.4609999656677246,2.4130001068115234,2.4560000896453857,0,1.9145750004053115,2.442550003528595
2017-02-22,2.4179999828338623,2.4539999961853027,2.3919999599456787,2.4079999923706055,0,1.917930000424385,2.4435666680335997
2017-02-23,2.388000011444092,2.3989999294281006,2.38100004196167,2.3989999294281006,0,1.9209750002622605,2.443833335240682
2017-02-24,2.316999912261963,2.3529999256134033,2.313999891281128,2.3529999256134033,0,1.923759999871254,2.4437833348910014
2017-02-27,2.36899995803833,2.369999885559082,2.3289999961853027,2.3310000896453857,0,1.9268049997091294,2.4449000000953673
2017-02-28,2.3580000400543213,2.36899995803833,2.3369998931884766,2.3559999465942383,0,1.9299099999666214,2.4447333335876467
2017-03-01,2.4630000591278076,2.4709999561309814,2.434999942779541,2.434999942779541,0,1.9334400004148484,2.44510000149409
2017-03-02,2.489000082015991,2.505000114440918,2.4649999141693115,2.4820001125335693,0,1.9373600006103515,2.44675000111262
2017-03-03,2.492000102996826,2.5199999809265137,2.4820001125335693,2.49399995803833,0,1.9410550010204315,2.4485000014305114
2017-03-06,2.49399995803833,2.506999969482422,2.4639999866485596,2.4709999561309814,0,1.944730001091957,2.4501333355903627
2017-03-07,2.510999917984009,2.5179998874664307,2.503000020980835,2.510999917984009,0,1.947885000705719,2.4528666694959003
2017-03-08,2.552000045776367,2.5829999446868896,2.5450000762939453,2.566999912261963,0,1.9514200007915496,2.4556166688601175
2017-03-09,2.5980000495910645,2.6070001125335693,2.558000087738037,2.562999963760376,0,1.9551650011539459,2.4578500032424926
2017-03-10,2.5820000171661377,2.615000009536743,2.575000047683716,2.61299991607666,0,1.9588850009441376,2.4595666686693827
2017-03-13,2.6080000400543213,2.615000009536743,2.5759999752044678,2.578000068664551,0,1.9626300013065339,2.4616833368937177
2017-03-14,2.5950000286102295,2.61299991607666,2.5880000591278076,2.6080000400543213,0,1.9662550014257432,2.462850002447764
2017-03-15,2.507999897003174,2.5910000801086426,2.50600004196167,2.5769999027252197,0,1.9696800011396407,2.461650002002716
2017-03-16,2.5220000743865967,2.5380001068115234,2.515000104904175,2.5220000743865967,0,1.9730350017547607,2.4604000051816306
2017-03-17,2.500999927520752,2.5309998989105225,2.490000009536743,2.5220000743865967,0,1.9763700014352799,2.4597166697184245
2017-03-20,2.4730000495910645,2.509999990463257,2.4719998836517334,2.503999948501587,0,1.9795050019025802,2.458133335908254
2017-03-21,2.436000108718872,2.499000072479248,2.4210000038146973,2.493000030517578,0,1.9826300024986268,2.4563000043233236
2017-03-22,2.3959999084472656,2.4210000038146973,2.375,2.4189999103546143,0,1.9860900020599366,2.453683336575826
2017-03-23,2.4179999828338623,2.437000036239624,2.38700008392334,2.4119999408721924,0,1.9895650017261506,2.4516000032424925
2017-03-24,2.4000000953674316,2.424999952316284,2.3929998874664307,2.4159998893737793,0,1.9930000019073486,2.448883338769277
2017-03-27,2.372999906539917,2.381999969482422,2.3480000495910645,2.3589999675750732,0,1.9963350015878678,2.4466666698455812
2017-03-28,2.4089999198913574,2.4200000762939453,2.3570001125335693,2.365999937057495,0,1.999980001449585,2.445533335208893
2017-03-29,2.385999917984009,2.4049999713897705,2.378000020980835,2.4030001163482666,0,2.003715000748634,2.444533332188924
2017-03-30,2.4159998893737793,2.4200000762939453,2.378000020980835,2.381999969482422,0,2.0077149999141692,2.4439666628837586
2017-03-31,2.3959999084472656,2.427000045776367,2.3949999809265137,2.4140000343322754,0,2.0116399997472763,2.4430333296457927
2017-04-03,2.3499999046325684,2.3910000324249268,2.3320000171661377,2.380000114440918,0,2.0154099994897843,2.442733327547709
2017-04-04,2.3499999046325684,2.3589999675750732,2.321000099182129,2.325000047683716,0,2.019339998960495,2.441599992911021
2017-04-05,2.3570001125335693,2.384000062942505,2.3529999256134033,2.377000093460083,0,2.0230349993705747,2.4412833293279013
2017-04-06,2.3429999351501465,2.368000030517578,2.328000068664551,2.3480000495910645,0,2.0263999992609025,2.440683329105377
2017-04-07,2.372999906539917,2.372999906539917,2.2709999084472656,2.313999891281128,0,2.0297799986600875,2.4407333294550577
2017-04-10,2.3610000610351562,2.3910000324249268,2.3459999561309814,2.390000104904175,0,2.0331599992513656,2.4407333294550577
2017-04-11,2.2980000972747803,2.3429999351501465,2.2929999828338623,2.3429999351501465,0,2.035954999923706,2.4393666625022887
2017-04-12,2.2960000038146973,2.305000066757202,2.2780001163482666,2.2929999828338623,0,2.039539999961853,2.438849997520447
2017-04-13,2.2320001125335693,2.2709999084472656,2.2200000286102295,2.239000082015991,0,2.043400000333786,2.4362333337465922
2017-04-17,2.252000093460083,2.252000093460083,2.2179999351501465,2.2200000286102295,0,2.0473550009727477,2.43278333346049
2017-04-18,2.178999900817871,2.2269999980926514,2.177000045776367,2.2230000495910645,0,2.050865000486374,2.4279833316802977
2017-04-19,2.2019999027252197,2.2249999046325684,2.200000047683716,2.2090001106262207,0,2.0544349998235703,2.424633328119914
2017-04-20,2.240999937057495,2.256999969482422,2.2249999046325684,2.2360000610351562,0,2.0583599996566773,2.420799994468689
2017-04-21,2.236999988555908,2.239000082015991,2.2090001106262207,2.239000082015991,0,2.062709999680519,2.4160333275794983
2017-04-24,2.2730000019073486,2.312999963760376,2.2660000324249268,2.312999963760376,0,2.0671499997377394,2.4121166626612345
2017-04-25,2.3269999027252197,2.3340001106262207,2.2960000038146973,2.305000066757202,0,2.0718499994277955,2.4095499952634176
2017-04-26,2.311000108718872,2.3499999046325684,2.309000015258789,2.3399999141693115,0,2.076574999690056,2.4066833297411603
2017-04-27,2.2960000038146973,2.322000026702881,2.2820000648498535,2.311000108718872,0,2.0808849996328354,2.4040999968846637
2017-04-28,2.2820000648498535,2.3359999656677246,2.2820000648498535,2.312999963760376,0,2.084729999899864,2.4008999983469645
2017-05-01,2.325000047683716,2.3380000591278076,2.2799999713897705,2.2909998893737793,0,2.0890149998664858,2.398483331998189
2017-05-02,2.2960000038146973,2.3399999141693115,2.2929999828338623,2.3380000591278076,0,2.09283999979496,2.3952333331108093
2017-05-03,2.309000015258789,2.318000078201294,2.2790000438690186,2.2790000438690186,0,2.096414999961853,2.393499998251597
2017-05-04,2.3559999465942383,2.36899995803833,2.3380000591278076,2.3410000801086426,0,2.1002599996328355,2.3929499983787537
2017-05-05,2.3519999980926514,2.380000114440918,2.3380000591278076,2.3610000610351562,0,2.104229999780655,2.392966663837433
2017-05-08,2.375999927520752,2.390000104904175,2.3310000896453857,2.3329999446868896,0,2.108209999203682,2.39264999628067
2017-05-09,2.4070000648498535,2.4159998893737793,2.3889999389648438,2.3889999389648438,0,2.112419999241829,2.392616665363312
2017-05-10,2.4140000343322754,2.4159998893737793,2.371000051498413,2.38100004196167,0,2.11663999915123,2.39228333234787
2017-05-11,2.4000000953674316,2.4230000972747803,2.3910000324249268,2.3940000534057617,0,2.120784999728203,2.391116666793823
2017-05-12,2.3350000381469727,2.380000114440918,2.322000026702881,2.378999948501587,0,2.124645000100136,2.388333332538605
2017-05-15,2.3380000591278076,2.3499999046325684,2.3329999446868896,2.3420000076293945,0,2.1287600004673006,2.386466666062673
2017-05-16,2.3289999961853027,2.3589999675750732,2.308000087738037,2.3540000915527344,0,2.1328500002622603,2.3848666667938234
2017-05-17,2.2160000801086426,2.2869999408721924,2.2119998931884766,2.2869999408721924,0,2.1366400009393693,2.3813500006993613
2017-05-18,2.2330000400543213,2.23799991607666,2.190999984741211,2.196000099182129,0,2.140325000882149,2.3782666683197022
2017-05-19,2.244999885559082,2.260999917984009,2.2330000400543213,2.246999979019165,0,2.143865000605583,2.3758833328882853
2017-05-22,2.253999948501587,2.25600004196167,2.23799991607666,2.249000072479248,0,2.1474250000715256,2.374833333492279
2017-05-23,2.2850000858306885,2.2890000343322754,2.234999895095825,2.244999885559082,0,2.151335000395775,2.3734333356221518
2017-05-24,2.2660000324249268,2.296999931335449,2.253999948501587,2.2760000228881836,0,2.154755000472069,2.3719000021616616
2017-05-25,2.255000114440918,2.2690000534057617,2.247999906539917,2.247999906539917,0,2.158115001320839,2.36843333641688
2017-05-26,2.25,2.252000093460083,2.2309999465942383,2.2339999675750732,0,2.1616400015354156,2.3644500017166137
2017-05-30,2.2170000076293945,2.247999906539917,2.2130000591278076,2.23799991607666,0,2.1651800018548966,2.359866666793823
2017-05-31,2.196000099182129,2.2219998836517334,2.196000099182129,2.2200000286102295,0,2.168295002579689,2.3549000024795532
2017-06-01,2.2170000076293945,2.239000082015991,2.2149999141693115,2.2290000915527344,0,2.1718050026893616,2.350000003973643
2017-06-02,2.1589999198913574,2.2079999446868896,2.1440000534057617,2.2060000896453857,0,2.174835002422333,2.3434500018755595
2017-06-05,2.181999921798706,2.188999891281128,2.1700000762939453,2.174999952316284,0,2.177865002155304,2.3365166664123533
2017-06-06,2.1470000743865967,2.1540000438690186,2.132999897003174,2.1419999599456787,0,2.180795002579689,2.329266667366028
2017-06-07,2.177999973297119,2.183000087738037,2.1449999809265137,2.1540000438690186,0,2.1840050023794175,2.322099999586741
2017-06-08,2.194000005722046,2.2149999141693115,2.180000066757202,2.2019999027252197,0,2.1870850026607513,2.315416665871938
2017-06-09,2.1989998817443848,2.2290000915527344,2.197000026702881,2.2090001106262207,0,2.1903850018978117,2.310266665617625
2017-06-12,2.2130000591278076,2.2230000495910645,2.187000036239624,2.2109999656677246,0,2.193685002326965,2.305116665363312
2017-06-13,2.2070000171661377,2.2269999980926514,2.200000047683716,2.2130000591278076,0,2.196925002336502,2.3002166668574016
2017-06-14,2.138000011444092,2.2019999027252197,2.1029999256134033,2.200000047683716,0,2.19973000228405,2.2946333328882855
2017-06-15,2.1619999408721924,2.171999931335449,2.1519999504089355,2.1519999504089355,0,2.2023650020360948,2.290066663424174
2017-06-16,2.1570000648498535,2.178999900817871,2.1440000534057617,2.1740000247955322,0,2.205320002436638,2.2860833326975505
2017-06-19,2.190000057220459,2.190999984741211,2.1459999084472656,2.1459999084472656,0,2.2084200024604796,2.282283333937327
2017-06-20,2.1530001163482666,2.183000087738037,2.1510000228881836,2.1740000247955322,0,2.2113450032472612,2.278166667620341
2017-06-21,2.1549999713897705,2.177000045776367,2.1510000228881836,2.1670000553131104,0,2.2142700028419493,2.2745333353678387
2017-06-22,2.1530001163482666,2.1649999618530273,2.1389999389648438,2.1579999923706055,0,2.217055003643036,2.270266671975454
2017-06-23,2.1440000534057617,2.1670000553131104,2.1440000534057617,2.1549999713897705,0,2.2200600039958953,2.2662333408991495
2017-06-26,2.13700008392334,2.1470000743865967,2.121000051498413,2.1440000534057617,0,2.2230400043725966,2.261583344141642
2017-06-27,2.197999954223633,2.2160000801086426,2.1679999828338623,2.1700000762939453,0,2.225950003862381,2.258283344904582
2017-06-28,2.2209999561309814,2.240000009536743,2.2049999237060547,2.2090001106262207,0,2.228695003390312,2.2561333457628887
2017-06-29,2.2669999599456787,2.296999931335449,2.257999897003174,2.2790000438690186,0,2.231670002937317,2.2547500133514404
2017-06-30,2.302000045776367,2.305000066757202,2.265000104904175,2.265000104904175,0,2.234510003328323,2.2538333455721538
2017-07-03,2.3459999561309814,2.3529999256134033,2.2899999618530273,2.309000015258789,0,2.2377950030565263,2.2538833459218344
2017-07-05,2.3340001106262207,2.3570001125335693,2.322999954223633,2.3359999656677246,0,2.240950003862381,2.253233349323273
2017-07-06,2.369999885559082,2.3910000324249268,2.361999988555908,2.372999906539917,0,2.244295003414154,2.2533833463986714
2017-07-07,2.3929998874664307,2.3959999084472656,2.361999988555908,2.38700008392334,0,2.247780002951622,2.254966676235199
2017-07-10,2.371000051498413,2.385999917984009,2.364000082015991,2.372999906539917,0,2.251195003390312,2.2562166770299275
2017-07-11,2.361999988555908,2.3910000324249268,2.3550000190734863,2.38700008392334,0,2.2546650034189226,2.2583833416303
2017-07-12,2.3269999027252197,2.3519999980926514,2.302000045776367,2.3519999980926514,0,2.2581400030851366,2.2596333384513856
2017-07-13,2.3480000495910645,2.365999937057495,2.328000068664551,2.3320000171661377,0,2.2618050032854082,2.2624500075976055
2017-07-14,2.319000005722046,2.3359999656677246,2.2790000438690186,2.3359999656677246,0,2.2654550033807754,2.2644000093142194
2017-07-17,2.309000015258789,2.3299999237060547,2.305000066757202,2.305000066757202,0,2.2692200034856795,2.2655333439509073
2017-07-18,2.263000011444092,2.299999952316284,2.259000062942505,2.2929999828338623,0,2.272700003385544,2.2659666776657104
2017-07-19,2.2679998874664307,2.2750000953674316,2.255000114440918,2.2709999084472656,0,2.276255002617836,2.2658833424250284
2017-07-20,2.2660000324249268,2.2709999084472656,2.23799991607666,2.255000114440918,0,2.279545002579689,2.2648666779200237
2017-07-21,2.2320001125335693,2.252000093460083,2.2249999046325684,2.246000051498413,0,2.282595003247261,2.2635500113169353
2017-07-24,2.253999948501587,2.260999917984009,2.240999937057495,2.244999885559082,0,2.285450003147125,2.26285001039505
2017-07-25,2.3259999752044678,2.328000068664551,2.2780001163482666,2.2799999713897705,0,2.2885000032186507,2.2635833422342935
2017-07-26,2.2820000648498535,2.3369998931884766,2.2820000648498535,2.328000068664551,0,2.2912000036239624,2.2628666758537292
2017-07-27,2.309999942779541,2.3259999752044678,2.299999952316284,2.306999921798706,0,2.2940700036287307,2.26310000816981
2017-07-28,2.2890000343322754,2.328000068664551,2.2869999408721924,2.328000068664551,0,2.296900003552437,2.262766675154368
2017-07-31,2.2920000553131104,2.305000066757202,2.2909998893737793,2.2939999103546143,0,2.2995650041103364,2.2617000102996827
2017-08-01,2.250999927520752,2.321000099182129,2.250999927520752,2.305000066757202,0,2.301930003762245,2.2600166757901508
2017-08-02,2.26200008392334,2.2839999198913574,2.243000030517578,2.2709999084472656,0,2.3045500040054323,2.2581166783968607
2017-08-03,2.2279999256134033,2.250999927520752,2.2279999256134033,2.243000030517578,0,2.3067200034856796,2.25513334274292
2017-08-04,2.2669999599456787,2.2909998893737793,2.2300000190734863,2.2320001125335693,0,2.3092250031232835,2.2526833415031433
2017-08-07,2.256999969482422,2.2760000228881836,2.253000020980835,2.2760000228881836,0,2.3117650032043455,2.2503000060717264
2017-08-08,2.2829999923706055,2.2909998893737793,2.253000020980835,2.259999990463257,0,2.314420003294945,2.2494333386421204
2017-08-09,2.240999937057495,2.249000072479248,2.2119998931884766,2.2249999046325684,0,2.3168900030851365,2.2478166699409483
2017-08-10,2.2119998931884766,2.240999937057495,2.2100000381469727,2.240999937057495,0,2.319250002503395,2.245866668224335
2017-08-11,2.188999891281128,2.2219998836517334,2.181999921798706,2.1989998817443848,0,2.3213800019025803,2.2454166650772094
2017-08-14,2.2190001010894775,2.2269999980926514,2.203000068664551,2.2190001010894775,0,2.3236850023269655,2.245183332761129
2017-08-15,2.2660000324249268,2.2829999923706055,2.25,2.260999917984009,0,2.3260650026798246,2.2455333352088926
2017-08-16,2.2260000705718994,2.2820000648498535,2.2200000286102295,2.2799999713897705,0,2.3279800027608872,2.2450666705767315
2017-08-17,2.1989998817443848,2.246999979019165,2.197999954223633,2.240000009536743,0,2.329750002026558,2.24363333384196
2017-08-18,2.194000005722046,2.2109999656677246,2.1630001068115234,2.184000015258789,0,2.3315500020980835,2.2424333333969115
2017-08-21,2.180000066757202,2.197000026702881,2.177000045776367,2.177999973297119,0,2.333350002169609,2.241183332602183
2017-08-22,2.2149999141693115,2.2170000076293945,2.197000026702881,2.2060000896453857,0,2.335430001616478,2.240599997838338
2017-08-23,2.1710000038146973,2.196000099182129,2.1710000038146973,2.196000099182129,0,2.337225001454353,2.2398333311080934
2017-08-24,2.194000005722046,2.194000005722046,2.174999952316284,2.184999942779541,0,2.3392800015211104,2.239799996217092
2017-08-25,2.1689999103546143,2.203000068664551,2.1619999408721924,2.196000099182129,0,2.3409850013256075,2.2389999945958454
2017-08-28,2.1589999198913574,2.180000066757202,2.1549999713897705,2.1760001182556152,0,2.3424700009822845,2.2389999945958454
2017-08-29,2.135999917984009,2.1410000324249268,2.0910000801086426,2.111999988555908,0,2.3427900004386903,2.2382333278656006
2017-08-30,2.1429998874664307,2.1549999713897705,2.132999897003174,2.1429998874664307,0,2.342919999361038,2.238166658083598
2017-08-31,2.121000051498413,2.1480000019073486,2.121000051498413,2.1429998874664307,0,2.3424150002002717,2.2372166593869527
2017-09-01,2.1570000648498535,2.1670000553131104,2.0999999046325684,2.127000093460083,0,2.3420100009441374,2.2365999937057497
2017-09-05,2.069999933242798,2.138000011444092,2.066999912261963,2.138000011444092,0,2.341245000362396,2.2344499945640566
2017-09-06,2.1080000400543213,2.109999895095825,2.059999942779541,2.075000047683716,0,2.340405000448227,2.232699994246165
2017-09-07,2.061000108718872,2.0940001010894775,2.0339999198913574,2.0840001106262207,0,2.3390350008010863,2.2302666624387104
2017-09-08,2.061000108718872,2.075000047683716,2.0369999408721924,2.0369999408721924,0,2.337645001411438,2.2289833307266234
2017-09-11,2.125,2.134000062942505,2.0980000495910645,2.1029999256134033,0,2.336665000915527,2.2283666650454204
2017-09-12,2.1710000038146973,2.180000066757202,2.1429998874664307,2.1459999084472656,0,2.335735000371933,2.228599997361501
2017-09-13,2.194999933242798,2.197000026702881,2.1600000858306885,2.1670000553131104,0,2.334850000143051,2.22868332862854
2017-09-14,2.197000026702881,2.2249999046325684,2.184999942779541,2.2079999446868896,0,2.3342350006103514,2.2294166604677836
2017-09-15,2.2019999027252197,2.2130000591278076,2.183000087738037,2.197000026702881,0,2.333734999895096,2.2301999926567078
2017-09-18,2.2290000915527344,2.23799991607666,2.2109999656677246,2.2149999141693115,0,2.333040000200272,2.2314666589101155
2017-09-19,2.243000030517578,2.244999885559082,2.2160000801086426,2.2200000286102295,0,2.3320500004291533,2.2331166585286457
2017-09-20,2.2769999504089355,2.2890000343322754,2.2300000190734863,2.2320001125335693,0,2.331484999656677,2.2354499896367392
2017-09-21,2.2780001163482666,2.2780001163482666,2.244999885559082,2.260999917984009,0,2.330939999818802,2.2367833256721497
2017-09-22,2.26200008392334,2.2660000324249268,2.239000082015991,2.253000020980835,0,2.3302700006961823,2.2374666611353557
2017-09-25,2.2200000286102295,2.256999969482422,2.2149999141693115,2.243000030517578,0,2.3296350014209746,2.2366833289464316
2017-09-26,2.2290000915527344,2.246000051498413,2.2200000286102295,2.2249999046325684,0,2.3288450014591215,2.2354666630427045
2017-09-27,2.309000015258789,2.315999984741211,2.2869999408721924,2.2869999408721924,0,2.328070001602173,2.234849997361501
2017-09-28,2.309000015258789,2.3440001010894775,2.306999921798706,2.3320000171661377,0,2.327220001220703,2.2344333291053773
2017-09-29,2.3259999752044678,2.3389999866485596,2.2960000038146973,2.312000036239624,0,2.326445001363754,2.2336999972661338
2017-10-02,2.3369998931884766,2.3440001010894775,2.318000078201294,2.3410000801086426,0,2.3255050003528597,2.232766664028168
2017-10-03,2.3340001106262207,2.3610000610351562,2.3269999027252197,2.3480000495910645,0,2.3242750012874605,2.2321499983469644
2017-10-04,2.3299999237060547,2.3480000495910645,2.309000015258789,2.309000015258789,0,2.3229400014877317,2.2316166639328
2017-10-05,2.3499999046325684,2.3589999675750732,2.319000005722046,2.325000047683716,0,2.3219800007343294,2.231999997297923
2017-10-06,2.369999885559082,2.4019999504089355,2.3540000915527344,2.365999937057495,0,2.3209899997711183,2.232366661230723
2017-10-09,2.3610000610351562,2.3610000610351562,2.3610000610351562,2.3610000610351562,0,2.3200650000572205,2.2330666621526083
2017-10-10,2.3450000286102295,2.364000082015991,2.319000005722046,2.3550000190734863,0,2.3190250003337862,2.2336666623751325
2017-10-11,2.3450000286102295,2.3519999980926514,2.3320000171661377,2.3459999561309814,0,2.3180350005626678,2.235033329327901
2017-10-12,2.322999954223633,2.3459999561309814,2.318000078201294,2.3340001106262207,0,2.3168350005149843,2.235949997107188
2017-10-13,2.2799999713897705,2.3320000171661377,2.2730000019073486,2.3289999961853027,0,2.3157050001621244,2.2361833294232687
2017-10-16,2.306999921798706,2.312000036239624,2.2869999408721924,2.2890000343322754,0,2.314854999780655,2.2374333262443544
2017-10-17,2.2980000972747803,2.3289999961853027,2.2980000972747803,2.305000066757202,0,2.3141149997711183,2.2381666620572407
2017-10-18,2.3389999866485596,2.3499999046325684,2.3289999961853027,2.3320000171661377,0,2.3135599994659426,2.2383833289146424
2017-10-19,2.321000099182129,2.3289999961853027,2.2980000972747803,2.313999891281128,0,2.312905000448227,2.2390333294868467
2017-10-20,2.38100004196167,2.3919999599456787,2.36299991607666,2.365000009536743,0,2.312970000505447,2.2402166644732158
2017-10-23,2.375999927520752,2.388000011444092,2.36299991607666,2.384999990463257,0,2.3127600002288817,2.2416666626930235
2017-10-24,2.4059998989105225,2.4140000343322754,2.3970000743865967,2.4079999923706055,0,2.3129100000858305,2.243566660086314
2017-10-25,2.444000005722046,2.4749999046325684,2.430000066757202,2.450000047683716,0,2.313235000371933,2.2467833280563356
2017-10-26,2.4519999027252197,2.4570000171661377,2.4230000972747803,2.424999952316284,0,2.313645000457764,2.2499499917030334
2017-10-27,2.427999973297119,2.4700000286102295,2.4189999103546143,2.4590001106262207,0,2.3139800000190736,2.2532833258310956
2017-10-30,2.369999885559082,2.4079999923706055,2.369999885559082,2.4049999713897705,0,2.313929998874664,2.2549999912579852
2017-10-31,2.375999927520752,2.378999948501587,2.36899995803833,2.369999885559082,0,2.314174998998642,2.2569833238919577
2017-11-01,2.375999927520752,2.4010000228881836,2.3489999771118164,2.3980000019073486,0,2.3141099989414213,2.2585333228111266
2017-11-02,2.3469998836517334,2.369999885559082,2.3359999656677246,2.36299991607666,0,2.313549997806549,2.2602999885876973
2017-11-03,2.3429999351501465,2.3610000610351562,2.3239998817443848,2.3510000705718994,0,2.3129299974441526,2.2624833226203918
2017-11-06,2.319999933242798,2.3329999446868896,2.315000057220459,2.325000047683716,0,2.3125149965286256,2.264666656653086
2017-11-07,2.306999921798706,2.3289999961853027,2.303999900817871,2.3269999027252197,0,2.311694996356964,2.2661333203315737
2017-11-08,2.325000047683716,2.3269999027252197,2.305999994277954,2.315000057220459,0,2.310704996585846,2.26711665391922
2017-11-09,2.3310000896453857,2.3450000286102295,2.315000057220459,2.3329999446868896,0,2.309819997549057,2.268866654237111
2017-11-10,2.4000000953674316,2.4059998989105225,2.365999937057495,2.368000030517578,0,2.309414998292923,2.2722166577974954
2017-11-13,2.4000000953674316,2.4040000438690186,2.378999948501587,2.381999969482422,0,2.3089999985694885,2.2756499926249187
2017-11-14,2.38100004196167,2.4070000648498535,2.374000072479248,2.388000011444092,0,2.3086499989032747,2.2789999922116597
2017-11-15,2.3350000381469727,2.3589999675750732,2.319000005722046,2.3350000381469727,0,2.3079549992084503,2.280999994277954
2017-11-16,2.3610000610351562,2.3610000610351562,2.3429999351501465,2.3580000400543213,0,2.307409999370575,2.284166661898295
2017-11-17,2.3540000915527344,2.374000072479248,2.3359999656677246,2.367000102996826,0,2.306725000143051,2.2868333299954733
2017-11-20,2.371999979019165,2.371999979019165,2.3359999656677246,2.3359999656677246,0,2.3065199995040895,2.2902166644732156
2017-11-21,2.36299991607666,2.374000072479248,2.3350000381469727,2.3580000400543213,0,2.3063899993896486,2.2936166644096376
2017-11-22,2.322000026702881,2.371999979019165,2.319000005722046,2.368000030517578,0,2.3062449991703033,2.2967166662216187
2017-11-24,2.3399999141693115,2.3440001010894775,2.3289999961853027,2.3369998931884766,0,2.305969998836517,2.3
2017-11-27,2.328000068664551,2.3510000705718994,2.3239998817443848,2.3329999446868896,0,2.3055649995803833,2.3034500002861025
2017-11-28,2.3380000591278076,2.3420000076293945,2.309999942779541,2.328000068664551,0,2.3050849997997283,2.3064666668574016
2017-11-29,2.375999927520752,2.3949999809265137,2.36299991607666,2.36299991607666,0,2.304614999294281,2.311566666762034
2017-11-30,2.4170000553131104,2.437000036239624,2.38100004196167,2.390000104904175,0,2.304189999103546,2.316716667016347
2017-12-01,2.361999988555908,2.4240000247955322,2.315000057220459,2.382999897003174,0,2.3037499988079073,2.321733331680298
2017-12-04,2.378999948501587,2.4030001163482666,2.378000020980835,2.3959999084472656,0,2.3035199987888335,2.3270333290100096
2017-12-05,2.3559999465942383,2.3959999084472656,2.3550000190734863,2.390000104904175,0,2.3031649982929228,2.330883328119914
2017-12-06,2.3299999237060547,2.3350000381469727,2.313999891281128,2.3329999446868896,0,2.302724997997284,2.3335333267847695
2017-12-07,2.375999927520752,2.375999927520752,2.322999954223633,2.3389999866485596,0,2.302664997577667,2.3365499933560687
2017-12-08,2.382999897003174,2.3919999599456787,2.361999988555908,2.38100004196167,0,2.3029949975013735,2.339649991194407
2017-12-11,2.384999990463257,2.38700008392334,2.3580000400543213,2.361999988555908,0,2.303074997663498,2.3426999926567076
2017-12-12,2.4030001163482666,2.4210000038146973,2.3919999599456787,2.3919999599456787,0,2.3032999980449675,2.3455999930699667
2017-12-13,2.3489999771118164,2.4260001182556152,2.3489999771118164,2.4260001182556152,0,2.302729997634888,2.3473666588465374
2017-12-14,2.3459999561309814,2.3889999389648438,2.3440001010894775,2.367000102996826,0,2.302014997005463,2.3485166589419046
2017-12-15,2.3550000190734863,2.380000114440918,2.3529999256134033,2.3580000400543213,0,2.301329996585846,2.3497999906539917
2017-12-18,2.3919999599456787,2.3980000019073486,2.367000102996826,2.372999906539917,0,2.300819996595383,2.351966655254364
2017-12-19,2.4630000591278076,2.4719998836517334,2.4070000648498535,2.4089999198913574,0,2.3005799973011016,2.3560166557629905
2017-12-20,2.496999979019165,2.496999979019165,2.4719998836517334,2.4830000400543213,0,2.3003049969673155,2.3604833205540974
2017-12-21,2.4809999465942383,2.499000072479248,2.4790000915527344,2.4860000610351562,0,2.2997199964523314,2.363349986076355
2017-12-22,2.484999895095825,2.492000102996826,2.4809999465942383,2.484999895095825,0,2.2992349958419798,2.3662833174069724
2017-12-26,2.4670000076293945,2.490000009536743,2.4590001106262207,2.48799991607666,0,2.2985299956798553,2.3686333179473875
2017-12-27,2.4140000343322754,2.4670000076293945,2.4110000133514404,2.4670000076293945,0,2.297624995708466,2.3699166536331178
2017-12-28,2.431999921798706,2.440999984741211,2.4200000762939453,2.431999921798706,0,2.2972449958324432,2.371549983819326
2017-12-29,2.4049999713897705,2.441999912261963,2.4049999713897705,2.434000015258789,0,2.296659995317459,2.3727999846140544
2018-01-02,2.4649999141693115,2.4800000190734863,2.424999952316284,2.433000087738037,0,2.296479995250702,2.374716651439667
2018-01-03,2.447000026702881,2.4649999141693115,2.440000057220459,2.4509999752044678,0,2.296349995136261,2.3759999871253967
2018-01-04,2.453000068664551,2.486999988555908,2.4489998817443848,2.4730000495910645,0,2.2964349949359892,2.377533320585887
2018-01-05,2.4760000705718994,2.4800000190734863,2.436000108718872,2.4649999141693115,0,2.2968349957466128,2.3797166546185813
2018-01-08,2.4800000190734863,2.489000082015991,2.4619998931884766,2.4709999561309814,0,2.2971449959278107,2.3819666544596356
2018-01-09,2.5460000038146973,2.5460000038146973,2.489000082015991,2.490999937057495,0,2.297874995470047,2.3856833219528197
2018-01-10,2.549999952316284,2.5950000286102295,2.549999952316284,2.5840001106262207,0,2.2987599956989286,2.3901833216349284
2018-01-11,2.5309998989105225,2.569999933242798,2.5260000228881836,2.563999891281128,0,2.2993699955940246,2.393916654586792
2018-01-12,2.552000045776367,2.5940001010894775,2.5460000038146973,2.5480000972747803,0,2.3001999962329864,2.3981499870618186
2018-01-16,2.5439999103546143,2.562999963760376,2.5260000228881836,2.5390000343322754,0,2.3008399963378907,2.4015666524569195
2018-01-17,2.578000068664551,2.5810000896453857,2.5409998893737793,2.561000108718872,0,2.301749997138977,2.4058499852816264
2018-01-18,2.6110000610351562,2.619999885559082,2.5980000495910645,2.61299991607666,0,2.3030549979209898,2.409683318932851
2018-01-19,2.63700008392334,2.6459999084472656,2.61299991607666,2.625999927520752,0,2.3044899988174437,2.414033321539561
2018-01-22,2.6649999618530273,2.6649999618530273,2.631999969482422,2.6579999923706055,0,2.3060299980640413,2.4183499892552693
2018-01-23,2.624000072479248,2.6389999389648438,2.6110000610351562,2.628000020980835,0,2.307434998750687,2.4213499903678892
2018-01-24,2.6540000438690186,2.6630001068115234,2.634000062942505,2.6519999504089355,0,2.3088399994373323,2.4247166593869527
2018-01-25,2.621000051498413,2.6760001182556152,2.61899995803833,2.63700008392334,0,2.3101399993896483,2.4279333273569743
2018-01-26,2.6619999408721924,2.6730000972747803,2.630000114440918,2.635999917984009,0,2.3119599986076356,2.432799994945526
2018-01-29,2.6989998817443848,2.7249999046325684,2.694000005722046,2.7200000286102295,0,2.313974997997284,2.43818332751592
2018-01-30,2.7260000705718994,2.7330000400543213,2.7009999752044678,2.7109999656677246,0,2.3164449977874755,2.4440166632334392
2018-01-31,2.7200000286102295,2.753999948501587,2.697999954223633,2.7130000591278076,0,2.318784997463226,2.4502333323160808
2018-02-01,2.7730000019073486,2.7760000228881836,2.7219998836517334,2.743000030517578,0,2.321754997968674,2.4574000000953675
2018-02-02,2.8540000915527344,2.8540000915527344,2.7860000133514404,2.7860000133514404,0,2.3250149989128115,2.4663000027338664
2018-02-05,2.7939999103546143,2.861999988555908,2.7939999103546143,2.8340001106262207,0,2.327779998779297,2.474416669209798
2018-02-06,2.7679998874664307,2.7869999408721924,2.7360000610351562,2.73799991607666,0,2.3304349982738497,2.4817999998728433
2018-02-07,2.8440001010894775,2.8510000705718994,2.7720000743865967,2.7869999408721924,0,2.33328999876976,2.4903500000635783
2018-02-08,2.8510000705718994,2.884000062942505,2.808000087738037,2.8570001125335693,0,2.3359099996089934,2.497866666316986
2018-02-09,2.8289999961853027,2.861999988555908,2.7880001068115234,2.8310000896453857,0,2.3384999990463258,2.5050166646639505
2018-02-12,2.8570001125335693,2.881999969482422,2.828000068664551,2.881999969482422,0,2.34130499958992,2.512949999173482
2018-02-13,2.8399999141693115,2.8529999256134033,2.8350000381469727,2.8440001010894775,0,2.344094998836517,2.5213666637738545
2018-02-14,2.9130001068115234,2.9130001068115234,2.816999912261963,2.819000005722046,0,2.3470349991321564,2.530566664536794
2018-02-15,2.8910000324249268,2.9260001182556152,2.881999969482422,2.9170000553131104,0,2.3500099992752075,2.5395166635513307
2018-02-16,2.877000093460083,2.888000011444092,2.8499999046325684,2.877000093460083,0,2.3528499996662138,2.547933332125346
2018-02-20,2.8929998874664307,2.9149999618530273,2.890000104904175,2.9019999504089355,0,2.3555349993705748,2.556766664981842
2018-02-21,2.943000078201294,2.943000078201294,2.877000093460083,2.884000062942505,0,2.358489999771118,2.5671166658401487
2018-02-22,2.9170000553131104,2.927999973297119,2.9040000438690186,2.9210000038146973,0,2.36119500041008,2.5767333348592123
2018-02-23,2.871000051498413,2.8929998874664307,2.861999988555908,2.884000062942505,0,2.3635150003433227,2.58578333457311
2018-02-26,2.8589999675750732,2.861999988555908,2.8310000896453857,2.8410000801086426,0,2.3657400000095365,2.5944666663805642
2018-02-27,2.9079999923706055,2.924999952316284,2.8499999046325684,2.869999885559082,0,2.3682799994945527,2.603333334128062
2018-02-28,2.868000030517578,2.8970000743865967,2.868000030517578,2.88100004196167,0,2.370944999456406,2.6108500003814696
2018-03-01,2.803999900817871,2.868000030517578,2.7950000762939453,2.8310000896453857,0,2.373274998664856,2.6182166655858357
2018-03-02,2.8570001125335693,2.869999885559082,2.816999912261963,2.816999912261963,0,2.3759149992465973,2.626183334986369
2018-03-05,2.88100004196167,2.8949999809265137,2.8299999237060547,2.8420000076293945,0,2.3792399990558626,2.634933336575826
2018-03-06,2.877000093460083,2.8970000743865967,2.8570001125335693,2.8940000534057617,0,2.3824599993228914,2.6440500060717267
2018-03-07,2.882999897003174,2.882999897003174,2.8499999046325684,2.864000082015991,0,2.385649999380112,2.6525000055631
2018-03-08,2.865999937057495,2.888000011444092,2.8480000495910645,2.884999990463257,0,2.388709999322891,2.660550006230672
2018-03-09,2.8940000534057617,2.9140000343322754,2.869999885559082,2.875,0,2.3917549991607667,2.6690333406130473
2018-03-12,2.869999885559082,2.9010000228881836,2.869999885559082,2.8989999294281006,0,2.3947749984264375,2.6768166700998943
2018-03-13,2.8480000495910645,2.871999979019165,2.8299999237060547,2.865999937057495,0,2.397739998102188,2.6851333379745483
2018-03-14,2.816999912261963,2.8570001125335693,2.8010001182556152,2.8499999046325684,0,2.400574997663498,2.692983337243398
2018-03-15,2.8259999752044678,2.8350000381469727,2.808000087738037,2.812999963760376,0,2.4036199975013735,2.7008333365122477
2018-03-16,2.8480000495910645,2.8589999675750732,2.822999954223633,2.822999954223633,0,2.406879997253418,2.7084333380063375
2018-03-19,2.8450000286102295,2.878999948501587,2.8340001106262207,2.874000072479248,0,2.4100199973583223,2.714800004164378
2018-03-20,2.878999948501587,2.8889999389648438,2.869999885559082,2.869999885559082,0,2.4136199975013732,2.721166670322418
2018-03-21,2.9070000648498535,2.936000108718872,2.869999885559082,2.9030001163482666,0,2.417244998216629,2.728266672293345
2018-03-22,2.8320000171661377,2.8499999046325684,2.7990000247955322,2.8499999046325684,0,2.420669997930527,2.7340500076611836
2018-03-23,2.8299999237060547,2.8519999980926514,2.825000047683716,2.8450000286102295,0,2.4239299976825714,2.740100006262461
2018-03-26,2.8429999351501465,2.8540000915527344,2.819000005722046,2.8540000915527344,0,2.427174997329712,2.747250004609426
2018-03-27,2.7860000133514404,2.8410000801086426,2.7860000133514404,2.8410000801086426,0,2.4301099979877474,2.753150006135305
2018-03-28,2.7750000953674316,2.7899999618530273,2.74399995803833,2.7720000743865967,0,2.4329199981689453,2.759316674868266
2018-03-29,2.740999937057495,2.7750000953674316,2.739000082015991,2.7679998874664307,0,2.435589997768402,2.7639166752497357
2018-04-02,2.7320001125335693,2.7739999294281006,2.7170000076293945,2.763000011444092,0,2.4385599982738495,2.768666676680247
2018-04-03,2.7839999198913574,2.7839999198913574,2.753000020980835,2.759000062942505,0,2.4416699981689454,2.7741833408673604
2018-04-04,2.7880001068115234,2.7950000762939453,2.747999906539917,2.756999969482422,0,2.4448249983787536,2.779383341471354
2018-04-05,2.8320000171661377,2.8340001106262207,2.813999891281128,2.816999912261963,0,2.448034998178482,2.7852500081062317
2018-04-06,2.7750000953674316,2.819000005722046,2.7739999294281006,2.819000005722046,0,2.4511449980735778,2.7890666762987775
2018-04-09,2.7860000133514404,2.812000036239624,2.7860000133514404,2.7899999618530273,0,2.4542999982833864,2.7930000106493633
2018-04-10,2.796999931335449,2.812000036239624,2.7839999198913574,2.7990000247955322,0,2.457519997358322,2.797433344523112
2018-04-11,2.7899999618530273,2.796999931335449,2.755000114440918,2.7769999504089355,0,2.4607499969005584,2.8014000097910565
2018-04-12,2.8340001106262207,2.8380000591278076,2.7920000553131104,2.7920000553131104,0,2.464234997034073,2.8062333464622498
2018-04-13,2.8289999961853027,2.8489999771118164,2.818000078201294,2.8380000591278076,0,2.467389997243881,2.8104166785875955
2018-04-16,2.8320000171661377,2.865000009536743,2.8299999237060547,2.864000082015991,0,2.470444997549057,2.8141000111897787
2018-04-17,2.813999891281128,2.8410000801086426,2.813999891281128,2.8380000591278076,0,2.4731799972057344,2.8170500079790752
2018-04-18,2.867000102996826,2.867000102996826,2.8320000171661377,2.8399999141693115,0,2.4760049974918363,2.8204166769981383
2018-04-19,2.9140000343322754,2.934000015258789,2.8929998874664307,2.8929998874664307,0,2.478844997882843,2.8252500096956887
2018-04-20,2.9509999752044678,2.953000068664551,2.9159998893737793,2.9170000553131104,0,2.481929997205734,2.8302000085512797
2018-04-23,2.9730000495910645,2.990000009536743,2.9639999866485596,2.9749999046325684,0,2.484944998025894,2.8360666751861574
2018-04-24,2.9830000400543213,3.003000020980835,2.9749999046325684,2.9749999046325684,0,2.4878949987888337,2.841416676839193
2018-04-25,3.0239999294281006,3.0350000858306885,3.006999969482422,3.0320000648498535,0,2.491159998178482,2.8468333443005878
2018-04-26,2.990000009536743,3.003000020980835,2.9809999465942383,2.990000009536743,0,2.4942999982833864,2.851233343283335
2018-04-27,2.9570000171661377,2.9830000400543213,2.9549999237060547,2.9679999351501465,0,2.4974499988555907,2.8551833430926004
2018-04-30,2.936000108718872,2.9590001106262207,2.934999942779541,2.9549999237060547,0,2.50038999915123,2.857900011539459
2018-05-01,2.9760000705718994,2.9790000915527344,2.9630000591278076,2.9660000801086426,0,2.503674999475479,2.859933344523112
2018-05-02,2.9639999866485596,2.989000082015991,2.9570000171661377,2.986999988555908,0,2.506949999332428,2.862766679128011
2018-05-03,2.946000099182129,2.953000068664551,2.927000045776367,2.941999912261963,0,2.5103649997711184,2.8657333493232726
2018-05-04,2.944000005722046,2.9649999141693115,2.9110000133514404,2.933000087738037,0,2.5137450003623965,2.867400014400482
2018-05-07,2.950000047683716,2.9590001106262207,2.946000099182129,2.953000068664551,0,2.5171650004386903,2.8690500140190123
2018-05-08,2.9690001010894775,2.986999988555908,2.9549999237060547,2.9549999237060547,0,2.52085000038147,2.8713833491007485
2018-05-09,3.003999948501587,3.009999990463257,2.993000030517578,3.002000093460083,0,2.52460000038147,2.873833346366882
2018-05-10,2.9709999561309814,2.9820001125335693,2.9509999752044678,2.9809999465942383,0,2.5278250002861022,2.876016680399577
2018-05-11,2.9709999561309814,2.9820001125335693,2.9549999237060547,2.9619998931884766,0,2.531269999742508,2.876983344554901
2018-05-14,2.994999885559082,2.996999979019165,2.9860000610351562,2.996999979019165,0,2.5346949994564056,2.8787166754404705
2018-05-15,3.0799999237060547,3.0950000286102295,3.0230000019073486,3.0260000228881836,0,2.5386499989032747,2.88210000594457
2018-05-16,3.0950000286102295,3.0950000286102295,3.058000087738037,3.061000108718872,0,2.54266499876976,2.885466674963633
2018-05-17,3.1089999675750732,3.115000009536743,3.0929999351501465,3.1059999465942383,0,2.5469549989700315,2.8882333397865296
2018-05-18,3.066999912261963,3.1059999465942383,3.065000057220459,3.1040000915527344,0,2.5509799981117247,2.890733337402344
2018-05-21,3.065000057220459,3.078000068664551,3.058000087738037,3.0759999752044678,0,2.55516499876976,2.8939666708310443
2018-05-22,3.065000057220459,3.078000068664551,3.058000087738037,3.0739998817443848,0,2.559154999256134,2.8974000056584677
2018-05-23,3.003000020980835,3.0280001163482666,3.003000020980835,3.007999897003174,0,2.562884999513626,2.898983339468638
2018-05-24,2.9809999465942383,2.994999885559082,2.9549999237060547,2.99399995803833,0,2.5663749992847444,2.900866671403249
2018-05-25,2.930999994277954,2.9509999752044678,2.921999931335449,2.9509999752044678,0,2.5698249995708466,2.9029833396275837
2018-05-29,2.7679998874664307,2.8910000324249268,2.759000062942505,2.878999948501587,0,2.572604999542236,2.9015000025431315
2018-05-30,2.8420000076293945,2.865999937057495,2.821000099182129,2.865999937057495,0,2.575870000123978,2.900850001970927
2018-05-31,2.822000026702881,2.869999885559082,2.822000026702881,2.865999937057495,0,2.5788849997520447,2.89993333419164
2018-06-01,2.8949999809265137,2.9240000247955322,2.880000114440918,2.9000000953674316,0,2.582029999494553,2.9001333355903625
2018-06-04,2.937000036239624,2.940999984741211,2.9019999504089355,2.9110000133514404,0,2.5855849993228914,2.9013166705767315
2018-06-05,2.9189999103546143,2.930999994277954,2.9000000953674316,2.9110000133514404,0,2.5891849994659424,2.901733334859212
2018-06-06,2.9749999046325684,2.9809999465942383,2.947999954223633,2.9549999237060547,0,2.593089998960495,2.903483335177104
2018-06-07,2.933000087738037,2.992000102996826,2.884000062942505,2.990000009536743,0,2.5968549990653993,2.904900002479553
2018-06-08,2.937000036239624,2.941999912261963,2.9210000038146973,2.9240000247955322,0,2.6004649996757507,2.9069000045458475
2018-06-11,2.9570000171661377,2.9700000286102295,2.9519999027252197,2.9630000591278076,0,2.604394999742508,2.909083338578542
2018-06-12,2.9570000171661377,2.9809999465942383,2.9570000171661377,2.9700000286102295,0,2.6082099997997283,2.9109000047047933
2018-06-13,2.9769999980926514,3.009000062942505,2.950000047683716,2.9570000171661377,0,2.6122500002384186,2.913100004196167
2018-06-14,2.946000099182129,2.9649999141693115,2.927999973297119,2.938999891281128,0,2.6161850011348724,2.914216673374176
2018-06-15,2.9240000247955322,2.930000066757202,2.8889999389648438,2.9260001182556152,0,2.62012500166893,2.9145000060399373
2018-06-18,2.9260001182556152,2.933000087738037,2.9019999504089355,2.9019999504089355,0,2.624040002822876,2.9160666743914287
2018-06-19,2.8929998874664307,2.8949999809265137,2.868000030517578,2.884000062942505,0,2.627900002002716,2.9171166737874348
2018-06-20,2.927999973297119,2.930000066757202,2.884000062942505,2.9000000953674316,0,2.6317550015449522,2.9185333410898844
2018-06-21,2.8970000743865967,2.9260001182556152,2.8910000324249268,2.9260001182556152,0,2.6358900022506715,2.920383342107137
2018-06-22,2.9000000953674316,2.927999973297119,2.8970000743865967,2.9130001068115234,0,2.639850002527237,2.9224666754404702
2018-06-25,2.875,2.8970000743865967,2.865999937057495,2.881999969482422,0,2.6439200019836426,2.9247000098228453
2018-06-26,2.880000114440918,2.8910000324249268,2.865999937057495,2.86899995803833,0,2.6480150020122526,2.9271666765213014
2018-06-27,2.8269999027252197,2.865999937057495,2.8259999752044678,2.865999937057495,0,2.651525001525879,2.9278833429018656
2018-06-28,2.8469998836517334,2.8529999256134033,2.8239998817443848,2.8259999752044678,0,2.654905000925064,2.928866672515869
2018-06-29,2.8489999771118164,2.8529999256134033,2.8329999446868896,2.8510000705718994,0,2.658175001144409,2.9291500051816306
2018-07-02,2.865999937057495,2.871000051498413,2.8289999961853027,2.8289999961853027,0,2.661520000696182,2.9306666692097982
2018-07-03,2.8380000591278076,2.881999969482422,2.8359999656677246,2.881999969482422,0,2.664700001478195,2.9315333366394043
2018-07-05,2.8399999141693115,2.861999988555908,2.819999933242798,2.8580000400543213,0,2.6677550005912782,2.9322500030199685
2018-07-06,2.8310000896453857,2.8359999656677246,2.811000108718872,2.8289999961853027,0,2.670695000886917,2.9329333384831746
2018-07-09,2.859999895095825,2.861999988555908,2.8489999771118164,2.861999988555908,0,2.6736100006103514,2.933366668224335
2018-07-10,2.872999906539917,2.875,2.8580000400543213,2.867000102996826,0,2.67658499956131,2.9341000000635784
2018-07-11,2.8420000076293945,2.865999937057495,2.8380000591278076,2.8440001010894775,0,2.67948499917984,2.934266666571299
2018-07-12,2.8529999256134033,2.871000051498413,2.8450000286102295,2.864000082015991,0,2.6826499986648558,2.934916667143504
2018-07-13,2.8310000896453857,2.8450000286102295,2.8269999027252197,2.8440001010894775,0,2.685659998655319,2.9343166669209797
2018-07-16,2.8580000400543213,2.877000093460083,2.8550000190734863,2.8580000400543213,0,2.688404998779297,2.9333833336830137
2018-07-17,2.864000082015991,2.867000102996826,2.8469998836517334,2.8510000705718994,0,2.691179999113083,2.931933335463206
2018-07-18,2.875,2.875,2.8469998836517334,2.8510000705718994,0,2.6939249992370606,2.930300001303355
2018-07-19,2.8469998836517334,2.8889999389648438,2.8340001106262207,2.881999969482422,0,2.696474999189377,2.9280333320299783
2018-07-20,2.8949999809265137,2.8970000743865967,2.8469998836517334,2.8550000190734863,0,2.699279998540878,2.925883332888285
2018-07-23,2.9649999141693115,2.9649999141693115,2.888000011444092,2.888000011444092,0,2.7024549984931947,2.9254666646321614
2018-07-24,2.9489998817443848,2.9730000495910645,2.947000026702881,2.9579999446868896,0,2.7054499983787537,2.925333329041799
2018-07-25,2.936000108718872,2.9489998817443848,2.927999973297119,2.938999891281128,0,2.7082799994945526,2.925333329041799
2018-07-26,2.9749999046325684,2.9760000705718994,2.947000026702881,2.9670000076293945,0,2.7113499987125396,2.925316659609477
2018-07-27,2.9600000381469727,2.98799991607666,2.9509999752044678,2.9779999256134033,0,2.7144249987602236,2.925249993801117
2018-07-30,2.9749999046325684,2.990000009536743,2.9639999866485596,2.9860000610351562,0,2.717574998140335,2.9257333238919574
2018-07-31,2.9639999866485596,2.9690001010894775,2.944999933242798,2.9539999961853027,0,2.7207799983024596,2.9260666569073996
2018-08-01,3.003000020980835,3.0160000324249268,2.9860000610351562,2.992000102996826,0,2.724394998550415,2.926949989795685
2018-08-02,2.9860000610351562,3.003000020980835,2.9800000190734863,2.9839999675750732,0,2.7277899992465975,2.927233322461446
2018-08-03,2.953000068664551,2.9839999675750732,2.9509999752044678,2.9790000915527344,0,2.731064999103546,2.926383324464162
2018-08-06,2.937999963760376,2.9600000381469727,2.924999952316284,2.9600000381469727,0,2.734059998989105,2.9258333245913186
2018-08-07,2.9730000495910645,2.9769999980926514,2.9539999961853027,2.9539999961853027,0,2.73731999874115,2.92586665948232
2018-08-08,2.9709999561309814,2.9860000610351562,2.9579999446868896,2.9769999980926514,0,2.7402699983119962,2.9254666606585187
2018-08-09,2.934999942779541,2.953000068664551,2.928999900817871,2.953000068664551,0,2.74306499838829,2.923049994309743
2018-08-10,2.8570001125335693,2.8929998874664307,2.8529999256134033,2.890000104904175,0,2.7453199994564055,2.919083329041799
2018-08-13,2.877000093460083,2.890000104904175,2.861999988555908,2.864000082015991,0,2.7474849998950956,2.9152166644732156
2018-08-14,2.8949999809265137,2.8949999809265137,2.877000093460083,2.8929998874664307,0,2.7497000002861025,2.9123499989509583
2018-08-15,2.8519999980926514,2.875,2.8369998931884766,2.869999885559082,0,2.75182000041008,2.908799997965495
2018-08-16,2.871000051498413,2.8929998874664307,2.8589999675750732,2.872999906539917,0,2.7543250012397764,2.905566664536794
2018-08-17,2.872999906539917,2.877000093460083,2.8459999561309814,2.8589999675750732,0,2.7568100011348724,2.9033999959627788
2018-08-20,2.822999954223633,2.8529999256134033,2.821000099182129,2.8529999256134033,0,2.7590450012683867,2.900766662756602
2018-08-21,2.8440001010894775,2.8529999256134033,2.8329999446868896,2.8440001010894775,0,2.7615300023555758,2.899316664536794
2018-08-22,2.822999954223633,2.8350000381469727,2.808000087738037,2.819000005722046,0,2.763930002450943,2.900233332316081
2018-08-23,2.821000099182129,2.8259999752044678,2.813999891281128,2.821000099182129,0,2.7664350032806397,2.89988333384196
2018-08-24,2.8259999752044678,2.8499999046325684,2.816999912261963,2.8320000171661377,0,2.7690300035476683,2.8999499996503193
2018-08-27,2.8480000495910645,2.8510000705718994,2.828000068664551,2.8299999237060547,0,2.771645003557205,2.899166667461395
2018-08-28,2.884000062942505,2.885999917984009,2.8529999256134033,2.8529999256134033,0,2.7744100034236907,2.89828333457311
2018-08-29,2.884000062942505,2.8989999294281006,2.871000051498413,2.872999906539917,0,2.776830003261566,2.897700003782908
2018-08-30,2.859999895095825,2.878999948501587,2.8589999675750732,2.877000093460083,0,2.7791300022602083,2.8957833369572956
2018-08-31,2.8529999256134033,2.8570001125335693,2.8310000896453857,2.8420000076293945,0,2.781490001678467,2.894450000921885
2018-09-04,2.9019999504089355,2.9059998989105225,2.868000030517578,2.86899995803833,0,2.7843250012397767,2.8938666661580403
2018-09-05,2.9019999504089355,2.9170000553131104,2.884000062942505,2.888000011444092,0,2.7870300006866455,2.8929499983787537
2018-09-06,2.878999948501587,2.9100000858306885,2.871000051498413,2.9079999923706055,0,2.7896549999713898,2.8916499972343446
2018-09-07,2.941999912261963,2.950000047683716,2.885999917984009,2.8889999389648438,0,2.792504999637604,2.8910666624704997
2018-09-10,2.937000036239624,2.947999954223633,2.930000066757202,2.941999912261963,0,2.7953750002384186,2.890916661421458
2018-09-11,2.9769999980926514,2.9809999465942383,2.947999954223633,2.953000068664551,0,2.7986500000953676,2.891799994309743
2018-09-12,2.9630000591278076,2.9679999351501465,2.9549999237060547,2.9660000801086426,0,2.80176500082016,2.8924166599909467
2018-09-13,2.9630000591278076,2.9830000400543213,2.944000005722046,2.9809999465942383,0,2.804940000772476,2.893583329518636
2018-09-14,2.99399995803833,3.003000020980835,2.9809999465942383,2.989000082015991,0,2.808220000267029,2.894683329264323
2018-09-17,3.000999927520752,3.0199999809265137,2.989000082015991,3.0199999809265137,0,2.811345000267029,2.896416660149892
2018-09-18,3.0480000972747803,3.0480000972747803,3.005000114440918,3.006999969482422,0,2.814500000476837,2.898883326848348
2018-09-19,3.0829999446868896,3.0920000076293945,3.0439999103546143,3.0439999103546143,0,2.818105000257492,2.9023499925931295
2018-09-20,3.078000068664551,3.0959999561309814,3.059000015258789,3.0920000076293945,0,2.821600000858307,2.90564999183019
2018-09-21,3.068000078201294,3.0829999446868896,3.061000108718872,3.068000078201294,0,2.825160001516342,2.909666661421458
2018-09-24,3.078000068664551,3.0910000801086426,3.065000057220459,3.0759999752044678,0,2.828900002241135,2.913516664505005
2018-09-25,3.1019999980926514,3.109999895095825,3.0929999351501465,3.0980000495910645,0,2.832530002593994,2.9177333315213523
2018-09-26,3.061000108718872,3.0910000801086426,3.061000108718872,3.0850000381469727,0,2.8359200036525727,2.9209833343823752
2018-09-27,3.055999994277954,3.0739998817443848,3.053999900817871,3.055999994277954,0,2.8392750036716463,2.9246166666348774
2018-09-28,3.055999994277954,3.058000087738037,3.0299999713897705,3.0309998989105225,0,2.8425400030612944,2.9282166679700214
2018-10-01,3.0799999237060547,3.0859999656677246,3.062999963760376,3.0859999656677246,0,2.846195002794266,2.932366665204366
2018-10-02,3.055999994277954,3.0739998817443848,3.0460000038146973,3.069000005722046,0,2.8497450029850007,2.935633333524068
2018-10-03,3.1610000133514404,3.178999900817871,3.0799999237060547,3.0859999656677246,0,2.8537750029563904,2.9404333353042604
2018-10-04,3.197000026702881,3.2100000381469727,3.1760001182556152,3.200000047683716,0,2.8578000032901762,2.9463500022888183
2018-10-05,3.2249999046325684,3.247999906539917,3.188999891281128,3.2039999961853027,0,2.8616100025177,2.9525500019391377
2018-10-08,3.2330000400543213,3.2330000400543213,3.2330000400543213,3.2330000400543213,0,2.865290002822876,2.95925000111262
2018-10-09,3.2079999446868896,3.239000082015991,3.203000068664551,3.239000082015991,0,2.8689250028133393,2.965083332856496
2018-10-10,3.2249999046325684,3.242000102996826,3.2119998931884766,3.2269999980926514,0,2.8726250028610227,2.9710999965667724
2018-10-11,3.132999897003174,3.190999984741211,3.127000093460083,3.188999891281128,0,2.875955002307892,2.9753999948501586
2018-10-12,3.1410000324249268,3.1730000972747803,3.13100004196167,3.1670000553131104,0,2.879590002298355,2.9802999973297117
2018-10-15,3.1630001068115234,3.1649999618530273,3.1429998874664307,3.1610000133514404,0,2.8832450032234194,2.9847666660944623
2018-10-16,3.1559998989105225,3.177000045776367,3.1540000438690186,3.1730000972747803,0,2.887000002861023,2.987949999173482
2018-10-17,3.178999900817871,3.178999900817871,3.1459999084472656,3.1579999923706055,0,2.8905700027942656,2.991783332824707
2018-10-18,3.174999952316284,3.2149999141693115,3.1600000858306885,3.2070000171661377,0,2.8942100024223327,2.9957666635513305
2018-10-19,3.197999954223633,3.2090001106262207,3.180999994277954,3.194000005722046,0,2.897935001850128,2.999483331044515
2018-10-22,3.196000099182129,3.197999954223633,3.178999900817871,3.190000057220459,0,2.9015350019931794,3.003416665395101
2018-10-23,3.1659998893737793,3.1659998893737793,3.1110000610351562,3.1489999294281006,0,2.9049650013446806,3.006599998474121
2018-10-24,3.124000072479248,3.1470000743865967,3.117000102996826,3.1449999809265137,0,2.9078550016880036,3.0092666665712993
2018-10-25,3.135999917984009,3.1449999809265137,3.117000102996826,3.1429998874664307,0,2.9107850015163423,3.0114833315213523
2018-10-26,3.0769999027252197,3.1019999980926514,3.059000015258789,3.0889999866485596,0,2.9135150015354156,3.01299999554952
2018-10-29,3.0869998931884766,3.117000102996826,3.0850000381469727,3.0940001010894775,0,2.916190000772476,3.0152333259582518
2018-10-30,3.109999895095825,3.122999906539917,3.0940001010894775,3.117000102996826,0,2.9190200006961824,3.0180999914805096
2018-10-31,3.1589999198913574,3.1610000133514404,3.134000062942505,3.1489999294281006,0,2.9219249999523162,3.0211999893188475
2018-11-01,3.1440000534057617,3.1740000247955322,3.135999917984009,3.1640000343322754,0,2.9245899999141693,3.0240833242734273
2018-11-02,3.2139999866485596,3.2160000801086426,3.1549999713897705,3.1549999713897705,0,2.9274749994277953,3.028733325004578
2018-11-05,3.2009999752044678,3.2049999237060547,3.186000108718872,3.203000068664551,0,2.930154999494553,3.0344666560490925
2018-11-06,3.2139999866485596,3.2239999771118164,3.190999984741211,3.193000078201294,0,2.933104999065399,3.040083320935567
2018-11-07,3.2130000591278076,3.2149999141693115,3.184000015258789,3.200000047683716,0,2.935899999141693,3.045383322238922
2018-11-08,3.2339999675750732,3.239000082015991,3.2060000896453857,3.2190001010894775,0,2.9389649987220765,3.0517499883969625
2018-11-09,3.188999891281128,3.2300000190734863,3.180000066757202,3.2130000591278076,0,2.9415999984741212,3.057049985726674
2018-11-12,3.186000108718872,3.186000108718872,3.186000108718872,3.186000108718872,0,2.9440349996089936,3.0622666557629903
2018-11-13,3.1449999809265137,3.1689999103546143,3.1429998874664307,3.1670000553131104,0,2.9461299991607666,3.067633322874705
2018-11-14,3.119999885559082,3.1649999618530273,3.0940001010894775,3.1470000743865967,0,2.948129998445511,3.0722333192825317
2018-11-15,3.118000030517578,3.128999948501587,3.0810000896453857,3.1010000705718994,0,2.949854998588562,3.077149987220764
2018-11-16,3.0739998817443848,3.1029999256134033,3.068000078201294,3.1010000705718994,0,2.95095499753952,3.0813666502634685
2018-11-19,3.056999921798706,3.0959999561309814,3.052000045776367,3.0850000381469727,0,2.9522699975967406,3.0852166493733724
2018-11-20,3.0480000972747803,3.061000108718872,3.0360000133514404,3.0409998893737793,0,2.9536699986457826,3.0885499835014345
2018-11-21,3.061000108718872,3.0850000381469727,3.061000108718872,3.0769999027252197,0,2.9547549986839297,3.091499984264374
2018-11-23,3.053999900817871,3.053999900817871,3.0320000648498535,3.049999952316284,0,2.9557699978351595,3.09433331489563
2018-11-26,3.072000026702881,3.0789999961853027,3.056999921798706,3.062999963760376,0,2.9569849979877474,3.097866650422414
2018-11-27,3.055000066757202,3.0739998817443848,3.0439999103546143,3.056999921798706,0,2.9579749977588654,3.1012333194414774
2018-11-28,3.0439999103546143,3.075000047683716,3.0429999828338623,3.065999984741211,0,2.958994997739792,3.1035999854405723
2018-11-29,3.0350000858306885,3.0439999103546143,3.007999897003174,3.013000011444092,0,2.9596049976348877,3.105816654364268
2018-11-30,3.013000011444092,3.0220000743865967,3.007999897003174,3.015000104904175,0,2.9602149975299836,3.108049988746643
2018-12-03,2.992000102996826,3.0409998893737793,2.9860000610351562,3.0409998893737793,0,2.9607899975776673,3.108883325258891
2018-12-04,2.9240000247955322,2.9700000286102295,2.884999990463257,2.9660000801086426,0,2.9609449982643126,3.1086666584014893
2018-12-06,2.875999927520752,2.8989999294281006,2.8259999752044678,2.888000011444092,0,2.96060999751091,3.1069833238919577
2018-12-07,2.8499999046325684,2.9100000858306885,2.8499999046325684,2.8949999809265137,0,2.9602749967575073,3.105099987983704
2018-12-10,2.8559999465942383,2.868000030517578,2.825000047683716,2.8610000610351562,0,2.9601999962329866,3.1033166527748106
2018-12-11,2.878999948501587,2.882999897003174,2.8469998836517334,2.877000093460083,0,2.960299996137619,3.1013999859491985
2018-12-12,2.9059998989105225,2.9170000553131104,2.890000104904175,2.8929998874664307,0,2.9602899956703186,3.099816652139028
2018-12-13,2.9110000133514404,2.9189999103546143,2.8929998874664307,2.9100000858306885,0,2.960504995584488,3.097533317406972
2018-12-14,2.8910000324249268,2.9000000953674316,2.877000093460083,2.885999917984009,0,2.9609399962425234,3.094333318869273
2018-12-17,2.8570001125335693,2.8889999389648438,2.8550000190734863,2.884000062942505,0,2.9609399962425234,3.0906499862670898
2018-12-18,2.825000047683716,2.8529999256134033,2.819000005722046,2.8320000171661377,0,2.9606599962711333,3.0865999857584634
2018-12-19,2.7780001163482666,2.8610000610351562,2.7760000228881836,2.816999912261963,0,2.9601649963855743,3.0815999865531922
2018-12-20,2.7890000343322754,2.7899999618530273,2.749000072479248,2.765000104904175,0,2.9596949970722197,3.0763833204905193
2018-12-21,2.7920000553131104,2.802999973297119,2.7809998989105225,2.7899999618530273,0,2.959324997663498,3.07189998626709
2018-12-24,2.749000072479248,2.7790000438690186,2.749000072479248,2.763000011444092,0,2.9585999977588653,3.0667833209037783
2018-12-26,2.796999931335449,2.796999931335449,2.7360000610351562,2.750999927520752,0,2.958234997987747,3.0624666531880695
2018-12-27,2.743000030517578,2.7679998874664307,2.7330000400543213,2.7679998874664307,0,2.9577099978923798,3.056849988301595
2018-12-28,2.7360000610351562,2.7679998874664307,2.7269999980926514,2.760999917984009,0,2.957304998636246,3.051516656080882
2018-12-31,2.686000108718872,2.744999885559082,2.678999900817871,2.7320001125335693,0,2.956604999303818,3.0435999910036724
2019-01-02,2.6610000133514404,2.678999900817871,2.6489999294281006,2.6519999504089355,0,2.9556699991226196,3.034666657447815
2019-01-03,2.553999900817871,2.6559998989105225,2.553999900817871,2.6540000438690186,0,2.954214998483658,3.023483324050903
2019-01-04,2.6589999198913574,2.6730000972747803,2.5969998836517334,2.5989999771118164,0,2.953114998340607,3.0139166553815206
2019-01-07,2.681999921798706,2.687000036239624,2.631999969482422,2.634000062942505,0,2.951989997625351,3.0051499883333843
2019-01-08,2.7160000801086426,2.7170000076293945,2.696000099182129,2.7009999752044678,0,2.9514099979400634,2.996666657924652
2019-01-09,2.7279999256134033,2.747999906539917,2.7119998931884766,2.747999906539917,0,2.9508999979496,2.9899166584014893
2019-01-10,2.7309999465942383,2.7330000400543213,2.696000099182129,2.7060000896453857,0,2.950339998006821,2.9830833236376444
2019-01-11,2.7009999752044678,2.7130000591278076,2.680999994277954,2.7100000381469727,0,2.949914997816086,2.9753833214441934
2019-01-14,2.7100000381469727,2.7100000381469727,2.671999931335449,2.671999931335449,0,2.9495899975299835,2.967949990431468
2019-01-15,2.7109999656677246,2.7219998836517334,2.678999900817871,2.6989998817443848,0,2.9494399976730348,2.9601499915122984
2019-01-16,2.7309999465942383,2.743000030517578,2.7170000076293945,2.7339999675750732,0,2.949434996843338,2.952749991416931
2019-01-17,2.749000072479248,2.760999917984009,2.7070000171661377,2.7109999656677246,0,2.9492599976062777,2.9452666600545245
2019-01-18,2.7839999198913574,2.7990000247955322,2.753999948501587,2.7639999389648438,0,2.9492399966716767,2.9383999903996787
2019-01-22,2.7300000190734863,2.759000062942505,2.7269999980926514,2.755000114440918,0,2.9487299966812133,2.9311333258946735
2019-01-23,2.755000114440918,2.7790000438690186,2.736999988555908,2.7730000019073486,0,2.9486299967765808,2.924983326594035
2019-01-24,2.7119998931884766,2.7260000705718994,2.7009999752044678,2.7139999866485596,0,2.948259996175766,2.9179166595141095
2019-01-25,2.753000020980835,2.759000062942505,2.7320001125335693,2.740999937057495,0,2.9480399966239927,2.912516661485036
2019-01-28,2.74399995803833,2.76200008392334,2.7279999256134033,2.76200008392334,0,2.9478099966049194,2.9067999958992004
2019-01-29,2.7119998931884766,2.747999906539917,2.7079999446868896,2.739000082015991,0,2.947199995517731,2.900166662534078
2019-01-30,2.694999933242798,2.734999895095825,2.687999963760376,2.7290000915527344,0,2.946529995203018,2.8924333294232687
2019-01-31,2.634999990463257,2.6760001182556152,2.625999927520752,2.6740000247955322,0,2.9455449950695036,2.8839499950408936
2019-02-01,2.690999984741211,2.697000026702881,2.63100004196167,2.63100004196167,0,2.9449299955368042,2.875233328342438
2019-02-04,2.7239999771118164,2.7339999675750732,2.694999933242798,2.697000026702881,0,2.9442149949073793,2.867283328374227
2019-02-05,2.7019999027252197,2.7290000915527344,2.687999963760376,2.7290000915527344,0,2.943154994249344,2.858749993642171
2019-02-06,2.7019999027252197,2.7039999961853027,2.6730000972747803,2.690999984741211,0,2.9419099938869477,2.8502333243687947
2019-02-07,2.6519999504089355,2.674999952316284,2.6519999504089355,2.6659998893737793,0,2.940304993391037,2.8405333240826924
2019-02-08,2.631999969482422,2.6519999504089355,2.625,2.6389999389648438,0,2.9385499930381775,2.831249992052714
2019-02-11,2.6610000133514404,2.6700000762939453,2.6480000019073486,2.6519999504089355,0,2.936734993457794,2.822499990463257
2019-02-12,2.684000015258789,2.690999984741211,2.6679999828338623,2.681999921798706,0,2.9352049934864044,2.8148166577021283
2019-02-13,2.7079999446868896,2.7149999141693115,2.687999963760376,2.687999963760376,0,2.933959993124008,2.8079499920209248
2019-02-14,2.6570000648498535,2.686000108718872,2.6429998874664307,2.686000108718872,0,2.932564992904663,2.8002666592597962
2019-02-15,2.6659998893737793,2.687999963760376,2.6630001068115234,2.6679999828338623,0,2.9310149919986723,2.7934666593869526
2019-02-19,2.6470000743865967,2.6700000762939453,2.635999917984009,2.6700000762939453,0,2.929429992437363,2.786633328596751
2019-02-20,2.6540000438690186,2.6589999198913574,2.631999969482422,2.634000062942505,0,2.927969992160797,2.7800666610399882
2019-02-21,2.687999963760376,2.697000026702881,2.671999931335449,2.674999952316284,0,2.9266899919509886,2.7738499919573467
2019-02-22,2.6549999713897705,2.678999900817871,2.638000011444092,2.678999900817871,0,2.925214991569519,2.767199993133545
2019-02-25,2.6730000972747803,2.684000015258789,2.6679999828338623,2.680999994277954,0,2.9237349915504454,2.760549994309743
2019-02-26,2.635999917984009,2.6570000648498535,2.631999969482422,2.6549999713897705,0,2.9218949913978576,2.753566658496857
2019-02-27,2.693000078201294,2.697000026702881,2.631999969482422,2.631999969482422,0,2.920504992008209,2.747716661294301
2019-02-28,2.7109999656677246,2.7239999771118164,2.6679999828338623,2.6700000762939453,0,2.919204992055893,2.742316659291585
2019-03-01,2.755000114440918,2.759000062942505,2.7279999256134033,2.736999988555908,0,2.9180049932003023,2.738016661008199
2019-03-04,2.7219998836517334,2.753000020980835,2.7209999561309814,2.75,0,2.9162149930000307,2.7335166573524474
2019-03-05,2.7219998836517334,2.75,2.7219998836517334,2.742000102996826,0,2.914349992275238,2.7301499883333844
2019-03-06,2.691999912261963,2.7190001010894775,2.678999900817871,2.7109999656677246,0,2.9122649919986725,2.727083321412404
2019-03-07,2.635999917984009,2.680999994277954,2.635999917984009,2.678999900817871,0,2.910109992027283,2.723516654968262
2019-03-08,2.625,2.6519999504089355,2.6070001125335693,2.634000062942505,0,2.9079099917411804,2.7196666558583575
2019-03-11,2.6429998874664307,2.6519999504089355,2.631999969482422,2.6449999809265137,0,2.9057999908924104,2.7157333215077717
2019-03-12,2.6050000190734863,2.6559998989105225,2.5999999046325684,2.6540000438690186,0,2.9038099908828734,2.7107166568438212
2019-03-13,2.6110000610351562,2.628999948501587,2.6110000610351562,2.621000051498413,0,2.901959991455078,2.7057166576385496
2019-03-14,2.630000114440918,2.6449999809265137,2.6110000610351562,2.627000093460083,0,2.900454992055893,2.701366659005483
2019-03-15,2.5929999351501465,2.622999906539917,2.5799999237060547,2.622999906539917,0,2.8995799922943117,2.6969666560490926
2019-03-18,2.6019999980926514,2.6110000610351562,2.5889999866485596,2.6029999256134033,0,2.898379992246628,2.693249988555908
2019-03-19,2.614000082015991,2.634000062942505,2.5999999046325684,2.6110000610351562,0,2.8973399925231935,2.6905166546503705
2019-03-20,2.5350000858306885,2.5999999046325684,2.5280001163482666,2.5999999046325684,0,2.895539993047714,2.6862833221753437
2019-03-21,2.5369999408721924,2.5439999103546143,2.5,2.5,0,2.893539992570877,2.6820333202679953
2019-03-22,2.4549999237060547,2.4820001125335693,2.4179999828338623,2.4709999561309814,0,2.8912199926376343,2.6771333177884418
2019-03-25,2.4200000762939453,2.4639999866485596,2.377000093460083,2.4600000381469727,0,2.8884449934959413,2.6708499868710835
2019-03-26,2.4140000343322754,2.447999954223633,2.4070000648498535,2.447999954223633,0,2.8858499932289123,2.6653666536013287
2019-03-27,2.374000072479248,2.4049999713897705,2.3559999465942383,2.378999948501587,0,2.8830349934101105,2.65933332045873
2019-03-28,2.3889999389648438,2.4049999713897705,2.365999937057495,2.375,0,2.880194993019104,2.654383317629496
2019-03-29,2.4140000343322754,2.433000087738037,2.4030001163482666,2.4210000038146973,0,2.877479993104935,2.6502666513125104
2019-04-01,2.496999979019165,2.499000072479248,2.4240000247955322,2.441999912261963,0,2.8750799930095674,2.649316652615865
2019-04-02,2.4809999465942383,2.492000102996826,2.4690001010894775,2.4739999771118164,0,2.872754992246628,2.6463499863942466
2019-04-03,2.5169999599456787,2.5239999294281006,2.503000020980835,2.515000104904175,0,2.8707199919223787,2.6435999870300293
2019-04-04,2.51200008392334,2.5220000743865967,2.503000020980835,2.507999897003174,0,2.868649991750717,2.6401999870936077
2019-04-05,2.500999927520752,2.5439999103546143,2.49399995803833,2.5369999408721924,0,2.866689991950989,2.6364166537920632
2019-04-08,2.5190000534057617,2.5190000534057617,2.500999927520752,2.503999948501587,0,2.864644992351532,2.6328833222389223
2019-04-09,2.499000072479248,2.5169999599456787,2.484999895095825,2.5169999599456787,0,2.8626549923419953,2.6295166571935016
2019-04-10,2.4769999980926514,2.509999990463257,2.4630000591278076,2.502000093460083,0,2.8605399918556214,2.6256333231925963
2019-04-11,2.503999948501587,2.509999990463257,2.484999895095825,2.484999895095825,0,2.858684991598129,2.622183322906494
2019-04-12,2.559999942779541,2.562000036239624,2.5399999618530273,2.5420000553131104,0,2.8570849907398226,2.6193333228429156
2019-04-15,2.552999973297119,2.5739998817443848,2.5490000247955322,2.566999912261963,0,2.855714991092682,2.616066654523214
2019-04-16,2.5920000076293945,2.5959999561309814,2.571000099182129,2.5739998817443848,0,2.85443999171257,2.6128666559855143
2019-04-17,2.5920000076293945,2.614000082015991,2.5810000896453857,2.5989999771118164,0,2.853154991865158,2.6105666557947793
2019-04-18,2.559999942779541,2.5829999446868896,2.5490000247955322,2.562999963760376,0,2.851624991893768,2.6073166529337564
2019-04-22,2.5899999141693115,2.5920000076293945,2.565000057220459,2.565000057220459,0,2.850384991168976,2.6052833199501038
2019-04-23,2.569999933242798,2.5920000076293945,2.562999963760376,2.5920000076293945,0,2.849034991264343,2.6022333184878033
2019-04-24,2.5220000743865967,2.5380001068115234,2.5179998874664307,2.5360000133514404,0,2.8474899911880494,2.5985333204269407
2019-04-25,2.5339999198913574,2.5420000553131104,2.5160000324249268,2.5239999294281006,0,2.845859991312027,2.595566654205322
2019-04-26,2.505000114440918,2.5450000762939453,2.494999885559082,2.5269999504089355,0,2.844019992351532,2.5923999905586244
2019-04-29,2.5360000133514404,2.5409998893737793,2.503999948501587,2.505000114440918,0,2.842489992380142,2.590749990940094
2019-04-30,2.509000062942505,2.549999952316284,2.503999948501587,2.5320000648498535,0,2.840769993066788,2.5877166589101157
2019-05-01,2.510999917984009,2.510999917984009,2.4549999237060547,2.503999948501587,0,2.8391699922084808,2.5841666579246523
2019-05-02,2.552000045776367,2.558000087738037,2.509000062942505,2.510999917984009,0,2.837639992237091,2.581666660308838
2019-05-03,2.5309998989105225,2.5759999752044678,2.5160000324249268,2.562999963760376,0,2.8359749913215637,2.5788166602452596
2019-05-06,2.5,2.502000093460083,2.4800000190734863,2.490999937057495,0,2.8340999913215636,2.576283327738444
2019-05-07,2.447999954223633,2.4820001125335693,2.446000099182129,2.4779999256134033,0,2.832104991674423,2.5732166608174643
2019-05-08,2.4820001125335693,2.486999988555908,2.430000066757202,2.438999891281128,0,2.8300399923324586,2.5702333291371664
2019-05-09,2.4570000171661377,2.4709999561309814,2.424999952316284,2.444000005722046,0,2.8274999928474425,2.566449995835622
2019-05-10,2.4549999237060547,2.4600000381469727,2.4260001182556152,2.446000099182129,0,2.825029993057251,2.562233328819275
2019-05-13,2.4049999713897705,2.4260001182556152,2.3889999389648438,2.4230000972747803,0,2.8223749923706056,2.5580333272616067
2019-05-14,2.4189999103546143,2.427999973297119,2.4019999504089355,2.4140000343322754,0,2.8195949923992156,2.553916660944621
2019-05-15,2.378999948501587,2.3910000324249268,2.3610000610351562,2.369999885559082,0,2.8166899919509887,2.549449992179871
2019-05-16,2.4049999713897705,2.4140000343322754,2.380000114440918,2.381999969482422,0,2.813839992284775,2.545299990971883
2019-05-17,2.3929998874664307,2.4089999198913574,2.364000082015991,2.369999885559082,0,2.8109849917888643,2.5403833230336508
2019-05-20,2.4159998893737793,2.4179999828338623,2.380000114440918,2.385999917984009,0,2.808049991130829,2.5363999883333843
2019-05-21,2.4260001182556152,2.440999984741211,2.4189999103546143,2.427999973297119,0,2.805249991416931,2.532283322016398
2019-05-22,2.3929998874664307,2.4140000343322754,2.385999917984009,2.4119999408721924,0,2.8024499905109406,2.5282333215077717
2019-05-23,2.2960000038146973,2.364000082015991,2.2939999103546143,2.3610000610351562,0,2.799239990711212,2.5216166536013285
2019-05-24,2.3239998817443848,2.3340001106262207,2.308000087738037,2.315000057220459,0,2.795994989871979,2.5151666522026064
2019-05-28,2.2679998874664307,2.2990000247955322,2.2639999389648438,2.2990000247955322,0,2.792479989528656,2.5070499817530316
2019-05-29,2.2360000610351562,2.246999979019165,2.2100000381469727,2.2309999465942383,0,2.788984990119934,2.4989499847094216
2019-05-30,2.2269999980926514,2.2760000228881836,2.2260000705718994,2.260999917984009,0,2.7858349895477295,2.4906999866167703
2019-05-31,2.1419999599456787,2.184000015258789,2.13700008392334,2.1610000133514404,0,2.7821599888801574,2.4815333207448322
2019-06-03,2.0810000896453857,2.130000114440918,2.0810000896453857,2.111999988555908,0,2.778089989423752,2.4722833236058555
2019-06-04,2.11899995803833,2.1470000743865967,2.1019999980926514,2.125999927520752,0,2.7744249892234802,2.463849989573161
2019-06-05,2.122999906539917,2.130000114440918,2.0799999237060547,2.0969998836517334,0,2.770684988498688,2.4551833232243854
2019-06-06,2.124000072479248,2.134999990463257,2.0920000076293945,2.1050000190734863,0,2.7669399893283844,2.447166657447815
2019-06-07,2.0840001106262207,2.1050000190734863,2.052999973297119,2.1050000190734863,0,2.7632449901103975,2.4383833249409994
2019-06-10,2.1429998874664307,2.1470000743865967,2.115000009536743,2.134999990463257,0,2.759739989042282,2.4302666544914246
2019-06-11,2.140000104904175,2.1740000247955322,2.138000011444092,2.1710000038146973,0,2.7563249897956847,2.422716657320658
2019-06-12,2.127000093460083,2.1429998874664307,2.109999895095825,2.121999979019165,0,2.7528549897670747,2.414799992243449
2019-06-13,2.0910000801086426,2.119999885559082,2.0820000171661377,2.111999988555908,0,2.7491799902915957,2.406083325544993
2019-06-14,2.0929999351501465,2.109999895095825,2.075000047683716,2.075000047683716,0,2.745404989719391,2.398716656366984
2019-06-17,2.0859999656677246,2.1029999256134033,2.0789999961853027,2.0940001010894775,0,2.741414989233017,2.3911999901135763
2019-06-18,2.059999942779541,2.075000047683716,2.0290000438690186,2.0350000858306885,0,2.737294988632202,2.3846166570981344
2019-06-19,2.0290000438690186,2.0989999771118164,2.0220000743865967,2.0840001106262207,0,2.733139989376068,2.3780999898910524
2019-06-20,2.000999927520752,2.015000104904175,1.975000023841858,1.99399995803833,0,2.728879989385605,2.371216654777527
2019-06-21,2.068000078201294,2.069999933242798,2.0179998874664307,2.0260000228881836,0,2.7247099900245666,2.3661166548728945
2019-06-24,2.0209999084472656,2.0420000553131104,2.0139999389648438,2.0320000648498535,0,2.720304989814758,2.3599833210309344
2019-06-25,1.99399995803833,2.0139999389648438,1.9819999933242798,2.01200008392334,0,2.715879989862442,2.352983319759369
2019-06-26,2.0490000247955322,2.0490000247955322,2.00600004196167,2.0160000324249268,0,2.71141499042511,2.3455166538556416
2019-06-27,2.005000114440918,2.0450000762939453,2.003999948501587,2.0399999618530273,0,2.7067549908161164,2.337583323319753
2019-06-28,2.0,2.0329999923706055,1.9980000257492065,2.01200008392334,0,2.701869990825653,2.328966657320658
2019-07-01,2.0339999198913574,2.0480000972747803,2.005000114440918,2.0260000228881836,0,2.6972249901294707,2.3209999879201253
2019-07-02,1.9759999513626099,2.0239999294281006,1.9739999771118164,2.0239999294281006,0,2.6922899895906447,2.3122499883174896
2019-07-03,1.9529999494552612,1.968999981880188,1.9429999589920044,1.9550000429153442,0,2.6870849895477296,2.302816653251648
2019-07-05,2.0480000972747803,2.068000078201294,1.965000033378601,1.9700000286102295,0,2.6823199903964996,2.29529998699824
2019-07-08,2.0339999198913574,2.0360000133514404,2.013000011444092,2.0299999713897705,0,2.6772499895095825,2.287916652361552
2019-07-09,2.053999900817871,2.068000078201294,2.0460000038146973,2.059999942779541,0,2.6721049892902373,2.2804166515668234
2019-07-10,2.061000108718872,2.1050000190734863,2.0409998893737793,2.1010000705718994,0,2.667019989490509,2.272099987665812
2019-07-11,2.119999885559082,2.134000062942505,2.058000087738037,2.068000078201294,0,2.662279988527298,2.2648833195368447
2019-07-12,2.1059999465942383,2.1480000019073486,2.1050000190734863,2.121999979019165,0,2.6574199879169464,2.2567833185195925
2019-07-15,2.0920000076293945,2.115000009536743,2.0899999141693115,2.11299991607666,0,2.6523699879646303,2.248449985186259
2019-07-16,2.121999979019165,2.1429998874664307,2.0959999561309814,2.0989999771118164,0,2.6476749873161314,2.2411499857902526
2019-07-17,2.061000108718872,2.0969998836517334,2.056999921798706,2.0920000076293945,0,2.6426999878883364,2.232333322366079
2019-07-18,2.0380001068115234,2.078000068664551,2.0350000858306885,2.059000015258789,0,2.637609988451004,2.223466658592224
2019-07-19,2.0480000972747803,2.063999891281128,2.0380001068115234,2.046999931335449,0,2.6324499893188475,2.2155666589736938
2019-07-22,2.0429999828338623,2.049999952316284,2.0269999504089355,2.049999952316284,0,2.627384989261627,2.2073833266894023
2019-07-23,2.0739998817443848,2.0759999752044678,2.0429999828338623,2.0480000972747803,0,2.6219499886035917,2.2001999894777935
2019-07-24,2.049999952316284,2.059999942779541,2.0380001068115234,2.052000045776367,0,2.616214988231659,2.1920999884605408
2019-07-25,2.0739998817443848,2.0999999046325684,2.01200008392334,2.0169999599456787,0,2.610459988117218,2.184849985440572
2019-07-26,2.0810000896453857,2.0999999046325684,2.062999963760376,2.069000005722046,0,2.6046999883651734,2.1776833216349285
2019-07-29,2.055000066757202,2.066999912261963,2.0480000972747803,2.058000087738037,0,2.598934988975525,2.169399988651276
2019-07-30,2.061000108718872,2.075000047683716,2.0409998893737793,2.055000066757202,0,2.5931149899959562,2.161566658814748
2019-07-31,2.0209999084472656,2.072000026702881,2.009000062942505,2.0510001182556152,0,2.5875549900531767,2.153583323955536
2019-08-01,1.8940000534057617,2.0280001163482666,1.878000020980835,2.0280001163482666,0,2.581319990158081,2.144349992275238
2019-08-02,1.8550000190734863,1.906999945640564,1.8420000076293945,1.8660000562667847,0,2.574779989719391,2.13389999071757
2019-08-05,1.7350000143051147,1.7869999408721924,1.7289999723434448,1.7619999647140503,0,2.567674990296364,2.121866657336553
2019-08-06,1.7389999628067017,1.7719999551773071,1.7309999465942383,1.753000020980835,0,2.560474990606308,2.109933324654897
2019-08-07,1.684000015258789,1.684999942779541,1.5950000286102295,1.6299999952316284,0,2.5530199909210207,2.0979166587193805
2019-08-08,1.715999960899353,1.7929999828338623,1.7050000429153442,1.718999981880188,0,2.545609990954399,2.0861999928951263
2019-08-09,1.7339999675750732,1.7339999675750732,1.6799999475479126,1.715999960899353,0,2.538299990296364,2.075449993213018
2019-08-12,1.6390000581741333,1.6970000267028809,1.628000020980835,1.690000057220459,0,2.5306649911403656,2.062683327992757
2019-08-13,1.6799999475479126,1.7170000076293945,1.6349999904632568,1.6449999809265137,0,2.523444990515709,2.050799995660782
2019-08-14,1.5809999704360962,1.6180000305175781,1.5809999704360962,1.6009999513626099,0,2.5156699907779694,2.036883330345154
2019-08-15,1.5290000438690186,1.593999981880188,1.475000023841858,1.5570000410079956,0,2.5079299914836883,2.0219333291053774
2019-08-16,1.5390000343322754,1.593000054359436,1.531999945640564,1.5369999408721924,0,2.5001899921894073,2.007699998219808
2019-08-19,1.5980000495910645,1.6180000305175781,1.5839999914169312,1.5959999561309814,0,2.4926299929618834,1.9960666656494142
2019-08-20,1.5609999895095825,1.5789999961853027,1.5399999618530273,1.5789999961853027,0,2.4846399933099748,1.983350000778834
2019-08-21,1.5770000219345093,1.593000054359436,1.5470000505447388,1.5859999656677246,0,2.4768049931526184,1.971833336353302
2019-08-22,1.6100000143051147,1.6230000257492065,1.5720000267028809,1.621999979019165,0,2.4687849932909014,1.9614000022411346
2019-08-23,1.527999997138977,1.621999979019165,1.50600004196167,1.6109999418258667,0,2.4604199934005737,1.94975000222524
2019-08-26,1.5449999570846558,1.5490000247955322,1.5080000162124634,1.5169999599456787,0,2.4520749932527544,1.9398000021775563
2019-08-27,1.4900000095367432,1.5219999551773071,1.4709999561309814,1.5130000114440918,0,2.443459993004799,1.9299500008424124
2019-08-28,1.465999960899353,1.4809999465942383,1.4459999799728394,1.4579999446868896,0,2.4346199929714203,1.9190666675567627
2019-08-29,1.5160000324249268,1.534999966621399,1.4780000448226929,1.496000051498413,0,2.4262549936771394,1.9089500029881796
2019-08-30,1.50600004196167,1.531999945640564,1.5010000467300415,1.524999976158142,0,2.417854993343353,1.8986500024795532
2019-09-03,1.465999960899353,1.5110000371932983,1.4290000200271606,1.4830000400543213,0,2.4094599932432175,1.8883499999841054
2019-09-04,1.4589999914169312,1.4989999532699585,1.4509999752044678,1.4930000305175781,0,2.4011549937725065,1.8769500017166139
2019-09-05,1.565000057220459,1.590999960899353,1.5180000066757202,1.5199999809265137,0,2.393389993906021,1.8673666675885519
2019-09-06,1.5499999523162842,1.6059999465942383,1.5399999618530273,1.6050000190734863,0,2.385769994258881,1.8577499985694885
2019-09-09,1.621999979019165,1.6349999904632568,1.5870000123977661,1.5959999561309814,0,2.378594994544983,1.8499333302179972
2019-09-10,1.7020000219345093,1.7039999961853027,1.6349999904632568,1.6469999551773071,0,2.3718649941682814,1.8434166649977366
2019-09-11,1.7330000400543213,1.7519999742507935,1.7200000286102295,1.7300000190734863,0,2.3652249938249588,1.8375333329041799
2019-09-12,1.7910000085830688,1.8009999990463257,1.6679999828338623,1.7009999752044678,0,2.358909994363785,1.833050000667572
2019-09-13,1.902999997138977,1.902999997138977,1.7929999828338623,1.7940000295639038,0,2.3530649942159654,1.830949999888738
2019-09-16,1.840999960899353,1.875,1.8289999961853027,1.8339999914169312,0,2.346994993686676,1.8282833337783813
2019-09-17,1.812000036239624,1.8489999771118164,1.7940000295639038,1.815000057220459,0,2.340834994316101,1.8240166664123536
2019-09-18,1.7860000133514404,1.8049999475479126,1.74399995803833,1.774999976158142,0,2.334589993953705,1.8201000014940898
2019-09-19,1.7740000486373901,1.7890000343322754,1.7489999532699585,1.7580000162124634,0,2.3283949941396713,1.8164333363374074
2019-09-20,1.7549999952316284,1.7949999570846558,1.7489999532699585,1.7929999828338623,0,2.322209993600845,1.8115333358446757
2019-09-23,1.7079999446868896,1.7089999914169312,1.6649999618530273,1.6970000267028809,0,2.316129993200302,1.806583333015442
2019-09-24,1.6349999904632568,1.7079999446868896,1.6349999904632568,1.7039999961853027,0,2.309924993515015,1.8004999995231628
2019-09-25,1.7319999933242798,1.7350000143051147,1.6419999599456787,1.6540000438690186,0,2.304334993958473,1.7954666674137116
2019-09-26,1.684999942779541,1.718000054359436,1.6749999523162842,1.718000054359436,0,2.2984799939393996,1.7906166672706605
2019-09-27,1.6749999523162842,1.722000002861023,1.6729999780654907,1.722000002861023,0,2.2924599939584733,1.7859833339850109
2019-09-30,1.6749999523162842,1.7130000591278076,1.6720000505447388,1.6990000009536743,0,2.286304994225502,1.7797666649023691
2019-10-01,1.6440000534057617,1.7549999952316284,1.6130000352859497,1.7269999980926514,0,2.2799699944257736,1.7732666671276092
2019-10-02,1.5959999561309814,1.6440000534057617,1.5800000429153442,1.6339999437332153,0,2.273494994044304,1.765633334716161
2019-10-03,1.5360000133514404,1.5959999561309814,1.5099999904632568,1.5839999914169312,0,2.2668899935483933,1.756883333126704
2019-10-04,1.5149999856948853,1.5549999475479126,1.5099999904632568,1.5379999876022339,0,2.260339993238449,1.7468000014623006
2019-10-07,1.5529999732971191,1.559999942779541,1.5290000438690186,1.5390000343322754,0,2.2542149925231936,1.737583335240682
2019-10-08,1.5369999408721924,1.555999994277954,1.5099999904632568,1.5199999809265137,0,2.247954992055893,1.728333334128062
2019-10-09,1.5889999866485596,1.593999981880188,1.5460000038146973,1.5579999685287476,0,2.24193999171257,1.7194500009218852
2019-10-10,1.6579999923706055,1.6720000505447388,1.5750000476837158,1.5839999914169312,0,2.236484991312027,1.7127333323160807
2019-10-11,1.7519999742507935,1.7640000581741333,1.6959999799728394,1.7079999446868896,0,2.2312599915266036,1.7079666634400685
2019-10-14,1.7330000400543213,1.7330000400543213,1.7330000400543213,1.7330000400543213,0,2.2262099915742875,1.7027166624863943
2019-10-15,1.7710000276565552,1.7760000228881836,1.6890000104904175,1.690999984741211,0,2.2213849914073944,1.698183329900106
2019-10-16,1.7480000257492065,1.7690000534057617,1.7289999723434448,1.7400000095367432,0,2.216694990992546,1.6927499989668529
2019-10-17,1.7569999694824219,1.7730000019073486,1.7309999465942383,1.7569999694824219,0,2.212174990773201,1.6878666659196218
2019-10-18,1.746999979019165,1.7690000534057617,1.7289999723434448,1.7680000066757202,0,2.2081399911642077,1.682416667540868
2019-10-21,1.7920000553131104,1.8049999475479126,1.7710000276565552,1.777999997138977,0,2.203804991841316,1.6776000003019969
2019-10-22,1.7680000066757202,1.8029999732971191,1.7640000581741333,1.774999976158142,0,2.1992349922657013,1.6728166659673056
2019-10-23,1.7589999437332153,1.7630000114440918,1.7309999465942383,1.7309999465942383,0,2.194449991583824,1.6677833298842113
2019-10-24,1.7660000324249268,1.774999976158142,1.7380000352859497,1.75,0,2.1896399921178817,1.6635333319505057
2019-10-25,1.8009999990463257,1.8140000104904175,1.75,1.7660000324249268,0,2.1849899923801424,1.661983331044515
2019-10-28,1.8530000448226929,1.8600000143051147,1.8300000429153442,1.8329999446868896,0,2.1807499927282334,1.6619499981403352
2019-10-29,1.8350000381469727,1.8489999771118164,1.8259999752044678,1.8389999866485596,0,2.1763749927282334,1.663616665204366
2019-10-30,1.7979999780654907,1.8509999513626099,1.7940000295639038,1.8259999752044678,0,2.171809992790222,1.6645999987920126
2019-10-31,1.690999984741211,1.7139999866485596,1.680999994277954,1.7079999446868896,0,2.1666099929809572,1.6647166649500529
2019-11-01,1.7280000448226929,1.7450000047683716,1.6699999570846558,1.6770000457763672,0,2.161504992842674,1.6649166663487753
2019-11-04,1.7860000133514404,1.7929999828338623,1.746999979019165,1.746999979019165,0,2.1565149933099748,1.6657833337783814
2019-11-05,1.8660000562667847,1.8730000257492065,1.8250000476837158,1.8250000476837158,0,2.1521949934959412,1.6695666670799256
2019-11-06,1.8140000104904175,1.8480000495910645,1.8070000410079956,1.8370000123977661,0,2.1474899929761886,1.6718000014623007
2019-11-07,1.9259999990463257,1.9709999561309814,1.8739999532699585,1.88100004196167,0,2.143559993505478,1.6775500019391378
2019-11-08,1.9329999685287476,1.9520000219345093,1.8949999809265137,1.9500000476837158,0,2.1394599932432175,1.6842833340168
2019-11-11,1.9429999589920044,1.9429999589920044,1.9429999589920044,1.9429999589920044,0,2.135454993247986,1.691016666094462
2019-11-12,1.909000039100647,1.9490000009536743,1.906999945640564,1.940000057220459,0,2.131439993977547,1.696199999252955
2019-11-13,1.8700000047683716,1.8910000324249268,1.8650000095367432,1.8880000114440918,0,2.1273149943351743,1.7013499995072683
2019-11-14,1.815000057220459,1.8509999513626099,1.8049999475479126,1.850000023841858,0,2.1232149946689605,1.705316666762034
2019-11-15,1.8339999914169312,1.8450000286102295,1.819000005722046,1.840999960899353,0,2.1189299947023392,1.7090499997138977
2019-11-18,1.8079999685287476,1.8450000286102295,1.7949999570846558,1.8450000286102295,0,2.114349994659424,1.7137166659037273
2019-11-19,1.7860000133514404,1.8170000314712524,1.7769999504089355,1.8170000314712524,0,2.109769995212555,1.7177333335081737
2019-11-20,1.7380000352859497,1.7640000581741333,1.7300000190734863,1.746999979019165,0,2.1049499958753586,1.7218666672706604
2019-11-21,1.7719999551773071,1.7860000133514404,1.753000020980835,1.7599999904632568,0,2.1005499958992004,1.726966667175293
2019-11-22,1.7740000486373901,1.7790000438690186,1.746999979019165,1.75,0,2.0962599962949753,1.7312666674455006
2019-11-25,1.7640000581741333,1.7929999828338623,1.7549999952316284,1.7899999618530273,0,2.0917749965190886,1.7355666677157084
2019-11-26,1.7400000095367432,1.746999979019165,1.7309999465942383,1.7450000047683716,0,2.0870549964904783,1.7401333351929982
2019-11-27,1.7669999599456787,1.777999997138977,1.75,1.75,0,2.0823499965667724,1.7452666680018107
2019-11-29,1.7760000228881836,1.7960000038146973,1.7640000581741333,1.7719999551773071,0,2.077944996356964,1.7487833340962728
2019-12-02,1.8359999656677246,1.8539999723434448,1.8209999799728394,1.8329999446868896,0,2.073794996738434,1.7535500009854634
2019-12-03,1.7089999914169312,1.7879999876022339,1.6929999589920044,1.7879999876022339,0,2.0691049963235857,1.755000001192093
2019-12-04,1.781000018119812,1.7910000085830688,1.7330000400543213,1.7330000400543213,0,2.0647399961948394,1.7563166677951814
2019-12-05,1.7970000505447388,1.8220000267028809,1.7719999551773071,1.7719999551773071,0,2.060284996628761,1.7573833346366883
2019-12-06,1.8420000076293945,1.8639999628067017,1.7899999618530273,1.7949999570846558,0,2.0562199968099595,1.7582333346207937
2019-12-09,1.8289999961853027,1.8329999446868896,1.8070000410079956,1.8279999494552612,0,2.051999996304512,1.7570000012715659
2019-12-10,1.8329999446868896,1.8489999771118164,1.8049999475479126,1.809999942779541,0,2.0479849964380263,1.7568666676680247
2019-12-11,1.7899999618530273,1.8359999656677246,1.7829999923706055,1.8300000429153442,0,2.043469995856285,1.7564999997615813
2019-12-12,1.8969999551773071,1.9240000247955322,1.777999997138977,1.7929999828338623,0,2.039399995803833,1.7583499987920126
2019-12-13,1.819000005722046,1.906000018119812,1.815999984741211,1.878000020980835,0,2.0347199952602386,1.7590999980767568
2019-12-16,1.8919999599456787,1.8940000534057617,1.8450000286102295,1.8489999771118164,0,2.0305699956417085,1.761383330821991
2019-12-17,1.8890000581741333,1.8940000534057617,1.8559999465942383,1.8609999418258667,0,2.0264049965143203,1.7643999993801116
2019-12-18,1.9240000247955322,1.934000015258789,1.8839999437332153,1.8910000324249268,0,2.022564997076988,1.769216666618983
2019-12-19,1.9079999923706055,1.9470000267028809,1.8980000019073486,1.9470000267028809,0,2.0189249974489214,1.7721499999364216
2019-12-20,1.9170000553131104,1.940000057220459,1.9149999618530273,1.934999942779541,0,2.0153849977254867,1.7760166684786478
2019-12-23,1.934999942779541,1.940000057220459,1.8980000019073486,1.9119999408721924,0,2.0118449980020525,1.7803500016530356
2019-12-24,1.909999966621399,1.9490000009536743,1.9010000228881836,1.934999942779541,0,2.0083699977397917,1.7842666685581208
2019-12-26,1.9049999713897705,1.9210000038146973,1.8960000276565552,1.9119999408721924,0,2.004839997291565,1.7886166671911876
2019-12-27,1.8739999532699585,1.8930000066757202,1.8700000047683716,1.8930000066757202,0,2.00105999648571,1.7932500004768372
2019-12-30,1.8949999809265137,1.940000057220459,1.8949999809265137,1.9229999780654907,0,1.997569996714592,1.799233333269755
2019-12-31,1.9190000295639038,1.9299999475479126,1.8949999809265137,1.8980000019073486,0,1.9941549968719483,1.8059666673342387
2020-01-02,1.8819999694824219,1.902999997138977,1.8509999513626099,1.902999997138977,0,1.9904949963092804,1.8114500006039937
2020-01-03,1.7879999876022339,1.840000033378601,1.7860000133514404,1.8279999494552612,0,1.9867599958181381,1.815633334716161
2020-01-06,1.8109999895095825,1.815999984741211,1.7660000324249268,1.784999966621399,0,1.9831299960613251,1.8193333347638447
2020-01-07,1.8270000219345093,1.8279999494552612,1.7970000505447388,1.7970000505447388,0,1.9799899965524674,1.8221500019232433
2020-01-08,1.8739999532699585,1.8760000467300415,1.8020000457763672,1.8229999542236328,0,1.9772599959373474,1.8241833349068959
2020-01-09,1.8580000400543213,1.899999976158142,1.8509999513626099,1.86899995803833,0,1.9744799959659576,1.8262666682402293
2020-01-10,1.8250000476837158,1.8630000352859497,1.815999984741211,1.8530000448226929,0,1.97173499584198,1.8271666685740153
2020-01-13,1.8480000495910645,1.8580000400543213,1.8339999914169312,1.8339999914169312,0,1.969029996395111,1.8288333356380462
2020-01-14,1.8179999589920044,1.8530000448226929,1.812999963760376,1.8420000076293945,0,1.9660499960184097,1.8298500021298727
2020-01-15,1.7879999876022339,1.8020000457763672,1.7799999713897705,1.7949999570846558,0,1.962504996061325,1.8305333356062572
2020-01-16,1.809000015258789,1.8200000524520874,1.7799999713897705,1.781000018119812,0,1.959144996404648,1.8308166682720184
2020-01-17,1.8359999656677246,1.850000023841858,1.815999984741211,1.8179999589920044,0,1.955739996433258,1.8319500009218852
2020-01-21,1.7690000534057617,1.7970000505447388,1.7660000324249268,1.7970000505447388,0,1.9520249962806702,1.8321166694164277
2020-01-22,1.7690000534057617,1.784999966621399,1.7589999437332153,1.784999966621399,0,1.9483649969100951,1.832166669766108
2020-01-23,1.7400000095367432,1.7519999742507935,1.715000033378601,1.7400000095367432,0,1.9444699966907502,1.8311500032742818
2020-01-24,1.680999994277954,1.7389999628067017,1.6699999570846558,1.7339999675750732,0,1.9403799962997437,1.8282833357652029
2020-01-27,1.6050000190734863,1.6269999742507935,1.6050000190734863,1.6119999885559082,0,1.9360199964046478,1.824450002113978
2020-01-28,1.6410000324249268,1.6549999713897705,1.6130000352859497,1.6239999532699585,0,1.9317049968242646,1.821833336353302
2020-01-29,1.593999981880188,1.6369999647140503,1.5889999866485596,1.6369999647140503,0,1.9268749970197678,1.8202166696389517
2020-01-30,1.5579999685287476,1.5870000123977661,1.534000039100647,1.5700000524520874,0,1.9218999969959258,1.8173833350340525
2020-01-31,1.5199999809265137,1.555999994277954,1.5119999647140503,1.5499999523162842,0,1.9165399968624115,1.8129500011603037
2020-02-03,1.5199999809265137,1.5750000476837158,1.5149999856948853,1.5549999475479126,0,1.9111799967288972,1.8071833332379659
2020-02-04,1.6030000448226929,1.6180000305175781,1.5750000476837158,1.5770000219345093,0,1.9063949972391128,1.8036666671435038
2020-02-05,1.6490000486373901,1.656000018119812,1.628000020980835,1.652999997138977,0,1.9016899979114532,1.7990500013033548
2020-02-06,1.6440000534057617,1.6679999828338623,1.6369999647140503,1.6369999647140503,0,1.897059998512268,1.7942333360513052
2020-02-07,1.5779999494552612,1.6349999904632568,1.5709999799728394,1.6160000562667847,0,1.8923399978876114,1.788150002559026
2020-02-10,1.5470000505447388,1.5750000476837158,1.5440000295639038,1.5700000524520874,0,1.8874049985408783,1.7821166694164277
2020-02-11,1.590000033378601,1.6009999513626099,1.5729999542236328,1.5950000286102295,0,1.8828299981355667,1.777450003226598
2020-02-12,1.6299999952316284,1.6390000581741333,1.6180000305175781,1.625,0,1.8782999980449677,1.7743666688601176
2020-02-13,1.6169999837875366,1.6260000467300415,1.600000023841858,1.6019999980926514,0,1.8738399976491928,1.7707500020662943
2020-02-14,1.5880000591278076,1.6050000190734863,1.5729999542236328,1.5989999771118164,0,1.8692249983549118,1.767083336909612
2020-02-18,1.555999994277954,1.5759999752044678,1.5410000085830688,1.5440000295639038,0,1.8642449980974198,1.7632500032583873
2020-02-19,1.5700000524520874,1.5870000123977661,1.555999994277954,1.562999963760376,0,1.8594399988651276,1.7604500035444894
2020-02-20,1.524999976158142,1.5479999780654907,1.5069999694824219,1.5369999408721924,0,1.8545649987459183,1.7563333372275034
2020-02-21,1.4709999561309814,1.4919999837875366,1.4390000104904175,1.4850000143051147,0,1.849679998755455,1.75128333568573
2020-02-24,1.3769999742507935,1.4019999504089355,1.3519999980926514,1.3960000276565552,0,1.844154998064041,1.7448333342870077
2020-02-25,1.3300000429153442,1.3769999742507935,1.3070000410079956,1.3739999532699585,0,1.838519998192787,1.7380000015099843
2020-02-26,1.309999942779541,1.38100004196167,1.3020000457763672,1.36899995803833,0,1.8327949982881546,1.7303833345572153
2020-02-27,1.2990000247955322,1.3270000219345093,1.2430000305175781,1.2719999551773071,0,1.8272649985551834,1.7224333345890046
2020-02-28,1.1269999742507935,1.2230000495910645,1.1269999742507935,1.2109999656677246,0,1.8208049988746644,1.710616668065389
2020-03-02,1.0880000591278076,1.1030000448226929,1.059000015258789,1.0670000314712524,0,1.8143499994277954,1.7002666691939037
2020-03-03,1.0099999904632568,1.1629999876022339,0.9079999923706055,1.1299999952316284,0,1.807374999523163,1.687416668732961
2020-03-04,0.9919999837875366,1.0149999856948853,0.9509999752044678,0.9919999837875366,0,1.8003700000047684,1.6740000009536744
2020-03-05,0.9259999990463257,0.9570000171661377,0.8989999890327454,0.9520000219345093,0,1.7929200005531312,1.6587333341439565
2020-03-06,0.7059999704360962,0.7889999747276306,0.6600000262260437,0.7139999866485596,0,1.7843199998140336,1.6400166670481364
2020-03-09,0.49900001287460327,0.6010000109672546,0.39800000190734863,0.48399999737739563,0,1.7748500004410743,1.617783334851265
2020-03-10,0.7480000257492065,0.7559999823570251,0.5649999976158142,0.6539999842643738,0,1.767110000550747,1.6004166692495345
2020-03-11,0.8199999928474426,0.8619999885559082,0.675000011920929,0.7070000171661377,0,1.7595900011062622,1.5824666698773702
2020-03-12,0.8489999771118164,0.8489999771118164,0.6380000114440918,0.675000011920929,0,1.7524950015544891,1.5663000027338663
2020-03-13,0.9509999752044678,0.9860000014305115,0.8370000123977661,0.9440000057220459,0,1.7460700011253356,1.5506166696548462
2020-03-16,0.7279999852180481,0.859000027179718,0.703000009059906,0.777999997138977,0,1.7385750010609626,1.5312666684389113
2020-03-17,0.996999979019165,0.996999979019165,0.7429999709129333,0.7940000295639038,0,1.7328500011563301,1.515816667675972
2020-03-18,1.2660000324249268,1.2660000324249268,0.9990000128746033,1.0820000171661377,0,1.7287750008702278,1.505116668343544
2020-03-19,1.11899995803833,1.225000023841858,1.0069999694824219,1.1369999647140503,0,1.7237750008702277,1.4918166667222976
2020-03-20,0.9380000233650208,1.031000018119812,0.9160000085830688,1.0160000324249268,0,1.7178500014543534,1.4752000013987223
2020-03-23,0.7639999985694885,0.8790000081062317,0.7149999737739563,0.7149999737739563,0,1.7110500010848044,1.4561000019311905
2020-03-24,0.8159999847412109,0.8960000276565552,0.8100000023841858,0.8230000138282776,0,1.7047100004553795,1.4379500021537146
2020-03-25,0.8579999804496765,0.8610000014305115,0.7829999923706055,0.8450000286102295,0,1.6982850009202957,1.4210166692733766
2020-03-26,0.8109999895095825,0.8270000219345093,0.7699999809265137,0.7870000004768372,0,1.6916400003433227,1.402950002749761
2020-03-27,0.7490000128746033,0.7820000052452087,0.7310000061988831,0.7760000228881836,0,1.6847499999403954,1.3834500024716059
2020-03-30,0.6700000166893005,0.6809999942779541,0.5989999771118164,0.6570000052452087,0,1.6776449996232987,1.3632500032583872
2020-03-31,0.6980000138282776,0.7200000286102295,0.6510000228881836,0.7009999752044678,0,1.6706700000166892,1.3450833370288213
2020-04-01,0.6349999904632568,0.6430000066757202,0.5789999961853027,0.6100000143051147,0,1.663415000140667,1.3254833370447159
2020-04-02,0.6269999742507935,0.6349999904632568,0.578000009059906,0.5920000076293945,0,1.6562500002980232,1.3054833362499874
2020-04-03,0.5870000123977661,0.6069999933242798,0.5680000185966492,0.5889999866485596,0,1.6490400001406669,1.2840333372354507
2020-04-06,0.6759999990463257,0.6759999990463257,0.6420000195503235,0.6449999809265137,0,1.642415000498295,1.2643333365519842
2020-04-07,0.7360000014305115,0.7839999794960022,0.7250000238418579,0.734000027179718,0,1.635755000114441,1.2461833357810974
2020-04-08,0.7639999985694885,0.7680000066757202,0.7289999723434448,0.7630000114440918,0,1.629470000565052,1.2281166682640712
2020-04-09,0.7289999723434448,0.7730000019073486,0.7129999995231628,0.7269999980926514,0,1.6231450006365775,1.209966668486595
2020-04-13,0.7490000128746033,0.7590000033378601,0.722000002861023,0.7409999966621399,0,1.616645000576973,1.1926500022411346
2020-04-14,0.7519999742507935,0.7570000290870667,0.7300000190734863,0.746999979019165,0,1.6103799998760224,1.1750333348910014
2020-04-15,0.6380000114440918,0.6880000233650208,0.6269999742507935,0.6869999766349792,0,1.603569999933243,1.1550666689872742
2020-04-16,0.609000027179718,0.6240000128746033,0.593999981880188,0.6140000224113464,0,1.5964450004696846,1.1357333352168402
2020-04-17,0.6539999842643738,0.6579999923706055,0.5870000123977661,0.6430000066757202,0,1.5898350006341935,1.1171500007311503
2020-04-20,0.6259999871253967,0.6430000066757202,0.6119999885559082,0.6240000128746033,0,1.5832000008225442,1.0985833336909612
2020-04-21,0.5709999799728394,0.578000009059906,0.5429999828338623,0.550000011920929,0,1.5758150002360345,1.0800833334525426
2020-04-22,0.6190000176429749,0.6359999775886536,0.5809999704360962,0.5830000042915344,0,1.5687400007247925,1.0636500000953675
2020-04-23,0.6129999756813049,0.6299999952316284,0.593999981880188,0.621999979019165,0,1.5615350010991096,1.046516665816307
2020-04-24,0.5960000157356262,0.6209999918937683,0.5910000205039978,0.6019999980926514,0,1.5542100006341935,1.029883333047231
2020-04-27,0.656000018119812,0.6620000004768372,0.6209999918937683,0.6209999918937683,0,1.546890001296997,1.0148500005404155
2020-04-28,0.6100000143051147,0.6520000100135803,0.593999981880188,0.6510000228881836,0,1.5394100016355514,0.9996833344300587
2020-04-29,0.6269999742507935,0.640999972820282,0.5839999914169312,0.593999981880188,0,1.5320850014686584,0.9848000009854635
2020-04-30,0.621999979019165,0.625,0.5809999704360962,0.6110000014305115,0,1.5245850014686584,0.968449999888738
2020-05-01,0.6420000195503235,0.6480000019073486,0.609000027179718,0.6129999756813049,0,1.5174900010228156,0.9516666660706202
2020-05-04,0.6370000243186951,0.6510000228881836,0.6150000095367432,0.6159999966621399,0,1.5104850006103516,0.9348833322525024
2020-05-05,0.6570000052452087,0.6729999780654907,0.6430000066757202,0.6589999794960022,0,1.5035300001502037,0.9195333331823349
2020-05-06,0.7110000252723694,0.7429999709129333,0.6809999942779541,0.6819999814033508,0,1.4968700003623963,0.9055999994277955
2020-05-07,0.6309999823570251,0.7009999752044678,0.621999979019165,0.6949999928474426,0,1.4896550008654594,0.8896166652441024
2020-05-08,0.6819999814033508,0.6830000281333923,0.6230000257492065,0.6309999823570251,0,1.4828150010108947,0.8738166650136312
2020-05-11,0.7260000109672546,0.7260000109672546,0.671999990940094,0.6830000281333923,0,1.4760750016570092,0.8589666654666265
2020-05-12,0.6779999732971191,0.7239999771118164,0.6679999828338623,0.7110000252723694,0,1.4690600010752677,0.8437999973694483
2020-05-13,0.6489999890327454,0.671999990940094,0.6349999904632568,0.6639999747276306,0,1.4620300006866456,0.8286833306153615
2020-05-14,0.6190000176429749,0.628000020980835,0.6039999723434448,0.6169999837875366,0,1.4548200002312661,0.8128333300352096
2020-05-15,0.6399999856948853,0.6489999890327454,0.5899999737739563,0.6039999723434448,0,1.447915000617504,0.7980833301941553
2020-05-18,0.7440000176429749,0.7440000176429749,0.6610000133514404,0.6660000085830688,0,1.4421650004386901,0.7859666645526886
2020-05-19,0.7110000252723694,0.7450000047683716,0.7049999833106995,0.7289999723434448,0,1.4364450004696847,0.7748666654030482
2020-05-20,0.6800000071525574,0.7210000157356262,0.6700000166893005,0.703000009059906,0,1.4311700004339218,0.7640333314736684
2020-05-21,0.6769999861717224,0.6819999814033508,0.6539999842643738,0.6800000071525574,0,1.425860000550747,0.7534833321968715
2020-05-22,0.6570000052452087,0.671999990940094,0.6480000019073486,0.6570000052452087,0,1.420725000500679,0.7427833318710327
2020-05-26,0.6980000138282776,0.7080000042915344,0.6899999976158142,0.6970000267028809,0,1.4156350007653236,0.7356333325306574
2020-05-27,0.6800000071525574,0.7229999899864197,0.6610000133514404,0.7229999899864197,0,1.4103650009632112,0.7288333316644032
2020-05-28,0.7049999833106995,0.7129999995231628,0.6850000023841858,0.6869999766349792,0,1.405695000588894,0.7237499982118607
2020-05-29,0.6480000019073486,0.6850000023841858,0.6480000019073486,0.6639999747276306,0,1.4005350008606912,0.7180166651805242
2020-06-01,0.6620000004768372,0.6869999766349792,0.6620000004768372,0.6669999957084656,0,1.3959400010108949,0.7136166652043661
2020-06-02,0.6800000071525574,0.6869999766349792,0.6610000133514404,0.6850000023841858,0,1.3916950008273126,0.7131833324829737
2020-06-03,0.7609999775886536,0.7710000276565552,0.7049999833106995,0.7080000042915344,0,1.3878050005435945,0.7175499985615412
2020-06-04,0.8199999928474426,0.8230000138282776,0.7440000176429749,0.7540000081062317,0,1.3839150002598763,0.7187499980131785
2020-06-05,0.9039999842643738,0.9570000171661377,0.8619999885559082,0.8669999837875366,0,1.3806300002336502,0.7201499978701273
2020-06-08,0.8840000033378601,0.9150000214576721,0.8619999885559082,0.9100000262260437,0,1.377165000140667,0.7207333316405614
2020-06-09,0.8289999961853027,0.8399999737739563,0.8019999861717224,0.8370000123977661,0,1.3732600000500679,0.7186999986569087
2020-06-10,0.7480000257492065,0.8119999766349792,0.7429999709129333,0.8069999814033508,0,1.369360000193119,0.7190333326657613
2020-06-11,0.652999997138977,0.699999988079071,0.6510000228881836,0.6970000267028809,0,1.3649000003933907,0.7132999996344248
2020-06-12,0.6990000009536743,0.7129999995231628,0.6740000247955322,0.7020000219345093,0,1.3609450003504753,0.703849999109904
2020-06-15,0.7020000219345093,0.7149999737739563,0.6610000133514404,0.6690000295639038,0,1.357125000655651,0.6969000001748403
2020-06-16,0.7559999823570251,0.7839999794960022,0.7229999899864197,0.7609999775886536,0,1.3533250004053117,0.6938666661580404
2020-06-17,0.7329999804496765,0.7630000114440918,0.7279999852180481,0.7559999823570251,0,1.3494600000977517,0.6933499991893768
2020-06-18,0.6940000057220459,0.7080000042915344,0.6940000057220459,0.7039999961853027,0,1.345600000321865,0.6913166662057241
2020-06-19,0.6970000267028809,0.7450000047683716,0.6869999766349792,0.7329999804496765,0,1.3417900004982948,0.6886333336432775
2020-06-22,0.7039999961853027,0.7089999914169312,0.6740000247955322,0.6949999928474426,0,1.3374850001931191,0.6868500004212061
2020-06-23,0.7089999914169312,0.7300000190734863,0.7070000171661377,0.7250000238418579,0,1.3332800003886223,0.6861833333969116
2020-06-24,0.6840000152587891,0.7300000190734863,0.6790000200271606,0.7300000190734863,0,1.3285900005698204,0.6864166667064031
2020-06-25,0.6740000247955322,0.6769999861717224,0.6579999923706055,0.6639999747276306,0,1.3234500005841254,0.6860166668891907
2020-06-26,0.6359999775886536,0.6710000038146973,0.6320000290870667,0.6690000295639038,0,1.317965000271797,0.6860333333412806
2020-06-29,0.6359999775886536,0.6539999842643738,0.6320000290870667,0.6510000228881836,0,1.3121900001168252,0.6861833333969116
2020-06-30,0.652999997138977,0.6660000085830688,0.6190000176429749,0.625,0,1.305940000116825,0.6872833331425985
2020-07-01,0.6819999814033508,0.7020000219345093,0.6679999828338623,0.6809999942779541,0,1.300145000219345,0.6873833328485489
2020-07-02,0.6690000295639038,0.7239999771118164,0.6639999747276306,0.6790000200271606,0,1.2944300001859665,0.6862666666507721
2020-07-06,0.6840000152587891,0.7120000123977661,0.6840000152587891,0.6959999799728394,0,1.2889200001955032,0.6849333335955937
2020-07-07,0.6499999761581421,0.6809999942779541,0.6399999856948853,0.6740000247955322,0,1.283299999833107,0.6836166669925053
2020-07-08,0.652999997138977,0.6740000247955322,0.6449999809265137,0.6549999713897705,0,1.2777899998426436,0.682016666730245
2020-07-09,0.6050000190734863,0.6549999713897705,0.5989999771118164,0.6549999713897705,0,1.2722750002145766,0.6795666674772899
2020-07-10,0.6330000162124634,0.6370000243186951,0.5730000138282776,0.5839999914169312,0,1.2672650003433228,0.6794833342234293
2020-07-13,0.6399999856948853,0.6629999876022339,0.6349999904632568,0.6480000019073486,0,1.2618050003051757,0.6800000001986821
2020-07-14,0.6150000095367432,0.6320000290870667,0.6000000238418579,0.6269999742507935,0,1.2564550006389619,0.6793500006198883
2020-07-15,0.6299999952316284,0.6579999923706055,0.6179999709129333,0.6499999761581421,0,1.2512300008535384,0.6794166674216588
2020-07-16,0.6119999885559082,0.6200000047683716,0.6000000238418579,0.6179999709129333,0,1.2459150010347366,0.6801000008980433
2020-07-17,0.628000020980835,0.6320000290870667,0.6000000238418579,0.6039999723434448,0,1.240835000872612,0.6802500009536743
2020-07-20,0.6200000047683716,0.625,0.6019999980926514,0.6069999933242798,0,1.235955001115799,0.6803666681051255
2020-07-21,0.6069999933242798,0.621999979019165,0.593999981880188,0.6169999837875366,0,1.2313100010156632,0.6805500010649363
2020-07-22,0.5950000286102295,0.5989999771118164,0.5820000171661377,0.5910000205039978,0,1.2267100012302399,0.6795333345731099
2020-07-23,0.5820000171661377,0.5920000076293945,0.5740000009536743,0.5839999914169312,0,1.221855001449585,0.679066667954127
2020-07-24,0.5889999866485596,0.597000002861023,0.5770000219345093,0.5860000252723694,0,1.2171150016784669,0.6784333348274231
2020-07-27,0.609000027179718,0.6100000143051147,0.5740000009536743,0.5789999961853027,0,1.2122150018811226,0.6782166689634324
2020-07-28,0.5809999704360962,0.6069999933242798,0.5770000219345093,0.6050000190734863,0,1.20683000177145,0.6772000014781951
2020-07-29,0.5789999961853027,0.5950000286102295,0.5709999799728394,0.5839999914169312,0,1.2009650018811227,0.6762333343426387
2020-07-30,0.5410000085830688,0.5609999895095825,0.5379999876022339,0.5609999895095825,0,1.1950050017237663,0.6743000010649364
2020-07-31,0.5360000133514404,0.5640000104904175,0.527999997138977,0.5299999713897705,0,1.1888300016522408,0.6713833341995875
2020-08-03,0.5630000233650208,0.5720000267028809,0.5529999732971191,0.5590000152587891,0,1.1829050016403198,0.6702500015497208
2020-08-04,0.5149999856948853,0.5379999876022339,0.5099999904632568,0.5379999876022339,0,1.1766950017213822,0.667466668287913
2020-08-05,0.5429999828338623,0.5529999732971191,0.527999997138977,0.5299999713897705,0,1.1706750017404557,0.6644166678190231
2020-08-06,0.5360000133514404,0.5429999828338623,0.5040000081062317,0.5220000147819519,0,1.1643950015306472,0.6620500018199285
2020-08-07,0.5619999766349792,0.5690000057220459,0.5249999761581421,0.531000018119812,0,1.1583650013804436,0.660600001613299
2020-08-10,0.5740000009536743,0.5759999752044678,0.5460000038146973,0.5540000200271606,0,1.152440001666546,0.659850001335144
2020-08-11,0.6579999923706055,0.6610000133514404,0.6100000143051147,0.6100000143051147,0,1.1469000014662742,0.660150001446406
2020-08-12,0.6700000166893005,0.6899999976158142,0.6549999713897705,0.675000011920929,0,1.141245001554489,0.6589166680971782
2020-08-13,0.7160000205039978,0.7269999980926514,0.675000011920929,0.6819999814033508,0,1.1355600014328957,0.6590000013510386
2020-08-14,0.7089999914169312,0.7129999995231628,0.6909999847412109,0.7080000042915344,0,1.1299300011992455,0.6594833344221115
2020-08-17,0.6830000281333923,0.6930000185966492,0.6669999957084656,0.6869999766349792,0,1.124355001449585,0.6595833351214727
2020-08-18,0.6690000295639038,0.6880000233650208,0.6570000052452087,0.6790000200271606,0,1.1192450016736983,0.6597833355267843
2020-08-19,0.675000011920929,0.6880000233650208,0.6480000019073486,0.656000018119812,0,1.1139800015091896,0.6594000021616618
2020-08-20,0.6439999938011169,0.652999997138977,0.6380000114440918,0.6480000019073486,0,1.108270001411438,0.6588000019391378
2020-08-21,0.6399999856948853,0.656000018119812,0.6230000257492065,0.6320000290870667,0,1.1021400010585785,0.6577166686455409
2020-08-24,0.6460000276565552,0.6510000228881836,0.621999979019165,0.6330000162124634,0,1.0963000011444093,0.657683335741361
2020-08-25,0.6819999814033508,0.7160000205039978,0.6790000200271606,0.6850000023841858,0,1.0900800010561944,0.6580166687568029
2020-08-26,0.6869999766349792,0.7210000157356262,0.6850000023841858,0.7160000205039978,0,1.0838500010967254,0.6581333349148433
2020-08-27,0.7459999918937683,0.7459999918937683,0.6489999890327454,0.675000011920929,0,1.0778650012612343,0.6578833351532618
2020-08-28,0.7289999723434448,0.7459999918937683,0.7129999995231628,0.7390000224113464,0,1.0719650009274482,0.6563666681448619
2020-08-31,0.6930000185966492,0.7390000224113464,0.6919999718666077,0.7329999804496765,0,1.0660800009965896,0.6528500020503998
2020-09-01,0.671999990940094,0.7289999723434448,0.6710000038146973,0.7200000286102295,0,1.060365000665188,0.649316668510437
2020-09-02,0.6510000228881836,0.6869999766349792,0.6430000066757202,0.6769999861717224,0,1.0544500008225441,0.6463500022888183
2020-09-03,0.621999979019165,0.6579999923706055,0.6060000061988831,0.6510000228881836,0,1.0485200008749962,0.6442500015099843
2020-09-04,0.7210000157356262,0.7210000157356262,0.6430000066757202,0.6489999890327454,0,1.043195000886917,0.6453833351532619
2020-09-08,0.6840000152587891,0.6850000023841858,0.6639999747276306,0.6790000200271606,0,1.0379250007867813,0.6451333353916804
2020-09-09,0.703000009059906,0.7099999785423279,0.6740000247955322,0.6899999976158142,0,1.0325800010561943,0.6451500018437704
2020-09-10,0.6850000023841858,0.7229999899864197,0.6790000200271606,0.7049999833106995,0,1.0271350008249283,0.643966668844223
2020-09-11,0.6690000295639038,0.6970000267028809,0.6639999747276306,0.6919999718666077,0,1.0216600006818772,0.6429000029961268
2020-09-14,0.6710000038146973,0.6759999990463257,0.652999997138977,0.6759999990463257,0,1.0163150006532669,0.6425166696310043
2020-09-15,0.6790000200271606,0.6890000104904175,0.6740000247955322,0.6850000023841858,0,1.0108750009536742,0.6422166695197423
2020-09-16,0.6869999766349792,0.7020000219345093,0.656000018119812,0.6690000295639038,0,1.0054300007224084,0.6419333358605702
2020-09-17,0.6840000152587891,0.6890000104904175,0.6460000276565552,0.6629999876022339,0,0.9996700009703636,0.6415166695912679
2020-09-18,0.6940000057220459,0.6970000267028809,0.6690000295639038,0.6690000295639038,0,0.9945950010418891,0.6416833360989889
2020-09-21,0.6710000038146973,0.6710000038146973,0.6480000019073486,0.6610000133514404,0,0.9890450009703636,0.6416333357493083
2020-09-22,0.6639999747276306,0.6790000200271606,0.6610000133514404,0.6690000295639038,0,0.9833800005912781,0.6421000023682912
2020-09-23,0.6759999990463257,0.6919999718666077,0.6710000038146973,0.6790000200271606,0,0.9775500005483627,0.6427666693925858
2020-09-24,0.6660000085830688,0.6740000247955322,0.6610000133514404,0.6679999828338623,0,0.9717350006103516,0.6429833362499873
2020-09-25,0.6589999794960022,0.6639999747276306,0.6510000228881836,0.6589999794960022,0,0.9658650007843971,0.6426000028848649
2020-09-28,0.6629999876022339,0.6710000038146973,0.656000018119812,0.6710000038146973,0,0.9602300009131431,0.6425000021855036
2020-09-29,0.6449999809265137,0.6589999794960022,0.640999972820282,0.6499999761581421,0,0.9539700010418892,0.6418500016132991
2020-09-30,0.6769999861717224,0.7039999961853027,0.6449999809265137,0.6449999809265137,0,0.9482600009441375,0.6423000017801921
2020-10-01,0.6769999861717224,0.7200000286102295,0.6690000295639038,0.7009999752044678,0,0.9421850010752678,0.6427000015974045
2020-10-02,0.6959999799728394,0.7039999961853027,0.652999997138977,0.6660000085830688,0,0.9362200006842614,0.6442166676123937
2020-10-05,0.7620000243186951,0.7620000243186951,0.7110000252723694,0.7110000252723694,0,0.9304100006818772,0.6463666677474975
2020-10-06,0.7419999837875366,0.7919999957084656,0.7269999980926514,0.7850000262260437,0,0.9245800006389618,0.6480666677157084
2020-10-07,0.7850000262260437,0.7889999747276306,0.7599999904632568,0.7799999713897705,0,0.9189200004935265,0.6509000013271967
2020-10-08,0.7649999856948853,0.7799999713897705,0.7620000243186951,0.7799999713897705,0,0.9130700007081032,0.6531500011682511
2020-10-09,0.7749999761581421,0.7990000247955322,0.7599999904632568,0.7739999890327454,0,0.9073950007557869,0.6558666676282883
2020-10-12,0.7770000100135803,0.7770000100135803,0.7770000100135803,0.7770000100135803,0,0.9017550009489059,0.658350000778834
2020-10-13,0.7269999980926514,0.7570000290870667,0.7260000109672546,0.7570000290870667,0,0.8960200011730194,0.6601333340009053
2020-10-14,0.722000002861023,0.7269999980926514,0.7089999914169312,0.7170000076293945,0,0.890155001282692,0.6620500008265178
2020-10-15,0.7310000061988831,0.734000027179718,0.6930000185966492,0.6980000138282776,0,0.8842150011658668,0.664316667119662
2020-10-16,0.7440000176429749,0.7570000290870667,0.7210000157356262,0.7269999980926514,0,0.8785250014066697,0.6670166671276092
2020-10-19,0.7609999775886536,0.781000018119812,0.7570000290870667,0.7710000276565552,0,0.8733900013566017,0.6698833336432775
2020-10-20,0.796999990940094,0.7990000247955322,0.7760000228881836,0.7789999842643738,0,0.8683200013637543,0.673016666372617
2020-10-21,0.8159999847412109,0.8230000138282776,0.7990000247955322,0.8209999799728394,0,0.8632650011777878,0.6769333332777023
2020-10-22,0.8479999899864197,0.8529999852180481,0.8040000200271606,0.8130000233650208,0,0.8581350013613701,0.6814166665077209
2020-10-23,0.8410000205039978,0.871999979019165,0.8309999704360962,0.8600000143051147,0,0.8530500012636185,0.6864166667064031
2020-10-26,0.8009999990463257,0.8180000185966492,0.7910000085830688,0.8180000185966492,0,0.8479300010204315,0.6908333331346512
2020-10-27,0.777999997138977,0.7940000295639038,0.7689999938011169,0.7940000295639038,0,0.8425800007581711,0.6944166660308838
2020-10-28,0.781000018119812,0.7829999923706055,0.7459999918937683,0.7609999775886536,0,0.8373950010538102,0.6988499999046326
2020-10-29,0.8349999785423279,0.8420000076293945,0.7689999938011169,0.7689999938011169,0,0.8326300010085106,0.7037166664997737
2020-10-30,0.8600000143051147,0.8650000095367432,0.8159999847412109,0.8199999928474426,0,0.8278850010037422,0.7091166665156682
2020-11-02,0.8489999771118164,0.8550000190734863,0.828000009059906,0.8539999723434448,0,0.8229500010609627,0.7138999998569489
2020-11-03,0.8820000290870667,0.8960000276565552,0.8709999918937683,0.8709999918937683,0,0.8185150009393692,0.7190333336591721
2020-11-04,0.7680000066757202,0.8009999990463257,0.7559999823570251,0.7860000133514404,0,0.813510000705719,0.720866667230924
2020-11-05,0.7760000228881836,0.7900000214576721,0.7480000257492065,0.7630000114440918,0,0.8086900007724762,0.7226333340009053
2020-11-06,0.8199999928474426,0.8370000123977661,0.7820000052452087,0.7829999923706055,0,0.8043850007653236,0.7243666668732961
2020-11-09,0.9580000042915344,0.9750000238418579,0.902999997138977,0.9179999828338623,0,0.8011500006914138,0.7285166670878728
2020-11-10,0.972000002861023,0.9729999899864197,0.9390000104904175,0.9490000009536743,0,0.7978050005435944,0.7333333333333333
2020-11-11,0.9580000042915344,0.9580000042915344,0.9580000042915344,0.9580000042915344,0,0.7946250006556511,0.7381499995787938
2020-11-12,0.8849999904632568,0.9369999766349792,0.8830000162124634,0.9369999766349792,0,0.7912600007653237,0.7416499992211659
2020-11-13,0.8930000066757202,0.8980000019073486,0.871999979019165,0.8880000114440918,0,0.7881250008940697,0.7457999994357427
2020-11-16,0.906000018119812,0.9210000038146973,0.8960000276565552,0.9160000085830688,0,0.7850550010800361,0.7502333333094915
2020-11-17,0.871999979019165,0.8849999904632568,0.8650000095367432,0.878000020980835,0,0.7814000007510186,0.753999999165535
2020-11-18,0.8820000290870667,0.8930000066757202,0.8510000109672546,0.8539999723434448,0,0.777565000653267,0.7573333332935969
2020-11-19,0.8539999723434448,0.8650000095367432,0.8420000076293945,0.8569999933242798,0,0.7736150002479554,0.7601166665554047
2020-11-20,0.8289999961853027,0.8500000238418579,0.8259999752044678,0.8289999961853027,0,0.7698700004816055,0.7614999999602635
2020-11-23,0.8569999933242798,0.8619999885559082,0.8460000157356262,0.8539999723434448,0,0.7664200001955033,0.7636333336432775
2020-11-24,0.8820000290870667,0.8880000114440918,0.8650000095367432,0.8730000257492065,0,0.7628800001740456,0.7667833338181178
2020-11-25,0.878000020980835,0.8849999904632568,0.8550000190734863,0.8799999952316284,0,0.7591200003027916,0.7702166676521301
2020-11-27,0.8420000076293945,0.8640000224113464,0.8389999866485596,0.8569999933242798,0,0.7552450004220009,0.7734000007311503
2020-11-30,0.843999981880188,0.859000027179718,0.8370000123977661,0.8500000238418579,0,0.7515250000357628,0.777100000778834
2020-12-01,0.9340000152587891,0.9380000233650208,0.8569999933242798,0.8569999933242798,0,0.748415000140667,0.7806500007708868
2020-12-02,0.9480000138282776,0.9660000205039978,0.9200000166893005,0.9229999780654907,0,0.745304999947548,0.7850500007470449
2020-12-03,0.9200000166893005,0.9409999847412109,0.9100000262260437,0.9390000104904175,0,0.7422800001502037,0.7886666675408681
2020-12-04,0.968999981880188,0.9860000014305115,0.9010000228881836,0.925000011920929,0,0.7397700002789498,0.7934000005324682
2020-12-07,0.9279999732971191,0.9480000138282776,0.925000011920929,0.9480000138282776,0,0.7375250002741813,0.7977166662613551
2020-12-08,0.9129999876022339,0.9279999732971191,0.8930000066757202,0.925000011920929,0,0.7354399999976158,0.8017499993244807
2020-12-09,0.9409999847412109,0.9589999914169312,0.925000011920929,0.9430000185966492,0,0.7335950002074242,0.8061166654030482
2020-12-10,0.9079999923706055,0.9409999847412109,0.9079999923706055,0.9259999990463257,0,0.7316400000452995,0.809799998998642
2020-12-11,0.8930000066757202,0.8999999761581421,0.8730000257492065,0.8930000066757202,0,0.7304700002074241,0.8132833321889241
2020-12-14,0.8920000195503235,0.9359999895095825,0.8880000114440918,0.9300000071525574,0,0.7294900000095368,0.8165833324193954
2020-12-15,0.9229999780654907,0.925000011920929,0.9010000228881836,0.9010000228881836,0,0.729054999947548,0.820783331990242
2020-12-16,0.9200000166893005,0.953000009059906,0.9129999876022339,0.9430000185966492,0,0.7286950001120567,0.8250499993562699
2020-12-17,0.9300000071525574,0.9449999928474426,0.8920000195503235,0.9210000038146973,0,0.7287150001525879,0.829283332824707
2020-12-18,0.9480000138282776,0.9509999752044678,0.9200000166893005,0.9259999990463257,0,0.7299250003695488,0.8339833329121272
2020-12-21,0.9409999847412109,0.9480000138282776,0.8949999809265137,0.8999999761581421,0,0.7321350002288818,0.8386833329995473
2020-12-22,0.9179999828338623,0.9330000281333923,0.9160000085830688,0.9309999942779541,0,0.7329850000143051,0.8429333329200744
2020-12-23,0.9549999833106995,0.9729999899864197,0.9179999828338623,0.9200000166893005,0,0.7336599999666213,0.8480999996264775
2020-12-24,0.9279999732971191,0.9409999847412109,0.9229999780654907,0.9399999976158142,0,0.7340549999475479,0.8522833327452342
2020-12-28,0.9330000281333923,0.9580000042915344,0.9309999942779541,0.953000009059906,0,0.7339650002121926,0.856550000111262
2020-12-29,0.9350000023841858,0.949999988079071,0.9279999732971191,0.949999988079071,0,0.7350000002980233,0.8605333338181178
2020-12-30,0.9259999990463257,0.9449999928474426,0.925000011920929,0.9430000185966492,0,0.734645000398159,0.863266666730245
2020-12-31,0.9169999957084656,0.9369999766349792,0.9120000004768372,0.9269999861717224,0,0.7329000002145767,0.8661833335955937
2021-01-04,0.9169999957084656,0.953000009059906,0.9070000052452087,0.9350000023841858,0,0.7318900004029274,0.8683833330869675
2021-01-05,0.9549999833106995,0.9629999995231628,0.9269999861717224,0.9369999766349792,0,0.7319750002026558,0.8715499997138977
2021-01-06,1.0420000553131104,1.0540000200271606,1.0,1.0,0,0.7333650004863739,0.8760000010331471
2021-01-07,1.0709999799728394,1.0880000591278076,1.0540000200271606,1.055999994277954,0,0.7346400004625321,0.8809000005324682
2021-01-08,1.1050000190734863,1.1260000467300415,1.0750000476837158,1.0880000591278076,0,0.7358750006556511,0.8872000008821488
2021-01-11,1.1319999694824219,1.1380000114440918,1.100000023841858,1.1150000095367432,0,0.7374800005555153,0.894033333659172
2021-01-12,1.1380000114440918,1.187000036239624,1.13100004196167,1.1649999618530273,0,0.7394250005483627,0.9008166670799256
2021-01-13,1.0880000591278076,1.1330000162124634,1.0729999542236328,1.128999948501587,0,0.7415150007605553,0.9065500011046728
2021-01-14,1.128999948501587,1.1330000162124634,1.0870000123977661,1.1050000190734863,0,0.7436700004339218,0.9126833339532217
2021-01-15,1.097000002861023,1.11899995803833,1.0850000381469727,1.1039999723434448,0,0.7459800004959106,0.9176833341519038
2021-01-19,1.0920000076293945,1.1180000305175781,1.0889999866485596,1.1130000352859497,0,0.7483050006628037,0.9222833345333735
2021-01-20,1.090000033378601,1.1059999465942383,1.0870000123977661,1.1059999465942383,0,0.7508200007677078,0.9263166685899099
2021-01-21,1.1089999675750732,1.1230000257492065,1.0959999561309814,1.1019999980926514,0,0.7529850006103516,0.9307833343744278
2021-01-22,1.090999960899353,1.1009999513626099,1.0820000171661377,1.0870000123977661,0,0.7547600004076958,0.9356166670719782
2021-01-25,1.0399999618530273,1.0700000524520874,1.034999966621399,1.0670000314712524,0,0.7561400002241134,0.9399833331505457
2021-01-26,1.0399999618530273,1.0499999523162842,1.0329999923706055,1.0479999780654907,0,0.7576950001716614,0.9442999988794327
2021-01-27,1.0140000581741333,1.0230000019073486,1.0010000467300415,1.0230000019073486,0,0.759020000398159,0.9472833335399627
2021-01-28,1.0570000410079956,1.0700000524520874,1.0080000162124634,1.0080000162124634,0,0.7605450007319451,0.9505666673183442
2021-01-29,1.093000054359436,1.1050000190734863,1.065999984741211,1.0839999914169312,0,0.7628200009465218,0.9546333352724711
2021-02-01,1.0770000219345093,1.0880000591278076,1.059999942779541,1.0789999961853027,0,0.7651600009202957,0.9578833351532619
2021-02-02,1.1050000190734863,1.1169999837875366,1.0959999561309814,1.1100000143051147,0,0.7674150010943412,0.963500002026558
2021-02-03,1.13100004196167,1.1319999694824219,1.1130000352859497,1.1239999532699585,0,0.7699400013685227,0.969416669011116
2021-02-04,1.1390000581741333,1.1619999408721924,1.1360000371932983,1.1460000276565552,0,0.7727800017595291,0.9747333367665608
2021-02-05,1.1699999570846558,1.187999963760376,1.1360000371932983,1.1720000505447388,0,0.7755350014567375,0.9782666693131129
2021-02-08,1.159999966621399,1.1929999589920044,1.149999976158142,1.190999984741211,0,0.778270001411438,0.9814000020424525
2021-02-09,1.156999945640564,1.159000039100647,1.1399999856948853,1.149999976158142,0,0.7810750010609627,0.9847166677316029
2021-02-10,1.1330000162124634,1.1759999990463257,1.13100004196167,1.1740000247955322,0,0.7834600010514259,0.9888500014940897
2021-02-11,1.1579999923706055,1.1649999618530273,1.1380000114440918,1.1519999504089355,0,0.7862000009417534,0.9932666679223379
2021-02-12,1.2000000476837158,1.2020000219345093,1.1779999732971191,1.1829999685287476,0,0.789065001308918,0.9981666684150696
2021-02-16,1.2990000247955322,1.3009999990463257,1.2450000047683716,1.2450000047683716,0,0.7924500015377999,1.0052833358446758
2021-02-17,1.3009999990463257,1.3309999704360962,1.2690000534057617,1.3140000104904175,0,0.7957450014352798,1.01226666867733
2021-02-18,1.2869999408721924,1.3179999589920044,1.2769999504089355,1.3009999990463257,0,0.7989950010180473,1.0194833348194758
2021-02-19,1.3450000286102295,1.3619999885559082,1.3079999685287476,1.312999963760376,0,0.8024350011348724,1.0280833353598913
2021-02-22,1.3700000047683716,1.3700000047683716,1.3259999752044678,1.3589999675750732,0,0.8057300010323525,1.036633335550626
2021-02-23,1.3619999885559082,1.3890000581741333,1.3420000076293945,1.3589999675750732,0,0.8093850010633469,1.044633334875107
2021-02-24,1.3890000581741333,1.434999942779541,1.36899995803833,1.3960000276565552,0,0.8129200014472008,1.0531500021616618
2021-02-25,1.5180000066757202,1.6139999628067017,1.4320000410079956,1.4559999704360962,0,0.8168800014257431,1.064416668812434
2021-02-26,1.4600000381469727,1.5190000534057617,1.4390000104904175,1.4700000286102295,0,0.8207900017499924,1.0746833364168802
2021-03-01,1.4459999799728394,1.4600000381469727,1.406999945640564,1.4509999752044678,0,0.8247750017046929,1.0832166691621146
2021-03-02,1.4149999618530273,1.4509999752044678,1.402999997138977,1.4459999799728394,0,0.8287550014257431,1.0910000016291936
2021-03-03,1.4700000286102295,1.4980000257492065,1.4550000429153442,1.465000033378601,0,0.8329050016403198,1.1001666684945424
2021-03-04,1.5499999523162842,1.5549999475479126,1.4579999446868896,1.468999981880188,0,0.8369350013136864,1.109850001335144
2021-03-05,1.5540000200271606,1.6260000467300415,1.5399999618530273,1.5770000219345093,0,0.8411500012874603,1.1202833354473114
2021-03-08,1.5959999561309814,1.6059999465942383,1.5770000219345093,1.5920000076293945,0,0.8457300010323524,1.1316666682561238
2021-03-09,1.5460000038146973,1.562999963760376,1.527999997138977,1.5440000295639038,0,0.8500750011205673,1.1417500019073485
2021-03-10,1.5199999809265137,1.562999963760376,1.50600004196167,1.5609999895095825,0,0.8543900009989739,1.1519500017166138
2021-03-11,1.5269999504089355,1.5470000505447388,1.496999979019165,1.496999979019165,0,0.8585350006818772,1.1625166674455008
2021-03-12,1.6349999904632568,1.6419999599456787,1.5839999914169312,1.590999960899353,0,0.8633100005984307,1.1749000002940495
2021-03-15,1.6069999933242798,1.6269999742507935,1.5950000286102295,1.6269999742507935,0,0.8678200006484985,1.1863000005483628
2021-03-16,1.621000051498413,1.628999948501587,1.5850000381469727,1.593000054359436,0,0.8726850008964538,1.197983334461848
2021-03-17,1.6410000324249268,1.6890000104904175,1.6319999694824219,1.6619999408721924,0,0.8775800010561943,1.2098333348830541
2021-03-18,1.7300000190734863,1.753999948501587,1.7239999771118164,1.7300000190734863,0,0.8828300011157989,1.2228666683038076
2021-03-19,1.7319999933242798,1.75,1.6820000410079956,1.6890000104904175,0,0.8876850011944771,1.236050001780192
2021-03-22,1.684000015258789,1.7020000219345093,1.6749999523162842,1.6979999542236328,0,0.8920050013065338,1.2488166689872742
2021-03-23,1.6380000114440918,1.6649999618530273,1.6380000114440918,1.6490000486373901,0,0.8956750014424324,1.2602000027894973
2021-03-24,1.6139999628067017,1.6510000228881836,1.6119999885559082,1.628000020980835,0,0.8993250012397767,1.2716333359479903
2021-03-25,1.6139999628067017,1.6419999599456787,1.590999960899353,1.6019999980926514,0,0.9032500010728836,1.2829833348592123
2021-03-26,1.659999966621399,1.6759999990463257,1.6339999437332153,1.6720000505447388,0,0.9078100007772446,1.295066667596499
2021-03-29,1.7209999561309814,1.7280000448226929,1.6410000324249268,1.6460000276565552,0,0.9131500005722046,1.3083166668812434
2021-03-30,1.7259999513626099,1.7649999856948853,1.7170000076293945,1.7510000467300415,0,0.9182850003242493,1.3217999994754792
2021-03-31,1.746000051498413,1.7510000467300415,1.7079999446868896,1.718999981880188,0,0.9235050004720687,1.3356166670719782
2021-04-01,1.6790000200271606,1.7070000171661377,1.6720000505447388,1.7050000429153442,0,0.9281200006604194,1.3476833343505858
2021-04-05,1.7200000286102295,1.7450000047683716,1.7039999961853027,1.7430000305175781,0,0.9330550009012222,1.358983333905538
2021-04-06,1.656000018119812,1.6950000524520874,1.652999997138977,1.6950000524520874,0,0.937865000963211,1.3687333345413208
2021-04-07,1.652999997138977,1.6699999570846558,1.6349999904632568,1.659999966621399,0,0.9426450008153915,1.377866667509079
2021-04-08,1.6319999694824219,1.6619999408721924,1.628000020980835,1.6619999408721924,0,0.9472850006818772,1.3862000008424122
2021-04-09,1.6660000085830688,1.687000036239624,1.6369999647140503,1.6690000295639038,0,0.9520700007677079,1.3950000007947285
2021-04-12,1.6749999523162842,1.684999942779541,1.6640000343322754,1.6749999523162842,0,0.9570250004529953,1.4047833323478698
2021-04-13,1.6230000257492065,1.6959999799728394,1.621999979019165,1.6799999475479126,0,0.9617700004577636,1.4130166669686635
2021-04-14,1.6380000114440918,1.649999976158142,1.628999948501587,1.63100004196167,0,0.9667800006270408,1.4220333337783813
2021-04-15,1.5299999713897705,1.6180000305175781,1.5290000438690186,1.6109999418258667,0,0.9712500005960465,1.4293333331743876
2021-04-16,1.5729999542236328,1.5980000495910645,1.5640000104904175,1.5640000104904175,0,0.9758500003814697,1.4373833318551381
2021-04-19,1.6009999513626099,1.6150000095367432,1.5800000429153442,1.5870000123977661,0,0.980445000231266,1.4455833315849305
2021-04-20,1.562000036239624,1.6119999885559082,1.5570000410079956,1.593999981880188,0,0.9849100002646446,1.4534333328406015
2021-04-21,1.5640000104904175,1.5839999914169312,1.5540000200271606,1.5679999589920044,0,0.9893100002408027,1.462166666984558
2021-04-22,1.5540000200271606,1.5870000123977661,1.5429999828338623,1.5770000219345093,0,0.9938300004601479,1.4707333346207936
2021-04-23,1.5670000314712524,1.5809999704360962,1.531000018119812,1.5440000295639038,0,0.9984000006318092,1.4799500008424122
2021-04-26,1.5700000524520874,1.5950000286102295,1.555999994277954,1.5950000286102295,0,1.0032250007987022,1.4885000010331473
2021-04-27,1.621999979019165,1.6269999742507935,1.5700000524520874,1.5809999704360962,0,1.0081700006127357,1.4973166664441426
2021-04-28,1.6200000047683716,1.659000039100647,1.6130000352859497,1.6380000114440918,0,1.0130700007081033,1.5063666661580404
2021-04-29,1.6399999856948853,1.687999963760376,1.6399999856948853,1.6649999618530273,0,1.0181950005888938,1.515283332268397
2021-04-30,1.63100004196167,1.652999997138977,1.621999979019165,1.6419999599456787,0,1.0232000008225441,1.5236166656017303
2021-05-03,1.6069999933242798,1.6510000228881836,1.5779999494552612,1.6510000228881836,0,1.028175000846386,1.5314166645208995
2021-05-04,1.5920000076293945,1.6030000448226929,1.5570000410079956,1.6030000448226929,0,1.0329950007796287,1.5384499986966451
2021-05-05,1.5839999914169312,1.6260000467300415,1.5820000171661377,1.6069999933242798,0,1.0378150007128715,1.5455166657765707
2021-05-06,1.5609999895095825,1.590999960899353,1.5570000410079956,1.5770000219345093,0,1.042585000693798,1.5522499998410544
2021-05-07,1.5770000219345093,1.5839999914169312,1.4709999561309814,1.5700000524520874,0,1.0474950006604196,1.5596499999364217
2021-05-10,1.6019999980926514,1.6069999933242798,1.559999942779541,1.5770000219345093,0,1.052595000565052,1.567050000031789
2021-05-11,1.6239999532699585,1.63100004196167,1.6019999980926514,1.6039999723434448,0,1.057770000398159,1.5741166651248932
2021-05-12,1.6950000524520874,1.6950000524520874,1.6169999837875366,1.6169999837875366,0,1.0632000005245208,1.5807166655858358
2021-05-13,1.6679999828338623,1.7000000476837158,1.656999945640564,1.690000057220459,0,1.0686350005865097,1.5868333319822947
2021-05-14,1.6349999904632568,1.6510000228881836,1.625,1.6390000581741333,0,1.0739150005578995,1.5926333328088125
2021-05-17,1.6399999856948853,1.6469999551773071,1.628000020980835,1.6349999904632568,0,1.0794100004434586,1.5975499987602233
2021-05-18,1.6419999599456787,1.656999945640564,1.628000020980835,1.6390000581741333,0,1.0849400001764298,1.602083331346512
2021-05-19,1.6829999685287476,1.6920000314712524,1.6200000047683716,1.656000018119812,0,1.0905399999022485,1.6074333310127258
2021-05-20,1.6339999437332153,1.6660000085830688,1.6269999742507935,1.6640000343322754,0,1.09613499969244,1.6115166624387105
2021-05-21,1.6319999694824219,1.6390000581741333,1.6130000352859497,1.621999979019165,0,1.1015799996256828,1.6134166618188222
2021-05-24,1.6080000400543213,1.621999979019165,1.5980000495910645,1.6109999418258667,0,1.1069399997591973,1.615883328517278
2021-05-25,1.5640000104904175,1.600000023841858,1.562000036239624,1.590999960899353,0,1.1119499999284743,1.617849995692571
2021-05-26,1.5740000009536743,1.5829999446868896,1.5520000457763672,1.559999942779541,0,1.1169499999284744,1.6204999963442484
2021-05-27,1.6100000143051147,1.625,1.6050000190734863,1.6109999418258667,0,1.121710000038147,1.6228333294391633
2021-05-28,1.5809999704360962,1.6180000305175781,1.5789999961853027,1.6100000143051147,0,1.126264999806881,1.6233499964078268
2021-06-01,1.6150000095367432,1.6390000581741333,1.6080000400543213,1.625,0,1.1307599997520448,1.6243666628996531
2021-06-02,1.590999960899353,1.6059999465942383,1.5880000591278076,1.6050000190734863,0,1.1351699995994569,1.6242833296457926
2021-06-03,1.625,1.6299999952316284,1.5959999561309814,1.6009999513626099,0,1.1398799994587898,1.625599996248881
2021-06-04,1.559999942779541,1.6349999904632568,1.5570000410079956,1.6269999742507935,0,1.144334999024868,1.6262666622797648
2021-06-07,1.569000005722046,1.5820000171661377,1.5640000104904175,1.5809999704360962,0,1.1488049989938736,1.62696666320165
2021-06-08,1.527999997138977,1.5360000133514404,1.5130000114440918,1.5360000133514404,0,1.153224999010563,1.6251833299795786
2021-06-09,1.4889999628067017,1.5080000162124634,1.472000002861023,1.503000020980835,0,1.157469998896122,1.6232166628042857
2021-06-10,1.4589999914169312,1.5329999923706055,1.4589999914169312,1.503000020980835,0,1.161534998714924,1.6205166618029276
2021-06-11,1.4620000123977661,1.472000002861023,1.4500000476837158,1.4520000219345093,0,1.165434998869896,1.6175333281358084
2021-06-14,1.5010000467300415,1.5019999742507935,1.4589999914169312,1.4639999866485596,0,1.1695049992203712,1.6137166619300842
2021-06-15,1.4989999532699585,1.5130000114440918,1.4859999418258667,1.49399995803833,0,1.1732699990272522,1.6098333279291788
2021-06-16,1.569000005722046,1.593999981880188,1.4839999675750732,1.4889999628067017,0,1.1774699991941453,1.6079166611035665
2021-06-17,1.5110000371932983,1.5750000476837158,1.472000002861023,1.569000005722046,0,1.1815599992871284,1.6057999948660533
2021-06-18,1.4500000476837158,1.5210000276565552,1.437999963760376,1.5069999694824219,0,1.1854499995708465,1.603066662947337
2021-06-21,1.4839999675750732,1.4919999837875366,1.4520000219345093,1.4520000219345093,0,1.189614999294281,1.6008999963601431
2021-06-22,1.472000002861023,1.5089999437332153,1.4700000286102295,1.4950000047683716,0,1.1938649994134902,1.5977666636308034
2021-06-23,1.4869999885559082,1.4989999532699585,1.465000033378601,1.468000054359436,0,1.1976949992775916,1.593866664171219
2021-06-24,1.4869999885559082,1.496999979019165,1.4769999980926514,1.4839999675750732,0,1.2017099991440774,1.5898833314577738
2021-06-25,1.5360000133514404,1.5449999570846558,1.4780000448226929,1.4869999885559082,0,1.2058749991655349,1.586383330821991
2021-06-28,1.4780000448226929,1.5119999647140503,1.4709999561309814,1.5089999437332153,0,1.2098399993777276,1.5830333312352498
2021-06-29,1.4800000190734863,1.5099999904632568,1.4780000448226929,1.4919999837875366,0,1.2138949993252754,1.579033331076304
2021-06-30,1.4429999589920044,1.465999960899353,1.437999963760376,1.4529999494552612,0,1.217754999101162,1.5754833300908406
2021-07-01,1.4800000190734863,1.4850000143051147,1.4539999961853027,1.4709999561309814,0,1.2217599990963937,1.5725999971230824
2021-07-02,1.430999994277954,1.468000054359436,1.4259999990463257,1.444000005722046,0,1.2254799991846084,1.5692499975363414
2021-07-06,1.3700000047683716,1.4270000457763672,1.3519999980926514,1.4240000247955322,0,1.2289099991321564,1.5643166641394297
2021-07-07,1.3209999799728394,1.343000054359436,1.2960000038146973,1.3250000476837158,0,1.2320449990034104,1.5584166646003723
2021-07-08,1.2879999876022339,1.305999994277954,1.2680000066757202,1.281000018119812,0,1.235129998922348,1.552833330631256
2021-07-09,1.3559999465942383,1.3600000143051147,1.3329999446868896,1.3380000591278076,0,1.238589998781681,1.5481333295504252
2021-07-12,1.3630000352859497,1.3760000467300415,1.3380000591278076,1.343000054359436,0,1.242024998962879,1.5453499972820282
2021-07-13,1.4149999618530273,1.4199999570846558,1.343000054359436,1.3509999513626099,0,1.245769998729229,1.5427166640758514
2021-07-14,1.3559999465942383,1.3860000371932983,1.3539999723434448,1.38100004196167,0,1.24925499856472,1.5386333306630453
2021-07-15,1.2970000505447388,1.3489999771118164,1.2920000553131104,1.3289999961853027,0,1.2524249988794327,1.5342166642347972
2021-07-16,1.2999999523162842,1.3359999656677246,1.2990000247955322,1.315000057220459,0,1.2556999987363815,1.5298166632652284
2021-07-19,1.180999994277954,1.2269999980926514,1.1759999990463257,1.2269999980926514,0,1.2582199987769127,1.5235999961694082
2021-07-20,1.2089999914169312,1.2239999771118164,1.128000020980835,1.1799999475479126,0,1.2608799988031387,1.5176333288351695
2021-07-21,1.2799999713897705,1.3029999732971191,1.2330000400543213,1.2430000305175781,0,1.2637999987602233,1.5127999941507975
2021-07-22,1.2649999856948853,1.2949999570846558,1.2330000400543213,1.2869999408721924,0,1.2663149985671043,1.5068499942620595
2021-07-23,1.2860000133514404,1.312000036239624,1.281000018119812,1.2999999523162842,0,1.2690349987149239,1.501283327738444
2021-07-26,1.2760000228881836,1.284999966621399,1.2510000467300415,1.2549999952316284,0,1.2714899986982346,1.4952166616916656
2021-07-27,1.2339999675750732,1.253999948501587,1.2289999723434448,1.253000020980835,0,1.2738349986076356,1.4885999937852223
2021-07-28,1.2610000371932983,1.277999997138977,1.246000051498413,1.2660000324249268,0,1.2762649989128112,1.4828333278497061
2021-07-29,1.2690000534057617,1.284000039100647,1.24399995803833,1.2640000581741333,0,1.2787249991297722,1.477449995279312
2021-07-30,1.2389999628067017,1.2510000467300415,1.2259999513626099,1.2359999418258667,0,1.2812849989533424,1.471699994802475
2021-08-02,1.1740000247955322,1.2309999465942383,1.1510000228881836,1.2309999465942383,0,1.283544999063015,1.4652499953905742
2021-08-03,1.1759999990463257,1.180999994277954,1.1540000438690186,1.1770000457763672,0,1.2857699990272522,1.458566661675771
2021-08-04,1.184000015258789,1.215000033378601,1.128999948501587,1.1720000505447388,0,1.2879699990153313,1.4515999952952068
2021-08-05,1.2170000076293945,1.2269999980926514,1.1790000200271606,1.1820000410079956,0,1.290249999165535,1.444816662867864
2021-08-06,1.2899999618530273,1.2999999523162842,1.246999979019165,1.2519999742507935,0,1.2927149990200997,1.4380666613578796
2021-08-09,1.3170000314712524,1.3240000009536743,1.2680000066757202,1.277999997138977,0,1.2952199992537499,1.4322166621685029
2021-08-10,1.3420000076293945,1.3489999771118164,1.312000036239624,1.3200000524520874,0,1.2976899993419648,1.4273333291212718
2021-08-11,1.3289999961853027,1.371000051498413,1.3020000457763672,1.3680000305175781,0,1.3001299992203712,1.4221499959627788
2021-08-12,1.3669999837875366,1.378999948501587,1.3509999513626099,1.3569999933242798,0,1.3029599991440772,1.4175666630268098
2021-08-13,1.2970000505447388,1.3589999675750732,1.2929999828338623,1.3519999980926514,0,1.3055549994111062,1.4111333310604095
2021-08-16,1.2569999694824219,1.281999945640564,1.225000023841858,1.2730000019073486,0,1.3079349991679192,1.4048499981562297
2021-08-17,1.2580000162124634,1.2719999551773071,1.2230000495910645,1.2269999980926514,0,1.3100499993562698,1.3986166656017303
2021-08-18,1.2730000019073486,1.2990000247955322,1.2630000114440918,1.2769999504089355,0,1.312114999294281,1.3930333316326142
2021-08-19,1.2419999837875366,1.2569999694824219,1.2319999933242798,1.2369999885559082,0,1.3140799993276595,1.3876666645208995
2021-08-20,1.2599999904632568,1.2669999599456787,1.2280000448226929,1.2300000190734863,0,1.3159699991345406,1.382433331012726
2021-08-23,1.2549999952316284,1.2730000019073486,1.2519999742507935,1.2669999599456787,0,1.3184049990773201,1.3765166640281676
2021-08-24,1.2899999618530273,1.2920000553131104,1.2599999904632568,1.2630000114440918,0,1.3209749987721444,1.3716666638851165
2021-08-25,1.3420000076293945,1.3509999513626099,1.2899999618530273,1.3070000410079956,0,1.3235849988460542,1.3671166638533274
2021-08-26,1.3420000076293945,1.375,1.340999960899353,1.3609999418258667,0,1.3255049988627434,1.3629666646321614
2021-08-27,1.312000036239624,1.3589999675750732,1.309999942779541,1.343999981880188,0,1.3272049990296364,1.3577499985694885
2021-08-30,1.284999966621399,1.312000036239624,1.284999966621399,1.309999942779541,0,1.3288399988412858,1.3531666656335195
2021-08-31,1.3040000200271606,1.3140000104904175,1.2699999809265137,1.2920000553131104,0,1.3309349989891053,1.3487499992052714
2021-09-01,1.3020000457763672,1.3220000267028809,1.284000039100647,1.3109999895095825,0,1.3329799991846085,1.3449833333492278
2021-09-02,1.2940000295639038,1.3040000200271606,1.284999966621399,1.2869999408721924,0,1.334919999241829,1.3417333344618478
2021-09-03,1.3220000267028809,1.3359999656677246,1.2699999809265137,1.2970000505447388,0,1.3371699994802475,1.3394500017166138
2021-09-07,1.3700000047683716,1.3849999904632568,1.3580000400543213,1.3660000562667847,0,1.339609999358654,1.3379166682561239
2021-09-08,1.3339999914169312,1.3630000352859497,1.3270000219345093,1.3480000495910645,0,1.3420099994540216,1.3351333340009053
2021-09-09,1.2990000247955322,1.3459999561309814,1.2869999408721924,1.3380000591278076,0,1.3443599995970725,1.331800001859665
2021-09-10,1.340999960899353,1.3550000190734863,1.3170000314712524,1.319000005722046,0,1.3467799994349479,1.32800000111262
2021-09-13,1.3240000009536743,1.3380000591278076,1.315999984741211,1.3380000591278076,0,1.348989999294281,1.3248833338419597
2021-09-14,1.2769999504089355,1.350000023841858,1.2649999856948853,1.3459999561309814,0,1.3509849989414215,1.32199999888738
2021-09-15,1.3040000200271606,1.319000005722046,1.2599999904632568,1.2740000486373901,0,1.3532949990034104,1.3189999997615813
2021-09-16,1.3309999704360962,1.3509999513626099,1.309000015258789,1.312000036239624,0,1.35572999894619,1.316649999221166
2021-09-17,1.3700000047683716,1.3860000371932983,1.3359999656677246,1.340000033378601,0,1.3579099988937378,1.3146999994913737
2021-09-20,1.309000015258789,1.3380000591278076,1.2970000505447388,1.309000015258789,0,1.3597149989008903,1.311733333269755
2021-09-21,1.3240000009536743,1.3259999752044678,1.305999994277954,1.3240000009536743,0,1.3617349988222123,1.3081999997297922
2021-09-22,1.3359999656677246,1.3380000591278076,1.2970000505447388,1.3359999656677246,0,1.3635699987411498,1.3058333317438762
2021-09-23,1.409999966621399,1.4110000133514404,1.3359999656677246,1.3380000591278076,0,1.3659799987077712,1.304666664203008
2021-09-24,1.4600000381469727,1.465999960899353,1.4220000505447388,1.4229999780654907,0,1.368714998960495,1.3049499988555908
2021-09-27,1.4839999675750732,1.5169999599456787,1.4700000286102295,1.496000051498413,0,1.3714299988746643,1.3050166646639505
2021-09-28,1.534000039100647,1.5670000314712524,1.5149999856948853,1.5369999408721924,0,1.3745599991083146,1.3067333320776622
2021-09-29,1.5410000085830688,1.5529999732971191,1.4980000257492065,1.5169999599456787,0,1.3777999991178513,1.3095833321412405
2021-09-30,1.5290000438690186,1.5549999475479126,1.5119999647140503,1.5379999876022339,0,1.3809849992394447,1.3130499998728433
2021-10-01,1.4789999723434448,1.5049999952316284,1.4739999771118164,1.496000051498413,0,1.3837649992108345,1.3162333329518636
2021-10-04,1.4809999465942383,1.5080000162124634,1.4630000591278076,1.4859999418258667,0,1.3865699988603593,1.3183166662851968
2021-10-05,1.5290000438690186,1.5379999876022339,1.4889999628067017,1.4910000562667847,0,1.3895649990439416,1.3210833330949148
2021-10-06,1.5240000486373901,1.5429999828338623,1.5089999437332153,1.5429999828338623,0,1.392444999217987,1.3229000012079875
2021-10-07,1.5709999799728394,1.5729999542236328,1.5290000438690186,1.5290000438690186,0,1.3955949991941452,1.3264833350976308
2021-10-08,1.6050000190734863,1.6169999837875366,1.5579999685287476,1.5750000476837158,0,1.3990299993753432,1.3316166679064432
2021-10-11,1.6139999628067017,1.6139999628067017,1.6139999628067017,1.6139999628067017,0,1.4023249992728233,1.336850001414617
2021-10-12,1.5800000429153442,1.6150000095367432,1.5770000219345093,1.600000023841858,0,1.4055849996209144,1.3435000022252401
2021-10-13,1.5490000247955322,1.600000023841858,1.5260000228881836,1.565000057220459,0,1.408664999604225,1.3491666694482167
2021-10-14,1.5190000534057617,1.5460000038146973,1.5069999694824219,1.5369999408721924,0,1.411584999859333,1.3531500041484832
2021-10-15,1.5759999752044678,1.5770000219345093,1.5390000343322754,1.5420000553131104,0,1.4148349997401237,1.3583333373069764
2021-10-18,1.5839999914169312,1.6269999742507935,1.5770000219345093,1.5989999771118164,0,1.418169999718666,1.3633000036080678
2021-10-19,1.6349999904632568,1.6360000371932983,1.593000054359436,1.593000054359436,0,1.42175999969244,1.3692833364009858
2021-10-20,1.6360000371932983,1.652999997138977,1.6200000047683716,1.6230000257492065,0,1.425164999961853,1.3759833375612895
2021-10-21,1.6759999990463257,1.6829999685287476,1.6449999809265137,1.6749999523162842,0,1.428334999680519,1.3829000035921732
2021-10-22,1.6549999713897705,1.690999984741211,1.6360000371932983,1.687000036239624,0,1.4312549996376038,1.3893333355585733
2021-10-25,1.6349999904632568,1.6729999780654907,1.6200000047683716,1.6540000438690186,0,1.4339049994945525,1.395933336019516
2021-10-26,1.61899995803833,1.6540000438690186,1.6169999837875366,1.6180000305175781,0,1.4363399994373323,1.4033500015735627
2021-10-27,1.5290000438690186,1.5989999771118164,1.5199999809265137,1.5829999446868896,0,1.4382949995994567,1.4092333356539408
2021-10-28,1.5679999589920044,1.5820000171661377,1.5299999713897705,1.5410000085830688,0,1.4406949990987779,1.4156333347161612
2021-10-29,1.5570000410079956,1.61899995803833,1.5540000200271606,1.6050000190734863,0,1.44283499956131,1.4213000019391377
2021-11-01,1.5750000476837158,1.6050000190734863,1.5609999895095825,1.5870000123977661,0,1.4452249997854232,1.4260500033696493
2021-11-02,1.5490000247955322,1.5700000524520874,1.527999997138977,1.555999994277954,0,1.447509999871254,1.4299166699250538
2021-11-03,1.5789999961853027,1.6019999980926514,1.5299999713897705,1.534999966621399,0,1.4499549996852874,1.433866669734319
2021-11-04,1.5240000486373901,1.5789999961853027,1.5089999437332153,1.5679999589920044,0,1.452030000090599,1.4371166706085206
2021-11-05,1.4529999494552612,1.5470000505447388,1.4500000476837158,1.5260000228881836,0,1.4538400000333787,1.4385500033696492
2021-11-08,1.496999979019165,1.503999948501587,1.4600000381469727,1.4830000400543213,0,1.4561250001192092,1.4418833355108898
2021-11-09,1.4320000410079956,1.468999981880188,1.4149999618530273,1.4639999866485596,0,1.4580850005149841,1.4448000033696493
2021-11-10,1.559999942779541,1.5920000076293945,1.4639999866485596,1.4730000495910645,0,1.4608149999380111,1.4498333354791006
2021-11-11,1.559999942779541,1.559999942779541,1.559999942779541,1.559999942779541,0,1.463329999446869,1.4546166678269705
2021-11-12,1.5820000171661377,1.5889999866485596,1.5410000085830688,1.5720000267028809,0,1.4657749992609024,1.4602833350499471
2021-11-15,1.6230000257492065,1.625,1.5490000247955322,1.5529999732971191,0,1.468504999279976,1.4663333356380464
2021-11-16,1.6339999437332153,1.6369999647140503,1.5989999771118164,1.6009999513626099,0,1.4711499989032746,1.4726500014464061
2021-11-17,1.6039999723434448,1.6460000276565552,1.5989999771118164,1.6410000324249268,0,1.4735149985551834,1.4778833349545797
2021-11-18,1.5889999866485596,1.6130000352859497,1.5770000219345093,1.5959999561309814,0,1.4757649981975556,1.4820000012715657
2021-11-19,1.5360000133514404,1.5570000410079956,1.5210000276565552,1.5290000438690186,0,1.4775949984788894,1.4852333347002664
2021-11-22,1.625,1.6269999742507935,1.5700000524520874,1.5750000476837158,0,1.4799199986457825,1.4904500007629395
2021-11-23,1.6670000553131104,1.6690000295639038,1.6390000581741333,1.6549999713897705,0,1.4824699991941452,1.4968166689078013
2021-11-24,1.6449999809265137,1.6929999589920044,1.6390000581741333,1.6649999618530273,0,1.4850299990177154,1.5025000015894572
2021-11-26,1.4819999933242798,1.5429999828338623,1.4730000495910645,1.5379999876022339,0,1.4866499990224837,1.5055000007152557
2021-11-29,1.5299999713897705,1.565000057220459,1.5110000371932983,1.5470000505447388,0,1.4882999986410141,1.5094333330790202
2021-11-30,1.4429999589920044,1.5,1.4119999408721924,1.444000005722046,0,1.4890199983119965,1.5114499986171723
2021-12-01,1.434000015258789,1.496999979019165,1.430999994277954,1.4819999933242798,0,1.4896849983930587,1.5125166654586792
2021-12-02,1.4479999542236328,1.465000033378601,1.409000039100647,1.4220000505447388,0,1.490489998459816,1.514416664838791
2021-12-03,1.343000054359436,1.4700000286102295,1.343000054359436,1.4240000247955322,0,1.490479998588562,1.515149998664856
2021-12-06,1.434000015258789,1.440999984741211,1.3700000047683716,1.3899999856948853,0,1.490799998641014,1.5166999995708466
2021-12-07,1.4800000190734863,1.4819999933242798,1.4390000104904175,1.4529999494552612,0,1.491389998793602,1.5192999998728434
2021-12-08,1.5089999437332153,1.5369999408721924,1.4889999628067017,1.4900000095367432,0,1.4919899982213973,1.5231666664282482
2021-12-09,1.4869999885559082,1.5080000162124634,1.472000002861023,1.4839999675750732,0,1.4918349981307983,1.5262166659037273
2021-12-10,1.4889999628067017,1.5199999809265137,1.4509999752044678,1.5089999437332153,0,1.491979997754097,1.528849999109904
2021-12-13,1.4240000247955322,1.472000002861023,1.4140000343322754,1.468000054359436,0,1.4918699979782104,1.52974999944369
2021-12-14,1.437999963760376,1.472000002861023,1.4210000038146973,1.4390000104904175,0,1.491984997987747,1.5318999985853832
2021-12-15,1.4630000591278076,1.4839999675750732,1.4359999895095825,1.4459999799728394,0,1.491949998140335,1.5342166662216186
2021-12-16,1.4220000505447388,1.4789999723434448,1.4160000085830688,1.472000002861023,0,1.4913099986314773,1.5356500009695688
2021-12-17,1.4019999504089355,1.4119999408721924,1.371999979019165,1.3949999809265137,0,1.4905499982833863,1.5355166673660279
2021-12-20,1.4190000295639038,1.4210000038146973,1.375,1.3869999647140503,0,1.4896649986505508,1.5348333338896434
2021-12-21,1.4869999885559082,1.4980000257492065,1.4479999542236328,1.4500000476837158,0,1.489369998574257,1.534883334239324
2021-12-22,1.4570000171661377,1.4809999465942383,1.4479999542236328,1.4769999980926514,0,1.489054998755455,1.5336000005404153
2021-12-23,1.4930000305175781,1.5010000467300415,1.4579999446868896,1.4759999513626099,0,1.4888849991559983,1.5328000009059906
2021-12-27,1.4809999465942383,1.49399995803833,1.4759999513626099,1.4889999628067017,0,1.488114998936653,1.5319999992847442
2021-12-28,1.4809999465942383,1.4889999628067017,1.4550000429153442,1.4859999418258667,0,1.487484998703003,1.5320333321889241
2021-12-29,1.5429999828338623,1.5579999685287476,1.5049999952316284,1.5049999952316284,0,1.4870949983596802,1.5330666661262513
2021-12-30,1.5149999856948853,1.5499999523162842,1.5130000114440918,1.531000018119812,0,1.48646499812603,1.532833331823349
2021-12-31,1.5119999647140503,1.5219999551773071,1.4910000562667847,1.5049999952316284,0,1.4853749978542328,1.5326333304246267
2022-01-03,1.628000020980835,1.6349999904632568,1.5329999923706055,1.534000039100647,0,1.4848549979925156,1.5335833311080933
2022-01-04,1.6679999828338623,1.6859999895095825,1.6540000438690186,1.6629999876022339,0,1.484774997830391,1.5346333305040996
2022-01-05,1.7050000429153442,1.7100000381469727,1.6469999551773071,1.659999966621399,0,1.4851099979877471,1.5361499985059102
2022-01-06,1.7330000400543213,1.74399995803833,1.7209999561309814,1.7330000400543213,0,1.4857049983739854,1.5386999984582266
2022-01-07,1.7710000276565552,1.8009999990463257,1.7269999980926514,1.7389999628067017,0,1.4864899986982345,1.5423999985059103
2022-01-10,1.7799999713897705,1.8079999685287476,1.7669999599456787,1.774999976158142,0,1.4870899987220765,1.546749997138977
2022-01-11,1.746000051498413,1.784999966621399,1.7450000047683716,1.7599999904632568,0,1.4872149991989136,1.549583331743876
2022-01-12,1.725000023841858,1.746000051498413,1.7109999656677246,1.7319999933242798,0,1.4872099995613097,1.5519333322842916
2022-01-13,1.7109999656677246,1.746000051498413,1.7079999446868896,1.7380000352859497,0,1.4870349991321563,1.5531999985376994
2022-01-14,1.7719999551773071,1.774999976158142,1.7059999704360962,1.7259999513626099,0,1.4874999988079072,1.5554666638374328
2022-01-18,1.8650000095367432,1.8660000562667847,1.812999963760376,1.8270000219345093,0,1.4882249987125398,1.5586166640122732
2022-01-19,1.8270000219345093,1.8739999532699585,1.8220000267028809,1.8580000400543213,0,1.4890799987316132,1.561483331521352
2022-01-20,1.8329999446868896,1.8450000286102295,1.8200000524520874,1.8289999961853027,0,1.4899799984693527,1.5647833307584127
2022-01-21,1.746999979019165,1.784999966621399,1.7330000400543213,1.7719999551773071,0,1.4905549985170365,1.5669166644414265
2022-01-24,1.7350000143051147,1.7369999885559082,1.7070000171661377,1.7319999933242798,0,1.4908999985456466,1.5703499972820283
2022-01-25,1.7829999923706055,1.7869999408721924,1.7300000190734863,1.7740000486373901,0,1.4914399987459184,1.5739333311716714
2022-01-26,1.8480000495910645,1.8569999933242798,1.7710000276565552,1.784999966621399,0,1.4925649988651275,1.5787833313147226
2022-01-27,1.8070000410079956,1.8420000076293945,1.781999945640564,1.8300000429153442,0,1.493409999012947,1.5826499978701274
2022-01-28,1.781999945640564,1.8480000495910645,1.7769999504089355,1.8339999914169312,0,1.4946699988842012,1.5865333298842113
2022-01-31,1.781999945640564,1.815999984741211,1.7730000019073486,1.8029999732971191,0,1.4957149988412857,1.5899166623751322
2022-02-01,1.7999999523162842,1.8200000524520874,1.75,1.75,0,1.4967099988460542,1.5945166607697805
2022-02-02,1.7660000324249268,1.8109999895095825,1.7430000305175781,1.7769999504089355,0,1.4977299988269805,1.599733328819275
2022-02-03,1.8270000219345093,1.847000002861023,1.7970000505447388,1.7979999780654907,0,1.499044998884201,1.6052333295345307
2022-02-04,1.9299999475479126,1.9359999895095825,1.809999942779541,1.812999963760376,0,1.5009249985218047,1.6135333279768627
2022-02-07,1.9160000085830688,1.9390000104904175,1.909999966621399,1.9210000038146973,0,1.502669998407364,1.6194666624069214
2022-02-08,1.9539999961853027,1.9709999561309814,1.9429999589920044,1.9429999589920044,0,1.50458999812603,1.626033329963684
2022-02-09,1.9290000200271606,1.9470000267028809,1.909000039100647,1.9359999895095825,0,1.50612499833107,1.631816663344701
2022-02-10,2.0309998989105225,2.049999952316284,1.9270000457763672,1.9290000200271606,0,1.5081799978017807,1.6386166612307231
2022-02-11,1.9550000429153442,2.062999963760376,1.934000015258789,2.006999969482422,0,1.509754998087883,1.6439666628837586
2022-02-14,1.996000051498413,2.0260000228881836,1.9550000429153442,1.9630000591278076,0,1.5115799981355666,1.6504999975363412
2022-02-15,2.0450000762939453,2.055999994277954,2.0239999294281006,2.0329999923706055,0,1.513769998550415,1.658099999030431
2022-02-16,2.046999931335449,2.065000057220459,2.006999969482422,2.0350000858306885,0,1.5160449981689452,1.6666166643301645
2022-02-17,1.972000002861023,2.0139999389648438,1.9529999494552612,2.002000093460083,0,1.5179849982261657,1.6723999977111816
2022-02-18,1.9320000410079956,1.9600000381469727,1.9179999828338623,1.9600000381469727,0,1.519839998483658,1.6768166641394298
2022-02-22,1.9479999542236328,1.9600000381469727,1.9199999570846558,1.944000005722046,0,1.5216949981451036,1.6818666636943818
2022-02-23,1.9769999980926514,2.0,1.9550000429153442,1.9809999465942383,0,1.5235699981451034,1.6901166637738545
2022-02-24,1.968999981880188,1.968999981880188,1.8559999465942383,1.8819999694824219,0,1.5252949982881545,1.6974333306153615
2022-02-25,1.9859999418258667,2.010999917984009,1.9630000591278076,1.9980000257492065,0,1.5267499977350234,1.7064833303292593
2022-02-28,1.8389999866485596,1.9199999570846558,1.8389999866485596,1.9170000553131104,0,1.527604997754097,1.713233329852422
2022-03-01,1.7070000171661377,1.7940000295639038,1.6820000410079956,1.7339999675750732,0,1.5279649978876113,1.7175499975681305
2022-03-02,1.8650000095367432,1.8680000305175781,1.7599999904632568,1.7769999504089355,0,1.5290899980068207,1.7262499968210856
2022-03-03,1.843999981880188,1.8969999551773071,1.8300000429153442,1.847000002861023,0,1.5300999981164933,1.733083329598109
2022-03-04,1.7239999771118164,1.815999984741211,1.7000000476837158,1.7940000295639038,0,1.5303049981594086,1.7371499955654144
2022-03-07,1.7510000467300415,1.805999994277954,1.718999981880188,1.7730000019073486,0,1.5308899986743927,1.7411833306153615
2022-03-08,1.871999979019165,1.8769999742507935,1.8350000381469727,1.8509999513626099,0,1.5320899987220764,1.7475999971230824
2022-03-09,1.9479999542236328,1.9500000476837158,1.8919999599456787,1.9110000133514404,0,1.533789998292923,1.7552499969800313
2022-03-10,2.010999917984009,2.0209999084472656,1.9459999799728394,1.9739999771118164,0,1.536024997830391,1.7650333285331725
2022-03-11,2.003999948501587,2.0199999809265137,1.9759999513626099,2.010999917984009,0,1.5381749975681305,1.7744666616121927
2022-03-14,2.140000104904175,2.140000104904175,2.069000005722046,2.078000068664551,0,1.5408249980211257,1.7857499957084655
2022-03-15,2.1600000858306885,2.1619999408721924,2.078000068664551,2.11899995803833,0,1.5437199985980987,1.7980499962965648
2022-03-16,2.187999963760376,2.246000051498413,2.1489999294281006,2.1689999103546143,0,1.5465849983692168,1.8111499965190887
2022-03-17,2.191999912261963,2.194000005722046,2.134999990463257,2.1419999599456787,0,1.54958999812603,1.8240333278973897
2022-03-18,2.1480000019073486,2.177999973297119,2.13700008392334,2.1510000228881836,0,1.5522049981355668,1.8350499947865804
2022-03-21,2.315000057220459,2.315000057220459,2.2070000171661377,2.2070000171661377,0,1.5559799987077714,1.8493499954541524
2022-03-22,2.372999906539917,2.390000104904175,2.3329999446868896,2.3550000190734863,0,1.5599999982118606,1.8640166600545247
2022-03-23,2.321000099182129,2.3949999809265137,2.2990000247955322,2.374000072479248,0,1.5639649987220765,1.8780166625976562
2022-03-24,2.3410000801086426,2.385999917984009,2.3259999752044678,2.368000030517578,0,1.5682249993085862,1.8923499981562297
2022-03-25,2.492000102996826,2.503000020980835,2.3540000915527344,2.3589999675750732,0,1.5733899998664855,1.9081666668256123
2022-03-28,2.4769999980926514,2.4809999465942383,2.4140000343322754,2.4639999866485596,0,1.57846499979496,1.9242000003655753
2022-03-29,2.4000000953674316,2.496000051498413,2.380000114440918,2.496000051498413,0,1.582960000038147,1.9390000025431315
2022-03-30,2.3580000400543213,2.434999942779541,2.3450000286102295,2.4019999504089355,0,1.5872550004720687,1.9511666695276897
2022-03-31,2.3269999027252197,2.3510000705718994,2.311000108718872,2.322000026702881,0,1.5910449999570846,1.9621500015258788
2022-04-01,2.377000093460083,2.4560000896453857,2.3570001125335693,2.4040000438690186,0,1.5953750002384186,1.9733500023682913
2022-04-04,2.4119999408721924,2.434000015258789,2.371000051498413,2.4040000438690186,0,1.600184999704361,1.9846666673819224
2022-04-05,2.555999994277954,2.566999912261963,2.447000026702881,2.4800000190734863,0,1.6055449998378755,1.9977500001589457
2022-04-06,2.6089999675750732,2.6410000324249268,2.568000078201294,2.628000020980835,0,1.6112299996614456,2.011566666762034
2022-04-07,2.6519999504089355,2.6730000972747803,2.6089999675750732,2.630000114440918,0,1.6170549994707109,2.0266666650772094
2022-04-08,2.7130000591278076,2.7279999256134033,2.6679999828338623,2.688999891281128,0,1.6231849998235703,2.0431333323319754
2022-04-11,2.7799999713897705,2.7920000553131104,2.7339999675750732,2.7690000534057617,0,1.6294049996137618,2.060949999094009
2022-04-12,2.7249999046325684,2.7709999084472656,2.6740000247955322,2.760999917984009,0,1.6356399989128112,2.0768333315849303
2022-04-13,2.687000036239624,2.760999917984009,2.6459999084472656,2.746000051498413,0,1.6416749989986419,2.0905333320299784
2022-04-14,2.828000068664551,2.8350000381469727,2.6670000553131104,2.6670000553131104,0,1.6485999995470046,2.1072166661421456
2022-04-18,2.861999988555908,2.868000030517578,2.809999942779541,2.861999988555908,0,1.655509999394417,2.124366666873296
2022-04-19,2.9130001068115234,2.930000066757202,2.880000114440918,2.880000114440918,0,1.6629199999570847,2.1438000023365023
2022-04-20,2.8399999141693115,2.9030001163482666,2.819000005722046,2.880000114440918,0,1.6702699995040893,2.162216667334239
2022-04-21,2.9170000553131104,2.9539999961853027,2.8459999561309814,2.8540000915527344,0,1.6782499998807907,2.1811166683832806
2022-04-22,2.9059998989105225,2.937999963760376,2.864000082015991,2.934000015258789,0,1.6863399994373323,2.1987499992052713
2022-04-25,2.8259999752044678,2.8429999351501465,2.759999990463257,2.8369998931884766,0,1.6936899995803834,2.2157333314418795
2022-04-26,2.7720000743865967,2.7820000648498535,2.7239999771118164,2.760999917984009,0,1.7007349997758865,2.2322333335876463
2022-04-27,2.818000078201294,2.819999933242798,2.7300000190734863,2.753000020980835,0,1.7077500003576278,2.2495000024636584
2022-04-28,2.86299991607666,2.888000011444092,2.8359999656677246,2.867000102996826,0,1.71528500020504,2.2672166685263315
2022-04-29,2.88700008392334,2.934000015258789,2.8540000915527344,2.8540000915527344,0,1.723235000371933,2.285900002717972
2022-05-02,2.996000051498413,3.002000093460083,2.9070000648498535,2.921999931335449,0,1.7317150008678437,2.305383336544037
2022-05-03,2.9600000381469727,2.9690001010894775,2.9130001068115234,2.9579999446868896,0,1.7406100010871888,2.322550004720688
2022-05-04,2.9170000553131104,3.010999917984009,2.9110000133514404,2.9619998931884766,0,1.7491500014066697,2.3392333388328552
2022-05-05,3.065999984741211,3.1080000400543213,2.927000045776367,2.934999942779541,0,1.7580800014734268,2.3577666719754538
2022-05-06,3.122999906539917,3.13100004196167,3.0429999828338623,3.0789999961853027,0,1.767370001077652,2.3776666700839995
2022-05-09,3.0789999961853027,3.1670000553131104,3.069000005722046,3.1630001068115234,0,1.7763350009918213,2.3951333383719127
2022-05-10,2.993000030517578,3.005000114440918,2.941999912261963,2.990999937057495,0,1.7849200010299682,2.4124333381652834
2022-05-11,2.9210000038146973,3.0759999752044678,2.9070000648498535,2.9539999961853027,0,1.7933550012111663,2.427850004037221
2022-05-12,2.816999912261963,2.880000114440918,2.816999912261963,2.8410000801086426,0,1.8011350005865097,2.4407166679700216
2022-05-13,2.934999942779541,2.941999912261963,2.888000011444092,2.9110000133514404,0,1.8094650000333785,2.4555166681607563
2022-05-16,2.877000093460083,2.933000087738037,2.8529999256134033,2.928999900817871,0,1.8176550006866454,2.470600003004074
2022-05-17,2.9679999351501465,2.9839999675750732,2.9089999198913574,2.9089999198913574,0,1.8266250002384186,2.4878666679064434
2022-05-18,2.885999917984009,3.0139999389648438,2.878999948501587,2.994999885559082,0,1.835174999833107,2.503500000635783
2022-05-19,2.8550000190734863,2.8589999675750732,2.7720000743865967,2.8259999752044678,0,1.8435299998521806,2.518133334318797
2022-05-20,2.7869999408721924,2.8610000610351562,2.7739999294281006,2.8510000705718994,0,1.8513799995183944,2.5317666669686636
2022-05-23,2.8589999675750732,2.868000030517578,2.8010001182556152,2.8320000171661377,0,1.8592249995470047,2.546316667397817
2022-05-24,2.759999990463257,2.828000068664551,2.7179999351501465,2.813999891281128,0,1.8664399993419647,2.5616666674613953
2022-05-25,2.749000072479248,2.7699999809265137,2.7079999446868896,2.7360000610351562,0,1.873474999666214,2.5790333350499473
2022-05-26,2.75600004196167,2.7950000762939453,2.7290000915527344,2.743000030517578,0,1.8806099998950958,2.5938833355903625
2022-05-27,2.743000030517578,2.752000093460083,2.7090001106262207,2.7239999771118164,0,1.887490000128746,2.608866669734319
2022-05-31,2.8440001010894775,2.877000093460083,2.828000068664551,2.8299999237060547,0,1.8952250003814697,2.62753333846728
2022-06-01,2.930999994277954,2.9519999027252197,2.8329999446868896,2.871000051498413,0,1.9035950005054474,2.647200004259745
2022-06-02,2.9130001068115234,2.941999912261963,2.8889999389648438,2.9100000858306885,0,1.9118700009584426,2.664550006389618
2022-06-03,2.9570000171661377,2.9860000610351562,2.9189999103546143,2.9200000762939453,0,1.9202900010347366,2.6813666741053264
2022-06-06,3.0380001068115234,3.0399999618530273,2.9609999656677246,2.9700000286102295,0,1.9292700016498565,2.698483343919118
2022-06-07,2.9719998836517334,3.0290000438690186,2.9570000171661377,3.0290000438690186,0,1.937830001115799,2.714616676171621
2022-06-08,3.0290000438690186,3.0399999618530273,2.98799991607666,3.009000062942505,0,1.946700001358986,2.729433341821035
2022-06-09,3.0439999103546143,3.072999954223633,3.0199999809265137,3.052999973297119,0,1.9554700011014938,2.744166672229767
2022-06-10,3.1559998989105225,3.177999973297119,2.99399995803833,3.0399999618530273,0,1.9645400005578995,2.760300004482269
2022-06-13,3.365999937057495,3.365999937057495,3.246000051498413,3.2820000648498535,0,1.97466000020504,2.779866671562195
2022-06-14,3.4830000400543213,3.4830000400543213,3.302999973297119,3.3489999771118164,0,1.9855150002241135,2.8021166721979776
2022-06-15,3.3949999809265137,3.447999954223633,3.3540000915527344,3.382999897003174,0,1.996065000295639,2.820116670926412
2022-06-16,3.306999921798706,3.450000047683716,3.306999921798706,3.438999891281128,0,2.0060799998044967,2.835683337847392
2022-06-17,3.239000082015991,3.312999963760376,3.197000026702881,3.2119998931884766,0,2.015764999985695,2.8509833375612894
2022-06-21,3.306999921798706,3.316999912261963,3.257999897003174,3.2829999923706055,0,2.0258299994468687,2.8670833349227904
2022-06-22,3.1559998989105225,3.2049999237060547,3.125999927520752,3.2009999752044678,0,2.034999998807907,2.878149998188019
2022-06-23,3.068000078201294,3.124000072479248,3.005000114440918,3.117000102996826,0,2.0434899991750717,2.8879999995231627
2022-06-24,3.125,3.1410000324249268,3.056999921798706,3.117000102996826,0,2.052444999217987,2.900083331267039
2022-06-27,3.194000005722046,3.2190001010894775,3.1530001163482666,3.183000087738037,0,2.06191999912262,2.9140166640281677
2022-06-28,3.2060000896453857,3.253000020980835,3.184999942779541,3.240000009536743,0,2.07124499976635,2.9286666671435038
2022-06-29,3.0929999351501465,3.187000036239624,3.0929999351501465,3.1489999294281006,0,2.080089999437332,2.9405999978383384
2022-06-30,2.9719998836517334,3.0409998893737793,2.9719998836517334,3.0350000858306885,0,2.088564999103546,2.949933330217997
2022-07-01,2.8889999389648438,2.931999921798706,2.7909998893737793,2.931999921798706,0,2.0964899986982344,2.9554833292961122
2022-07-05,2.809000015258789,2.871000051498413,2.7799999713897705,2.871000051498413,0,2.103879998922348,2.958816663424174
2022-07-06,2.9130001068115234,2.9240000247955322,2.746000051498413,2.7839999198913574,0,2.1115949994325636,2.963166666030884
2022-07-07,3.007999897003174,3.0169999599456787,2.927999973297119,2.937000036239624,0,2.120089998841286,2.968083329995473
2022-07-08,3.1010000705718994,3.1010000705718994,2.9760000705718994,2.9839999675750732,0,2.128974999189377,2.9734333316485086
2022-07-11,2.990999937057495,3.0490000247955322,2.9690001010894775,3.0490000247955322,0,2.137249999046326,2.9778666655222574
2022-07-12,2.9579999446868896,2.9709999561309814,2.8989999294281006,2.9230000972747803,0,2.144989998936653,2.9823833306630454
2022-07-13,2.9040000438690186,3.071000099182129,2.9000000953674316,2.9560000896453857,0,2.1522099989652634,2.983649996916453
2022-07-14,2.9600000381469727,3.0280001163482666,2.943000078201294,2.943000078201294,0,2.159589999318123,2.985283331076304
2022-07-15,2.930000066757202,2.9709999561309814,2.9010000228881836,2.937000036239624,0,2.1665699994564056,2.9855666637420653
2022-07-18,2.9600000381469727,3.0190000534057617,2.9560000896453857,2.9600000381469727,0,2.173664999604225,2.9875666658083597
2022-07-19,3.0190000534057617,3.0380001068115234,2.9709999561309814,2.9860000610351562,0,2.181114999651909,2.9892666657765705
2022-07-20,3.0360000133514404,3.0420000553131104,2.943000078201294,2.9730000495910645,0,2.188899999856949,2.991433334350586
2022-07-21,2.9100000858306885,3.0810000896453857,2.9100000858306885,3.0769999027252197,0,2.196045000553131,2.9928333361943564
2022-07-22,2.7829999923706055,2.822999954223633,2.7320001125335693,2.809000015258789,0,2.202315000295639,2.9930166681607564
2022-07-25,2.819999933242798,2.8450000286102295,2.8010001182556152,2.813999891281128,0,2.208794999718666,2.993049999078115
2022-07-26,2.7869999408721924,2.7960000038146973,2.7070000171661377,2.7360000610351562,0,2.214874999523163,2.991783332824707
2022-07-27,2.7339999675750732,2.802999973297119,2.7230000495910645,2.7829999923706055,0,2.2205199992656706,2.989233330885569
2022-07-28,2.680999994277954,2.7899999618530273,2.6489999294281006,2.7690000534057617,0,2.225854999423027,2.983983329931895
2022-07-29,2.6419999599456787,2.7279999256134033,2.618000030517578,2.7070000171661377,0,2.2311649990081786,2.97868332862854
2022-08-01,2.6059999465942383,2.696000099182129,2.5840001106262207,2.6579999923706055,0,2.2364499986171724,2.9734999934832254
2022-08-02,2.740999937057495,2.753999948501587,2.5250000953674316,2.556999921798706,0,2.2425599980354307,2.9680833260218304
2022-08-03,2.747999906539917,2.8489999771118164,2.746000051498413,2.7829999923706055,0,2.248419997692108,2.9618333260218304
2022-08-04,2.6760001182556152,2.7209999561309814,2.6559998989105225,2.683000087738037,0,2.2538799983263016,2.9551166613896687
2022-08-05,2.8399999141693115,2.86899995803833,2.687999963760376,2.697000026702881,0,2.259904997944832,2.952566659450531
2022-08-08,2.765000104904175,2.806999921798706,2.760999917984009,2.7920000553131104,0,2.265549998283386,2.9499666611353557
2022-08-09,2.796999931335449,2.813999891281128,2.7739999294281006,2.812000036239624,0,2.2711549979448318,2.949633328119914
2022-08-10,2.7860000133514404,2.818000078201294,2.6740000247955322,2.812000036239624,0,2.2768099981546404,2.947149995962779
2022-08-11,2.888000011444092,2.9019999504089355,2.7300000190734863,2.739000082015991,0,2.2830749982595444,2.947333327929179
2022-08-12,2.8489999771118164,2.878999948501587,2.8369998931884766,2.8480000495910645,0,2.289224998354912,2.945349995295207
2022-08-15,2.7909998893737793,2.803999900817871,2.759000062942505,2.803999900817871,0,2.2955349975824357,2.943766661485036
2022-08-16,2.8239998817443848,2.871000051498413,2.803999900817871,2.805999994277954,0,2.3018149971961974,2.943249992529551
2022-08-17,2.8929998874664307,2.9189999103546143,2.859999895095825,2.8949999809265137,0,2.3084949964284895,2.945016658306122
2022-08-18,2.880000114440918,2.8910000324249268,2.8350000381469727,2.865999937057495,0,2.3150199967622758,2.9453666607538858
2022-08-19,2.989000082015991,2.997999906539917,2.9519999027252197,2.9609999656677246,0,2.322219997048378,2.9491833289464315
2022-08-22,3.0369999408721924,3.0409998893737793,2.9649999141693115,2.9809999465942383,0,2.3295099967718125,2.9539833267529807
2022-08-23,3.053999900817871,3.078000068664551,2.9830000400543213,3.0329999923706055,0,2.3371599960327147,2.9589499910672505
2022-08-24,3.1059999465942383,3.125999927520752,3.0480000972747803,3.0480000972747803,0,2.34542499601841,2.964999989668528
2022-08-25,3.0260000228881836,3.128000020980835,3.0199999809265137,3.1080000400543213,0,2.353069996237755,2.9680333216985066
2022-08-26,3.0350000858306885,3.0869998931884766,3.007999897003174,3.071000099182129,0,2.361084996461868,2.9697666565577188
2022-08-29,3.109999895095825,3.125,3.0859999656677246,3.0989999771118164,0,2.3688349962234496,2.973049986362457
2022-08-30,3.109999895095825,3.1510000228881836,3.066999912261963,3.072999954223633,0,2.376584995985031,2.975599984327952
2022-08-31,3.132999897003174,3.1440000534057617,3.1029999256134033,3.127000093460083,0,2.384339995384216,2.9771833141644795
2022-09-01,3.265000104904175,3.2950000762939453,3.2170000076293945,3.2170000076293945,0,2.392549995779991,2.9820666511853537
2022-09-02,3.193000078201294,3.2880001068115234,3.1760001182556152,3.257999897003174,0,2.4003449964523313,2.9847999850908917
2022-09-06,3.3399999141693115,3.3529999256134033,3.24399995803833,3.25,0,2.409024996161461,2.989733318487803
2022-09-07,3.265000104904175,3.3320000171661377,3.25,3.322999954223633,0,2.417404996752739,2.9915499885876975
2022-09-08,3.2920000553131104,3.303999900817871,3.2090001106262207,3.2309999465942383,0,2.4261849969625473,2.990316657225291
2022-09-09,3.321000099182129,3.325000047683716,3.250999927520752,3.2730000019073486,0,2.4346649974584578,2.9876166582107544
2022-09-12,3.361999988555908,3.365000009536743,3.26200008392334,3.2679998874664307,0,2.443139997124672,2.987066658337911
2022-09-13,3.421999931335449,3.4579999446868896,3.2929999828338623,3.302000045776367,0,2.4520249968767165,2.9889833251635234
2022-09-14,3.4119999408721924,3.4760000705718994,3.382999897003174,3.4600000381469727,0,2.461674996614456,2.99186665614446
2022-09-15,3.4590001106262207,3.4679999351501465,3.4100000858306885,3.4649999141693115,0,2.4713199973106383,2.9943999926249187
2022-09-16,3.447999954223633,3.490000009536743,3.4149999618530273,3.453000068664551,0,2.4813449972867967,2.9992666602134705
2022-09-19,3.490000009536743,3.509999990463257,3.4630000591278076,3.509999990463257,0,2.4916249972581865,3.0062999924023948
2022-09-20,3.571000099182129,3.6019999980926514,3.5339999198913574,3.552999973297119,0,2.502239997982979,3.0137333273887634
2022-09-21,3.509999990463257,3.619999885559082,3.503000020980835,3.5299999713897705,0,2.513074997663498,3.018999993801117
2022-09-22,3.7079999446868896,3.7160000801086426,3.5460000038146973,3.5480000972747803,0,2.5244449973106384,3.027366658051809
2022-09-23,3.697000026702881,3.7730000019073486,3.6589999198913574,3.7690000534057617,0,2.5355299973487853,3.0374333262443542
2022-09-26,3.878000020980835,3.9040000438690186,3.734999895095825,3.7829999923706055,0,2.5473749977350235,3.0525333285331726
2022-09-27,3.9639999866485596,3.992000102996826,3.809000015258789,3.809000015258789,0,2.559759997725487,3.0704499959945677
2022-09-28,3.7049999237060547,3.9130001068115234,3.703000068664551,3.9110000133514404,0,2.5708399975299834,3.085383327802022
2022-09-29,3.746999979019165,3.8259999752044678,3.7209999561309814,3.818000078201294,0,2.5824549973011015,3.0992833256721495
2022-09-30,3.803999900817871,3.803999900817871,3.686000108718872,3.7139999866485596,0,2.594284996986389,3.1125499924023945
2022-10-03,3.6510000228881836,3.7119998931884766,3.568000078201294,3.7119998931884766,0,2.605224996805191,3.1217166582743325
2022-10-04,3.617000102996826,3.6589999198913574,3.563999891281128,3.5929999351501465,0,2.6161999970674517,3.1321499943733215
2022-10-05,3.759000062942505,3.7890000343322754,3.697000026702881,3.703000068664551,0,2.6279849976301195,3.1454999963442485
2022-10-06,3.8259999752044678,3.8440001010894775,3.740999937057495,3.763000011444092,0,2.6400199973583223,3.160866661866506
2022-10-07,3.882999897003174,3.9100000858306885,3.8329999446868896,3.8329999446868896,0,2.6519999969005585,3.176249992847443
2022-10-10,3.888000011444092,3.888000011444092,3.888000011444092,3.888000011444092,0,2.6641549968719485,3.192216658592224
2022-10-11,3.938999891281128,3.9700000286102295,3.869999885559082,3.9000000953674316,0,2.676384996175766,3.208533322811127
2022-10-12,3.9019999504089355,3.9779999256134033,3.884000062942505,3.953000068664551,0,2.6884899961948396,3.2232499877611795
2022-10-13,3.9519999027252197,4.079999923706055,3.8440001010894775,3.859999895095825,0,2.7008449959754945,3.238516652584076
2022-10-14,4.010000228881836,4.031000137329102,3.8510000705718994,3.88700008392334,0,2.713179997205734,3.256849988301595
2022-10-17,4.014999866485596,4.014999866485596,3.9100000858306885,3.938999891281128,0,2.7256799966096876,3.277383319536845
2022-10-18,3.997999906539917,4.066999912261963,3.9649999141693115,3.9839999675750732,0,2.7381099963188174,3.29701665242513
2022-10-19,4.126999855041504,4.136000156402588,4.066999912261963,4.093999862670898,0,2.7506049954891205,3.319349984327952
2022-10-20,4.22599983215332,4.228000164031982,4.10099983215332,4.123000144958496,0,2.7633949947357177,3.3442166487375897
2022-10-21,4.2129998207092285,4.333000183105469,4.199999809265137,4.330999851226807,0,2.7759349936246873,3.3697499791781107
2022-10-24,4.234000205993652,4.290999889373779,4.171000003814697,4.191999912261963,0,2.788439994454384,3.3962833166122435
2022-10-25,4.107999801635742,4.171000003814697,4.052000045776367,4.163000106811523,0,2.80012499332428,3.421316647529602
2022-10-26,4.014999866485596,4.081999778747559,3.996999979019165,4.059000015258789,0,2.811299992799759,3.442549979686737
2022-10-27,3.937000036239624,4.066999912261963,3.9110000133514404,4.060999870300293,0,2.822254992723465,3.4623666485150655
2022-10-28,4.010000228881836,4.047999858856201,3.950000047683716,3.99399995803833,0,2.8336799937486647,3.4845999836921693
2022-10-31,4.077000141143799,4.083000183105469,4.031000137329102,4.031000137329102,0,2.8455099946260454,3.5052166541417438
2022-11-01,4.052000045776367,4.078999996185303,3.9200000762939453,3.937000036239624,0,2.8569099950790404,3.5266666531562807
2022-11-02,4.059000015258789,4.078000068664551,3.9760000705718994,4.044000148773193,0,2.867879995107651,3.547699987888336
2022-11-03,4.124000072479248,4.2230000495910645,4.111000061035156,4.183000087738037,0,2.8793649953603744,3.5699999888737994
2022-11-04,4.156000137329102,4.209000110626221,4.104000091552734,4.164999961853027,0,2.8909799963235856,3.5911333243052166
2022-11-07,4.214000225067139,4.2179999351501465,4.142000198364258,4.142000198364258,0,2.9033149975538253,3.6138833284378054
2022-11-08,4.125999927520752,4.203000068664551,4.120999813079834,4.197000026702881,0,2.9152699971199034,3.636133329073588
2022-11-09,4.151000022888184,4.173999786376953,4.0970001220703125,4.151000022888184,0,2.9271099972724914,3.6582499980926513
2022-11-10,3.8289999961853027,4.090000152587891,3.8239998817443848,4.074999809265137,0,2.9370149970054626,3.6738499999046326
2022-11-11,3.812999963760376,3.812999963760376,3.812999963760376,3.812999963760376,0,2.9470449966192245,3.68939999739329
2022-11-14,3.865000009536743,3.9010000228881836,3.8540000915527344,3.884000062942505,0,2.9574599969387054,3.7039999961853027
2022-11-15,3.7990000247955322,3.8440001010894775,3.759999990463257,3.815999984741211,0,2.96754499733448,3.716699997584025
2022-11-16,3.691999912261963,3.796999931335449,3.691999912261963,3.7679998874664307,0,2.9770049971342085,3.727333331108093
2022-11-17,3.7750000953674316,3.802999973297119,3.743000030517578,3.76200008392334,0,2.987049997448921,3.7384833335876464
2022-11-18,3.818000078201294,3.8269999027252197,3.76200008392334,3.805000066757202,0,2.9970049977302553,3.7516833345095315
2022-11-21,3.825000047683716,3.8359999656677246,3.76200008392334,3.813999891281128,0,3.006479998230934,3.7648500005404153
2022-11-22,3.757999897003174,3.816999912261963,3.749000072479248,3.802999973297119,0,3.0156899976730345,3.7756500005722047
2022-11-23,3.7060000896453857,3.796999931335449,3.694999933242798,3.7760000228881836,0,3.024449998140335,3.7855833371480307
2022-11-25,3.690999984741211,3.75600004196167,3.680999994277954,3.7260000705718994,0,3.0332599979639054,3.7948833386103313
2022-11-28,3.703000068664551,3.7179999351501465,3.6679999828338623,3.683000087738037,0,3.0416199988126755,3.8021833380063375
2022-11-29,3.747999906539917,3.759000062942505,3.678999900817871,3.694000005722046,0,3.050584998130798,3.8114333351453147
2022-11-30,3.703000068664551,3.7980000972747803,3.690000057220459,3.7269999980926514,0,3.059119998216629,3.817483337720235
2022-12-01,3.5290000438690186,3.63100004196167,3.5269999504089355,3.5940001010894775,0,3.0665399980545045,3.8218833367029825
2022-12-02,3.50600004196167,3.638000011444092,3.503999948501587,3.5190000534057617,0,3.0738349986076354,3.8254500031471252
2022-12-05,3.5989999771118164,3.611999988555908,3.513000011444092,3.5299999713897705,0,3.0819699984788893,3.8300833344459533
2022-12-06,3.513000011444092,3.5829999446868896,3.507999897003174,3.561000108718872,0,3.08987499833107,3.83260000149409
2022-12-07,3.4079999923706055,3.552999973297119,3.4019999504089355,3.552999973297119,0,3.0971749985218047,3.832366669178009
2022-12-08,3.490999937057495,3.50600004196167,3.447999954223633,3.4670000076293945,0,3.104744998216629,3.8336833357810973
2022-12-09,3.566999912261963,3.569000005722046,3.4630000591278076,3.4760000705718994,0,3.1127349978685377,3.8354833324750266
2022-12-12,3.6110000610351562,3.630000114440918,3.5209999084472656,3.5429999828338623,0,3.120859998464584,3.8382000009218853
2022-12-13,3.500999927520752,3.5910000801086426,3.4230000972747803,3.5850000381469727,0,3.1291699981689454,3.8383833328882853
2022-12-14,3.503000020980835,3.559999942779541,3.4790000915527344,3.507999897003174,0,3.1381499981880188,3.8372499982515973
2022-12-15,3.450000047683716,3.5209999084472656,3.430000066757202,3.505000114440918,0,3.1460749983787535,3.8362499992052714
2022-12-16,3.4820001125335693,3.556999921798706,3.4619998931884766,3.50600004196167,0,3.1542649990320206,3.8324833353360495
2022-12-19,3.5810000896453857,3.6010000705718994,3.552000045776367,3.559000015258789,0,3.1635499995946885,3.8305500030517576
2022-12-20,3.684000015258789,3.7009999752044678,3.6530001163482666,3.6619999408721924,0,3.173214999437332,3.827316669623057
2022-12-21,3.684000015258789,3.697000026702881,3.621000051498413,3.6470000743865967,0,3.18227499961853,3.8226500034332274
2022-12-22,3.6689999103546143,3.691999912261963,3.6470000743865967,3.6540000438690186,0,3.190879999399185,3.8220500032107037
2022-12-23,3.750999927520752,3.753000020980835,3.694999933242798,3.7009999752044678,0,3.1995799994468688,3.822116669019063
2022-12-27,3.859999895095825,3.861999988555908,3.7869999408721924,3.7869999408721924,0,3.20885999917984,3.823050002257029
2022-12-28,3.88700008392334,3.890000104904175,3.815000057220459,3.818000078201294,0,3.2175949990749357,3.8269833366076154
2022-12-29,3.8350000381469727,3.885999917984009,3.818000078201294,3.868000030517578,0,3.225969998836517,3.8306166688601175
2022-12-30,3.878999948501587,3.9049999713897705,3.8310000896453857,3.86899995803833,0,3.2344249987602236,3.832616666952769
2023-01-03,3.7929999828338623,3.809999942779541,3.7239999771118164,3.757999897003174,0,3.242429999113083,3.8320666670799257
2023-01-04,3.7090001106262207,3.7279999256134033,3.6640000343322754,3.677000045776367,0,3.2502349996566773,3.82916667064031
2023-01-05,3.7200000286102295,3.7839999198913574,3.697999954223633,3.7279999256134033,0,3.257259999513626,3.826366670926412
2023-01-06,3.569000005722046,3.753999948501587,3.558000087738037,3.746000051498413,0,3.263240000009537,3.8202000061670938
2023-01-09,3.5169999599456787,3.5910000801086426,3.507999897003174,3.5889999866485596,0,3.2692199993133544,3.813783339659373
2023-01-10,3.621000051498413,3.6389999389648438,3.566999912261963,3.578000068664551,0,3.275619999170303,3.8082666754722596
2023-01-11,3.553999900817871,3.5950000286102295,3.552000045776367,3.569000005722046,0,3.2809299981594084,3.8006666700045266
2023-01-12,3.4489998817443848,3.5910000801086426,3.430999994277954,3.503999948501587,0,3.2857899975776674,3.7912333369255067
2023-01-13,3.510999917984009,3.515000104904175,3.430000066757202,3.489000082015991,0,3.29134499669075,3.7831166704495747
2023-01-17,3.5350000858306885,3.5789999961853027,3.496000051498413,3.575000047683716,0,3.297229996919632,3.7732500076293944
2023-01-18,3.375,3.4670000076293945,3.375,3.4630000591278076,0,3.3024699974060057,3.759066677093506
2023-01-19,3.3970000743865967,3.427999973297119,3.372999906539917,3.3970000743865967,0,3.3075699973106385,3.745466681321462
2023-01-20,3.4839999675750732,3.500999927520752,3.433000087738037,3.441999912261963,0,3.3129299974441526,3.732966677347819
2023-01-23,3.5250000953674316,3.546999931335449,3.493000030517578,3.503000020980835,0,3.3177749979496003,3.7232500155766806
2023-01-24,3.4690001010894775,3.555999994277954,3.4579999446868896,3.513000011444092,0,3.3220749986171723,3.714150019486745
2023-01-25,3.4619998931884766,3.489000082015991,3.421999931335449,3.434000015258789,0,3.32612499833107,3.706233350435893
2023-01-26,3.493000030517578,3.5209999084472656,3.4519999027252197,3.490999937057495,0,3.330024998188019,3.697616680463155
2023-01-27,3.5179998874664307,3.552000045776367,3.5179998874664307,3.5439999103546143,0,3.333714997768402,3.688300009568532
2023-01-30,3.5510001182556152,3.5739998817443848,3.5220000743865967,3.552999973297119,0,3.3378449988365175,3.67995001077652
2023-01-31,3.5290000438690186,3.552999973297119,3.48799991607666,3.5309998989105225,0,3.3420549988746644,3.6711166779200237
2023-02-01,3.3970000743865967,3.509999990463257,3.38700008392334,3.4749999046325684,0,3.3448999989032746,3.659000011285146
2023-02-02,3.3959999084472656,3.4070000648498535,3.3340001106262207,3.372999906539917,0,3.347569998502731,3.6463333408037824
2023-02-03,3.5320000648498535,3.555999994277954,3.38100004196167,3.390000104904175,0,3.350664998292923,3.6349666714668274
2023-02-06,3.634000062942505,3.6440000534057617,3.5989999771118164,3.5989999771118164,0,3.3546349990367887,3.6267666737238566
2023-02-07,3.6740000247955322,3.680999994277954,3.5969998836517334,3.6449999809265137,0,3.358419998884201,3.6188166737556458
2023-02-08,3.6530001163482666,3.691999912261963,3.630000114440918,3.6579999923706055,0,3.3621549999713896,3.6158833424250285
2023-02-09,3.683000087738037,3.690000057220459,3.575000047683716,3.5859999656677246,0,3.3664400005340576,3.613716677824656
2023-02-10,3.74399995803833,3.746999979019165,3.6730000972747803,3.686000108718872,0,3.371299999952316,3.611700010299683
2023-02-13,3.7170000076293945,3.755000114440918,3.7019999027252197,3.746999979019165,0,3.375794999599457,3.610333343346914
2023-02-14,3.760999917984009,3.7990000247955322,3.621999979019165,3.687999963760376,0,3.3802849996089934,3.611483343442281
2023-02-15,3.809000015258789,3.822000026702881,3.749000072479248,3.749000072479248,0,3.3848949992656707,3.612050008773804
2023-02-16,3.8429999351501465,3.86899995803833,3.7929999828338623,3.802999973297119,0,3.3891299986839294,3.6124666730562844
2023-02-17,3.828000068664551,3.9000000953674316,3.8239998817443848,3.885999917984009,0,3.393469998836517,3.612516673405965
2023-02-21,3.9549999237060547,3.9619998931884766,3.88100004196167,3.8940000534057617,0,3.398659998178482,3.6158000071843466
2023-02-22,3.9230000972747803,3.9509999752044678,3.890000104904175,3.927000045776367,0,3.40294499874115,3.61941667397817
2023-02-23,3.878999948501587,3.9779999256134033,3.86299991607666,3.940999984741211,0,3.406724998950958,3.622550006707509
2023-02-24,3.9489998817443848,3.9779999256134033,3.9079999923706055,3.9159998893737793,0,3.4110749983787536,3.6266500035921734
2023-02-27,3.921999931335449,3.9670000076293945,3.8970000743865967,3.9670000076293945,0,3.415719997882843,3.629550004005432
2023-02-28,3.9159998893737793,3.9830000400543213,3.9040000438690186,3.947000026702881,0,3.4206949973106386,3.6331000010172527
2023-03-01,3.99399995803833,4.00600004196167,3.934000015258789,3.940000057220459,0,3.42657999753952,3.640849999586741
2023-03-02,4.072999954223633,4.091000080108643,4.044000148773193,4.050000190734863,0,3.4322699975967406,3.6502999981244404
2023-03-03,3.9639999866485596,4.026000022888184,3.9619998931884766,4.013000011444092,0,3.437704997062683,3.6563833316167194
2023-03-06,3.9830000400543213,3.989000082015991,3.8970000743865967,3.9049999713897705,0,3.4427799975872038,3.66421666542689
2023-03-07,3.9749999046325684,4.006999969482422,3.9210000038146973,3.940000057220459,0,3.448224997520447,3.6736666639645894
2023-03-08,3.9760000705718994,3.994999885559082,3.9010000228881836,3.9600000381469727,0,3.4538299977779388,3.681749999523163
2023-03-09,3.924999952316284,4.017000198364258,3.8940000534057617,4.011000156402588,0,3.459519997835159,3.6877166668574017
2023-03-10,3.694999933242798,3.8320000171661377,3.6740000247955322,3.812000036239624,0,3.463699997663498,3.689116664727529
2023-03-13,3.515000104904175,3.546999931335449,3.4189999103546143,3.505000114440918,0,3.4674749982357027,3.6893500010172526
2023-03-14,3.638000011444092,3.684999942779541,3.555999994277954,3.5899999141693115,0,3.471919997930527,3.691600000858307
2023-03-15,3.492000102996826,3.5299999713897705,3.388000011444092,3.5260000228881836,0,3.4755999982357024,3.692300001780192
2023-03-16,3.5850000381469727,3.5869998931884766,3.36899995803833,3.430999994277954,0,3.4798099982738493,3.694016667207082
2023-03-17,3.3949999809265137,3.496000051498413,3.381999969482422,3.496000051498413,0,3.482564997673035,3.690916665395101
2023-03-20,3.4809999465942383,3.506999969482422,3.3949999809265137,3.3949999809265137,0,3.485314997434616,3.6875333309173586
2023-03-21,3.6059999465942383,3.61299991607666,3.5369999408721924,3.572999954223633,0,3.4887799966335296,3.686233329772949
2023-03-22,3.5,3.6440000534057617,3.4600000381469727,3.638000011444092,0,3.491494996547699,3.6834166646003723
2023-03-23,3.4059998989105225,3.5199999809265137,3.3929998874664307,3.4830000400543213,0,3.493334995508194,3.677666664123535
2023-03-24,3.380000114440918,3.3970000743865967,3.2950000762939453,3.2980000972747803,0,3.49537499666214,3.669666667779287
2023-03-27,3.5280001163482666,3.5369999408721924,3.4679999351501465,3.4700000286102295,0,3.497869997024536,3.6636833349863687
2023-03-28,3.563999891281128,3.575000047683716,3.5220000743865967,3.5450000762939453,0,3.500469996929169,3.659166665871938
2023-03-29,3.565999984741211,3.609999895095825,3.546999931335449,3.5769999027252197,0,3.502519997358322,3.653949999809265
2023-03-30,3.5510001182556152,3.5940001010894775,3.546999931335449,3.563999891281128,0,3.5034449982643125,3.649916668732961
2023-03-31,3.49399995803833,3.559999942779541,3.492000102996826,3.555999994277954,0,3.5034999978542327,3.646333332856496
2023-04-03,3.430000066757202,3.5239999294281006,3.4000000953674316,3.5169999599456787,0,3.5036749982833864,3.641500000158946
2023-04-04,3.3369998931884766,3.484999895095825,3.3350000381469727,3.4730000495910645,0,3.503824998140335,3.6376333316167195
2023-04-05,3.2869999408721924,3.3239998817443848,3.2660000324249268,3.309000015258789,0,3.5040649974346163,3.633799997965495
2023-04-06,3.2880001068115234,3.305000066757202,3.253000020980835,3.2679998874664307,0,3.5039699983596804,3.6282499988873798
2023-04-10,3.4149999618530273,3.436000108718872,3.3510000705718994,3.365999937057495,0,3.505264998674393,3.625933333237966
2023-04-11,3.434000015258789,3.4560000896453857,3.3910000324249268,3.4089999198913574,0,3.50709499835968,3.625683335463206
2023-04-12,3.4210000038146973,3.4600000381469727,3.3420000076293945,3.447000026702881,0,3.5085749983787538,3.6241833368937173
2023-04-13,3.4519999027252197,3.4600000381469727,3.371999979019165,3.427999973297119,0,3.5098649978637697,3.6228000005086263
2023-04-14,3.5220000743865967,3.5360000133514404,3.443000078201294,3.4539999961853027,0,3.5114449977874758,3.625250001748403
2023-04-17,3.5910000801086426,3.6019999980926514,3.5380001068115234,3.5490000247955322,0,3.513934998512268,3.6284833351771035
2023-04-18,3.572000026702881,3.6019999980926514,3.5490000247955322,3.578000068664551,0,3.516934999227524,3.6299500028292337
2023-04-19,3.6019999980926514,3.6389999389648438,3.5999999046325684,3.634999990463257,0,3.520499999523163,3.631233334541321
2023-04-20,3.5450000762939453,3.5789999961853027,3.5260000228881836,3.565999984741211,0,3.5241799998283385,3.6325000007947286
2023-04-21,3.569999933242798,3.5799999237060547,3.502000093460083,3.5339999198913574,0,3.527464998960495,3.6343000014623006
2023-04-24,3.515000104904175,3.5450000762939453,3.505000114440918,3.5450000762939453,0,3.53,3.6346666693687437
2023-04-25,3.3959999084472656,3.447000026702881,3.378999948501587,3.444999933242798,0,3.531474999189377,3.632633336385091
2023-04-26,3.431999921798706,3.4579999446868896,3.375,3.4110000133514404,0,3.5336799991130827,3.630649999777476
2023-04-27,3.5280001163482666,3.5320000648498535,3.447000026702881,3.4489998817443848,0,3.53652999997139,3.6306333343187966
2023-04-28,3.4519999027252197,3.49399995803833,3.434999942779541,3.4790000915527344,0,3.5392699992656707,3.6315499981244406
2023-05-01,3.5739998817443848,3.5759999752044678,3.4619998931884766,3.500999927520752,0,3.5423399984836577,3.634516664346059
2023-05-02,3.438999891281128,3.559000015258789,3.4240000247955322,3.5320000648498535,0,3.5448849976062773,3.632966661453247
2023-05-03,3.4030001163482666,3.4240000247955322,3.367000102996826,3.4179999828338623,0,3.547099997997284,3.629116662343343
2023-05-04,3.3510000705718994,3.4110000133514404,3.2960000038146973,3.3450000286102295,0,3.548759998083115,3.623733329772949
2023-05-05,3.446000099182129,3.4649999141693115,3.3970000743865967,3.3970000743865967,0,3.550809998512268,3.620283329486847
2023-05-08,3.5209999084472656,3.5209999084472656,3.48799991607666,3.490000009536743,0,3.553864997625351,3.6175833264986674
2023-05-09,3.5209999084472656,3.5320000648498535,3.48799991607666,3.492000102996826,0,3.557554997205734,3.613866659005483
2023-05-10,3.438999891281128,3.5209999084472656,3.430999994277954,3.506999969482422,0,3.560649996995926,3.609233323733012
2023-05-11,3.3970000743865967,3.4049999713897705,3.3450000286102295,3.4049999713897705,0,3.5636999976634978,3.603166659673055
2023-05-12,3.4630000591278076,3.4630000591278076,3.384000062942505,3.4119999408721924,0,3.5673449981212615,3.5973999937375387
2023-05-15,3.507999897003174,3.510999917984009,3.4660000801086426,3.502000093460083,0,3.5714799976348877,3.5918166597684222
2023-05-16,3.5490000247955322,3.5739998817443848,3.486999988555908,3.486999988555908,0,3.576014997959137,3.587166659037272
2023-05-17,3.5810000896453857,3.5889999866485596,3.515000104904175,3.515000104904175,0,3.5808899986743925,3.580933328469594
2023-05-18,3.6480000019073486,3.6510000228881836,3.5980000495910645,3.5980000495910645,0,3.5854249989986418,3.576349993546804
2023-05-19,3.691999912261963,3.7209999561309814,3.640000104904175,3.6710000038146973,0,3.590144999027252,3.5732333262761435
2023-05-22,3.7190001010894775,3.7279999256134033,3.6649999618530273,3.690000057220459,0,3.5953599989414213,3.5693999965985617
2023-05-23,3.697999954223633,3.760999917984009,3.687999963760376,3.74399995803833,0,3.5996499991416933,3.565666663646698
2023-05-24,3.7190001010894775,3.742000102996826,3.6730000972747803,3.6730000972747803,0,3.60441999912262,3.5623833338419595
2023-05-25,3.813999891281128,3.813999891281128,3.7300000190734863,3.752000093460083,0,3.609504998922348,3.5593833327293396
2023-05-26,3.809999942779541,3.8589999675750732,3.7769999504089355,3.7890000343322754,0,3.6146249985694885,3.5549999992052714
2023-05-30,3.700000047683716,3.753999948501587,3.684999942779541,3.7119998931884766,0,3.6186849987506866,3.550600000222524
2023-05-31,3.63700008392334,3.690999984741211,3.63100004196167,3.6459999084472656,0,3.6226249992847444,3.5448333342870075
2023-06-01,3.6080000400543213,3.6579999923706055,3.569999933242798,3.6500000953674316,0,3.626710000038147,3.53871666987737
2023-06-02,3.690999984741211,3.700000047683716,3.611999988555908,3.619999885559082,0,3.631045000553131,3.5339666684468587
2023-06-05,3.693000078201294,3.757999897003174,3.6579999923706055,3.753000020980835,0,3.635045001506805,3.5301000038782755
2023-06-06,3.6989998817443848,3.7330000400543213,3.680999994277954,3.680999994277954,0,3.639140000343323,3.5301666696866354
2023-06-07,3.7839999198913574,3.8010001182556152,3.694999933242798,3.6989998817443848,0,3.6431149995326995,3.5346499999364216
2023-06-08,3.7139999866485596,3.821000099182129,3.7139999866485596,3.816999912261963,0,3.6464999997615815,3.5359166661898294
2023-06-09,3.744999885559082,3.7780001163482666,3.7160000801086426,3.7669999599456787,0,3.6499549996852876,3.5401333292325337
2023-06-12,3.765000104904175,3.7939999103546143,3.7109999656677246,3.7339999675750732,0,3.653250000476837,3.543133330345154
2023-06-13,3.8389999866485596,3.8410000801086426,3.681999921798706,3.7239999771118164,0,3.657315000295639,3.5505333304405213
2023-06-14,3.7960000038146973,3.8510000705718994,3.7709999084472656,3.811000108718872,0,3.661119999885559,3.5557833313941956
2023-06-15,3.7279999256134033,3.8410000801086426,3.7070000171661377,3.819000005722046,0,3.664210000038147,3.557816664377848
2023-06-16,3.7690000534057617,3.805999994277954,3.7249999046325684,3.746000051498413,0,3.6675050008296965,3.5622999986012776
2023-06-20,3.7290000915527344,3.7769999504089355,3.7009999752044678,3.73799991607666,0,3.6704850018024446,3.5676833351453143
2023-06-21,3.7230000495910645,3.7890000343322754,3.7109999656677246,3.76200008392334,0,3.672775001525879,3.57340000073115
2023-06-22,3.7990000247955322,3.809999942779541,3.7109999656677246,3.740000009536743,0,3.67580500125885,3.577916665871938
2023-06-23,3.739000082015991,3.759999990463257,3.691999912261963,3.7269999980926514,0,3.6778000020980834,3.5808333357175193
2023-06-26,3.7190001010894775,3.736999988555908,3.678999900817871,3.7019999027252197,0,3.68007000207901,3.583383337656657
2023-06-27,3.7679998874664307,3.7760000228881836,3.691999912261963,3.7139999866485596,0,3.6824500012397765,3.587000000476837
2023-06-28,3.7100000381469727,3.7660000324249268,3.7039999961853027,3.734999895095825,0,3.6843950009346007,3.590600001811981
2023-06-29,3.8540000915527344,3.868000030517578,3.746999979019165,3.746999979019165,0,3.686855001449585,3.5976666688919066
2023-06-30,3.819000005722046,3.871999979019165,3.806999921798706,3.859999895095825,0,3.688840001821518,3.6057000041007994
2023-07-03,3.8580000400543213,3.865999937057495,3.7780001163482666,3.864000082015991,0,3.6910700023174288,3.6152166724205017
2023-07-05,3.944999933242798,3.947000026702881,3.86299991607666,3.868000030517578,0,3.6935000014305115,3.6261666695276897
2023-07-06,4.040999889373779,4.083000183105469,3.993000030517578,3.993000030517578,0,3.696465001106262,3.6366000016530355
2023-07-07,4.050000190734863,4.093999862670898,4.00600004196167,4.078000068664551,0,3.6992650020122526,3.6468666712443034
2023-07-10,4.00600004196167,4.0920000076293945,3.9860000610351562,4.052000045776367,0,3.7014400017261506,3.6566166718800863
2023-07-11,3.9800000190734863,4.001999855041504,3.9619998931884766,3.9800000190734863,0,3.703790001869202,3.665416673819224
2023-07-12,3.8610000610351562,3.947999954223633,3.8440001010894775,3.946000099182129,0,3.704555002450943,3.6710666735967
2023-07-13,3.760999917984009,3.8459999561309814,3.760999917984009,3.8259999752044678,0,3.7048750019073484,3.673900004227956
2023-07-14,3.819000005722046,3.819999933242798,3.76200008392334,3.7790000438690186,0,3.704580001831055,3.678016670544942
2023-07-17,3.796999931335449,3.8359999656677246,3.7790000438690186,3.7790000438690186,0,3.703745001554489,3.6812666694323224
2023-07-18,3.7890000343322754,3.7929999828338623,3.73799991607666,3.757999897003174,0,3.7041650021076205,3.6853333353996276
2023-07-19,3.742000102996826,3.7950000762939453,3.734999895095825,3.74399995803833,0,3.7041400027275087,3.688200004895528
2023-07-20,3.8540000915527344,3.874000072479248,3.7909998893737793,3.7909998893737793,0,3.704390003681183,3.693850004673004
2023-07-21,3.8369998931884766,3.8369998931884766,3.809000015258789,3.8329999446868896,0,3.7053200030326843,3.701200004418691
2023-07-24,3.8570001125335693,3.865000009536743,3.7980000972747803,3.805999994277954,0,3.706520003080368,3.708283340930939
2023-07-25,3.9119999408721924,3.921999931335449,3.884999990463257,3.8919999599456787,0,3.7072850024700164,3.7146833380063375
2023-07-26,3.8510000705718994,3.9040000438690186,3.8489999771118164,3.884999990463257,0,3.7074100029468537,3.721333340803782
2023-07-27,4.01200008392334,4.021999835968018,3.8529999256134033,3.86299991607666,0,3.7080550038814546,3.7286333441734314
2023-07-28,3.9690001010894775,3.994999885559082,3.940999984741211,3.9609999656677246,0,3.7084600043296816,3.7374666810035704
2023-07-31,3.9590001106262207,3.9809999465942383,3.927000045776367,3.9670000076293945,0,3.7085600054264067,3.7467333475748696
2023-08-01,4.051000118255615,4.057000160217285,4.000999927520752,4.000999927520752,0,3.70930500626564,3.758400015036265
2023-08-02,4.078000068664551,4.125999927520752,4.034999847412109,4.039000034332275,0,3.709935007095337,3.768933347860972
2023-08-03,4.189000129699707,4.197999954223633,4.127999782562256,4.144999980926514,0,3.7108300065994264,3.780066684881846
2023-08-04,4.059999942779541,4.205999851226807,4.058000087738037,4.191999912261963,0,3.711055006980896,3.789050018787384
2023-08-07,4.078000068664551,4.11299991607666,4.064000129699707,4.11299991607666,0,3.7114550077915194,3.7997000217437744
2023-08-08,4.026000022888184,4.033999919891357,3.9839999675750732,4.007999897003174,0,3.7109500086307525,3.810183354218801
2023-08-09,4.01200008392334,4.035999774932861,3.98799991607666,4.035999774932861,0,3.7098800098896025,3.8193333546320596
2023-08-10,4.079999923706055,4.093999862670898,3.9570000171661377,3.9820001125335693,0,3.709215010404587,3.828866688410441
2023-08-11,4.168000221252441,4.168000221252441,4.090000152587891,4.10699987411499,0,3.7088850104808806,3.8391833583513897
2023-08-14,4.184000015258789,4.215000152587891,4.145999908447266,4.176000118255615,0,3.709265011548996,3.849233357111613
2023-08-15,4.2210001945495605,4.27400016784668,4.165999889373779,4.235000133514404,0,3.7102950131893158,3.8587833603223163
2023-08-16,4.257999897003174,4.26200008392334,4.190999984741211,4.204999923706055,0,3.7119000124931336,3.8682166934013367
2023-08-17,4.308000087738037,4.328000068664551,4.271999835968018,4.2779998779296875,0,3.7133900117874146,3.8780333598454795
2023-08-18,4.250999927520752,4.28000020980835,4.2230000495910645,4.243000030517578,0,3.714260010719299,3.887250026067098
2023-08-21,4.3420000076293945,4.354000091552734,4.288000106811523,4.294000148773193,0,3.7157100105285643,3.8976333578427633
2023-08-22,4.328000068664551,4.361999988555908,4.309999942779541,4.309999942779541,0,3.717055010795593,3.9062000274658204
2023-08-23,4.197999954223633,4.291999816894531,4.190000057220459,4.2829999923706055,0,3.717425010204315,3.912666694323222
2023-08-24,4.235000133514404,4.238999843597412,4.190000057220459,4.2230000495910645,0,3.7178200101852417,3.9215833624204
2023-08-25,4.238999843597412,4.284999847412109,4.203999996185303,4.235000133514404,0,3.717945008277893,3.9316166917483013
2023-08-28,4.211999893188477,4.234000205993652,4.193999767303467,4.23199987411499,0,3.7183750081062317,3.941683355967204
2023-08-29,4.122000217437744,4.243000030517578,4.105999946594238,4.21999979019165,0,3.7182300090789795,3.948866693178813
2023-08-30,4.118000030517578,4.15500020980835,4.086999893188477,4.13700008392334,0,3.7196750092506408,3.9559500257174176
2023-08-31,4.0929999351501465,4.118000030517578,4.077000141143799,4.09499979019165,0,3.7210750091075897,3.96251669327418
2023-09-01,4.172999858856201,4.199999809265137,4.059999942779541,4.0970001220703125,0,3.722615008354187,3.969000025590261
2023-09-05,4.26800012588501,4.269999980926514,4.211999893188477,4.228000164031982,0,3.724960008859634,3.9782333612442016
2023-09-06,4.289999961853027,4.306000232696533,4.239999771118164,4.242000102996826,0,3.7279500091075897,3.987316695849101
2023-09-07,4.260000228881836,4.308000087738037,4.257999897003174,4.283999919891357,0,3.7303750097751616,3.995566697915395
2023-09-08,4.257999897003174,4.263999938964844,4.2129998207092285,4.257999897003174,0,3.732575008869171,4.002550029754639
2023-09-11,4.288000106811523,4.300000190734863,4.271999835968018,4.283999919891357,0,3.7348900091648103,4.010750031471252
2023-09-12,4.263999938964844,4.297999858856201,4.263999938964844,4.285999774932861,0,3.7374200093746186,4.0196833650271095
2023-09-13,4.249000072479248,4.343999862670898,4.235000133514404,4.311999797821045,0,3.740135009288788,4.027683365345001
2023-09-14,4.288000106811523,4.297999858856201,4.2230000495910645,4.229000091552734,0,3.7431200098991395,4.037000032265981
2023-09-15,4.322000026702881,4.3379998207092285,4.302999973297119,4.320000171661377,0,3.746215009689331,4.046983365217844
2023-09-18,4.318999767303467,4.359000205993652,4.310999870300293,4.336999893188477,0,3.749070008993149,4.055650027592977
2023-09-19,4.364999771118164,4.364999771118164,4.324999809265137,4.333000183105469,0,3.752380007505417,4.06608335574468
2023-09-20,4.348999977111816,4.361000061035156,4.313000202178955,4.339000225067139,0,3.7564800071716307,4.0765833536783855
2023-09-21,4.480000019073486,4.489999771118164,4.461999893188477,4.466000080108643,0,3.76135000705719,4.088450022538503
2023-09-22,4.438000202178955,4.486000061035156,4.423999786376953,4.473999977111816,0,3.7655450081825257,4.100583358605703
2023-09-25,4.541999816894531,4.546000003814697,4.499000072479248,4.505000114440918,0,3.7706900072097778,4.112050020694733
2023-09-26,4.558000087738037,4.564000129699707,4.482999801635742,4.485000133514404,0,3.776440007686615,4.124366688728332
2023-09-27,4.625999927520752,4.64300012588501,4.491000175476074,4.506999969482422,0,3.7821150076389314,4.1371666868527734
2023-09-28,4.5970001220703125,4.688000202178955,4.5970001220703125,4.624000072479248,0,3.787265008687973,4.148033356666565
2023-09-29,4.572999954223633,4.574999809265137,4.507999897003174,4.548999786376953,0,3.7920750081539154,4.156900024414062
2023-10-02,4.683000087738037,4.703000068664551,4.626999855041504,4.63100004196167,0,3.797985008955002,4.167450022697449
2023-10-03,4.802000045776367,4.806000232696533,4.695000171661377,4.736999988555908,0,3.8044800090789797,4.180716689427694
2023-10-04,4.735000133514404,4.794000148773193,4.7270002365112305,4.75600004196167,0,3.810905009508133,4.193300024668376
2023-10-05,4.7170000076293945,4.7769999504089355,4.703999996185303,4.730999946594238,0,3.817080008983612,4.2075666904449465
2023-10-06,4.783999919891357,4.88700008392334,4.739999771118164,4.739999771118164,0,3.823095008134842,4.2246166904767355
2023-10-09,4.796999931335449,4.796999931335449,4.796999931335449,4.796999931335449,0,3.828660007715225,4.2409166892369585
2023-10-10,4.65500020980835,4.7129998207092285,4.618000030517578,4.703000068664551,0,3.8335150086879732,4.2552166938781735
2023-10-11,4.59499979019165,4.624000072479248,4.564000129699707,4.580999851226807,0,3.8381450080871584,4.268650023142497
2023-10-12,4.711999893188477,4.728000164031982,4.5320000648498535,4.544000148773193,0,3.842950007915497,4.284816686312357
2023-10-13,4.629000186920166,4.650000095367432,4.585999965667725,4.61899995803833,0,3.8467950093746186,4.297733354568481
2023-10-16,4.711999893188477,4.724999904632568,4.665999889373779,4.690999984741211,0,3.8509200084209443,4.312316687901815
2023-10-17,4.8470001220703125,4.860000133514404,4.761000156402588,4.764999866485596,0,3.855980008840561,4.32881668806076
2023-10-18,4.9039998054504395,4.927999973297119,4.834000110626221,4.839000225067139,0,3.861105008125305,4.345350019137064
2023-10-19,4.98799991607666,4.995999813079834,4.894000053405762,4.964000225067139,0,3.867080007791519,4.364300016562144
2023-10-20,4.923999786376953,4.993000030517578,4.892000198364258,4.978000164031982,0,3.873155006170273,4.379500011603038
2023-10-23,4.8379998207092285,4.997000217437744,4.830999851226807,4.997000217437744,0,3.8787450051307677,4.393983340263366
2023-10-24,4.840000152587891,4.888999938964844,4.827000141143799,4.869999885559082,0,3.885100005865097,4.408666674296061
2023-10-25,4.953000068664551,4.959000110626221,4.85099983215332,4.85099983215332,0,3.8922800064086913,4.423700006802877
2023-10-26,4.84499979019165,4.982999801635742,4.8420000076293945,4.964000225067139,0,3.8984000051021575,4.436483335494995
2023-10-27,4.84499979019165,4.892000198364258,4.8429999351501465,4.866000175476074,0,3.9048550045490265,4.447416663169861
2023-10-30,4.875,4.921999931335449,4.867000102996826,4.895999908447266,0,3.9119850051403047,4.460999997456868
2023-10-31,4.875,4.880000114440918,4.802999973297119,4.809999942779541,0,3.9188050055503845,4.474283329645792
2023-11-01,4.789000034332275,4.9029998779296875,4.7779998779296875,4.89300012588501,0,3.9250750052928924,4.486999996503195
2023-11-02,4.669000148773193,4.703000068664551,4.625999927520752,4.690000057220459,0,3.9315450060367585,4.497949997584025
2023-11-03,4.558000087738037,4.64300012588501,4.484000205993652,4.63700008392334,0,3.937350006103516,4.505916666984558
2023-11-06,4.6620001792907715,4.668000221252441,4.610000133514404,4.610000133514404,0,3.9432400071620943,4.51414999961853
2023-11-07,4.571000099182129,4.626999855041504,4.544000148773193,4.619999885559082,0,3.9484700071811676,4.520600001017253
2023-11-08,4.5229997634887695,4.572999954223633,4.502999782562256,4.566999912261963,0,3.953740005493164,4.525633327166239
2023-11-09,4.630000114440918,4.6539998054504395,4.526000022888184,4.551000118255615,0,3.959580006599426,4.531833330790202
2023-11-10,4.627999782562256,4.638000011444092,4.566999912261963,4.583000183105469,0,3.9652550053596496,4.537166659037272
2023-11-13,4.631999969482422,4.696000099182129,4.624000072479248,4.642000198364258,0,3.9708250057697296,4.543516659736634
2023-11-14,4.440999984741211,4.616000175476074,4.432000160217285,4.616000175476074,0,3.9752750051021577,4.545166659355163
2023-11-15,4.534999847412109,4.559000015258789,4.445000171661377,4.460999965667725,0,3.980305004119873,4.548616655667623
2023-11-16,4.445000171661377,4.48799991607666,4.432000160217285,4.48799991607666,0,3.985545004606247,4.552733325958252
2023-11-17,4.440999984741211,4.468999862670898,4.4039998054504395,4.4120001792907715,0,3.990770004987717,4.5561666568120325
2023-11-20,4.421999931335449,4.48199987411499,4.409999847412109,4.4730000495910645,0,3.9952200043201445,4.559216658274333
2023-11-21,4.418000221252441,4.442999839782715,4.390999794006348,4.409999847412109,0,3.9991400051116943,4.562649997075399
2023-11-22,4.415999889373779,4.447000026702881,4.364999771118164,4.364999771118164,0,4.002850004434586,4.567549991607666
2023-11-24,4.4720001220703125,4.492000102996826,4.4629998207092285,4.473999977111816,0,4.006945004463196,4.573449993133545
2023-11-27,4.388999938964844,4.460999965667725,4.388999938964844,4.456999778747559,0,4.01047500371933,4.5783833265304565
2023-11-28,4.335999965667725,4.421999931335449,4.331999778747559,4.395999908447266,0,4.013435003757476,4.581099994977316
2023-11-29,4.270999908447266,4.322999954223633,4.252999782562256,4.294000148773193,0,4.016205003261566,4.581149991353353
2023-11-30,4.3520002365112305,4.3520002365112305,4.271999835968018,4.28000020980835,0,4.019160004854203,4.582183329264323
2023-12-01,4.22599983215332,4.3480000495910645,4.210999965667725,4.320000171661377,0,4.021245003938675,4.581616655985514
2023-12-04,4.288000106811523,4.298999786376953,4.239999771118164,4.243000030517578,0,4.023470004796982,4.58211665948232
2023-12-05,4.171000003814697,4.228000164031982,4.164999961853027,4.22599983215332,0,4.025185004472733,4.580166657765706
2023-12-06,4.120999813079834,4.182000160217285,4.107999801635742,4.179999828338623,0,4.026015003919602,4.577783322334289
2023-12-07,4.129000186920166,4.179999828338623,4.105999946594238,4.169000148773193,0,4.027045004367828,4.575783324241638
2023-12-08,4.244999885559082,4.2779998779296875,4.182000160217285,4.184999942779541,0,4.028875004053116,4.575066653887431
2023-12-11,4.238999843597412,4.293000221252441,4.229000091552734,4.27400016784668,0,4.030325003862381,4.57368331750234
2023-12-12,4.205999851226807,4.250999927520752,4.1529998779296875,4.179999828338623,0,4.031745003461838,4.571799985567728
2023-12-13,4.0329999923706055,4.190999984741211,4.008999824523926,4.186999797821045,0,4.0323300039768215,4.566266655921936
2023-12-14,3.930000066757202,3.98799991607666,3.884999990463257,3.9660000801086426,0,4.032010004520417,4.559283324082693
2023-12-15,3.927999973297119,3.9709999561309814,3.8940000534057617,3.921999931335449,0,4.031285004615784,4.550083323319753
2023-12-18,3.9539999961853027,3.9709999561309814,3.9070000648498535,3.9170000553131104,0,4.0312350046634675,4.542016653219859
2023-12-19,3.921999931335449,3.927999973297119,3.8959999084472656,3.8980000019073486,0,4.030930004119873,4.531683321793874
2023-12-20,3.877000093460083,3.921999931335449,3.872999906539917,3.88100004196167,0,4.030440005064011,4.520333321889241
2023-12-21,3.8940000534057617,3.9049999713897705,3.8289999961853027,3.859999895095825,0,4.03003000497818,4.508133323987325
2023-12-22,3.9010000228881836,3.9189999103546143,3.8489999771118164,3.8519999980926514,0,4.02991000533104,4.496533322334289
2023-12-26,3.885999917984009,3.9079999923706055,3.881999969482422,3.9079999923706055,0,4.0308650052547454,4.485083321730296
2023-12-27,3.7890000343322754,3.8519999980926514,3.7850000858306885,3.8519999980926514,0,4.032235004901886,4.4701833208402
2023-12-28,3.8499999046325684,3.8610000610351562,3.799999952316284,3.818000078201294,0,4.033295004367829,4.454316651821136
2023-12-29,3.865999937057495,3.8980000019073486,3.8469998836517334,3.878999948501587,0,4.035165003538132,4.439833315213521
2024-01-02,3.946000099182129,3.9730000495910645,3.9179999828338623,3.9690001010894775,0,4.036970003843307,4.4269833167394
2024-01-03,3.9070000648498535,4.007999897003174,3.8940000534057617,3.9779999256134033,0,4.039530004262924,4.412366652488709
2024-01-04,3.990999937057495,4.00600004196167,3.9709999561309814,3.9739999771118164,0,4.04208000421524,4.398933319250743
2024-01-05,4.041999816894531,4.098999977111816,3.953000068664551,4.038000106811523,0,4.044260003566742,4.388716646035513
2024-01-08,4.001999855041504,4.063000202178955,3.9660000801086426,4.059000015258789,0,4.046770002841949,4.3788333137830096
2024-01-09,4.019000053405762,4.052999973297119,3.996000051498413,4.046999931335449,0,4.049835003614426,4.367283316453298
2024-01-10,4.03000020980835,4.038000106811523,3.984999895095825,3.992000102996826,0,4.053085004091263,4.357299983501434
2024-01-11,3.9769999980926514,4.067999839782715,3.9730000495910645,3.99399995803833,0,4.055330003499985,4.345049985249838
2024-01-12,3.950000047683716,4.006999969482422,3.9159998893737793,4.002999782562256,0,4.057260004281997,4.330099984010061
2024-01-16,4.065999984741211,4.083000183105469,3.990000009536743,4.002999782562256,0,4.059760004281998,4.3161333203315735
2024-01-17,4.105999946594238,4.129000186920166,4.074999809265137,4.080999851226807,0,4.062535003423691,4.3014333208402
2024-01-18,4.144000053405762,4.1539998054504395,4.090000152587891,4.090000152587891,0,4.065785003900528,4.28843332529068
2024-01-19,4.145999908447266,4.197999954223633,4.131999969482422,4.131999969482422,0,4.069365003108978,4.276899993419647
2024-01-22,4.093999862670898,4.111000061035156,4.074999809265137,4.0980000495910645,0,4.073150002956391,4.264466655254364
2024-01-23,4.142000198364258,4.15500020980835,4.120999813079834,4.130000114440918,0,4.0774250042438505,4.250949990749359
2024-01-24,4.177999973297119,4.188000202178955,4.085999965667725,4.098999977111816,0,4.081875003576279,4.23983332713445
2024-01-25,4.131999969482422,4.185999870300293,4.122000217437744,4.15500020980835,0,4.0854600036144255,4.227949996789296
2024-01-26,4.159999847412109,4.165999889373779,4.10699987411499,4.122000217437744,0,4.089090002775192,4.216033327579498
2024-01-29,4.091000080108643,4.122000217437744,4.089000225067139,4.107999801635742,0,4.092440003156662,4.2029666622479755
2024-01-30,4.059000015258789,4.103000164031982,4.040999889373779,4.067999839782715,0,4.09547500371933,4.190799995263418
2024-01-31,3.9670000076293945,4.03000020980835,3.944000005722046,4.019999980926514,0,4.097700003385544,4.179099992911021
2024-02-01,3.86299991607666,3.927000045776367,3.816999912261963,3.927000045776367,0,4.099060002565384,4.167516656716665
2024-02-02,4.0329999923706055,4.053999900817871,3.88700008392334,3.8889999389648438,0,4.101365002393723,4.157033320267995
2024-02-05,4.164000034332275,4.177000045776367,4.110000133514404,4.111999988555908,0,4.10417500257492,4.150249985853831
2024-02-06,4.090000152587891,4.1620001792907715,4.078999996185303,4.1479997634887695,0,4.10690000295639,4.14303332567215
2024-02-07,4.110000133514404,4.125,4.065000057220459,4.125,0,4.109600003957748,4.1343666593233745
2024-02-08,4.170000076293945,4.172999858856201,4.13100004196167,4.13700008392334,0,4.112875003814697,4.126733330885569
2024-02-09,4.186999797821045,4.192999839782715,4.126999855041504,4.172999858856201,0,4.116830003261566,4.11931666135788
2024-02-12,4.171999931335449,4.197000026702881,4.150000095367432,4.1519999504089355,0,4.12053000330925,4.11483332713445
2024-02-13,4.315999984741211,4.315999984741211,4.150000095367432,4.1519999504089355,0,4.124470002651215,4.111183329423269
2024-02-14,4.267000198364258,4.322000026702881,4.245999813079834,4.308000087738037,0,4.12854500412941,4.10821666320165
2024-02-15,4.239999771118164,4.255000114440918,4.190999984741211,4.22599983215332,0,4.131875003576279,4.1048666596412655
2024-02-16,4.295000076293945,4.328000068664551,4.2769999504089355,4.2789998054504395,0,4.136155004501343,4.102749995390574
2024-02-20,4.275000095367432,4.289000034332275,4.24399995803833,4.2829999923706055,0,4.1405150043964385,4.100366659959158
2024-02-21,4.324999809265137,4.330999851226807,4.257999897003174,4.263999938964844,0,4.145385003089904,4.098849991957347
2024-02-22,4.327000141143799,4.354000091552734,4.296999931335449,4.336999893188477,0,4.149790003299713,4.096433325608571
2024-02-23,4.260000228881836,4.328999996185303,4.245999813079834,4.307000160217285,0,4.153485004901886,4.094283330440521
2024-02-26,4.298999786376953,4.309000015258789,4.23799991607666,4.24399995803833,0,4.157375004291534,4.093666660785675
2024-02-27,4.315000057220459,4.321000099182129,4.263999938964844,4.271999835968018,0,4.161755005121231,4.094399996598562
2024-02-28,4.27400016784668,4.309000015258789,4.271999835968018,4.28000020980835,0,4.166140005588532,4.0930999954541525
2024-02-29,4.251999855041504,4.315000057220459,4.224999904632568,4.310999870300293,0,4.1700850045681,4.093533329168955
2024-03-01,4.179999828338623,4.296000003814697,4.177999973297119,4.26800012588501,0,4.173445004224777,4.09173332452774
2024-03-04,4.218999862670898,4.235000133514404,4.204999923706055,4.218999862670898,0,4.176795003414154,4.092533322175344
2024-03-05,4.13700008392334,4.165999889373779,4.113999843597412,4.164000034332275,0,4.179575003385544,4.092799993356069
2024-03-06,4.104000091552734,4.146999835968018,4.078999996185303,4.138999938964844,0,4.181855003833771,4.092383325099945
2024-03-07,4.0920000076293945,4.123000144958496,4.053999900817871,4.080999851226807,0,4.183855004310608,4.089833327134451
2024-03-08,4.089000225067139,4.129000186920166,4.038000106811523,4.066999912261963,0,4.1857050049304965,4.087333333492279
2024-03-11,4.104000091552734,4.116000175476074,4.074999809265137,4.077000141143799,0,4.187735005617141,4.085633337497711
2024-03-12,4.15500020980835,4.171999931335449,4.083000183105469,4.089000225067139,0,4.189915006160736,4.087666674455007
2024-03-13,4.191999912261963,4.196000099182129,4.170000076293945,4.185999870300293,0,4.19180500626564,4.092033338546753
2024-03-14,4.297999858856201,4.300000190734863,4.191999912261963,4.196000099182129,0,4.194245005846024,4.098200003306071
2024-03-15,4.303999900817871,4.320000171661377,4.281000137329102,4.281000137329102,0,4.197265005111694,4.104033335049947
2024-03-18,4.340000152587891,4.3480000495910645,4.303999900817871,4.314000129699707,0,4.200780005455017,4.111000005404154
2024-03-19,4.296999931335449,4.335999965667725,4.289000034332275,4.326000213623047,0,4.2042250049114225,4.118000002702077
2024-03-20,4.2729997634887695,4.323999881744385,4.238999843597412,4.2829999923706055,0,4.207135003805161,4.124316664536794
2024-03-21,4.270999908447266,4.293000221252441,4.228000164031982,4.232999801635742,0,4.210025002956391,4.130483329296112
2024-03-22,4.2179999351501465,4.22599983215332,4.199999809265137,4.21999979019165,0,4.212620003223419,4.136016662915548
2024-03-25,4.252999782562256,4.261000156402588,4.2220001220703125,4.23199987411499,0,4.214965002536774,4.143749992052714
2024-03-26,4.234000205993652,4.2729997634887695,4.23199987411499,4.236000061035156,0,4.217565003633499,4.150149997075399
2024-03-27,4.196000099182129,4.228000164031982,4.183000087738037,4.21999979019165,0,4.219820004701615,4.155649999777476
2024-03-28,4.205999851226807,4.234000205993652,4.183000087738037,4.230000019073486,0,4.222025003433227,4.15998332897822
2024-04-01,4.328999996185303,4.336999893188477,4.234000205993652,4.234000205993652,0,4.2244750034809115,4.167016661167144
2024-04-02,4.364999771118164,4.40500020980835,4.355000019073486,4.375,0,4.227320002317429,4.1732499917348225
2024-04-03,4.355000019073486,4.428999900817871,4.3470001220703125,4.382999897003174,0,4.230455002784729,4.178466661771139
2024-04-04,4.309000015258789,4.38100004196167,4.307000160217285,4.370999813079834,0,4.233155002593994,4.183583331108093
2024-04-05,4.377999782562256,4.4039998054504395,4.317999839782715,4.328000068664551,0,4.2364000010490415,4.189566659927368
2024-04-08,4.423999786376953,4.461999893188477,4.406000137329102,4.458000183105469,0,4.239904999732971,4.196133319536845
2024-04-09,4.366000175476074,4.395999908447266,4.357999801635742,4.383999824523926,0,4.242740000486374,4.202616655826569
2024-04-10,4.559999942779541,4.567999839782715,4.343999862670898,4.3460001945495605,0,4.246844999790191,4.212783320744832
2024-04-11,4.576000213623047,4.591000080108643,4.514999866485596,4.576000213623047,0,4.25113000035286,4.22128332455953
2024-04-12,4.499000072479248,4.5320000648498535,4.482999801635742,4.513999938964844,0,4.254785001277924,4.227833326657613
2024-04-15,4.627999782562256,4.663000106811523,4.583000183105469,4.585000038146973,0,4.259375,4.235899988810221
2024-04-16,4.658999919891357,4.696000099182129,4.625999927520752,4.644999980926514,0,4.2633999991416935,4.244449989000956
2024-04-17,4.585000038146973,4.660999774932861,4.574999809265137,4.65500020980835,0,4.267229999303818,4.25263332525889
2024-04-18,4.646999835968018,4.6529998779296875,4.5920000076293945,4.5920000076293945,0,4.271174998283386,4.26104998588562
2024-04-19,4.614999771118164,4.63100004196167,4.581999778747559,4.590000152587891,0,4.2745249974727635,4.268333315849304
2024-04-22,4.623000144958496,4.6519999504089355,4.611000061035156,4.6519999504089355,0,4.277434998750687,4.276516652107238
2024-04-23,4.5980000495910645,4.650000095367432,4.567999839782715,4.650000095367432,0,4.280174998044967,4.283816655476888
2024-04-24,4.6519999504089355,4.671000003814697,4.626999855041504,4.642000198364258,0,4.283404997587204,4.293166653315226
2024-04-25,4.705999851226807,4.736999988555908,4.625,4.6579999923706055,0,4.287034996747971,4.303949983914693
2024-04-26,4.669000148773193,4.690000057220459,4.644000053405762,4.685999870300293,0,4.29107499718666,4.31564998626709
2024-04-29,4.613999843597412,4.64900016784668,4.611999988555908,4.625999927520752,0,4.295339996814728,4.328166651725769
2024-04-30,4.685999870300293,4.685999870300293,4.616000175476074,4.616000175476074,0,4.299674996137619,4.339049983024597
2024-05-01,4.59499979019165,4.676000118255615,4.580999851226807,4.670000076293945,0,4.3036649954319,4.34623331228892
2024-05-02,4.571000099182129,4.651000022888184,4.566999912261963,4.611999988555908,0,4.307574995756149,4.354249978065491
2024-05-03,4.5,4.571000099182129,4.453000068664551,4.551000118255615,0,4.311364995241165,4.360749975840251
2024-05-06,4.488999843597412,4.513999938964844,4.4710001945495605,4.486999988555908,0,4.314539994001389,4.3660666386286415
2024-05-07,4.4629998207092285,4.4730000495910645,4.422999858856201,4.4730000495910645,0,4.317669993638992,4.370666639010111
