Price,Close,High,Low,Open,Volume,MA200,MA60
Ticker,KRW=X,KRW=X,KRW=X,KRW=X,KRW=X,,
Date,,,,,,,
2016-12-20,1186.949951171875,1195.1600341796875,1186.1500244140625,1186.9599609375,0,1144.3106469726563,1147.905165608724
2016-12-21,1191.469970703125,1197.2099609375,1186.699951171875,1192.8800048828125,0,1144.3081469726562,1149.497998046875
2016-12-22,1193.3499755859375,1206.760009765625,1192.9599609375,1192.9599609375,0,1144.3956469726563,1151.202498372396
2016-12-23,1205.0999755859375,1206.5,1195.030029296875,1204.5,0,1144.6573968505859,1152.9271647135417
2016-12-26,1199.550048828125,1208.050048828125,1196.949951171875,1199.8499755859375,0,1144.8436468505859,1154.550498453776
2016-12-27,1199.550048828125,1208.3499755859375,1200.215087890625,1200.81005859375,0,1145.045897216797,1156.1556660970052
2016-12-28,1206.47998046875,1213.72998046875,1202.6300048828125,1207.050048828125,0,1145.304296875,1157.6743326822916
2016-12-29,1210.3399658203125,1211.1300048828125,1201.0400390625,1211.1300048828125,0,1145.5252465820313,1159.2936645507812
2016-12-30,1205.2900390625,1207.6800537109375,1194.905029296875,1205.219970703125,0,1145.7209466552733,1160.800331624349
2017-01-02,1205.449951171875,1208.72998046875,1199.510009765625,1205.3800048828125,0,1145.9174462890626,1162.2936645507812
2017-01-03,1202.9300537109375,1211.6800537109375,1198.794921875,1209.5799560546875,0,1146.101346435547,1163.8988321940103
2017-01-04,1206.010009765625,1208.780029296875,1191.6099853515625,1205.6300048828125,0,1146.3509967041016,1165.2709981282553
2017-01-05,1194.47998046875,1194.800048828125,1175.070068359375,1193.8299560546875,0,1146.6222467041016,1166.4488301595052
2017-01-06,1180.6300048828125,1196.550048828125,1182.6600341796875,1183.6300048828125,0,1146.821396484375,1167.3239969889323
2017-01-09,1201.0999755859375,1208.5999755859375,1200.0,1201.300048828125,0,1147.0977966308594,1168.4081624348958
2017-01-10,1202.52001953125,1203.06005859375,1192.199951171875,1202.0799560546875,0,1147.3672467041015,1169.5229960123697
2017-01-11,1200.5999755859375,1201.6199951171875,1190.8499755859375,1199.5,0,1147.5777465820313,1170.7893290201823
2017-01-12,1187.1600341796875,1185.22998046875,1170.1300048828125,1185.22998046875,0,1147.7477966308593,1171.9151631673178
2017-01-13,1174.719970703125,1180.300048828125,1168.3499755859375,1176.8800048828125,0,1147.8406463623046,1172.6566630045572
2017-01-16,1174.050048828125,1184.489990234375,1174.050048828125,1174.050048828125,0,1147.9633966064453,1173.2974975585937
2017-01-17,1182.1700439453125,1186.97998046875,1160.969970703125,1184.6300048828125,0,1148.1717468261718,1174.0939982096354
2017-01-18,1160.030029296875,1171.43994140625,1161.0,1162.72998046875,0,1148.2716467285156,1174.6094991048178
2017-01-19,1176.7900390625,1180.6500244140625,1172.699951171875,1178.530029296875,0,1148.4368469238282,1175.2671671549479
2017-01-20,1173.75,1177.4000244140625,1165.800048828125,1174.1800537109375,0,1148.5475970458983,1175.7210001627604
2017-01-23,1173.300048828125,1173.4000244140625,1161.6500244140625,1173.2099609375,0,1148.6885974121094,1176.1643351236978
2017-01-24,1162.6500244140625,1168.25,1160.449951171875,1160.780029296875,0,1148.79384765625,1176.4863362630208
2017-01-25,1168.030029296875,1168.199951171875,1162.550048828125,1167.699951171875,0,1149.0047479248046,1176.8623372395834
2017-01-26,1161.260009765625,1170.3299560546875,1154.3499755859375,1158.6300048828125,0,1149.1605480957032,1177.1305033365886
2017-01-27,1170.6700439453125,1175.510009765625,1168.97998046875,1170.8900146484375,0,1149.3226483154297,1177.5846700032553
2017-01-30,1177.5999755859375,1178.3299560546875,1170.3599853515625,1177.199951171875,0,1149.472398071289,1178.1871704101563
2017-01-31,1169.2099609375,1169.4000244140625,1148.4100341796875,1168.3299560546875,0,1149.5758477783204,1178.6648356119792
2017-02-01,1149.25,1158.280029296875,1151.5,1152.1300048828125,0,1149.5976977539062,1179.0213358561198
2017-02-02,1151.949951171875,1153.8299560546875,1136.780029296875,1150.68994140625,0,1149.626947631836,1178.9491678873699
2017-02-03,1142.699951171875,1148.510009765625,1132.989990234375,1145.97998046875,0,1149.6704473876953,1178.5783345540365
2017-02-06,1137.760009765625,1138.6600341796875,1130.574951171875,1137.75,0,1149.6442474365235,1178.1343343098958
2017-02-07,1132.7099609375,1147.699951171875,1136.0999755859375,1136.8299560546875,0,1149.6302972412109,1177.550166829427
2017-02-08,1142.0999755859375,1148.9200439453125,1140.7449951171875,1143.52001953125,0,1149.590897216797,1177.1403340657553
2017-02-09,1144.6199951171875,1147.9300537109375,1141.1199951171875,1145.280029296875,0,1149.4902471923829,1176.7328348795572
2017-02-10,1149.9100341796875,1154.1300048828125,1140.5699462890625,1153.5799560546875,0,1149.4172973632812,1176.2455017089844
2017-02-13,1145.1800537109375,1153.6099853515625,1145.1500244140625,1145.1800537109375,0,1149.3064978027344,1175.6526692708333
2017-02-14,1148.699951171875,1150.030029296875,1133.2149658203125,1149.5799560546875,0,1149.184747314453,1175.144667561849
2017-02-15,1137.9599609375,1144.8800048828125,1133.3599853515625,1140.0999755859375,0,1149.0278973388672,1174.645166015625
2017-02-16,1133.0999755859375,1142.8299560546875,1133.25,1134.3299560546875,0,1148.8788970947267,1173.8491658528646
2017-02-17,1141.0799560546875,1151.6400146484375,1141.300048828125,1141.8299560546875,0,1148.7472967529297,1173.182997639974
2017-02-20,1149.5999755859375,1149.550048828125,1144.25,1148.6500244140625,0,1148.620796508789,1172.797998046875
2017-02-21,1143.9599609375,1149.0,1141.969970703125,1146.030029296875,0,1148.4583465576172,1172.3688313802083
2017-02-22,1141.1800537109375,1144.5400390625,1136.9000244140625,1142.1500244140625,0,1148.2975970458983,1171.9241658528647
2017-02-23,1137.949951171875,1141.449951171875,1129.1500244140625,1137.949951171875,0,1148.0530969238282,1171.2544982910156
2017-02-24,1131.81005859375,1134.050048828125,1126.550048828125,1131.219970703125,0,1147.7848974609376,1170.6563334147136
2017-02-27,1130.449951171875,1135.0799560546875,1128.9000244140625,1130.5,0,1147.4948474121093,1170.0038330078125
2017-02-28,1133.93994140625,1134.780029296875,1123.550048828125,1134.47998046875,0,1147.256796875,1169.452998860677
2017-03-01,1136.7900390625,1146.02001953125,1130.6300048828125,1136.8399658203125,0,1147.012996826172,1168.89033203125
2017-03-02,1139.5699462890625,1147.699951171875,1139.25,1143.6300048828125,0,1146.8165966796876,1168.5914978027345
2017-03-03,1149.9000244140625,1159.260009765625,1146.780029296875,1147.969970703125,0,1146.6763470458984,1168.3856648763021
2017-03-06,1151.969970703125,1158.1300048828125,1149.739990234375,1151.68994140625,0,1146.514946899414,1168.0859985351562
2017-03-07,1154.25,1157.030029296875,1144.8499755859375,1153.780029296875,0,1146.2939471435548,1167.912664794922
2017-03-08,1149.4100341796875,1155.5799560546875,1141.1800537109375,1149.8299560546875,0,1146.1022973632812,1167.6763326009116
2017-03-09,1153.6199951171875,1160.4100341796875,1151.75,1154.1800537109375,0,1145.9196472167969,1167.250665283203
2017-03-10,1159.280029296875,1160.8299560546875,1150.3199462890625,1160.1800537109375,0,1145.7945471191406,1166.8314982096354
2017-03-13,1145.9599609375,1151.1800537109375,1142.6800537109375,1145.9000244140625,0,1145.7163970947265,1166.1641642252605
2017-03-14,1147.550048828125,1150.4100341796875,1144.4000244140625,1148.1800537109375,0,1145.6646472167968,1165.507499186198
2017-03-15,1148.219970703125,1149.780029296875,1139.5699462890625,1147.0799560546875,0,1145.6332470703126,1164.7866658528646
2017-03-16,1127.4000244140625,1133.510009765625,1123.864990234375,1130.6500244140625,0,1145.5189971923828,1163.6875
2017-03-17,1127.010009765625,1134.1099853515625,1127.1600341796875,1129.6800537109375,0,1145.3730474853517,1162.3860005696615
2017-03-20,1126.6500244140625,1129.4599609375,1111.7249755859375,1126.6500244140625,0,1145.158897705078,1161.1710001627605
2017-03-21,1113.75,1120.949951171875,1113.760009765625,1114.8299560546875,0,1144.8768975830078,1159.7409993489584
2017-03-22,1122.780029296875,1126.280029296875,1117.2099609375,1123.3299560546875,0,1144.62384765625,1158.3460001627604
2017-03-23,1116.4100341796875,1123.550048828125,1117.0999755859375,1117.25,0,1144.3723980712891,1156.7805013020834
2017-03-24,1121.22998046875,1124.3299560546875,1115.7449951171875,1121.8800048828125,0,1144.1306481933593,1155.379500325521
2017-03-27,1116.1400146484375,1116.5699462890625,1105.6600341796875,1116.5699462890625,0,1143.8685479736328,1153.8910013834636
2017-03-28,1111.0999755859375,1113.8599853515625,1109.9200439453125,1111.280029296875,0,1143.6272979736327,1152.3605000813802
2017-03-29,1115.5,1116.3800048828125,1110.699951171875,1116.3800048828125,0,1143.4467980957031,1150.8519999186199
2017-03-30,1109.949951171875,1118.699951171875,1109.5,1111.0,0,1143.2470477294921,1149.4431660970051
2017-03-31,1117.02001953125,1121.6300048828125,1115.31494140625,1118.8299560546875,0,1143.1258477783203,1148.3829996744792
2017-04-03,1115.1600341796875,1120.77001953125,1110.949951171875,1115.4000244140625,0,1142.848598022461,1146.9506673177084
2017-04-04,1116.22998046875,1125.68994140625,1115.4000244140625,1118.3299560546875,0,1142.5414978027343,1145.5125
2017-04-05,1124.0999755859375,1127.969970703125,1120.969970703125,1123.5999755859375,0,1142.33509765625,1144.2375
2017-04-06,1127.0999755859375,1134.3900146484375,1125.5,1126.7900390625,0,1142.2098474121094,1143.2364990234375
2017-04-07,1130.0,1139.1300048828125,1129.25,1130.7900390625,0,1142.1035974121094,1142.4911661783854
2017-04-10,1136.0,1143.3399658203125,1136.8499755859375,1136.8499755859375,0,1142.0435974121094,1141.8569986979167
2017-04-11,1142.030029296875,1149.43994140625,1139.7900390625,1141.1500244140625,0,1141.9967474365235,1141.1879984537761
2017-04-12,1144.5899658203125,1148.93994140625,1136.31005859375,1147.2900390625,0,1141.9449475097656,1140.9306640625
2017-04-13,1133.4300537109375,1137.489990234375,1124.989990234375,1132.8900146484375,0,1141.8358477783204,1140.2079976399739
2017-04-14,1135.0,1141.050048828125,1134.780029296875,1134.780029296875,0,1141.73259765625,1139.5621643066406
2017-04-17,1135.3599853515625,1138.5400390625,1133.2900390625,1135.3399658203125,0,1141.6708477783204,1138.9298299153645
2017-04-18,1131.800048828125,1148.4599609375,1131.6199951171875,1131.8900146484375,0,1141.5894982910156,1138.415663655599
2017-04-19,1141.6800537109375,1143.77001953125,1136.550048828125,1141.4000244140625,0,1141.5928985595704,1137.9764973958333
2017-04-20,1141.8900146484375,1144.3399658203125,1134.114990234375,1144.3399658203125,0,1141.5890985107421,1137.6536641438802
2017-04-21,1137.1099853515625,1139.489990234375,1131.9100341796875,1136.8800048828125,0,1141.6283984375,1137.0943298339844
2017-04-24,1133.7099609375,1135.449951171875,1125.0999755859375,1132.47998046875,0,1141.6139483642578,1136.3628295898438
2017-04-25,1133.8399658203125,1136.3599853515625,1122.699951171875,1134.5899658203125,0,1141.6178979492188,1135.773329671224
2017-04-26,1125.469970703125,1134.260009765625,1120.75,1126.0,0,1141.549248046875,1135.3769958496093
2017-04-27,1131.800048828125,1136.3299560546875,1126.6500244140625,1130.9000244140625,0,1141.5034985351563,1135.0411641438802
2017-04-28,1129.93994140625,1140.3599853515625,1127.719970703125,1131.43994140625,0,1141.472947998047,1134.8284973144532
2017-05-01,1135.6400146484375,1138.989990234375,1128.5,1136.3900146484375,0,1141.481148071289,1134.7931640625
2017-05-02,1136.260009765625,1136.449951171875,1126.3299560546875,1135.0699462890625,0,1141.4547979736328,1134.8523315429688
2017-05-03,1127.760009765625,1132.43994140625,1126.4000244140625,1127.800048828125,0,1141.4208477783204,1134.6133321126301
2017-05-04,1132.9100341796875,1135.8900146484375,1128.6500244140625,1134.3399658203125,0,1141.440147705078,1134.4181660970053
2017-05-05,1134.93994140625,1140.8699951171875,1132.6300048828125,1134.9300537109375,0,1141.4980975341796,1134.1686645507812
2017-05-08,1133.719970703125,1136.280029296875,1128.81005859375,1133.719970703125,0,1141.616947631836,1133.9776631673178
2017-05-09,1132.6500244140625,1138.9599609375,1131.3800048828125,1132.5999755859375,0,1141.752947998047,1133.7101643880208
2017-05-10,1137.8599853515625,1137.239990234375,1130.8499755859375,1137.239990234375,0,1141.883048095703,1133.7084981282553
2017-05-11,1130.0400390625,1133.81005859375,1126.0,1129.8599853515625,0,1141.9659985351564,1133.6574991861978
2017-05-12,1123.1600341796875,1129.6099853515625,1121.2449951171875,1123.5400390625,0,1142.0320489501953,1133.3588338216146
2017-05-15,1123.0999755859375,1126.72998046875,1114.6400146484375,1122.9200439453125,0,1142.0807989501952,1132.917167154948
2017-05-16,1117.4300537109375,1119.22998046875,1113.449951171875,1117.989990234375,0,1142.1446990966797,1132.4750020345052
2017-05-17,1115.0,1121.47998046875,1114.199951171875,1114.199951171875,0,1142.2201989746093,1132.0386678059897
2017-05-18,1120.949951171875,1134.6500244140625,1121.0999755859375,1123.8399658203125,0,1142.3536987304688,1131.7553344726562
2017-05-19,1128.4100341796875,1130.6300048828125,1114.5799560546875,1127.3699951171875,0,1142.5159991455077,1131.6986673990884
2017-05-22,1117.010009765625,1118.97998046875,1113.52001953125,1117.280029296875,0,1142.5886492919922,1131.474668375651
2017-05-23,1114.780029296875,1125.56005859375,1115.449951171875,1115.800048828125,0,1142.6757495117188,1131.1553365071616
2017-05-24,1124.5699462890625,1127.699951171875,1120.3599853515625,1125.1400146484375,0,1142.8284490966796,1130.9516682942708
2017-05-25,1118.3800048828125,1121.3499755859375,1115.1700439453125,1119.5899658203125,0,1142.8978491210937,1130.5985026041667
2017-05-26,1119.56005859375,1121.56005859375,1114.7550048828125,1120.5400390625,0,1142.960849609375,1130.0928365071616
2017-05-29,1118.75,1122.530029296875,1117.280029296875,1118.1099853515625,0,1142.9676495361327,1129.539170328776
2017-05-30,1122.8399658203125,1125.9599609375,1121.5,1122.300048828125,0,1142.968999633789,1129.0156697591146
2017-05-31,1123.9000244140625,1123.6600341796875,1116.3699951171875,1122.6500244140625,0,1142.9915496826172,1128.5905029296875
2017-06-01,1119.02001953125,1122.97998046875,1117.8499755859375,1118.68994140625,0,1142.9876995849609,1128.0138366699218
2017-06-02,1121.0400390625,1123.3499755859375,1116.0699462890625,1122.239990234375,0,1143.0222497558593,1127.376503499349
2017-06-05,1117.449951171875,1119.72998046875,1114.0999755859375,1117.449951171875,0,1143.0007495117188,1126.9013366699219
2017-06-06,1116.949951171875,1121.1199951171875,1113.8699951171875,1116.8800048828125,0,1142.9938494873047,1126.3913350423177
2017-06-07,1117.4599609375,1124.780029296875,1117.31005859375,1119.0,0,1142.989249267578,1125.8786682128907
2017-06-08,1123.1400146484375,1126.9100341796875,1120.469970703125,1125.530029296875,0,1143.032749633789,1125.8076680501301
2017-06-09,1121.510009765625,1125.050048828125,1118.1500244140625,1122.81005859375,0,1143.0572998046875,1125.7160013834634
2017-06-12,1124.0999755859375,1132.5699462890625,1123.6500244140625,1124.1700439453125,0,1143.1035498046874,1125.6735005696614
2017-06-13,1130.489990234375,1129.9599609375,1126.25,1129.27001953125,0,1143.2388494873046,1125.952500406901
2017-06-14,1126.550048828125,1126.9599609375,1116.6099853515625,1125.5,0,1143.3986499023438,1126.0153340657553
2017-06-15,1118.9000244140625,1132.1800537109375,1118.27001953125,1118.77001953125,0,1143.5491497802734,1126.0568339029949
2017-06-16,1129.93994140625,1137.6500244140625,1127.050048828125,1129.6400146484375,0,1143.7118994140626,1126.2019999186198
2017-06-19,1131.1400146484375,1135.6300048828125,1127.6800537109375,1131.2099609375,0,1143.849599609375,1126.4519999186198
2017-06-20,1135.72998046875,1142.9200439453125,1134.5,1136.0999755859375,0,1143.9909497070312,1126.8625
2017-06-21,1140.8499755859375,1145.3299560546875,1138.780029296875,1140.4200439453125,0,1144.0625494384765,1127.284999593099
2017-06-22,1142.5,1143.4100341796875,1137.699951171875,1141.489990234375,0,1144.1462994384765,1127.827500406901
2017-06-23,1139.050048828125,1141.6400146484375,1133.9100341796875,1138.300048828125,0,1144.2235498046875,1128.194667561849
2017-06-26,1133.449951171875,1137.1099853515625,1131.0350341796875,1133.6700439453125,0,1144.2662994384766,1128.4994995117188
2017-06-27,1133.0799560546875,1138.72998046875,1132.550048828125,1134.2900390625,0,1144.3394995117187,1128.780332438151
2017-06-28,1139.9599609375,1146.22998046875,1138.5799560546875,1140.5899658203125,0,1144.458549194336,1129.0446655273438
2017-06-29,1137.699951171875,1144.9000244140625,1136.25,1139.489990234375,0,1144.6251989746095,1129.2213317871094
2017-06-30,1146.1400146484375,1146.6800537109375,1140.9000244140625,1145.43994140625,0,1144.8459490966798,1129.49033203125
2017-07-03,1144.81005859375,1149.75,1140.5400390625,1144.6500244140625,0,1145.0609991455078,1129.6371663411458
2017-07-04,1149.5799560546875,1151.8299560546875,1143.1300048828125,1149.3900146484375,0,1145.2715991210937,1129.762998453776
2017-07-05,1149.199951171875,1155.4599609375,1146.6099853515625,1150.1300048828125,0,1145.5380987548829,1129.8398315429688
2017-07-06,1152.8499755859375,1158.3599853515625,1149.739990234375,1152.989990234375,0,1145.846948852539,1130.1634969075521
2017-07-07,1156.3699951171875,1157.550048828125,1151.0999755859375,1156.1400146484375,0,1146.1206988525391,1130.5196634928386
2017-07-10,1153.81005859375,1153.8199462890625,1147.25,1153.8199462890625,0,1146.3789990234375,1130.8271647135416
2017-07-12,1147.969970703125,1148.8499755859375,1136.97998046875,1147.1500244140625,0,1146.6026489257813,1131.0966634114584
2017-07-13,1137.1199951171875,1139.530029296875,1133.7900390625,1137.52001953125,0,1146.7114489746093,1131.020662434896
2017-07-14,1136.6300048828125,1138.5999755859375,1127.43994140625,1137.300048828125,0,1146.8286987304687,1130.9329956054687
2017-07-17,1127.510009765625,1129.760009765625,1125.25,1128.1600341796875,0,1146.8917987060547,1130.7729960123697
2017-07-18,1127.6600341796875,1129.7900390625,1120.6700439453125,1129.489990234375,0,1146.9508489990235,1130.6721638997396
2017-07-19,1124.27001953125,1124.239990234375,1118.8299560546875,1124.239990234375,0,1147.0390991210938,1130.5126647949219
2017-07-20,1123.5,1126.5999755859375,1120.1700439453125,1123.199951171875,0,1147.0381988525392,1130.4798319498698
2017-07-21,1120.56005859375,1123.3599853515625,1115.8599853515625,1119.7900390625,0,1147.021948852539,1130.292498779297
2017-07-24,1116.1099853515625,1118.5699462890625,1111.31005859375,1116.1199951171875,0,1146.961898803711,1130.0619995117188
2017-07-25,1113.9000244140625,1118.2900390625,1112.5999755859375,1116.0999755859375,0,1146.8511486816406,1129.6996663411458
2017-07-26,1119.239990234375,1122.050048828125,1116.56005859375,1119.199951171875,0,1146.7691986083985,1129.4159993489584
2017-07-27,1111.8499755859375,1115.75,1109.6300048828125,1112.3900146484375,0,1146.7053485107422,1129.1508321126303
2017-07-28,1115.510009765625,1123.780029296875,1114.949951171875,1116.2900390625,0,1146.6848486328124,1128.8608317057292
2017-07-31,1124.050048828125,1124.81005859375,1117.68994140625,1123.93994140625,0,1146.6539489746094,1128.6793334960937
2017-08-01,1118.72998046875,1122.6400146484375,1114.989990234375,1118.5899658203125,0,1146.5695989990234,1128.4295003255208
2017-08-02,1120.3699951171875,1125.8299560546875,1119.25,1122.2900390625,0,1146.4995489501953,1128.224833170573
2017-08-03,1122.0999755859375,1129.219970703125,1122.5,1122.5,0,1146.4645489501954,1127.9621663411458
2017-08-04,1127.25,1129.77001953125,1122.3699951171875,1128.0400390625,0,1146.414149169922,1127.915665690104
2017-08-07,1127.199951171875,1129.6600341796875,1125.030029296875,1127.0,0,1146.317548828125,1127.982997639974
2017-08-08,1125.3499755859375,1127.2099609375,1121.81005859375,1125.0,0,1146.2107989501953,1128.0204976399739
2017-08-09,1126.0699462890625,1140.22998046875,1131.6500244140625,1132.699951171875,0,1146.1244989013671,1128.1644958496095
2017-08-10,1138.22998046875,1145.8299560546875,1136.6500244140625,1137.75,0,1146.0882989501954,1128.5516621907552
2017-08-11,1143.52001953125,1147.93994140625,1141.010009765625,1145.1500244140625,0,1146.080048828125,1128.9278299967448
2017-08-14,1141.4599609375,1141.949951171875,1135.4599609375,1141.4000244140625,0,1146.070248413086,1129.1453287760417
2017-08-15,1138.9200439453125,1139.5899658203125,1132.06005859375,1138.9599609375,0,1146.057598876953,1129.5104960123697
2017-08-16,1135.1800537109375,1142.9000244140625,1133.4000244140625,1134.050048828125,0,1146.0307489013671,1129.850496419271
2017-08-17,1134.800048828125,1139.5899658203125,1132.9000244140625,1134.4000244140625,0,1146.06544921875,1130.0209981282553
2017-08-18,1140.47998046875,1143.8800048828125,1137.510009765625,1141.8800048828125,0,1145.9864489746094,1130.3893310546875
2017-08-21,1139.06005859375,1139.8499755859375,1136.1500244140625,1138.550048828125,0,1145.8569995117186,1130.7143310546876
2017-08-22,1137.9300537109375,1137.8599853515625,1130.8399658203125,1137.4100341796875,0,1145.7246496582031,1131.0339986165366
2017-08-23,1131.1600341796875,1133.22998046875,1127.5899658203125,1132.239990234375,0,1145.5416497802735,1131.172666422526
2017-08-24,1125.449951171875,1128.75,1124.75,1127.3399658203125,0,1145.3354498291017,1131.1984985351562
2017-08-25,1127.280029296875,1131.0899658203125,1120.68994140625,1128.0899658203125,0,1145.1265002441405,1131.3361653645834
2017-08-28,1120.800048828125,1121.4200439453125,1116.6600341796875,1120.6500244140625,0,1144.834750366211,1131.3321655273437
2017-08-29,1118.010009765625,1128.5400390625,1121.3199462890625,1125.5799560546875,0,1144.521050415039,1131.3414998372396
2017-08-30,1124.1400146484375,1125.3800048828125,1120.25,1123.739990234375,0,1144.2458502197267,1131.4613342285156
2017-08-31,1123.3299560546875,1128.280029296875,1121.780029296875,1124.239990234375,0,1144.0228497314454,1131.5591674804687
2017-09-01,1123.5400390625,1124.3199462890625,1117.2249755859375,1121.800048828125,0,1143.73625,1131.5658345540364
2017-09-04,1118.949951171875,1133.8299560546875,1118.9200439453125,1118.9300537109375,0,1143.4257495117188,1131.5231669108073
2017-09-05,1132.1300048828125,1133.6099853515625,1127.1099853515625,1130.199951171875,0,1143.2228997802733,1131.657000732422
2017-09-06,1131.6500244140625,1137.0999755859375,1129.81005859375,1131.739990234375,0,1143.0326000976563,1131.6763346354167
2017-09-07,1131.52001953125,1131.56005859375,1124.9000244140625,1131.3900146484375,0,1142.8509002685546,1131.7591674804687
2017-09-08,1127.030029296875,1134.1199951171875,1123.550048828125,1126.239990234375,0,1142.595400390625,1131.894667561849
2017-09-11,1132.8699951171875,1134.43994140625,1125.8499755859375,1132.7900390625,0,1142.4212506103515,1131.9435017903645
2017-09-12,1129.4300537109375,1130.9100341796875,1125.8299560546875,1129.0899658203125,0,1142.2204010009766,1131.9150024414062
2017-09-13,1127.5999755859375,1131.68994140625,1124.75,1128.3399658203125,0,1142.0234509277343,1131.779502360026
2017-09-14,1130.1300048828125,1136.260009765625,1129.9649658203125,1132.1400146484375,0,1141.821350708008,1131.6008361816407
2017-09-15,1133.1800537109375,1136.18994140625,1127.35498046875,1135.800048828125,0,1141.6997509765624,1131.4455037434896
2017-09-18,1133.300048828125,1133.0899658203125,1124.8699951171875,1133.0899658203125,0,1141.5550012207032,1131.3496704101562
2017-09-19,1128.8199462890625,1131.5,1126.8399658203125,1127.3199462890625,0,1141.349351196289,1131.2725036621093
2017-09-20,1130.3599853515625,1131.260009765625,1124.56005859375,1129.3800048828125,0,1141.1779010009766,1131.2271708170572
2017-09-21,1131.1800537109375,1134.93994140625,1130.0999755859375,1132.7900390625,0,1141.0158514404297,1131.0808390299478
2017-09-22,1130.3499755859375,1139.6099853515625,1129.1600341796875,1131.8299560546875,0,1140.771801147461,1130.958339436849
2017-09-25,1132.1099853515625,1136.030029296875,1128.1800537109375,1131.8399658203125,0,1140.510200805664,1130.7245056152344
2017-09-26,1133.8199462890625,1139.6300048828125,1133.8199462890625,1133.8800048828125,0,1140.2493005371093,1130.5413370768229
2017-09-27,1136.719970703125,1144.8900146484375,1137.0400390625,1138.739990234375,0,1139.9981506347656,1130.3270039876302
2017-09-28,1145.280029296875,1150.5699462890625,1141.199951171875,1143.989990234375,0,1139.7672009277344,1130.2616719563803
2017-09-29,1145.93994140625,1146.8199462890625,1140.8199462890625,1145.1400146484375,0,1139.5301507568358,1130.146504720052
2017-10-02,1144.6600341796875,1148.030029296875,1143.3050537109375,1144.6099853515625,0,1139.2279510498047,1129.9513387044271
2017-10-03,1142.300048828125,1149.0899658203125,1140.0350341796875,1142.8199462890625,0,1138.9417010498046,1129.7595052083334
2017-10-04,1141.969970703125,1142.760009765625,1137.1099853515625,1142.1099853515625,0,1138.6538006591798,1129.6595052083333
2017-10-05,1142.300048828125,1143.030029296875,1136.3299560546875,1142.260009765625,0,1138.3329010009766,1129.7458394368489
2017-10-06,1141.97998046875,1145.949951171875,1138.5999755859375,1141.9599609375,0,1137.9911010742187,1129.8350056966146
2017-10-09,1143.699951171875,1144.8499755859375,1141.324951171875,1143.969970703125,0,1137.6831506347655,1130.1048380533855
2017-10-10,1142.8199462890625,1142.5899658203125,1130.4949951171875,1141.8399658203125,0,1137.3700006103516,1130.3575032552083
2017-10-11,1133.8599853515625,1137.31005859375,1129.989990234375,1134.18994140625,0,1137.0246502685548,1130.5173360188803
2017-10-12,1131.489990234375,1136.3599853515625,1129.449951171875,1130.7900390625,0,1136.6520501708985,1130.6505025227864
2017-10-13,1132.06005859375,1133.3299560546875,1123.3800048828125,1131.1199951171875,0,1136.3399505615234,1130.8421691894532
2017-10-16,1126.300048828125,1129.8800048828125,1124.864990234375,1125.3299560546875,0,1136.06830078125,1131.0120035807292
2017-10-17,1127.0799560546875,1132.6300048828125,1127.699951171875,1129.43994140625,0,1135.6982006835938,1131.231669108073
2017-10-18,1129.93994140625,1133.3900146484375,1128.2099609375,1129.949951171875,0,1135.3353002929687,1131.410001627604
2017-10-19,1131.4000244140625,1133.8599853515625,1128.280029296875,1131.8399658203125,0,1134.9893005371093,1131.7358357747396
2017-10-20,1127.8900146484375,1133.5,1127.72998046875,1127.800048828125,0,1134.6929504394532,1131.9421691894531
2017-10-23,1133.760009765625,1134.7099609375,1127.9649658203125,1133.6500244140625,0,1134.4881506347656,1132.1040018717447
2017-10-24,1129.02001953125,1130.5400390625,1125.949951171875,1129.800048828125,0,1134.2630004882812,1132.2755025227864
2017-10-25,1129.72998046875,1130.5,1121.64501953125,1130.5,0,1134.0008001708984,1132.431502278646
2017-10-26,1126.469970703125,1126.530029296875,1120.969970703125,1124.0,0,1133.8329998779298,1132.504335530599
2017-10-27,1128.489990234375,1131.6099853515625,1124.074951171875,1126.75,0,1133.591499633789,1132.5250020345052
2017-10-30,1125.4599609375,1125.9100341796875,1122.300048828125,1125.1199951171875,0,1133.3500494384766,1132.4960021972656
2017-10-31,1123.449951171875,1123.010009765625,1114.8299560546875,1121.9000244140625,0,1133.1007989501952,1132.464335123698
2017-11-01,1117.72998046875,1118.75,1108.4100341796875,1117.0,0,1132.8761987304688,1132.3253356933594
2017-11-02,1109.949951171875,1114.25,1109.0849609375,1111.0,0,1132.5857983398437,1131.8540018717447
2017-11-03,1111.7099609375,1117.719970703125,1110.0799560546875,1112.18994140625,0,1132.338048095703,1131.3238342285156
2017-11-06,1114.800048828125,1118.6199951171875,1109.6199951171875,1114.72998046875,0,1132.0586981201172,1130.879502360026
2017-11-07,1113.75,1115.18994140625,1108.8499755859375,1112.6400146484375,0,1131.7394482421876,1130.4600016276042
2017-11-08,1112.52001953125,1115.47998046875,1110.7099609375,1113.68994140625,0,1131.4559985351561,1130.082334391276
2017-11-09,1113.1099853515625,1119.0,1111.5999755859375,1112.469970703125,0,1131.275298461914,1129.7208333333333
2017-11-10,1116.8499755859375,1120.760009765625,1114.449951171875,1117.25,0,1131.0997985839845,1129.3269999186198
2017-11-13,1118.31005859375,1121.8699951171875,1117.5999755859375,1118.300048828125,0,1130.9778491210936,1128.9811665852865
2017-11-14,1119.4599609375,1120.3699951171875,1112.6700439453125,1118.550048828125,0,1130.8863488769532,1128.6733317057292
2017-11-15,1115.77001953125,1116.3699951171875,1100.8800048828125,1115.8499755859375,0,1130.8016491699218,1128.4168314615886
2017-11-17,1096.3900146484375,1100.030029296875,1091.5,1096.68994140625,0,1130.5730993652344,1127.932499186198
2017-11-20,1092.56005859375,1101.3800048828125,1094.199951171875,1096.75,0,1130.3127996826172,1127.3538330078125
2017-11-21,1096.0,1099.52001953125,1086.5150146484375,1095.6500244140625,0,1130.0432495117188,1126.940498860677
2017-11-22,1091.260009765625,1093.8199462890625,1084.6199951171875,1091.0,0,1129.7736492919921,1126.4946655273438
2017-11-23,1085.31005859375,1090.489990234375,1082.1700439453125,1085.3399658203125,0,1129.4566998291016,1125.847499593099
2017-11-24,1082.5899658203125,1086.8299560546875,1081.75,1084.1800537109375,0,1129.1798498535156,1125.1684997558593
2017-11-27,1084.949951171875,1090.969970703125,1084.56005859375,1084.800048828125,0,1128.9390997314454,1124.525331624349
2017-11-28,1090.06005859375,1090.8599853515625,1077.2900390625,1088.8499755859375,0,1128.6840002441406,1124.0438334147136
2017-11-29,1083.449951171875,1084.7900390625,1073.3299560546875,1083.1700439453125,0,1128.3532501220702,1123.2324991861979
2017-11-30,1080.6600341796875,1089.530029296875,1079.550048828125,1080.719970703125,0,1128.0367504882813,1122.382666015625
2017-12-01,1087.22998046875,1088.6600341796875,1080.8199462890625,1087.199951171875,0,1127.7670001220704,1121.6444986979166
2017-12-04,1082.510009765625,1089.8399658203125,1082.510009765625,1082.510009765625,0,1127.489800415039,1120.902498372396
2017-12-05,1085.22998046875,1088.4300537109375,1080.5999755859375,1085.489990234375,0,1127.256900024414,1120.1084981282552
2017-12-06,1085.22998046875,1096.239990234375,1086.0,1086.489990234375,0,1127.0308001708984,1119.3718302408854
2017-12-07,1092.5699462890625,1095.9300537109375,1089.8499755859375,1094.5899658203125,0,1126.8239501953126,1118.787996419271
2017-12-08,1092.43994140625,1095.760009765625,1089.8599853515625,1094.010009765625,0,1126.6021997070313,1118.1598286946614
2017-12-11,1091.8199462890625,1093.6099853515625,1084.8399658203125,1091.8399658203125,0,1126.3634497070314,1117.4704935709635
2017-12-12,1087.8299560546875,1092.6700439453125,1086.25,1086.25,0,1126.0530993652344,1116.7126586914062
2017-12-13,1091.260009765625,1093.8299560546875,1086.635009765625,1093.3299560546875,0,1125.749549560547,1116.0866597493489
2017-12-14,1084.1800537109375,1090.3499755859375,1083.4000244140625,1083.6800537109375,0,1125.3991998291015,1115.3169942220052
2017-12-15,1087.8199462890625,1090.9599609375,1085.385009765625,1087.780029296875,0,1125.0912493896485,1114.594325764974
2017-12-18,1089.030029296875,1091.1199951171875,1083.31005859375,1089.22998046875,0,1124.768299560547,1113.9056599934895
2017-12-19,1085.3800048828125,1088.4300537109375,1081.1700439453125,1085.030029296875,0,1124.3987994384765,1113.126826985677
2017-12-20,1084.199951171875,1086.0799560546875,1077.1199951171875,1085.219970703125,0,1124.0899993896485,1112.2998270670573
2017-12-21,1079.9599609375,1082.8299560546875,1077.0,1080.0999755859375,0,1123.7520489501953,1111.353826904297
2017-12-22,1080.2099609375,1080.949951171875,1074.824951171875,1080.0999755859375,0,1123.4119989013673,1110.269325764974
2017-12-25,1077.1099853515625,1079.5400390625,1075.6800537109375,1077.18994140625,0,1123.1605487060547,1109.122159830729
2017-12-26,1076.3599853515625,1078.1500244140625,1072.9000244140625,1078.0999755859375,0,1122.9072985839844,1107.9838256835938
2017-12-27,1075.0400390625,1076.18994140625,1071.6099853515625,1075.6500244140625,0,1122.6492486572265,1106.8628255208334
2017-12-28,1073.550048828125,1074.4000244140625,1066.43994140625,1069.550048828125,0,1122.4482489013672,1105.7224934895833
2017-12-29,1069.489990234375,1069.9200439453125,1062.56005859375,1069.5400390625,0,1122.1817987060547,1104.5089925130208
2018-01-01,1066.0699462890625,1070.510009765625,1065.010009765625,1066.050048828125,0,1121.9300982666016,1103.2438252766926
2018-01-02,1065.219970703125,1067.530029296875,1058.6500244140625,1065.3499755859375,0,1121.6500482177735,1101.9358256022135
2018-01-03,1062.5400390625,1072.75,1061.449951171875,1062.0699462890625,0,1121.3820483398438,1100.5978271484375
2018-01-04,1063.93994140625,1068.219970703125,1060.1600341796875,1065.050048828125,0,1121.1462481689452,1099.4324930826822
2018-01-05,1061.0799560546875,1064.3800048828125,1058.6500244140625,1062.550048828125,0,1120.8741479492187,1098.2589925130208
2018-01-08,1060.5,1069.6099853515625,1057.800048828125,1060.449951171875,0,1120.6268981933595,1097.0663248697917
2018-01-09,1067.68994140625,1072.0799560546875,1063.5,1068.5999755859375,0,1120.3802478027344,1096.0894897460937
2018-01-10,1071.739990234375,1072.4200439453125,1064.824951171875,1072.1500244140625,0,1120.163147583008,1095.1671569824218
2018-01-11,1069.6700439453125,1073.260009765625,1061.7349853515625,1070.1500244140625,0,1119.9303479003906,1094.1626586914062
2018-01-12,1065.1400146484375,1066.199951171875,1059.719970703125,1065.6500244140625,0,1119.6355480957031,1093.0583251953126
2018-01-15,1055.800048828125,1064.5999755859375,1055.81005859375,1055.81005859375,0,1119.279048461914,1091.856825764974
2018-01-16,1061.8199462890625,1067.1199951171875,1060.8599853515625,1062.699951171875,0,1118.9381481933594,1090.6578247070313
2018-01-17,1062.4599609375,1070.3499755859375,1061.9100341796875,1064.199951171875,0,1118.5704479980468,1089.5484903971353
2018-01-18,1066.56005859375,1071.760009765625,1065.5799560546875,1068.800048828125,0,1118.1930981445312,1088.4956583658854
2018-01-19,1069.68994140625,1070.5999755859375,1062.9000244140625,1070.199951171875,0,1117.818598022461,1087.5493245442708
2018-01-22,1066.3599853515625,1072.239990234375,1065.5799560546875,1066.0799560546875,0,1117.4832476806641,1086.5138244628906
2018-01-23,1068.81005859375,1077.530029296875,1065.9000244140625,1068.449951171875,0,1117.1522979736328,1085.5696594238282
2018-01-24,1072.760009765625,1072.800048828125,1060.81494140625,1072.800048828125,0,1116.839298095703,1084.7248270670573
2018-01-25,1064.4000244140625,1065.3599853515625,1055.2099609375,1064.199951171875,0,1116.5022979736327,1083.8359944661458
2018-01-26,1064.8900146484375,1066.52001953125,1058.0,1065.6500244140625,0,1116.1183477783204,1083.0849955240885
2018-01-29,1063.1300048828125,1072.6700439453125,1062.0999755859375,1062.800048828125,0,1115.724547729492,1082.2753295898438
2018-01-30,1069.7900390625,1074.8499755859375,1066.8299560546875,1070.3499755859375,0,1115.387947998047,1081.5251627604166
2018-01-31,1072.5400390625,1073.739990234375,1063.4300537109375,1071.699951171875,0,1115.082098388672,1080.838330078125
2018-02-01,1069.02001953125,1073.8599853515625,1067.1500244140625,1068.72998046875,0,1114.7579986572266,1080.113330078125
2018-02-02,1071.1800537109375,1089.5899658203125,1069.699951171875,1070.449951171875,0,1114.4865490722657,1079.4144978841146
2018-02-05,1090.010009765625,1091.1300048828125,1084.02001953125,1090.1500244140625,0,1114.277598876953,1078.9671651204428
2018-02-06,1093.300048828125,1098.489990234375,1081.3199462890625,1097.1500244140625,0,1114.0943994140625,1078.550331624349
2018-02-07,1079.260009765625,1087.0999755859375,1078.4200439453125,1081.5999755859375,0,1113.8124993896483,1077.880332438151
2018-02-08,1089.4200439453125,1095.1700439453125,1084.6400146484375,1089.199951171875,0,1113.5782995605468,1077.4411661783854
2018-02-09,1095.8599853515625,1097.8499755859375,1083.68994140625,1097.8499755859375,0,1113.4187994384765,1077.4323323567708
2018-02-12,1083.1700439453125,1086.1800537109375,1081.050048828125,1083.25,0,1113.1700994873047,1077.2758321126303
2018-02-13,1082.6099853515625,1086.699951171875,1078.8499755859375,1081.3499755859375,0,1112.9084497070312,1077.052665201823
2018-02-14,1083.77001953125,1085.1500244140625,1074.655029296875,1084.699951171875,0,1112.658699951172,1076.92783203125
2018-02-15,1070.010009765625,1072.4200439453125,1063.1300048828125,1069.97998046875,0,1112.3454998779298,1076.672831217448
2018-02-16,1063.0699462890625,1067.2900390625,1060.5150146484375,1063.0999755859375,0,1111.9715496826173,1076.3474975585937
2018-02-19,1065.6300048828125,1069.1600341796875,1064.5999755859375,1065.800048828125,0,1111.6494995117187,1076.025498453776
2018-02-20,1066.7099609375,1074.9300537109375,1065.739990234375,1067.550048828125,0,1111.367249145508,1075.6363301595052
2018-02-21,1072.5400390625,1077.199951171875,1070.0450439453125,1072.3499755859375,0,1111.1144494628907,1075.4544982910156
2018-02-22,1074.8599853515625,1085.760009765625,1076.18994140625,1076.18994140625,0,1110.9015991210938,1075.3578308105468
2018-02-23,1080.0799560546875,1081.260009765625,1074.2249755859375,1081.260009765625,0,1110.726998901367,1075.238663736979
2018-02-26,1075.0,1077.010009765625,1068.074951171875,1077.0,0,1110.4972491455078,1075.1134969075522
2018-02-27,1069.699951171875,1078.8499755859375,1068.010009765625,1070.219970703125,0,1110.2036987304687,1074.8546630859375
2018-02-28,1079.3900146484375,1084.0899658203125,1074.64501953125,1079.449951171875,0,1110.0155987548828,1074.7573303222657
2018-03-01,1085.3499755859375,1087.739990234375,1079.60498046875,1085.25,0,1109.8684484863281,1074.6369974772135
2018-03-02,1081.949951171875,1085.3199462890625,1075.6500244140625,1081.9100341796875,0,1109.6553485107422,1074.4621643066407
2018-03-05,1079.2099609375,1083.0799560546875,1075.6650390625,1078.9000244140625,0,1109.4594982910157,1074.2519978841146
2018-03-06,1076.6600341796875,1078.0,1059.489990234375,1074.8499755859375,0,1109.2449981689454,1074.0658325195313
2018-03-07,1063.1600341796875,1070.5699462890625,1063.93994140625,1064.3499755859375,0,1108.9670483398438,1073.597499593099
2018-03-08,1066.1500244140625,1075.449951171875,1065.8499755859375,1067.0999755859375,0,1108.6835986328124,1073.2969991048178
2018-03-09,1073.4599609375,1071.8699951171875,1063.739990234375,1071.8699951171875,0,1108.4313983154298,1073.057666015625
2018-03-12,1064.050048828125,1067.4200439453125,1062.260009765625,1064.3299560546875,0,1108.156548461914,1072.6413330078126
2018-03-13,1063.8599853515625,1067.5699462890625,1060.8299560546875,1063.8299560546875,0,1107.8706481933593,1072.282666015625
2018-03-14,1066.4000244140625,1068.68994140625,1060.239990234375,1066.06005859375,0,1107.6153985595704,1071.9860005696614
2018-03-15,1062.550048828125,1067.8499755859375,1061.6300048828125,1063.030029296875,0,1107.3433990478516,1071.6958353678385
2018-03-16,1068.75,1071.56005859375,1063.780029296875,1068.8399658203125,0,1107.099849243164,1071.5048360188803
2018-03-19,1070.2099609375,1074.300048828125,1068.31494140625,1070.0999755859375,0,1106.8351989746093,1071.3898356119792
2018-03-20,1072.1600341796875,1073.030029296875,1066.949951171875,1072.1400146484375,0,1106.5884490966796,1071.3198364257812
2018-03-21,1070.550048828125,1072.8299560546875,1069.4100341796875,1070.77001953125,0,1106.3206994628906,1071.2450032552083
2018-03-22,1063.9599609375,1080.469970703125,1063.8800048828125,1064.1400146484375,0,1105.9880493164062,1071.0851684570312
2018-03-23,1079.9000244140625,1083.52001953125,1075.094970703125,1080.5,0,1105.7547991943359,1071.2586690266928
2018-03-26,1082.530029296875,1082.8800048828125,1074.56494140625,1082.8699951171875,0,1105.57294921875,1071.5330037434896
2018-03-27,1074.300048828125,1075.72998046875,1067.1300048828125,1074.3299560546875,0,1105.2947497558594,1071.6843383789062
2018-03-28,1074.1199951171875,1074.52001953125,1061.9649658203125,1073.3499755859375,0,1105.0096496582032,1071.8773376464844
2018-03-29,1063.4100341796875,1067.7099609375,1060.449951171875,1062.949951171875,0,1104.6480499267577,1071.868505859375
2018-03-30,1062.0,1065.5400390625,1060.2900390625,1062.02001953125,0,1104.2538000488282,1071.8838399251301
2018-04-02,1060.989990234375,1062.06005859375,1052.0,1060.550048828125,0,1103.84625,1071.8920064290364
2018-04-03,1056.1600341796875,1058.8499755859375,1052.8199462890625,1056.22998046875,0,1103.4317999267578,1071.6998413085937
2018-04-04,1053.72998046875,1065.719970703125,1053.6500244140625,1053.760009765625,0,1103.0332000732421,1071.3996744791666
2018-04-05,1057.4300537109375,1063.300048828125,1055.5,1057.3699951171875,0,1102.6549505615235,1071.195674641927
2018-04-06,1061.6400146484375,1071.1800537109375,1061.68994140625,1061.68994140625,0,1102.263350830078,1071.1373413085937
2018-04-09,1070.4599609375,1071.31005859375,1064.22998046875,1069.6300048828125,0,1101.9271508789063,1071.3816731770833
2018-04-10,1068.77001953125,1071.739990234375,1063.030029296875,1069.68994140625,0,1101.5403009033203,1071.4975077311199
2018-04-11,1063.3800048828125,1069.6800537109375,1063.22998046875,1063.8299560546875,0,1101.1331506347656,1071.512841796875
2018-04-12,1065.75,1072.5799560546875,1064.3599853515625,1066.1199951171875,0,1100.7140008544923,1071.4993408203125
2018-04-13,1069.97998046875,1071.4200439453125,1067.0250244140625,1069.9300537109375,0,1100.3179010009765,1071.5041748046874
2018-04-16,1070.6600341796875,1075.0899658203125,1070.1600341796875,1070.5699462890625,0,1099.9069512939452,1071.5758422851563
2018-04-17,1069.52001953125,1069.8399658203125,1065.074951171875,1068.4599609375,0,1099.4727014160155,1071.5876749674478
2018-04-18,1066.0899658203125,1068.489990234375,1062.5999755859375,1066.199951171875,0,1099.0341009521485,1071.4765075683595
2018-04-19,1064.0699462890625,1066.9200439453125,1058.1500244140625,1064.969970703125,0,1098.6146008300782,1071.471006266276
2018-04-20,1066.239990234375,1073.22998046875,1063.800048828125,1065.280029296875,0,1098.260200805664,1071.493505859375
2018-04-23,1071.4100341796875,1079.52001953125,1066.25,1069.949951171875,0,1097.9341009521484,1071.6315063476563
2018-04-24,1080.1800537109375,1080.260009765625,1073.949951171875,1080.260009765625,0,1097.697451171875,1071.8046732584635
2018-04-25,1076.75,1084.050048828125,1074.0,1076.8499755859375,0,1097.4429010009765,1071.8748392740886
2018-04-26,1081.1700439453125,1081.1199951171875,1074.6500244140625,1080.5999755859375,0,1097.2274011230468,1072.0773396809896
2018-04-27,1076.7900390625,1078.68994140625,1065.969970703125,1076.8299560546875,0,1096.9938513183595,1072.170839436849
2018-04-30,1067.5999755859375,1070.22998046875,1064.77001953125,1066.93994140625,0,1096.7290509033203,1071.7973388671876
2018-05-01,1069.449951171875,1073.1199951171875,1068.3599853515625,1069.4100341796875,0,1096.4957507324218,1071.3998372395833
2018-05-02,1072.52001953125,1078.1300048828125,1071.5999755859375,1072.260009765625,0,1096.2888507080079,1071.2875040690103
2018-05-03,1078.81005859375,1079.9100341796875,1071.844970703125,1078.8699951171875,0,1096.0867010498048,1071.1106709798178
2018-05-04,1074.1199951171875,1078.6600341796875,1073.4599609375,1074.3499755859375,0,1095.898051147461,1070.7483378092447
2018-05-07,1073.3299560546875,1082.800048828125,1072.1199951171875,1073.18994140625,0,1095.6871508789063,1070.584336344401
2018-05-08,1078.3900146484375,1081.1300048828125,1073.9000244140625,1078.300048828125,0,1095.4588507080077,1070.514003499349
2018-05-09,1077.56005859375,1083.3199462890625,1074.8499755859375,1078.4300537109375,0,1095.253001098633,1070.4105041503906
2018-05-10,1077.97998046875,1080.43994140625,1064.7149658203125,1077.8299560546875,0,1095.0410510253905,1070.5433369954428
2018-05-11,1064.3699951171875,1070.77001953125,1064.0050048828125,1065.949951171875,0,1094.7524011230469,1070.5650044759116
2018-05-14,1065.949951171875,1070.010009765625,1063.9599609375,1066.81005859375,0,1094.4459008789063,1070.5703369140624
2018-05-15,1069.1600341796875,1078.6099853515625,1067.9000244140625,1069.300048828125,0,1094.1557012939454,1070.611171468099
2018-05-16,1078.8599853515625,1083.1800537109375,1075.43994140625,1079.4100341796875,0,1093.9232513427735,1070.71650390625
2018-05-17,1076.489990234375,1083.4100341796875,1076.4000244140625,1076.9300537109375,0,1093.6753515625,1070.743670654297
2018-05-18,1080.9100341796875,1085.77001953125,1075.75,1081.0699462890625,0,1093.3887518310546,1070.7575052897134
2018-05-21,1080.510009765625,1087.27001953125,1078.9449462890625,1079.93994140625,0,1093.0737017822266,1070.8493387858073
2018-05-22,1076.510009765625,1079.469970703125,1072.3399658203125,1076.6600341796875,0,1092.748952026367,1070.9628397623699
2018-05-23,1074.199951171875,1082.8900146484375,1075.719970703125,1076.4000244140625,0,1092.4253515625,1070.876338704427
2018-05-24,1074.7900390625,1085.219970703125,1075.2099609375,1075.2099609375,0,1092.1234014892577,1070.7003397623698
2018-05-25,1079.22998046875,1081.8699951171875,1074.489990234375,1079.199951171875,0,1091.845551147461,1070.6550069173177
2018-05-28,1073.6500244140625,1074.9200439453125,1070.530029296875,1073.7900390625,0,1091.5114013671875,1070.5623413085937
2018-05-29,1073.1700439453125,1083.800048828125,1072.75,1073.949951171875,0,1091.1819512939453,1070.5041748046874
2018-05-30,1083.9300537109375,1083.0400390625,1077.3050537109375,1082.75,0,1090.9119512939453,1070.850341796875
2018-05-31,1075.030029296875,1081.550048828125,1073.1700439453125,1075.739990234375,0,1090.6313012695311,1070.9983418782551
2018-06-01,1079.949951171875,1079.1800537109375,1070.9100341796875,1078.3499755859375,0,1090.4038012695312,1071.1065083821616
2018-06-04,1070.3599853515625,1071.969970703125,1067.0,1070.8399658203125,0,1090.1192010498046,1071.2116739908854
2018-06-05,1070.530029296875,1072.7900390625,1066.780029296875,1069.969970703125,0,1089.8678509521485,1071.322841389974
2018-06-06,1070.2900390625,1071.0400390625,1064.719970703125,1070.300048828125,0,1089.6292510986327,1071.387674967448
2018-06-07,1065.1500244140625,1071.300048828125,1064.75,1067.2099609375,0,1089.334301147461,1071.4310078938802
2018-06-08,1071.3299560546875,1077.699951171875,1069.6099853515625,1071.969970703125,0,1089.074301147461,1071.4740071614583
2018-06-11,1072.6500244140625,1076.1400146484375,1070.9100341796875,1072.699951171875,0,1088.8198510742188,1071.5146748860677
2018-06-12,1076.3800048828125,1079.219970703125,1071.8599853515625,1076.3299560546875,0,1088.6070013427734,1071.5850077311197
2018-06-13,1079.25,1087.010009765625,1079.1600341796875,1079.25,0,1088.3426013183594,1071.7300069173177
2018-06-14,1084.699951171875,1084.780029296875,1079.550048828125,1084.760009765625,0,1088.1078509521485,1072.0756734212239
2018-06-15,1090.77001953125,1104.5,1086.25,1087.75,0,1087.9041009521484,1072.2568400065104
2018-06-18,1103.8199462890625,1106.1600341796875,1101.780029296875,1102.43994140625,0,1087.7880505371095,1072.6116719563802
2018-06-19,1104.1600341796875,1116.739990234375,1101.739990234375,1102.6800537109375,0,1087.6445007324219,1073.1093383789062
2018-06-20,1111.1199951171875,1111.5400390625,1103.050048828125,1110.9200439453125,0,1087.552950439453,1073.726005045573
2018-06-21,1107.719970703125,1113.97998046875,1104.4599609375,1107.3800048828125,0,1087.453550415039,1074.4645039876302
2018-06-22,1109.6300048828125,1115.47998046875,1105.1949462890625,1108.6199951171875,0,1087.351050415039,1075.2583374023438
2018-06-25,1110.530029296875,1118.27001953125,1110.8499755859375,1110.8499755859375,0,1087.2378002929688,1076.084004720052
2018-06-26,1114.030029296875,1120.3699951171875,1112.3800048828125,1114.699951171875,0,1087.1414501953125,1077.0485046386718
2018-06-27,1117.5999755859375,1122.4599609375,1114.5350341796875,1117.949951171875,0,1087.0853503417968,1078.1130045572916
2018-06-28,1122.780029296875,1125.5400390625,1118.699951171875,1120.5999755859375,0,1087.0474505615234,1079.2021708170573
2018-06-29,1120.5400390625,1121.5999755859375,1110.2900390625,1120.4000244140625,0,1086.9942504882813,1080.183837890625
2018-07-02,1114.510009765625,1120.9000244140625,1113.5400390625,1114.1600341796875,0,1086.9150506591798,1080.9180053710938
2018-07-03,1118.1700439453125,1124.06005859375,1111.050048828125,1118.199951171875,0,1086.8453509521485,1081.7413391113282
2018-07-04,1113.3399658203125,1117.969970703125,1111.739990234375,1114.0999755859375,0,1086.7429510498048,1082.5740051269531
2018-07-05,1114.31005859375,1121.2099609375,1114.5799560546875,1115.02001953125,0,1086.630901489258,1083.383339436849
2018-07-06,1117.760009765625,1121.239990234375,1113.530029296875,1117.760009765625,0,1086.4933013916016,1084.1796732584635
2018-07-09,1113.6500244140625,1115.6300048828125,1108.77001953125,1114.280029296875,0,1086.3318518066405,1084.896173095703
2018-07-10,1112.47998046875,1117.81005859375,1108.300048828125,1112.47998046875,0,1086.170951538086,1085.6121724446614
2018-07-11,1112.56005859375,1124.719970703125,1117.800048828125,1117.800048828125,0,1086.022251586914,1086.3866739908854
2018-07-12,1127.1700439453125,1130.239990234375,1120.800048828125,1125.6800537109375,0,1085.948251953125,1087.4383422851563
2018-07-13,1122.6500244140625,1134.449951171875,1121.1199951171875,1122.72998046875,0,1085.8500018310547,1088.3785095214844
2018-07-16,1129.8499755859375,1130.22998046875,1123.5,1129.530029296875,0,1085.7893518066405,1089.3525085449219
2018-07-17,1126.9000244140625,1128.25,1121.199951171875,1126.0,0,1085.7053521728515,1090.1311747233074
2018-07-18,1125.550048828125,1133.93994140625,1125.300048828125,1126.300048828125,0,1085.6190026855468,1090.9445088704426
2018-07-19,1131.0899658203125,1140.5999755859375,1127.6500244140625,1128.4000244140625,0,1085.6051525878906,1091.7765075683594
2018-07-20,1134.47998046875,1138.68994140625,1125.9000244140625,1133.4000244140625,0,1085.6201025390626,1092.7380065917969
2018-07-23,1127.1600341796875,1136.9200439453125,1125.3299560546875,1126.75,0,1085.5956024169923,1093.730674235026
2018-07-24,1132.449951171875,1137.3900146484375,1124.5,1133.3199462890625,0,1085.6263519287108,1094.780674235026
2018-07-25,1127.97998046875,1130.050048828125,1117.699951171875,1127.050048828125,0,1085.6308520507812,1095.7050069173176
2018-07-26,1115.75,1124.18994140625,1116.260009765625,1117.050048828125,0,1085.55990234375,1096.3206726074218
2018-07-27,1123.1500244140625,1124.4599609375,1113.300048828125,1123.06005859375,0,1085.51865234375,1097.1378397623698
2018-07-30,1114.5999755859375,1120.52001953125,1112.7099609375,1115.0999755859375,0,1085.4522021484374,1097.8256734212239
2018-07-31,1116.6700439453125,1120.31005859375,1111.5999755859375,1115.5,0,1085.366752319336,1098.4636739095051
2018-08-01,1112.199951171875,1121.989990234375,1113.0,1113.010009765625,0,1085.282651977539,1099.0410054524739
2018-08-02,1118.5999755859375,1130.7900390625,1117.0,1118.0999755859375,0,1085.227001953125,1099.7180053710938
2018-08-03,1128.1500244140625,1130.219970703125,1120.4000244140625,1128.6500244140625,0,1085.2354022216796,1100.781005859375
2018-08-06,1122.9000244140625,1126.8699951171875,1121.1500244140625,1123.4000244140625,0,1085.207452392578,1101.7301737467449
2018-08-07,1125.4000244140625,1127.300048828125,1117.4000244140625,1125.5799560546875,0,1085.2071527099608,1102.6675069173177
2018-08-08,1116.25,1120.550048828125,1116.300048828125,1117.27001953125,0,1085.1711529541017,1103.290673828125
2018-08-09,1115.949951171875,1119.8499755859375,1115.0,1117.52001953125,0,1085.1622528076173,1103.94833984375
2018-08-10,1121.8900146484375,1130.4200439453125,1122.0999755859375,1123.0699462890625,0,1085.221953125,1104.6313395182292
2018-08-13,1130.9000244140625,1136.1600341796875,1128.989990234375,1130.75,0,1085.3179034423829,1105.471173095703
2018-08-14,1135.969970703125,1135.9000244140625,1126.0,1134.699951171875,0,1085.4237530517578,1106.4621724446615
2018-08-15,1126.75,1137.050048828125,1126.5999755859375,1126.5999755859375,0,1085.4887530517578,1107.3380065917968
2018-08-16,1136.3800048828125,1136.300048828125,1122.5,1136.300048828125,0,1085.6080529785156,1108.3645060221354
2018-08-17,1126.239990234375,1127.8399658203125,1120.800048828125,1126.22998046875,0,1085.6737030029296,1109.1480061848958
2018-08-20,1118.5,1123.719970703125,1118.449951171875,1118.8199462890625,0,1085.681953125,1109.8955057779947
2018-08-21,1116.8800048828125,1119.949951171875,1115.0999755859375,1117.47998046875,0,1085.6748028564452,1110.624005126953
2018-08-22,1116.0999755859375,1120.22998046875,1115.969970703125,1115.969970703125,0,1085.6580029296874,1111.1601704915365
2018-08-23,1117.5,1123.4100341796875,1117.75,1118.02001953125,0,1085.6666528320313,1111.8680033365886
2018-08-24,1126.1500244140625,1125.6400146484375,1111.5999755859375,1123.199951171875,0,1085.8154528808593,1112.6380045572917
2018-08-27,1111.1700439453125,1115.8900146484375,1107.300048828125,1112.050048828125,0,1085.9085028076172,1113.3181722005208
2018-08-28,1108.22998046875,1111.3900146484375,1103.300048828125,1109.739990234375,0,1085.9696527099609,1113.9465047200522
2018-08-29,1106.8800048828125,1114.219970703125,1105.5999755859375,1107.260009765625,0,1086.0477526855468,1114.556337483724
2018-08-30,1108.449951171875,1113.4100341796875,1106.1800537109375,1108.780029296875,0,1086.1634521484375,1115.2780029296875
2018-08-31,1115.449951171875,1118.1800537109375,1110.800048828125,1114.8900146484375,0,1086.3277520751953,1116.0133361816406
2018-09-03,1114.81005859375,1117.5400390625,1107.5,1114.780029296875,0,1086.4770526123048,1116.7160034179688
2018-09-04,1113.5,1121.3399658203125,1109.800048828125,1110.199951171875,0,1086.594252319336,1117.3346700032553
2018-09-05,1121.300048828125,1125.239990234375,1112.75,1116.800048828125,0,1086.7835028076172,1118.0355041503906
2018-09-06,1118.0999755859375,1124.5400390625,1116.4599609375,1118.510009765625,0,1086.9707025146483,1118.5921712239583
2018-09-07,1124.699951171875,1125.300048828125,1119.0,1122.6500244140625,0,1087.1580523681641,1119.1576700846354
2018-09-10,1126.8499755859375,1130.1500244140625,1124.8499755859375,1126.8299560546875,0,1087.3797521972656,1119.54150390625
2018-09-11,1136.77001953125,1136.75,1123.02001953125,1136.75,0,1087.637452392578,1120.0850036621093
2018-09-12,1125.300048828125,1129.449951171875,1119.5,1123.8199462890625,0,1087.837802734375,1120.321337890625
2018-09-13,1125.75,1124.050048828125,1116.5,1120.5899658203125,0,1088.0037030029298,1120.6218383789062
2018-09-14,1120.550048828125,1121.3699951171875,1114.5999755859375,1119.030029296875,0,1088.144253540039,1120.8038391113282
2018-09-17,1120.9000244140625,1129.1500244140625,1120.9000244140625,1120.97998046875,0,1088.2896539306641,1120.9766723632813
2018-09-18,1125.6199951171875,1129.9000244140625,1121.0999755859375,1126.52001953125,0,1088.4786041259765,1121.1698384602864
2018-09-19,1120.800048828125,1124.949951171875,1118.300048828125,1120.8299560546875,0,1088.6263043212891,1121.2231730143228
2018-09-20,1122.25,1122.3800048828125,1115.9000244140625,1117.699951171875,0,1088.8166540527343,1121.2143391927084
2018-09-21,1116.4000244140625,1118.469970703125,1111.5999755859375,1117.719970703125,0,1088.9595544433594,1121.1453389485678
2018-09-24,1114.0999755859375,1120.93994140625,1113.9300537109375,1114.1500244140625,0,1089.0849041748047,1121.1385050455729
2018-09-25,1117.8499755859375,1120.010009765625,1116.4000244140625,1117.800048828125,0,1089.2472540283204,1121.1331705729167
2018-09-26,1115.8299560546875,1118.1800537109375,1112.9000244140625,1116.5999755859375,0,1089.4054040527344,1121.1746704101563
2018-09-27,1114.1700439453125,1116.0,1108.800048828125,1115.1199951171875,0,1089.5764544677734,1121.1723368326823
2018-09-28,1112.31005859375,1114.47998046875,1106.199951171875,1113.280029296875,0,1089.7369549560547,1121.081504313151
2018-10-01,1109.010009765625,1112.199951171875,1108.030029296875,1109.02001953125,0,1089.896455078125,1121.004170735677
2018-10-02,1112.25,1121.6600341796875,1111.9200439453125,1111.9200439453125,0,1090.0759051513671,1121.0003377278647
2018-10-03,1117.5,1121.5999755859375,1115.9000244140625,1117.5,0,1090.2882049560546,1121.0826700846353
2018-10-04,1125.4200439453125,1131.5999755859375,1123.300048828125,1123.300048828125,0,1090.5475549316407,1121.0535034179688
2018-10-05,1132.9000244140625,1132.1300048828125,1126.800048828125,1131.699951171875,0,1090.8646051025391,1121.2243367513022
2018-10-08,1131.0999755859375,1138.75,1128.530029296875,1131.1300048828125,0,1091.1897552490234,1121.2451700846354
2018-10-09,1133.199951171875,1138.0899658203125,1131.0,1134.050048828125,0,1091.5296551513673,1121.3501688639324
2018-10-10,1132.4000244140625,1139.8299560546875,1128.800048828125,1128.800048828125,0,1091.878955078125,1121.464335123698
2018-10-11,1142.8499755859375,1146.0899658203125,1132.300048828125,1141.6800537109375,0,1092.2735052490234,1121.6603352864583
2018-10-12,1134.300048828125,1136.4300537109375,1128.6500244140625,1134.300048828125,0,1092.6396057128907,1121.6573364257813
2018-10-15,1131.18994140625,1134.6400146484375,1125.800048828125,1130.6400146484375,0,1092.9930554199218,1121.724501546224
2018-10-16,1135.1700439453125,1132.27001953125,1120.5999755859375,1129.300048828125,0,1093.3304559326173,1121.7698364257812
2018-10-17,1122.1500244140625,1127.9000244140625,1121.0699462890625,1123.030029296875,0,1093.5825061035157,1121.6726704915366
2018-10-18,1127.0999755859375,1137.43994140625,1127.1500244140625,1127.1500244140625,0,1093.8696557617188,1121.861836751302
2018-10-19,1136.5999755859375,1139.7900390625,1128.0,1136.699951171875,0,1094.2269555664063,1122.0860026041667
2018-10-22,1131.5999755859375,1135.56005859375,1126.4599609375,1131.1700439453125,0,1094.6059552001952,1122.3693359375
2018-10-23,1131.25,1139.0799560546875,1132.68994140625,1132.719970703125,0,1094.95310546875,1122.6123352050781
2018-10-24,1136.6400146484375,1138.6099853515625,1127.97998046875,1136.800048828125,0,1095.3240057373048,1123.019669596354
2018-10-25,1137.56005859375,1140.5699462890625,1133.699951171875,1137.5699462890625,0,1095.6790057373046,1123.3356709798177
2018-10-26,1135.22998046875,1144.5799560546875,1135.0799560546875,1135.0799560546875,0,1096.0067059326173,1123.4536702473958
2018-10-29,1139.5,1143.5,1135.2099609375,1139.56005859375,0,1096.3724060058594,1123.7303365071614
2018-10-30,1142.0799560546875,1143.3199462890625,1135.9000244140625,1143.0999755859375,0,1096.738755493164,1124.0083353678385
2018-10-31,1137.699951171875,1142.1099853515625,1136.800048828125,1138.97998046875,0,1097.0634552001952,1124.3658345540364
2018-11-01,1140.969970703125,1141.7099609375,1124.0999755859375,1140.949951171875,0,1097.4463049316407,1124.7828348795572
2018-11-02,1129.050048828125,1128.4100341796875,1110.199951171875,1124.0,0,1097.767105102539,1124.902168782552
2018-11-05,1116.0999755859375,1124.7900390625,1116.0,1116.1099853515625,0,1098.0319549560547,1124.6555013020834
2018-11-06,1121.56005859375,1125.52001953125,1118.5,1120.5799560546875,0,1098.290805053711,1124.4153361002604
2018-11-07,1119.949951171875,1124.9000244140625,1115.5999755859375,1120.3800048828125,0,1098.5278546142579,1124.302001953125
2018-11-08,1115.3699951171875,1119.8699951171875,1112.300048828125,1117.1700439453125,0,1098.7596044921875,1123.951835123698
2018-11-09,1119.5699462890625,1130.6800537109375,1119.68994140625,1119.68994140625,0,1099.0015539550782,1123.8406677246094
2018-11-12,1130.949951171875,1138.969970703125,1128.3800048828125,1130.8800048828125,0,1099.2062536621095,1124.0481669108074
2018-11-13,1137.4599609375,1140.5400390625,1129.4000244140625,1138.25,0,1099.4270532226562,1124.3911661783854
2018-11-14,1131.1300048828125,1136.8800048828125,1127.4000244140625,1131.2099609375,0,1099.6864031982423,1124.6416666666667
2018-11-15,1131.199951171875,1133.6700439453125,1125.800048828125,1131.1199951171875,0,1099.895302734375,1124.869999186198
2018-11-16,1127.0,1132.27001953125,1123.5999755859375,1127.219970703125,0,1100.0510028076171,1124.8841654459636
2018-11-19,1120.4000244140625,1130.5799560546875,1122.5999755859375,1122.75,0,1100.237152709961,1125.037998453776
2018-11-20,1126.18994140625,1130.1400146484375,1124.4000244140625,1124.4000244140625,0,1100.4550524902343,1125.3373311360676
2018-11-21,1128.4000244140625,1133.469970703125,1126.0,1129.3499755859375,0,1100.6782025146485,1125.6959981282553
2018-11-22,1137.31005859375,1130.6800537109375,1126.760009765625,1126.800048828125,0,1101.014702758789,1126.1769999186197
2018-11-23,1135.5,1133.31005859375,1127.0,1128.199951171875,0,1101.3768530273437,1126.5111673990884
2018-11-26,1133.5,1133.550048828125,1125.199951171875,1133.31005859375,0,1101.7162030029297,1126.822666422526
2018-11-27,1129.030029296875,1130.75,1126.25,1129.4100341796875,0,1102.0278033447266,1127.0815002441407
2018-11-28,1130.3699951171875,1131.6700439453125,1124.4000244140625,1130.3599853515625,0,1102.316953125,1127.232666015625
2018-11-29,1121.1199951171875,1124.0400390625,1117.0,1118.5999755859375,0,1102.548253173828,1127.2829996744792
2018-11-30,1117.02001953125,1122.8699951171875,1116.800048828125,1117.0799560546875,0,1102.732953491211,1127.1550008138022
2018-12-03,1117.1500244140625,1117.9000244140625,1107.719970703125,1116.949951171875,0,1102.9437036132813,1126.9933349609375
2018-12-04,1108.300048828125,1113.25,1103.0,1108.3800048828125,0,1103.1367041015626,1126.5188354492188
2018-12-05,1110.6300048828125,1115.7900390625,1110.030029296875,1110.6099853515625,0,1103.2929040527345,1126.2743347167968
2018-12-06,1111.6600341796875,1123.68994140625,1113.0999755859375,1114.199951171875,0,1103.4244543457032,1126.039501953125
2018-12-07,1119.5999755859375,1124.75,1115.050048828125,1119.47998046875,0,1103.6127044677735,1126.0236673990885
2018-12-10,1122.699951171875,1130.6600341796875,1121.1700439453125,1123.47998046875,0,1103.8301544189453,1126.0536661783854
2018-12-11,1131.5,1133.31005859375,1125.0999755859375,1131.550048828125,0,1104.1043542480468,1126.1516662597655
2018-12-12,1127.6199951171875,1130.25,1122.800048828125,1126.300048828125,0,1104.4266540527344,1126.26533203125
2018-12-13,1123.8499755859375,1126.3399658203125,1120.300048828125,1123.31005859375,0,1104.7151538085936,1126.2919982910157
2018-12-14,1127.02001953125,1134.8199462890625,1123.280029296875,1127.02001953125,0,1104.9829541015624,1126.4689982096354
2018-12-17,1131.6500244140625,1132.5999755859375,1128.699951171875,1131.4599609375,0,1105.3209539794923,1126.7614990234374
2018-12-18,1128.1500244140625,1131.43994140625,1125.5999755859375,1128.199951171875,0,1105.6424041748046,1126.9331665039062
2018-12-19,1125.0699462890625,1127.0999755859375,1118.699951171875,1125.050048828125,0,1105.9357537841797,1127.0871663411458
2018-12-20,1128.1300048828125,1130.8499755859375,1118.9000244140625,1127.8199462890625,0,1106.263653564453,1127.3198323567708
2018-12-21,1120.030029296875,1125.969970703125,1118.699951171875,1121.800048828125,0,1106.5200537109374,1127.4484985351562
2018-12-24,1127.5,1127.6300048828125,1122.3900146484375,1127.6300048828125,0,1106.80650390625,1127.7566650390625
2018-12-25,1123.22998046875,1125.550048828125,1121.800048828125,1123.5699462890625,0,1107.0618536376953,1127.9396647135416
2018-12-26,1122.6300048828125,1126.449951171875,1122.5,1122.72998046875,0,1107.3222534179688,1128.025164794922
2018-12-27,1123.52001953125,1123.5999755859375,1118.0999755859375,1122.530029296875,0,1107.6200537109376,1127.993497721354
2018-12-28,1119.5999755859375,1121.27001953125,1113.3299560546875,1118.199951171875,0,1107.8185534667969,1127.7718302408855
2018-12-31,1116.300048828125,1116.3499755859375,1108.5,1116.3499755859375,0,1107.9874035644532,1127.525164794922
2019-01-01,1112.5,1113.4000244140625,1111.0,1112.449951171875,0,1108.1784033203126,1127.1801656087239
2019-01-02,1113.800048828125,1122.4200439453125,1113.0,1113.8299560546875,0,1108.3768035888672,1126.870166015625
2019-01-03,1122.1800537109375,1130.02001953125,1121.8699951171875,1121.8699951171875,0,1108.6706536865233,1126.5256673177084
2019-01-04,1124.1199951171875,1127.75,1115.9000244140625,1123.989990234375,0,1108.9812536621093,1126.3559997558593
2019-01-07,1114.4000244140625,1120.280029296875,1114.199951171875,1114.4000244140625,0,1109.2483038330079,1126.0761678059896
2019-01-08,1116.4000244140625,1126.530029296875,1116.300048828125,1116.3800048828125,0,1109.5495037841797,1125.7633341471353
2019-01-09,1121.050048828125,1124.469970703125,1116.5400390625,1121.6300048828125,0,1109.8861041259765,1125.7450012207032
2019-01-10,1118.6700439453125,1121.719970703125,1114.9000244140625,1117.47998046875,0,1110.1923040771485,1125.6045023600261
2019-01-11,1116.550048828125,1120.1300048828125,1112.4000244140625,1117.280029296875,0,1110.466854248047,1125.2703369140625
2019-01-14,1118.5999755859375,1123.719970703125,1117.699951171875,1118.3299560546875,0,1110.707554321289,1125.0536702473958
2019-01-15,1122.0,1123.530029296875,1117.3199462890625,1121.1600341796875,0,1110.973704223633,1124.899503580729
2019-01-16,1122.4000244140625,1124.1199951171875,1116.800048828125,1122.550048828125,0,1111.268804321289,1124.6621704101562
2019-01-17,1118.77001953125,1125.1400146484375,1118.5999755859375,1118.699951171875,0,1111.5339044189452,1124.349003092448
2019-01-18,1120.550048828125,1125.6099853515625,1118.699951171875,1119.0999755859375,0,1111.7867547607423,1124.104337565104
2019-01-21,1125.7900390625,1132.4200439453125,1123.300048828125,1125.760009765625,0,1112.0624047851563,1123.875838216146
2019-01-22,1132.3699951171875,1133.5699462890625,1127.9200439453125,1132.3900146484375,0,1112.376654663086,1123.714005533854
2019-01-23,1130.1500244140625,1130.8199462890625,1125.1099853515625,1129.9000244140625,0,1112.6969549560547,1123.588173421224
2019-01-24,1125.3299560546875,1130.52001953125,1124.300048828125,1125.030029296875,0,1113.0032550048827,1123.3275065104167
2019-01-25,1126.75,1128.6199951171875,1115.9000244140625,1126.6300048828125,0,1113.3058050537109,1123.2891723632813
2019-01-28,1118.010009765625,1119.9000244140625,1113.9200439453125,1117.550048828125,0,1113.5388049316407,1123.321006266276
2019-01-29,1119.699951171875,1120.31005859375,1115.0799560546875,1118.6300048828125,0,1113.7364044189453,1123.2900044759115
2019-01-30,1117.8699951171875,1118.699951171875,1115.0,1117.6099853515625,0,1113.9420043945313,1123.2553385416666
2019-01-31,1109.0,1114.0,1108.030029296875,1110.300048828125,0,1114.0811541748046,1123.1491719563803
2019-02-01,1111.550048828125,1119.3299560546875,1110.0,1111.5699462890625,0,1114.254954223633,1123.015506998698
2019-02-04,1118.300048828125,1122.3900146484375,1117.199951171875,1118.3199462890625,0,1114.5084545898437,1122.8046752929688
2019-02-05,1121.0999755859375,1121.4100341796875,1116.0,1120.0999755859375,0,1114.7667047119141,1122.5320088704427
2019-02-06,1118.699951171875,1121.530029296875,1116.9300537109375,1118.760009765625,0,1114.9976043701172,1122.3248413085937
2019-02-07,1121.6300048828125,1126.6800537109375,1119.530029296875,1121.2900390625,0,1115.2117041015624,1122.165342203776
2019-02-08,1123.75,1126.75,1120.300048828125,1123.760009765625,0,1115.4598541259766,1122.1111755371094
2019-02-11,1122.8800048828125,1126.8499755859375,1121.6300048828125,1122.5899658203125,0,1115.7076043701172,1122.1525085449218
2019-02-12,1125.02001953125,1126.9200439453125,1120.9000244140625,1124.9300537109375,0,1115.9407543945313,1122.1330098470053
2019-02-13,1120.300048828125,1124.3900146484375,1119.1300048828125,1119.699951171875,0,1116.154454345703,1121.9980102539062
2019-02-14,1123.719970703125,1129.1400146484375,1123.030029296875,1123.989990234375,0,1116.383154296875,1121.7715087890624
2019-02-15,1128.300048828125,1130.6300048828125,1123.800048828125,1124.699951171875,0,1116.7028045654297,1121.6515096028645
2019-02-18,1125.31005859375,1126.739990234375,1122.0,1125.2099609375,0,1116.9996051025391,1121.515010579427
2019-02-19,1124.280029296875,1128.510009765625,1123.5,1125.4200439453125,0,1117.275205078125,1121.4358439127604
2019-02-20,1121.4200439453125,1124.18994140625,1119.0,1121.81005859375,0,1117.4880053710938,1121.2866780598958
2019-02-21,1121.719970703125,1127.0400390625,1121.3900146484375,1121.6600341796875,0,1117.7141552734374,1121.2966776529947
2019-02-22,1124.1500244140625,1126.4200439453125,1120.9000244140625,1124.300048828125,0,1117.9303552246095,1121.4155110677084
2019-02-25,1122.31005859375,1122.6500244140625,1114.699951171875,1122.1600341796875,0,1118.13935546875,1121.5015116373697
2019-02-26,1117.199951171875,1119.18994140625,1115.300048828125,1116.8499755859375,0,1118.3428051757812,1121.649843343099
2019-02-27,1114.300048828125,1120.31005859375,1114.7099609375,1114.7099609375,0,1118.5433056640625,1121.7110107421875
2019-02-28,1115.0999755859375,1125.3699951171875,1116.5,1116.5,0,1118.7448553466797,1121.7683430989584
2019-03-01,1124.219970703125,1127.3699951171875,1123.0999755859375,1124.4000244140625,0,1118.9698052978515,1121.8453430175782
2019-03-04,1126.81005859375,1127.8900146484375,1123.1300048828125,1126.72998046875,0,1119.23560546875,1121.9138448079427
2019-03-05,1128.1500244140625,1128.199951171875,1123.800048828125,1128.199951171875,0,1119.5105053710938,1121.8580118815105
2019-03-06,1126.199951171875,1129.93994140625,1124.300048828125,1125.5,0,1119.7218548583985,1121.8343444824218
2019-03-07,1127.0,1133.75,1125.4000244140625,1127.3399658203125,0,1119.981704711914,1121.886844889323
2019-03-08,1133.0699462890625,1137.72998046875,1130.8699951171875,1132.5999755859375,0,1120.2473046875,1121.9876770019532
2019-03-11,1134.06005859375,1135.8199462890625,1131.4000244140625,1133.72998046875,0,1120.5658050537108,1122.0278442382812
2019-03-12,1130.77001953125,1131.300048828125,1126.0999755859375,1130.75,0,1120.867005004883,1122.0715108235677
2019-03-13,1127.27001953125,1133.43994140625,1127.0,1127.27001953125,0,1121.1519049072265,1122.1081787109374
2019-03-14,1129.5899658203125,1136.4599609375,1128.3699951171875,1129.6300048828125,0,1121.4741046142578,1122.1325113932292
2019-03-15,1135.4200439453125,1138.97998046875,1131.969970703125,1135.0999755859375,0,1121.7945550537108,1122.3890116373698
2019-03-18,1132.72998046875,1136.3599853515625,1130.1199951171875,1134.8299560546875,0,1122.0949548339843,1122.4761779785156
2019-03-19,1131.199951171875,1133.22998046875,1127.5999755859375,1130.8199462890625,0,1122.3690545654297,1122.6090108235678
2019-03-20,1129.719970703125,1131.5799560546875,1126.800048828125,1129.7900390625,0,1122.6214044189453,1122.727176920573
2019-03-21,1125.0,1129.1800537109375,1122.699951171875,1124.8499755859375,0,1122.8229046630859,1122.7518432617187
2019-03-22,1127.77001953125,1138.18994140625,1126.8900146484375,1127.75,0,1123.007904663086,1122.8880106608074
2019-03-25,1135.1400146484375,1136.239990234375,1131.300048828125,1134.699951171875,0,1123.1645050048828,1123.202010091146
2019-03-26,1133.8499755859375,1134.6500244140625,1129.800048828125,1132.0899658203125,0,1123.312954711914,1123.557843017578
2019-03-27,1133.9300537109375,1139.06005859375,1132.4000244140625,1134.2099609375,0,1123.4270050048829,1123.8933430989584
2019-03-28,1138.5,1139.3299560546875,1134.5,1137.800048828125,0,1123.5809051513672,1124.165342203776
2019-03-29,1134.3199462890625,1137.47998046875,1133.5999755859375,1134.0999755859375,0,1123.7043548583983,1124.335341389974
2019-04-01,1136.699951171875,1136.6500244140625,1130.3900146484375,1136.550048828125,0,1123.8352044677733,1124.7070068359376
2019-04-02,1132.6700439453125,1138.6800537109375,1131.25,1132.1700439453125,0,1123.9284045410157,1124.978173828125
2019-04-03,1136.3900146484375,1137.0400390625,1131.5999755859375,1136.719970703125,0,1124.0223547363282,1125.2338399251303
2019-04-04,1133.530029296875,1138.739990234375,1132.4000244140625,1133.6199951171875,0,1124.076104736328,1125.4815063476562
2019-04-05,1134.300048828125,1138.5699462890625,1134.199951171875,1136.3199462890625,0,1124.1449047851563,1125.7773396809896
2019-04-08,1136.68994140625,1146.3499755859375,1136.199951171875,1136.3299560546875,0,1124.2558044433595,1126.078839111328
2019-04-09,1141.1099853515625,1143.6099853515625,1138.0999755859375,1141.3800048828125,0,1124.3705041503906,1126.3973388671875
2019-04-10,1140.0999755859375,1143.56005859375,1136.199951171875,1140.1300048828125,0,1124.5043041992187,1126.6923380533854
2019-04-11,1135.9000244140625,1141.56005859375,1136.9000244140625,1136.9000244140625,0,1124.6122540283204,1126.9778381347655
2019-04-12,1140.989990234375,1142.6099853515625,1131.800048828125,1140.93994140625,0,1124.7284039306642,1127.3185038248698
2019-04-15,1133.4300537109375,1135.760009765625,1131.0,1133.97998046875,0,1124.8273040771485,1127.4458374023438
2019-04-16,1133.199951171875,1137.2900390625,1132.300048828125,1133.8499755859375,0,1124.930903930664,1127.4596700032553
2019-04-17,1135.699951171875,1137.56005859375,1130.800048828125,1136.469970703125,0,1125.0466033935547,1127.5521687825521
2019-04-18,1130.199951171875,1138.1099853515625,1131.199951171875,1131.300048828125,0,1125.0617529296876,1127.6333353678385
2019-04-19,1136.1099853515625,1137.510009765625,1134.81005859375,1136.18994140625,0,1125.129052734375,1127.7893351236978
2019-04-22,1134.5,1142.6099853515625,1134.489990234375,1134.489990234375,0,1125.1523028564452,1128.0641682942708
2019-04-23,1140.0400390625,1145.02001953125,1138.31005859375,1140.0,0,1125.2180029296876,1128.4031697591147
2019-04-24,1142.0,1157.52001953125,1141.5999755859375,1142.0699462890625,0,1125.3002526855469,1128.8053365071614
2019-04-25,1155.260009765625,1165.260009765625,1155.280029296875,1155.31005859375,0,1125.4211029052735,1129.5763366699218
2019-04-26,1159.0,1162.56005859375,1156.0899658203125,1158.6300048828125,0,1125.5437030029298,1130.367169189453
2019-04-29,1157.72998046875,1160.8800048828125,1156.4000244140625,1156.5,0,1125.696552734375,1131.0243347167968
2019-04-30,1158.7900390625,1168.780029296875,1158.3299560546875,1158.3299560546875,0,1125.8282531738282,1131.6525024414063
2019-05-01,1163.260009765625,1163.800048828125,1159.8900146484375,1163.800048828125,0,1126.0046533203124,1132.3951700846353
2019-05-02,1164.6700439453125,1168.1300048828125,1159.7099609375,1164.6800537109375,0,1126.249253540039,1133.1125040690104
2019-05-03,1166.1099853515625,1171.6800537109375,1163.4000244140625,1167.3599853515625,0,1126.4640533447266,1133.8185038248698
2019-05-06,1163.3299560546875,1173.1400146484375,1163.3299560546875,1163.3399658203125,0,1126.7077032470704,1134.4926696777343
2019-05-07,1168.050048828125,1173.6500244140625,1165.52001953125,1168.010009765625,0,1126.9646032714843,1135.2098368326822
2019-05-08,1171.300048828125,1173.0699462890625,1167.22998046875,1171.3599853515625,0,1127.2601037597656,1136.0598368326823
2019-05-09,1172.18994140625,1185.4100341796875,1169.5999755859375,1172.219970703125,0,1127.5280535888671,1136.8676696777343
2019-05-10,1179.18994140625,1182.3199462890625,1174.4000244140625,1179.1099853515625,0,1127.7832531738281,1137.7158345540365
2019-05-13,1174.4200439453125,1190.050048828125,1174.18994140625,1174.260009765625,0,1128.0408532714844,1138.534334309896
2019-05-14,1187.1800537109375,1189.3499755859375,1183.699951171875,1187.9000244140625,0,1128.3497534179687,1139.5826680501302
2019-05-15,1186.9300537109375,1191.8299560546875,1186.0,1187.4599609375,0,1128.7031536865234,1140.674501546224
2019-05-16,1186.0400390625,1192.199951171875,1185.800048828125,1185.800048828125,0,1129.0536041259766,1141.7465026855468
2019-05-17,1190.489990234375,1195.6600341796875,1188.5899658203125,1190.8900146484375,0,1129.3966040039063,1142.852168782552
2019-05-20,1193.8299560546875,1194.8299560546875,1190.530029296875,1193.8199462890625,0,1129.7112536621094,1144.0441670735677
2019-05-21,1193.3299560546875,1196.22998046875,1190.0,1191.550048828125,0,1129.9980535888672,1145.3130004882812
2019-05-23,1188.800048828125,1194.0999755859375,1187.0,1190.31005859375,0,1130.3083038330078,1146.554667154948
2019-05-24,1188.800048828125,1191.0,1184.300048828125,1188.6099853515625,0,1130.5704040527344,1147.7830017089843
2019-05-27,1185.0,1186.1500244140625,1181.0,1185.550048828125,0,1130.8642041015626,1148.7960021972656
2019-05-28,1182.31005859375,1189.8800048828125,1182.800048828125,1184.449951171875,0,1131.1832543945313,1149.7210021972655
2019-05-29,1187.5799560546875,1195.8699951171875,1187.3900146484375,1187.3900146484375,0,1131.5367541503906,1150.7115010579428
2019-05-30,1192.2099609375,1191.780029296875,1186.8299560546875,1191.010009765625,0,1131.9173040771484,1151.8116678873698
2019-05-31,1188.3800048828125,1194.0799560546875,1187.5,1187.5,0,1132.2717041015626,1152.83466796875
2019-06-03,1187.8699951171875,1189.22998046875,1178.0999755859375,1187.800048828125,0,1132.580303955078,1153.7480021158854
2019-06-04,1178.3499755859375,1184.0999755859375,1177.6300048828125,1177.6400146484375,0,1132.9162036132811,1154.4861673990886
2019-06-05,1176.050048828125,1181.31005859375,1171.6500244140625,1177.6800537109375,0,1133.255303955078,1155.2408345540364
2019-06-06,1178.739990234375,1181.72998046875,1177.300048828125,1178.7900390625,0,1133.614603881836,1156.0986673990885
2019-06-07,1177.0,1186.260009765625,1176.9100341796875,1178.06005859375,0,1133.9573541259765,1156.8888346354167
2019-06-10,1180.760009765625,1187.4599609375,1179.6300048828125,1179.949951171875,0,1134.2839044189452,1157.6445007324219
2019-06-11,1182.0999755859375,1185.300048828125,1177.5,1184.199951171875,0,1134.6203540039062,1158.467333984375
2019-06-12,1177.97998046875,1184.5,1177.699951171875,1178.25,0,1134.94275390625,1159.247001139323
2019-06-13,1183.4300537109375,1187.030029296875,1180.9000244140625,1183.5999755859375,0,1135.253403930664,1160.1421691894532
2019-06-14,1181.0799560546875,1186.6099853515625,1181.010009765625,1182.2900390625,0,1135.5683038330078,1161.076835123698
2019-06-17,1185.8900146484375,1187.760009765625,1183.5,1185.550048828125,0,1135.8742541503907,1162.0455017089844
2019-06-18,1185.3499755859375,1187.22998046875,1172.5999755859375,1185.5899658203125,0,1136.1667541503907,1162.8823343912761
2019-06-19,1173.5799560546875,1178.280029296875,1172.9000244140625,1174.300048828125,0,1136.3508038330078,1163.544500732422
2019-06-20,1170.300048828125,1173.1800537109375,1156.5999755859375,1170.31005859375,0,1136.5758038330077,1164.1506673177084
2019-06-21,1157.2099609375,1164.030029296875,1156.9000244140625,1158.4000244140625,0,1136.7331036376954,1164.4625
2019-06-24,1158.31005859375,1160.5,1153.800048828125,1157.8499755859375,0,1136.9219036865234,1164.8623352050781
2019-06-25,1152.469970703125,1156.4100341796875,1151.699951171875,1154.280029296875,0,1137.0797534179687,1165.1251688639322
2019-06-26,1155.7099609375,1159.6500244140625,1151.0999755859375,1155.2900390625,0,1137.2302032470702,1165.5091674804687
2019-06-27,1152.5,1158.1800537109375,1153.0799560546875,1153.0799560546875,0,1137.3887030029298,1165.7776672363282
2019-06-28,1155.510009765625,1158.550048828125,1152.800048828125,1156.4300537109375,0,1137.555003051758,1166.1440002441407
2019-07-01,1155.5999755859375,1163.8499755859375,1149.2099609375,1155.489990234375,0,1137.7510028076172,1166.4989990234376
2019-07-02,1159.75,1168.1300048828125,1159.7900390625,1159.7900390625,0,1137.9792529296874,1166.8833333333334
2019-07-03,1165.5799560546875,1172.22998046875,1165.1400146484375,1165.9200439453125,0,1138.2179028320313,1167.2911661783853
2019-07-04,1168.8699951171875,1171.4599609375,1166.199951171875,1167.300048828125,0,1138.4831030273438,1167.7706665039063
2019-07-05,1167.1300048828125,1175.6800537109375,1167.699951171875,1167.699951171875,0,1138.7479028320313,1168.2911661783853
2019-07-08,1174.02001953125,1181.9200439453125,1174.0,1174.25,0,1139.0564526367189,1168.8416666666667
2019-07-09,1179.8499755859375,1184.1700439453125,1174.0,1179.699951171875,0,1139.4106524658202,1169.61533203125
2019-07-10,1181.47998046875,1182.1199951171875,1174.0,1180.0,0,1139.756802368164,1170.4199991861979
2019-07-11,1175.530029296875,1177.719970703125,1169.31005859375,1176.5899658203125,0,1140.0469525146484,1171.0838338216147
2019-07-12,1174.0799560546875,1179.77001953125,1173.9100341796875,1174.050048828125,0,1140.2902520751952,1171.815167236328
2019-07-15,1176.4100341796875,1181.469970703125,1175.800048828125,1176.3299560546875,0,1140.5078021240233,1172.486834716797
2019-07-16,1178.4300537109375,1181.7900390625,1175.699951171875,1178.4000244140625,0,1140.7444525146484,1173.2190022786458
2019-07-17,1177.8800048828125,1181.81005859375,1177.4000244140625,1178.5400390625,0,1140.9678527832032,1173.849668375651
2019-07-18,1178.68994140625,1184.4200439453125,1173.9000244140625,1178.8299560546875,0,1141.1993023681641,1174.4611673990885
2019-07-19,1170.77001953125,1176.27001953125,1168.5,1170.9300537109375,0,1141.3389025878905,1174.719667561849
2019-07-22,1175.1099853515625,1178.52001953125,1174.0999755859375,1175.1500244140625,0,1141.5429522705078,1174.9881673177083
2019-07-23,1174.760009765625,1180.1500244140625,1174.760009765625,1175.300048828125,0,1141.7608026123046,1175.2720011393228
2019-07-24,1176.800048828125,1179.52001953125,1175.0,1178.7900390625,0,1141.9689526367188,1175.57216796875
2019-07-25,1176.550048828125,1181.9000244140625,1176.9599609375,1177.199951171875,0,1142.240952758789,1175.7936686197916
2019-07-26,1182.3900146484375,1186.02001953125,1180.9000244140625,1183.43994140625,0,1142.5174029541015,1176.0890014648437
2019-07-29,1183.3499755859375,1185.4599609375,1179.800048828125,1183.219970703125,0,1142.7511529541016,1176.3763346354167
2019-07-30,1181.8499755859375,1183.260009765625,1178.4000244140625,1182.989990234375,0,1143.0024029541016,1176.6850016276042
2019-07-31,1180.6500244140625,1183.4300537109375,1179.260009765625,1180.22998046875,0,1143.2494030761718,1176.895001220703
2019-08-01,1186.31005859375,1191.0699462890625,1184.800048828125,1186.300048828125,0,1143.4977532958985,1177.1451680501302
2019-08-02,1194.75,1205.489990234375,1190.5,1193.4000244140625,0,1143.7837030029298,1177.5211690266926
2019-08-05,1203.93994140625,1219.2099609375,1202.0,1203.239990234375,0,1144.1272528076172,1177.9336690266928
2019-08-06,1216.6500244140625,1219.1300048828125,1208.6600341796875,1216.489990234375,0,1144.5130029296874,1178.6375020345051
2019-08-07,1212.530029296875,1219.530029296875,1210.9000244140625,1210.9000244140625,0,1144.8652532958984,1179.0600016276042
2019-08-08,1212.22998046875,1215.0999755859375,1205.800048828125,1211.699951171875,0,1145.2379034423827,1179.4816670735677
2019-08-09,1207.030029296875,1215.0899658203125,1206.1800537109375,1206.1800537109375,0,1145.5682037353515,1179.8315002441407
2019-08-12,1213.199951171875,1220.050048828125,1213.050048828125,1213.4100341796875,0,1145.9889532470704,1180.209999593099
2019-08-13,1217.6300048828125,1223.9100341796875,1205.800048828125,1217.8499755859375,0,1146.4966033935548,1180.6066670735677
2019-08-14,1204.72998046875,1217.97998046875,1205.699951171875,1205.699951171875,0,1146.9124530029296,1180.7966674804688
2019-08-15,1215.6400146484375,1218.68994140625,1212.0,1215.6400146484375,0,1147.3909033203124,1181.2440002441406
2019-08-16,1211.5,1215.1300048828125,1204.0999755859375,1212.010009765625,0,1147.8715533447266,1181.622332763672
2019-08-19,1207.489990234375,1212.050048828125,1207.5999755859375,1207.6800537109375,0,1148.3111535644532,1181.9971659342448
2019-08-20,1210.530029296875,1212.8800048828125,1204.800048828125,1210.469970703125,0,1148.7090539550782,1182.4674987792969
2019-08-21,1205.280029296875,1209.3599853515625,1198.0699462890625,1205.25,0,1149.048154296875,1182.7625
2019-08-22,1201.3199462890625,1212.4300537109375,1200.800048828125,1201.699951171875,0,1149.3991040039064,1182.9143330891927
2019-08-23,1208.56005859375,1217.68994140625,1205.239990234375,1208.5799560546875,0,1149.7859045410157,1183.2506673177083
2019-08-26,1212.6500244140625,1219.47998046875,1211.0999755859375,1212.6600341796875,0,1150.214154663086,1183.6636678059897
2019-08-27,1210.72998046875,1215.0799560546875,1209.800048828125,1210.800048828125,0,1150.6658044433593,1184.2033345540365
2019-08-28,1210.760009765625,1215.280029296875,1211.239990234375,1211.5999755859375,0,1151.0886547851562,1184.7818339029948
2019-08-29,1211.3699951171875,1216.6800537109375,1207.31005859375,1211.4000244140625,0,1151.503504638672,1185.3256673177084
2019-08-30,1207.1600341796875,1211.530029296875,1206.0799560546875,1207.72998046875,0,1151.8527545166016,1185.8283345540365
2019-09-02,1209.1500244140625,1214.4200439453125,1209.1199951171875,1209.469970703125,0,1152.221004638672,1186.3015014648438
2019-09-03,1212.77001953125,1216.5999755859375,1210.5,1213.72998046875,0,1152.617354736328,1186.8126688639322
2019-09-04,1210.47998046875,1211.5,1202.4000244140625,1210.5,0,1153.0246044921876,1187.354335530599
2019-09-05,1202.68994140625,1204.72998046875,1195.199951171875,1202.97998046875,0,1153.3862042236328,1187.6753336588542
2019-09-06,1196.0,1197.9300537109375,1188.300048828125,1196.8199462890625,0,1153.7606042480468,1187.9240010579426
2019-09-09,1191.6199951171875,1194.6300048828125,1188.3499755859375,1191.8199462890625,0,1154.1336041259765,1188.0195007324219
2019-09-10,1190.8599853515625,1193.25,1187.5999755859375,1191.949951171875,0,1154.502153930664,1188.1113342285157
2019-09-11,1189.5,1194.0999755859375,1187.969970703125,1188.5,0,1154.9081536865235,1188.3766682942708
2019-09-12,1189.800048828125,1189.780029296875,1176.0999755859375,1187.699951171875,0,1155.30400390625,1188.7016682942708
2019-09-13,1180.75,1183.9200439453125,1174.4000244140625,1180.5,0,1155.6494537353515,1189.0940022786458
2019-09-16,1178.719970703125,1185.52001953125,1178.699951171875,1178.699951171875,0,1155.9450537109376,1189.4341674804687
2019-09-17,1183.2900390625,1191.010009765625,1182.199951171875,1182.199951171875,0,1156.2480041503907,1189.9478352864583
2019-09-18,1185.6500244140625,1192.1500244140625,1186.3499755859375,1186.3499755859375,0,1156.518754272461,1190.446836344401
2019-09-19,1189.550048828125,1196.9300537109375,1190.72998046875,1190.72998046875,0,1156.8284045410155,1191.0643371582032
2019-09-20,1193.8599853515625,1194.6500244140625,1186.0,1193.280029296875,0,1157.1784545898438,1191.7035034179687
2019-09-23,1193.1300048828125,1198.9599609375,1190.010009765625,1193.030029296875,0,1157.5090045166016,1192.32900390625
2019-09-24,1193.010009765625,1196.3599853515625,1191.3599853515625,1194.050048828125,0,1157.8158044433594,1192.8833374023438
2019-09-25,1193.93994140625,1201.3499755859375,1193.699951171875,1193.699951171875,0,1158.1447540283202,1193.3560038248697
2019-09-26,1197.8900146484375,1202.1600341796875,1196.300048828125,1197.800048828125,0,1158.5088543701172,1193.8396708170574
2019-09-27,1198.6300048828125,1202.050048828125,1195.9000244140625,1198.75,0,1158.8613543701172,1194.3646708170572
2019-09-30,1201.9100341796875,1202.530029296875,1194.5,1201.52001953125,0,1159.2707543945312,1194.8295043945313
2019-10-01,1198.0,1203.6300048828125,1196.010009765625,1197.25,0,1159.6232543945312,1195.1320048014322
2019-10-02,1201.68994140625,1207.699951171875,1200.0,1201.68994140625,0,1160.0155541992187,1195.468837483724
2019-10-03,1203.5699462890625,1206.239990234375,1200.0999755859375,1203.5699462890625,0,1160.42025390625,1195.9361694335937
2019-10-04,1200.0799560546875,1202.300048828125,1191.5,1200.300048828125,0,1160.8030535888672,1196.369502766927
2019-10-07,1191.3299560546875,1198.219970703125,1191.300048828125,1191.31005859375,0,1161.161703491211,1196.6181681315104
2019-10-08,1195.760009765625,1199.280029296875,1191.7900390625,1195.800048828125,0,1161.5590032958985,1196.907000732422
2019-10-09,1198.3699951171875,1199.81005859375,1195.300048828125,1198.3900146484375,0,1161.9883532714844,1197.2485005696615
2019-10-10,1196.780029296875,1200.97998046875,1189.300048828125,1197.0999755859375,0,1162.403253173828,1197.5500020345053
2019-10-11,1188.81005859375,1191.9300537109375,1177.2900390625,1189.030029296875,0,1162.7364031982422,1197.8506693522136
2019-10-14,1182.489990234375,1186.6099853515625,1180.31005859375,1182.1700439453125,0,1163.028253173828,1197.9736694335938
2019-10-15,1182.300048828125,1186.760009765625,1181.3599853515625,1183.449951171875,0,1163.3677532958984,1198.0993367513022
2019-10-16,1183.9300537109375,1190.3199462890625,1182.4000244140625,1184.72998046875,0,1163.7054034423827,1198.2181701660156
2019-10-17,1184.8299560546875,1187.0999755859375,1174.8800048828125,1185.4000244140625,0,1164.0243029785156,1198.3561686197916
2019-10-18,1177.27001953125,1182.18994140625,1177.2099609375,1178.300048828125,0,1164.3173028564454,1198.2708353678386
2019-10-21,1178.0799560546875,1179.02001953125,1168.3399658203125,1178.1099853515625,0,1164.624952392578,1198.1830017089844
2019-10-22,1171.4000244140625,1173.989990234375,1167.6600341796875,1170.0799560546875,0,1164.8889526367188,1198.0088358561197
2019-10-23,1171.260009765625,1176.22998046875,1169.8900146484375,1172.010009765625,0,1165.135252685547,1197.8523356119792
2019-10-24,1169.699951171875,1174.199951171875,1166.989990234375,1170.6099853515625,0,1165.3717523193359,1197.5755004882812
2019-10-25,1174.25,1175.75,1170.469970703125,1173.0,0,1165.6491522216797,1197.2338338216146
2019-10-28,1170.8199462890625,1170.97998046875,1166.52001953125,1170.8199462890625,0,1165.9005017089844,1196.6818339029949
2019-10-29,1166.760009765625,1169.22998046875,1162.030029296875,1166.530029296875,0,1166.1053515625,1195.8503336588542
2019-10-30,1165.75,1169.510009765625,1162.6099853515625,1166.8699951171875,0,1166.272251586914,1195.0706665039063
2019-10-31,1163.699951171875,1169.5999755859375,1158.5,1163.3599853515625,0,1166.4400012207032,1194.2618326822917
2019-11-01,1168.550048828125,1170.4000244140625,1162.4300537109375,1168.300048828125,0,1166.6561016845703,1193.620499674479
2019-11-04,1163.800048828125,1163.8399658203125,1157.3499755859375,1163.800048828125,0,1166.841351928711,1192.79716796875
2019-11-05,1161.81005859375,1161.6800537109375,1152.31005859375,1159.81005859375,0,1167.0603521728515,1191.866835530599
2019-11-06,1155.199951171875,1160.2900390625,1154.8599853515625,1156.1300048828125,0,1167.2378521728515,1191.0413350423178
2019-11-07,1160.0799560546875,1162.280029296875,1151.9200439453125,1159.800048828125,0,1167.448901977539,1190.1153340657552
2019-11-08,1158.5999755859375,1159.489990234375,1153.0,1157.0999755859375,0,1167.6969018554687,1189.2336669921874
2019-11-11,1158.5999755859375,1166.5899658203125,1158.47998046875,1158.47998046875,0,1167.9321514892579,1188.4188334147136
2019-11-12,1163.9000244140625,1165.1400146484375,1158.9200439453125,1164.56005859375,0,1168.1601513671876,1187.6416666666667
2019-11-13,1164.949951171875,1171.5400390625,1163.949951171875,1164.1500244140625,0,1168.3794012451172,1186.9694986979166
2019-11-14,1169.8599853515625,1172.1500244140625,1167.1500244140625,1169.8599853515625,0,1168.6352014160157,1186.445166015625
2019-11-15,1167.52001953125,1169.31005859375,1161.739990234375,1167.27001953125,0,1168.8646514892578,1185.7611653645833
2019-11-18,1162.3299560546875,1167.52001953125,1161.4599609375,1162.6300048828125,0,1169.0575512695314,1184.9224975585937
2019-11-19,1165.68994140625,1170.1300048828125,1164.8399658203125,1165.1300048828125,0,1169.2716009521484,1184.1718302408854
2019-11-20,1165.8199462890625,1171.0799560546875,1167.1300048828125,1168.3499755859375,0,1169.4756005859374,1183.4228291829427
2019-11-21,1168.260009765625,1178.6800537109375,1169.5,1169.7099609375,0,1169.715400390625,1182.7043294270834
2019-11-22,1175.22998046875,1180.1400146484375,1173.280029296875,1175.050048828125,0,1169.9729504394531,1182.1721618652343
2019-11-25,1179.489990234375,1179.6700439453125,1172.0,1179.6199951171875,0,1170.2289001464844,1181.6778279622397
2019-11-26,1172.4100341796875,1178.260009765625,1170.239990234375,1173.0,0,1170.464400024414,1181.0051615397135
2019-11-27,1172.5999755859375,1178.4200439453125,1172.550048828125,1173.02001953125,0,1170.7059997558595,1180.373828125
2019-11-28,1175.3599853515625,1180.3900146484375,1175.5899658203125,1177.1300048828125,0,1170.9756994628906,1179.9183288574218
2019-11-29,1177.010009765625,1182.0799560546875,1177.010009765625,1177.010009765625,0,1171.252149658203,1179.6018290201823
2019-12-02,1181.469970703125,1186.5899658203125,1177.0999755859375,1178.050048828125,0,1171.5387493896485,1179.4326619466146
2019-12-03,1183.7900390625,1193.2900390625,1182.760009765625,1184.6199951171875,0,1171.846149291992,1179.3148295084636
2019-12-04,1187.6300048828125,1195.68994140625,1187.7099609375,1187.7900390625,0,1172.198299560547,1179.2836629231772
2019-12-05,1189.4599609375,1192.5699462890625,1187.02001953125,1190.3800048828125,0,1172.5740991210937,1179.2779947916667
2019-12-06,1187.97998046875,1191.969970703125,1185.780029296875,1187.8199462890625,0,1172.9384991455079,1179.3984944661458
2019-12-09,1186.1099853515625,1192.030029296875,1185.0,1185.02001953125,0,1173.24794921875,1179.521661376953
2019-12-10,1188.6800537109375,1193.8599853515625,1187.5,1187.5,0,1173.5572991943359,1179.6114949544271
2019-12-11,1189.0699462890625,1195.010009765625,1188.8800048828125,1189.3499755859375,0,1173.861898803711,1179.6684936523438
2019-12-12,1187.9300537109375,1191.25,1174.4599609375,1188.6600341796875,0,1174.1705493164063,1179.641493733724
2019-12-13,1169.5899658203125,1179.97998046875,1167.8499755859375,1169.0,0,1174.3834991455078,1179.236993408203
2019-12-16,1172.530029296875,1174.52001953125,1167.22998046875,1174.0999755859375,0,1174.580799560547,1178.893660481771
2019-12-17,1167.4599609375,1169.449951171875,1161.6300048828125,1167.300048828125,0,1174.7477990722657,1178.4678263346354
2019-12-18,1162.780029296875,1168.510009765625,1162.68994140625,1162.68994140625,0,1174.9078491210937,1177.9484944661458
2019-12-19,1164.3599853515625,1166.989990234375,1161.449951171875,1166.4599609375,0,1175.0932989501953,1177.3896606445312
2019-12-20,1161.06005859375,1165.43994140625,1156.3399658203125,1162.93994140625,0,1175.2506494140625,1176.763494873047
2019-12-23,1159.300048828125,1164.2900390625,1159.050048828125,1160.3299560546875,0,1175.3700494384766,1176.053328450521
2019-12-24,1161.5699462890625,1165.510009765625,1158.8199462890625,1161.530029296875,0,1175.5142492675782,1175.4461608886718
2019-12-25,1162.22998046875,1162.22998046875,1159.739990234375,1161.300048828125,0,1175.6693994140626,1174.7884948730468
2019-12-26,1159.75,1163.6500244140625,1159.1500244140625,1159.75,0,1175.8195495605469,1174.0581624348958
2019-12-27,1161.199951171875,1161.8900146484375,1156.3900146484375,1160.1099853515625,0,1176.0005493164062,1173.4101623535157
2019-12-30,1160.6800537109375,1159.489990234375,1153.9100341796875,1158.7099609375,0,1176.1650994873046,1172.8993306477864
2019-12-31,1156.3499755859375,1158.18994140625,1151.739990234375,1156.3399658203125,0,1176.2711492919923,1172.2424967447917
2020-01-01,1153.75,1154.4000244140625,1145.449951171875,1154.4000244140625,0,1176.3706494140624,1171.4988301595051
2020-01-02,1153.969970703125,1160.18994140625,1145.199951171875,1153.9599609375,0,1176.4708489990235,1170.7853291829426
2020-01-03,1157.1500244140625,1168.0699462890625,1155.31005859375,1157.550048828125,0,1176.5640991210937,1170.2576619466147
2020-01-06,1165.8499755859375,1172.489990234375,1165.6400146484375,1167.4000244140625,0,1176.7217492675782,1169.9803283691406
2020-01-07,1167.4200439453125,1168.010009765625,1161.949951171875,1166.52001953125,0,1176.8753497314453,1169.7323282877603
2020-01-08,1166.4599609375,1178.8399658203125,1162.4000244140625,1166.530029296875,0,1177.0442993164063,1169.4411600748697
2020-01-09,1161.260009765625,1162.5899658203125,1156.510009765625,1161.3399658203125,0,1177.168649291992,1169.0483276367188
2020-01-10,1157.81005859375,1163.6400146484375,1156.199951171875,1158.5799560546875,0,1177.2900494384767,1168.723994954427
2020-01-13,1156.9300537109375,1157.7900390625,1152.3800048828125,1156.9300537109375,0,1177.4031994628906,1168.3714965820313
2020-01-14,1153.93994140625,1159.1400146484375,1149.8699951171875,1153.25,0,1177.4894494628907,1168.0804951985676
2020-01-15,1157.050048828125,1162.18994140625,1154.27001953125,1156.1300048828125,0,1177.5691497802734,1167.843662516276
2020-01-16,1156.780029296875,1161.0400390625,1155.8499755859375,1159.739990234375,0,1177.652550048828,1167.628330485026
2020-01-17,1158.77001953125,1161.1099853515625,1154.550048828125,1159.6700439453125,0,1177.766900024414,1167.3703308105469
2020-01-20,1160.3599853515625,1160.43994140625,1155.2900390625,1159.800048828125,0,1177.86375,1167.1959981282553
2020-01-21,1157.5699462890625,1169.3900146484375,1157.75,1158.5699462890625,0,1177.9844494628906,1167.042830403646
2020-01-22,1168.739990234375,1168.719970703125,1161.3900146484375,1168.719970703125,0,1178.1621496582031,1167.0926635742187
2020-01-23,1163.72998046875,1170.0999755859375,1163.699951171875,1165.18994140625,0,1178.3022998046874,1167.0931640625
2020-01-24,1167.5999755859375,1169.4200439453125,1164.6400146484375,1168.199951171875,0,1178.489299926758,1167.0773295084634
2020-01-27,1169.1500244140625,1179.2099609375,1169.22998046875,1169.239990234375,0,1178.6545001220702,1167.1664957682292
2020-01-28,1176.72998046875,1181.1700439453125,1173.8599853515625,1176.449951171875,0,1178.865650024414,1167.4151611328125
2020-01-29,1174.280029296875,1179.8499755859375,1172.550048828125,1172.75,0,1179.036849975586,1167.7331624348958
2020-01-30,1178.0799560546875,1192.3900146484375,1177.8199462890625,1178.77001953125,0,1179.2172497558595,1168.0331624348958
2020-01-31,1187.1199951171875,1197.8399658203125,1183.260009765625,1186.489990234375,0,1179.3765496826172,1168.50849609375
2020-02-03,1194.8699951171875,1198.75,1190.280029296875,1194.4000244140625,0,1179.555899658203,1169.1129964192708
2020-02-04,1189.3599853515625,1193.739990234375,1183.6700439453125,1190.5400390625,0,1179.714049682617,1169.5373291015626
2020-02-05,1182.47998046875,1192.239990234375,1179.5400390625,1182.489990234375,0,1179.8324993896485,1169.8294962565103
2020-02-06,1183.4599609375,1184.8299560546875,1177.1099853515625,1182.25,0,1179.9334991455078,1170.0561625162761
2020-02-07,1184.25,1195.5699462890625,1184.06005859375,1185.8599853515625,0,1180.0313989257813,1170.3349955240885
2020-02-10,1191.0899658203125,1192.2099609375,1184.7900390625,1191.6700439453125,0,1180.156298828125,1170.8143290201822
2020-02-11,1185.6300048828125,1186.8800048828125,1179.8199462890625,1186.050048828125,0,1180.2677990722657,1171.1466634114583
2020-02-12,1180.719970703125,1183.5899658203125,1175.3599853515625,1180.550048828125,0,1180.3311486816406,1171.3949971516927
2020-02-13,1177.9599609375,1183.9300537109375,1177.760009765625,1178.3800048828125,0,1180.3644482421876,1171.5566630045573
2020-02-14,1183.469970703125,1184.93994140625,1179.6500244140625,1183.3800048828125,0,1180.4208483886719,1171.6939961751302
2020-02-17,1182.1800537109375,1184.219970703125,1178.449951171875,1180.8900146484375,0,1180.4357989501952,1171.7388305664062
2020-02-18,1183.81005859375,1191.5999755859375,1184.6300048828125,1184.77001953125,0,1180.4827490234375,1171.9288309733072
2020-02-19,1189.9300537109375,1193.3900146484375,1186.6099853515625,1190.050048828125,0,1180.4964990234375,1172.217665608724
2020-02-20,1191.3699951171875,1207.1099853515625,1190.469970703125,1191.780029296875,0,1180.5186987304687,1172.4844991048178
2020-02-21,1204.4000244140625,1214.5,1202.550048828125,1204.3199462890625,0,1180.6104986572266,1172.9409993489583
2020-02-24,1205.77001953125,1222.5400390625,1214.3900146484375,1214.550048828125,0,1180.6868988037108,1173.3460001627604
2020-02-25,1217.6500244140625,1217.5400390625,1208.030029296875,1217.0400390625,0,1180.8059991455077,1173.910333251953
2020-02-26,1214.550048828125,1219.8699951171875,1211.8699951171875,1212.3900146484375,0,1180.912099609375,1174.3590006510417
2020-02-27,1211.3599853515625,1218.050048828125,1208.219970703125,1213.1400146484375,0,1181.0248992919921,1174.7240010579428
2020-02-28,1211.31005859375,1218.030029296875,1201.18994140625,1212.3299560546875,0,1181.1374493408202,1175.1128356933593
2020-03-02,1200.0999755859375,1206.47998046875,1188.010009765625,1199.3199462890625,0,1181.21294921875,1175.3460021972655
2020-03-03,1188.280029296875,1195.9000244140625,1177.4100341796875,1189.25,0,1181.2427990722656,1175.339335123698
2020-03-04,1186.3399658203125,1188.3599853515625,1180.010009765625,1186.3399658203125,0,1181.2365991210938,1175.2938354492187
2020-03-05,1183.6800537109375,1188.780029296875,1179.199951171875,1185.06005859375,0,1181.193949584961,1175.2230021158855
2020-03-06,1187.469970703125,1193.8499755859375,1166.280029296875,1187.780029296875,0,1181.1893994140626,1175.5210021972657
2020-03-09,1187.699951171875,1206.199951171875,1187.5999755859375,1187.5999755859375,0,1181.188549194336,1175.7738342285156
2020-03-10,1199.9599609375,1199.68994140625,1189.1400146484375,1198.0,0,1181.2965991210938,1176.3155008951824
2020-03-11,1184.699951171875,1197.3599853515625,1181.3599853515625,1184.0,0,1181.3398486328124,1176.6808329264322
2020-03-12,1189.3900146484375,1211.6600341796875,1190.3499755859375,1190.3499755859375,0,1181.3930987548829,1177.0980000813802
2020-03-13,1209.969970703125,1225.9100341796875,1204.3499755859375,1209.93994140625,0,1181.5579486083984,1177.9131652832032
2020-03-16,1210.800048828125,1231.1500244140625,1213.3499755859375,1214.8900146484375,0,1181.7081488037109,1178.7714986165365
2020-03-17,1232.0400390625,1246.4599609375,1232.02001953125,1232.02001953125,0,1181.9578491210937,1179.9460001627604
2020-03-18,1237.989990234375,1261.5,1233.030029296875,1237.97998046875,0,1182.257899169922,1181.2086669921875
2020-03-19,1255.3499755859375,1291.760009765625,1246.949951171875,1253.969970703125,0,1182.617498779297,1182.8019999186197
2020-03-20,1256.8800048828125,1263.8599853515625,1194.4599609375,1256.6500244140625,0,1182.9964990234375,1184.3966674804688
2020-03-23,1253.949951171875,1280.9000244140625,1249.75,1272.1500244140625,0,1183.3367987060547,1185.9511657714843
2020-03-24,1262.9300537109375,1261.449951171875,1236.949951171875,1261.449951171875,0,1183.7246990966796,1187.727500406901
2020-03-25,1228.5999755859375,1236.9599609375,1224.9000244140625,1232.5,0,1183.999799194336,1188.975
2020-03-26,1231.0799560546875,1233.760009765625,1214.5999755859375,1223.0,0,1184.3036987304688,1190.260166422526
2020-03-27,1212.18994140625,1226.4300537109375,1205.1800537109375,1213.0,0,1184.5785986328126,1191.1774983723958
2020-03-30,1211.6300048828125,1226.31005859375,1211.739990234375,1211.739990234375,0,1184.8451983642578,1191.940498860677
2020-03-31,1222.699951171875,1224.1300048828125,1212.739990234375,1223.0,0,1185.1963482666015,1192.8618306477865
2020-04-01,1216.6600341796875,1232.4100341796875,1216.43994140625,1218.6600341796875,0,1185.5010986328125,1193.6984985351562
2020-04-02,1234.72998046875,1242.9100341796875,1224.5999755859375,1236.56005859375,0,1185.9122485351563,1194.922998046875
2020-04-03,1226.8499755859375,1239.5,1223.8599853515625,1225.6300048828125,0,1186.2689483642578,1196.073663330078
2020-04-06,1235.800048828125,1238.4599609375,1223.8800048828125,1236.550048828125,0,1186.6699487304688,1197.388163248698
2020-04-07,1223.0999755859375,1224.719970703125,1207.780029296875,1222.9100341796875,0,1186.9866986083985,1198.540830485026
2020-04-08,1215.31005859375,1222.3599853515625,1214.3199462890625,1214.800048828125,0,1187.2353491210938,1199.5118306477864
2020-04-09,1214.75,1221.3699951171875,1208.0799560546875,1213.510009765625,0,1187.4647491455078,1200.4779968261719
2020-04-10,1209.510009765625,1215.2099609375,1206.3299560546875,1209.22998046875,0,1187.6766491699218,1201.323663330078
2020-04-13,1211.0400390625,1220.6099853515625,1211.030029296875,1211.0400390625,0,1187.861749267578,1202.168330891927
2020-04-14,1213.9000244140625,1217.56005859375,1207.8599853515625,1213.8599853515625,0,1188.0319995117188,1203.1071655273438
2020-04-15,1212.3800048828125,1224.7099609375,1209.0699462890625,1211.47998046875,0,1188.186499633789,1203.8344991048177
2020-04-16,1222.550048828125,1228.56005859375,1223.4100341796875,1225.5999755859375,0,1188.4215997314452,1204.814833577474
2020-04-17,1226.6400146484375,1223.1099853515625,1213.4100341796875,1220.0999755859375,0,1188.6844000244141,1205.7988342285157
2020-04-20,1215.260009765625,1221.510009765625,1214.4000244140625,1215.25,0,1188.8786499023438,1206.567333984375
2020-04-21,1218.0999755859375,1240.6300048828125,1218.3299560546875,1220.719970703125,0,1189.0769995117187,1207.2568339029947
2020-04-22,1230.8499755859375,1237.3699951171875,1228.4000244140625,1232.6300048828125,0,1189.3418493652343,1208.1996663411458
2020-04-23,1231.3800048828125,1235.7900390625,1227.0999755859375,1233.7099609375,0,1189.6052996826172,1209.0880004882813
2020-04-24,1232.449951171875,1237.0899658203125,1230.81005859375,1231.6099853515625,0,1189.9136993408204,1209.8434997558593
2020-04-27,1229.5,1234.1099853515625,1222.280029296875,1230.4599609375,0,1190.1856494140625,1210.4206665039062
2020-04-28,1220.8699951171875,1227.18994140625,1215.6500244140625,1222.530029296875,0,1190.4161993408204,1210.9458333333334
2020-04-29,1220.4000244140625,1220.8599853515625,1211.8900146484375,1220.449951171875,0,1190.63419921875,1211.5778340657553
2020-04-30,1210.7900390625,1212.699951171875,1202.0999755859375,1210.7900390625,0,1190.8053991699219,1212.0333353678386
2020-05-01,1212.9599609375,1223.6099853515625,1212.949951171875,1212.9599609375,0,1190.9582489013671,1212.5118347167968
2020-05-04,1223.780029296875,1229.81005859375,1222.6300048828125,1223.7900390625,0,1191.160399169922,1213.0566691080728
2020-05-05,1222.449951171875,1224.050048828125,1214.3900146484375,1223.0,0,1191.3633990478515,1213.6703348795572
2020-05-06,1221.25,1228.6800537109375,1220.300048828125,1220.489990234375,0,1191.5663989257812,1214.3458353678386
2020-05-07,1228.530029296875,1228.260009765625,1218.1300048828125,1227.1700439453125,0,1191.7774987792968,1215.1886698404949
2020-05-08,1218.6300048828125,1220.9000244140625,1214.1199951171875,1218.5899658203125,0,1191.8968988037109,1215.7746704101562
2020-05-11,1218.699951171875,1225.199951171875,1213.4100341796875,1218.1800537109375,0,1191.970698852539,1216.3833353678385
2020-05-12,1222.4000244140625,1228.2099609375,1219.1800537109375,1223.239990234375,0,1191.999448852539,1217.0265014648437
2020-05-13,1225.6500244140625,1227.6300048828125,1220.8699951171875,1225.8499755859375,0,1192.065048828125,1217.6218343098958
2020-05-14,1226.550048828125,1233.1300048828125,1225.4000244140625,1227.219970703125,0,1192.1366491699218,1218.2081685384114
2020-05-15,1225.4599609375,1234.219970703125,1225.780029296875,1225.780029296875,0,1192.228798828125,1218.5591674804687
2020-05-18,1232.0899658203125,1234.3399658203125,1224.300048828125,1231.5699462890625,0,1192.3232489013672,1218.9978332519531
2020-05-19,1224.199951171875,1226.6600341796875,1219.8699951171875,1222.550048828125,0,1192.3560986328125,1219.1069986979167
2020-05-20,1224.3199462890625,1231.4000244140625,1223.449951171875,1225.31005859375,0,1192.454048461914,1219.2698303222655
2020-05-21,1226.550048828125,1233.6500244140625,1226.2900390625,1226.3399658203125,0,1192.5085986328124,1219.522998046875
2020-05-22,1233.3900146484375,1243.530029296875,1232.0,1233.010009765625,0,1192.6180487060547,1219.8909973144532
2020-05-25,1239.550048828125,1243.81005859375,1237.2099609375,1239.2099609375,0,1192.7783489990234,1220.5484985351563
2020-05-26,1240.02001953125,1241.219970703125,1229.56005859375,1240.719970703125,0,1192.9257989501953,1221.4108317057292
2020-05-27,1230.8699951171875,1238.6199951171875,1228.75,1229.949951171875,0,1193.053748779297,1222.1529988606771
2020-05-28,1238.300048828125,1242.050048828125,1234.0699462890625,1237.2900390625,0,1193.2386492919923,1223.0633321126302
2020-05-29,1237.97998046875,1239.949951171875,1233.4300537109375,1237.260009765625,0,1193.3857489013672,1223.905165608724
2020-06-01,1230.469970703125,1230.5899658203125,1221.1300048828125,1230.2099609375,0,1193.4748486328126,1224.6179992675782
2020-06-02,1222.989990234375,1226.6700439453125,1215.7900390625,1222.0799560546875,0,1193.5361486816407,1225.0018330891928
2020-06-03,1219.1400146484375,1219.25,1213.27001953125,1217.9599609375,0,1193.5780487060547,1225.5758341471353
2020-06-04,1215.8199462890625,1219.449951171875,1212.1700439453125,1215.4200439453125,0,1193.600298461914,1226.0163330078126
2020-06-05,1215.3800048828125,1217.6099853515625,1201.9100341796875,1215.68994140625,0,1193.6413983154298,1226.1065002441405
2020-06-08,1201.1099853515625,1205.4100341796875,1195.3800048828125,1200.780029296875,0,1193.6011981201173,1225.944999186198
2020-06-09,1195.72998046875,1202.0400390625,1193.9000244140625,1196.6400146484375,0,1193.5159979248047,1225.3398315429688
2020-06-10,1197.300048828125,1199.3599853515625,1186.31005859375,1197.6600341796875,0,1193.4500982666016,1224.6616658528646
2020-06-11,1189.739990234375,1200.52001953125,1186.9200439453125,1192.6800537109375,0,1193.3853485107422,1223.5681660970051
2020-06-12,1204.760009765625,1209.4100341796875,1199.56005859375,1206.22998046875,0,1193.4291485595704,1222.6994995117188
2020-06-15,1202.6099853515625,1216.510009765625,1202.5999755859375,1202.6099853515625,0,1193.4840985107421,1221.8438334147136
2020-06-16,1206.9000244140625,1214.530029296875,1203.0899658203125,1205.7900390625,0,1193.5642987060546,1220.909999593099
2020-06-17,1211.1500244140625,1218.56005859375,1210.550048828125,1210.72998046875,0,1193.672548828125,1220.6191670735677
2020-06-18,1214.3499755859375,1217.52001953125,1207.02001953125,1215.949951171875,0,1193.7952984619142,1220.3403340657553
2020-06-19,1211.3599853515625,1213.5,1205.219970703125,1209.75,0,1193.9483483886718,1220.3265014648437
2020-06-22,1210.8900146484375,1215.68994140625,1209.1800537109375,1211.489990234375,0,1194.1091986083984,1220.3141682942708
2020-06-23,1208.0,1215.52001953125,1204.4000244140625,1206.18994140625,0,1194.232748413086,1220.0691691080729
2020-06-24,1207.949951171875,1207.9200439453125,1198.300048828125,1207.9200439453125,0,1194.344248046875,1219.9240010579426
2020-06-25,1205.25,1207.77001953125,1200.469970703125,1205.8699951171875,0,1194.4227478027344,1219.4326680501301
2020-06-26,1201.52001953125,1204.030029296875,1196.1500244140625,1201.4100341796875,0,1194.4610479736327,1219.0105021158854
2020-06-29,1202.6300048828125,1204.5999755859375,1197.0400390625,1203.050048828125,0,1194.5085479736329,1218.4576680501302
2020-06-30,1198.489990234375,1203.8299560546875,1194.010009765625,1197.6300048828125,0,1194.5359478759765,1218.047501627604
2020-07-01,1198.3900146484375,1204.4200439453125,1197.219970703125,1197.4599609375,0,1194.5581982421875,1217.7655008951822
2020-07-02,1200.699951171875,1203.550048828125,1196.1700439453125,1200.6500244140625,0,1194.5722479248047,1217.5313334147136
2020-07-03,1198.1700439453125,1201.72998046875,1196.8399658203125,1198.260009765625,0,1194.5699481201173,1217.342333984375
2020-07-06,1198.5,1198.5999755859375,1190.6800537109375,1198.5999755859375,0,1194.5528979492187,1217.1333333333334
2020-07-07,1190.9300537109375,1197.06005859375,1188.3499755859375,1189.9200439453125,0,1194.5175482177735,1216.7505004882812
2020-07-08,1195.699951171875,1198.719970703125,1191.7099609375,1195.9200439453125,0,1194.4875982666015,1216.472499593099
2020-07-09,1192.02001953125,1198.56005859375,1190.3800048828125,1191.31005859375,0,1194.4298486328125,1215.9636657714843
2020-07-10,1195.77001953125,1205.030029296875,1196.530029296875,1196.530029296875,0,1194.4082989501953,1215.4491658528646
2020-07-13,1199.52001953125,1203.3199462890625,1198.1500244140625,1200.8800048828125,0,1194.4492492675781,1215.1868326822917
2020-07-14,1203.780029296875,1207.800048828125,1203.0999755859375,1203.4599609375,0,1194.4893493652344,1214.9481669108072
2020-07-15,1203.97998046875,1204.9000244140625,1197.5,1203.969970703125,0,1194.5173992919922,1214.500333658854
2020-07-16,1200.469970703125,1206.699951171875,1199.75,1200.3499755859375,0,1194.5358489990235,1213.985166422526
2020-07-17,1204.22998046875,1206.699951171875,1201.0,1204.2099609375,0,1194.6129486083985,1213.514833577474
2020-07-20,1202.530029296875,1206.25,1201.1700439453125,1201.8900146484375,0,1194.713148803711,1213.0653340657552
2020-07-21,1200.030029296875,1200.93994140625,1192.7900390625,1200.0899658203125,0,1194.8017987060548,1212.7180013020834
2020-07-22,1192.739990234375,1198.7900390625,1190.969970703125,1192.02001953125,0,1194.8458483886718,1212.2570007324218
2020-07-23,1197.22998046875,1202.9300537109375,1195.1099853515625,1197.47998046875,0,1194.9078485107423,1212.0309997558593
2020-07-24,1200.93994140625,1203.77001953125,1198.1099853515625,1201.6600341796875,0,1195.0261981201172,1211.8306660970052
2020-07-27,1200.489990234375,1199.969970703125,1193.510009765625,1199.969970703125,0,1195.1382482910155,1211.4424987792968
2020-07-28,1195.9200439453125,1201.030029296875,1189.469970703125,1194.97998046875,0,1195.2608483886718,1211.000333658854
2020-07-29,1199.3699951171875,1199.3699951171875,1190.300048828125,1198.449951171875,0,1195.4013983154298,1210.6356669108072
2020-07-30,1190.72998046875,1197.0,1187.1700439453125,1188.9300537109375,0,1195.506548461914,1210.0056660970051
2020-07-31,1189.56005859375,1193.4000244140625,1186.1700439453125,1189.56005859375,0,1195.5830987548827,1209.5211669921875
2020-08-03,1193.3900146484375,1196.1700439453125,1191.0799560546875,1192.699951171875,0,1195.6959490966797,1209.0993347167969
2020-08-04,1191.760009765625,1196.43994140625,1190.0999755859375,1191.0999755859375,0,1195.8209490966797,1208.5886678059896
2020-08-05,1192.25,1192.699951171875,1182.449951171875,1189.6500244140625,0,1195.9534490966796,1208.032000732422
2020-08-06,1185.1800537109375,1186.9100341796875,1181.3900146484375,1184.75,0,1196.060849609375,1207.3425008138022
2020-08-07,1183.1700439453125,1190.25,1182.77001953125,1183.489990234375,0,1196.1339495849609,1206.6376688639323
2020-08-10,1188.1500244140625,1188.3499755859375,1183.52001953125,1188.1099853515625,0,1196.2556994628906,1205.9053365071616
2020-08-11,1185.18994140625,1187.25,1180.81005859375,1185.56005859375,0,1196.3725988769531,1205.2551696777343
2020-08-12,1184.97998046875,1187.27001953125,1181.6099853515625,1185.25,0,1196.5214990234374,1204.599503580729
2020-08-13,1182.75,1184.93994140625,1180.6199951171875,1182.43994140625,0,1196.6348492431641,1203.869502766927
2020-08-14,1184.1199951171875,1187.3299560546875,1183.4000244140625,1183.989990234375,0,1196.7624493408202,1203.0483357747396
2020-08-17,1186.0400390625,1186.0400390625,1182.449951171875,1186.0400390625,0,1196.899649658203,1202.1565022786458
2020-08-18,1183.0999755859375,1185.97998046875,1181.3800048828125,1183.52001953125,0,1196.9956494140624,1201.2078348795574
2020-08-19,1183.6400146484375,1183.6199951171875,1175.4000244140625,1179.949951171875,0,1197.0890997314452,1200.4206685384115
2020-08-20,1181.2099609375,1190.0999755859375,1182.449951171875,1183.239990234375,0,1197.145849609375,1199.4691670735676
2020-08-21,1184.2900390625,1192.510009765625,1182.4300537109375,1183.4300537109375,0,1197.2296997070312,1198.5743347167968
2020-08-24,1191.199951171875,1191.25,1185.1400146484375,1190.050048828125,0,1197.3740496826172,1197.919834391276
2020-08-25,1188.25,1188.9000244140625,1183.6099853515625,1188.010009765625,0,1197.486849975586,1197.3408345540365
2020-08-26,1186.4599609375,1188.4000244140625,1183.719970703125,1186.02001953125,0,1197.590050048828,1196.7961669921874
2020-08-27,1183.8499755859375,1187.300048828125,1181.8499755859375,1183.4000244140625,0,1197.6679998779298,1196.2633341471353
2020-08-28,1186.5799560546875,1187.02001953125,1180.010009765625,1185.5999755859375,0,1197.7247497558594,1195.7833333333333
2020-08-31,1179.5899658203125,1187.949951171875,1178.739990234375,1179.5899658203125,0,1197.725249633789,1195.424666341146
2020-09-01,1187.0400390625,1187.0400390625,1181.02001953125,1185.300048828125,0,1197.7983996582032,1195.279833984375
2020-09-02,1184.9200439453125,1190.4100341796875,1183.43994140625,1184.9200439453125,0,1197.86,1195.0735005696615
2020-09-03,1188.6500244140625,1191.5,1184.43994140625,1187.949951171875,0,1197.9264501953126,1195.0553344726563
2020-09-04,1190.780029296875,1191.489990234375,1187.1099853515625,1191.0699462890625,0,1197.9953002929688,1194.822334798177
2020-09-07,1186.4200439453125,1188.6500244140625,1185.0400390625,1186.989990234375,0,1198.0200506591798,1194.5525024414062
2020-09-08,1186.81005859375,1190.02001953125,1185.3199462890625,1186.47998046875,0,1198.035150756836,1194.2176696777344
2020-09-09,1189.239990234375,1190.9000244140625,1183.5,1189.260009765625,0,1198.0432006835938,1193.8525024414062
2020-09-10,1184.3800048828125,1187.8299560546875,1183.3499755859375,1184.06005859375,0,1198.0178009033202,1193.3530029296876
2020-09-11,1187.22998046875,1189.1500244140625,1184.8900146484375,1186.93994140625,0,1198.0140509033204,1192.9508361816406
2020-09-14,1186.969970703125,1186.8800048828125,1179.6300048828125,1185.780029296875,0,1198.0183508300781,1192.5521687825521
2020-09-15,1180.8399658203125,1183.1199951171875,1176.3199462890625,1181.199951171875,0,1197.979150390625,1192.099501546224
2020-09-16,1179.25,1181.1700439453125,1169.760009765625,1179.8499755859375,0,1197.9300506591796,1191.6211690266928
2020-09-17,1172.0699462890625,1177.22998046875,1169.780029296875,1173.800048828125,0,1197.8507501220704,1191.0681681315104
2020-09-18,1168.6500244140625,1168.760009765625,1158.6400146484375,1168.760009765625,0,1197.8460504150391,1190.5203348795574
2020-09-21,1163.989990234375,1167.27001953125,1155.5899658203125,1163.97998046875,0,1197.8033502197266,1189.8763346354167
2020-09-22,1163.8499755859375,1166.0,1158.4000244140625,1162.0999755859375,0,1197.7853002929687,1189.2990010579426
2020-09-23,1162.5,1169.3299560546875,1160.0999755859375,1160.800048828125,0,1197.7839001464845,1188.7008341471353
2020-09-24,1169.72998046875,1175.550048828125,1166.780029296875,1168.030029296875,0,1197.8107501220702,1188.18466796875
2020-09-25,1168.5,1177.4200439453125,1167.280029296875,1168.050048828125,0,1197.8479498291015,1187.690167236328
2020-09-28,1173.43994140625,1174.72998046875,1166.3399658203125,1173.4100341796875,0,1197.918649291992,1187.272499593099
2020-09-29,1166.4100341796875,1170.530029296875,1165.1800537109375,1166.77001953125,0,1197.9428497314452,1186.8638326009116
2020-09-30,1167.8599853515625,1170.699951171875,1163.0999755859375,1168.72998046875,0,1197.9709997558593,1186.399833170573
2020-10-01,1163.780029296875,1164.800048828125,1160.1500244140625,1163.800048828125,0,1197.9911499023438,1185.9291666666666
2020-10-02,1161.97998046875,1167.6800537109375,1160.02001953125,1161.97998046875,0,1197.995050048828,1185.3659993489584
2020-10-05,1165.3599853515625,1165.4100341796875,1155.510009765625,1165.4100341796875,0,1198.0184497070313,1184.7966654459635
2020-10-06,1156.0899658203125,1162.43994140625,1155.5,1156.739990234375,0,1198.0171496582032,1184.0018310546875
2020-10-07,1163.8900146484375,1165.77001953125,1155.1400146484375,1163.8199462890625,0,1198.0678497314452,1183.3336649576822
2020-10-08,1156.5,1158.8499755859375,1149.7900390625,1156.489990234375,0,1198.0804998779297,1182.6008321126303
2020-10-09,1150.3599853515625,1151.22998046875,1140.72998046875,1150.3599853515625,0,1198.0465496826173,1181.702998860677
2020-10-12,1142.6500244140625,1151.25,1142.6099853515625,1142.6400146484375,0,1197.9305499267577,1180.7049987792968
2020-10-13,1146.4000244140625,1151.2900390625,1144.0,1147.3800048828125,0,1197.8254498291017,1179.8111653645833
2020-10-14,1147.8900146484375,1149.1199951171875,1141.6400146484375,1147.75,0,1197.7326000976564,1179.0636657714845
2020-10-15,1146.31005859375,1148.6500244140625,1141.2900390625,1145.5,0,1197.6578503417968,1178.215000406901
2020-10-16,1144.1300048828125,1147.3699951171875,1139.3299560546875,1145.0,0,1197.5894500732422,1177.2681681315105
2020-10-19,1141.1800537109375,1143.3900146484375,1136.530029296875,1141.2099609375,0,1197.510700073242,1176.2796691894532
2020-10-20,1137.0,1140.9100341796875,1136.739990234375,1139.81005859375,0,1197.426000366211,1175.2976684570312
2020-10-21,1136.0,1137.68994140625,1129.5999755859375,1137.6099853515625,0,1197.3207501220704,1174.2415018717447
2020-10-22,1132.030029296875,1136.010009765625,1131.3699951171875,1133.2900390625,0,1197.1970001220702,1173.2631693522135
2020-10-23,1134.1500244140625,1136.4100341796875,1124.9000244140625,1134.06005859375,0,1197.0739001464844,1172.339668782552
2020-10-26,1127.760009765625,1133.199951171875,1126.56005859375,1127.5999755859375,0,1196.9109002685548,1171.2458353678385
2020-10-27,1131.6400146484375,1131.0699462890625,1124.1099853515625,1130.280029296875,0,1196.7812506103517,1170.2438354492188
2020-10-28,1128.22998046875,1138.25,1126.0999755859375,1128.010009765625,0,1196.5787005615234,1169.1768351236979
2020-10-29,1134.1800537109375,1135.280029296875,1129.5999755859375,1134.0899658203125,0,1196.4309509277343,1168.326835123698
2020-10-30,1129.52001953125,1136.550048828125,1125.3199462890625,1131.0699462890625,0,1196.240551147461,1167.4326680501301
2020-11-02,1135.6099853515625,1136.0799560546875,1131.3499755859375,1134.7900390625,0,1196.0728509521484,1166.5570007324218
2020-11-03,1132.1400146484375,1136.6800537109375,1129.280029296875,1132.239990234375,0,1195.849901123047,1165.6728352864584
2020-11-04,1130.3299560546875,1147.0899658203125,1126.6500244140625,1128.9100341796875,0,1195.630150756836,1164.762001546224
2020-11-05,1129.739990234375,1133.6700439453125,1120.989990234375,1130.31005859375,0,1195.3884509277343,1163.8785013834636
2020-11-06,1122.6300048828125,1126.8199462890625,1118.02001953125,1123.18994140625,0,1195.0660009765625,1162.8536682128906
2020-11-09,1121.1500244140625,1120.8800048828125,1108.75,1120.8800048828125,0,1194.6974011230468,1161.77216796875
2020-11-10,1118.68994140625,1119.260009765625,1112.25,1117.9300537109375,0,1194.3440509033203,1160.6986673990884
2020-11-11,1116.0799560546875,1115.719970703125,1107.4300537109375,1115.2099609375,0,1194.01205078125,1159.572666422526
2020-11-12,1111.449951171875,1115.510009765625,1109.2900390625,1110.5999755859375,0,1193.6520007324218,1158.409999593099
2020-11-13,1114.9100341796875,1116.6500244140625,1106.47998046875,1114.1700439453125,0,1193.3053009033204,1157.2536661783854
2020-11-16,1107.760009765625,1109.489990234375,1104.25,1107.219970703125,0,1192.8886511230469,1155.8630004882812
2020-11-17,1106.0899658203125,1107.469970703125,1103.3199462890625,1106.1400146484375,0,1192.4909509277343,1154.4936665852865
2020-11-18,1104.949951171875,1107.1300048828125,1101.1400146484375,1104.72998046875,0,1192.1121008300781,1153.135166422526
2020-11-19,1105.9000244140625,1118.4000244140625,1106.43994140625,1106.43994140625,0,1191.751801147461,1151.8360005696616
2020-11-20,1114.1400146484375,1117.239990234375,1111.6300048828125,1114.8499755859375,0,1191.4051513671875,1150.6286682128907
2020-11-23,1113.8299560546875,1116.1700439453125,1109.2900390625,1113.5799560546875,0,1191.0634008789064,1149.5326680501303
2020-11-24,1113.0799560546875,1113.4200439453125,1106.6400146484375,1112.969970703125,0,1190.709750366211,1148.3
2020-11-25,1109.7099609375,1108.8499755859375,1103.5799560546875,1108.3399658203125,0,1190.3086499023439,1147.0464986165364
2020-11-26,1104.489990234375,1107.800048828125,1102.6199951171875,1105.050048828125,0,1189.8742498779297,1145.6438313802084
2020-11-27,1105.56005859375,1105.8499755859375,1101.969970703125,1105.0899658203125,0,1189.380050048828,1144.2234985351563
2020-11-30,1104.3299560546875,1107.9000244140625,1102.530029296875,1103.8499755859375,0,1188.8728497314453,1142.855330403646
2020-12-01,1108.510009765625,1108.5799560546875,1105.0799560546875,1106.75,0,1188.327149658203,1141.5503295898438
2020-12-02,1106.280029296875,1106.0899658203125,1098.8699951171875,1104.7099609375,0,1187.7857995605468,1140.1676635742188
2020-12-03,1099.3800048828125,1100.9300537109375,1089.0799560546875,1099.3199462890625,0,1187.2258996582032,1138.750996907552
2020-12-04,1091.3199462890625,1092.4300537109375,1079.4200439453125,1091.3699951171875,0,1186.6259490966797,1137.1524963378906
2020-12-07,1083.780029296875,1087.550048828125,1079.550048828125,1083.780029296875,0,1186.0443493652344,1135.4326639811197
2020-12-08,1083.6800537109375,1086.3499755859375,1081.489990234375,1083.0,0,1185.5213494873046,1133.8133321126302
2020-12-09,1084.8599853515625,1087.3900146484375,1080.3199462890625,1085.760009765625,0,1185.013949584961,1132.240165201823
2020-12-10,1086.3599853515625,1091.2900390625,1083.1500244140625,1086.199951171875,0,1184.527349243164,1130.8116658528645
2020-12-11,1086.3699951171875,1093.81005859375,1084.9200439453125,1087.280029296875,0,1184.0218493652344,1129.44033203125
2020-12-14,1091.5799560546875,1093.81005859375,1088.300048828125,1091.5799560546875,0,1183.5412493896483,1128.2334981282552
2020-12-15,1092.06005859375,1095.5799560546875,1090.5699462890625,1093.2099609375,0,1183.0017498779298,1127.0369995117187
2020-12-16,1088.2099609375,1094.739990234375,1087.7099609375,1088.3499755859375,0,1182.5192999267579,1125.7988321940104
2020-12-17,1091.6500244140625,1094.6500244140625,1089.8499755859375,1093.0699462890625,0,1182.030599975586,1124.497499593099
2020-12-18,1092.1600341796875,1100.219970703125,1092.0400390625,1092.3599853515625,0,1181.4415502929687,1123.225166829427
2020-12-21,1098.97998046875,1112.1600341796875,1097.0999755859375,1098.97998046875,0,1180.8824499511718,1121.9841674804688
2020-12-22,1101.8599853515625,1109.780029296875,1101.8499755859375,1101.8499755859375,0,1180.2315496826172,1120.9083333333333
2020-12-23,1107.97998046875,1110.6300048828125,1103.8900146484375,1108.25,0,1179.581499633789,1119.910333251953
2020-12-24,1104.800048828125,1105.93994140625,1099.3599853515625,1105.0,0,1178.82875,1118.927333577474
2020-12-25,1099.9100341796875,1101.6600341796875,1098.9000244140625,1098.9000244140625,0,1178.0439001464845,1117.8928344726562
2020-12-28,1099.0899658203125,1106.0,1093.300048828125,1099.0899658203125,0,1177.2696002197265,1116.7883341471354
2020-12-29,1095.0,1096.4200439453125,1089.969970703125,1096.4200439453125,0,1176.429949951172,1115.7701680501302
2020-12-30,1092.6199951171875,1092.469970703125,1083.6500244140625,1091.25,0,1175.7500500488281,1114.582334391276
2020-12-31,1086.4200439453125,1088.800048828125,1082.0899658203125,1086.4200439453125,0,1175.0267504882813,1113.4143351236978
2021-01-01,1084.6500244140625,1088.5,1083.5,1083.5,0,1174.3890509033204,1112.3191691080729
2021-01-04,1084.72998046875,1086.469970703125,1079.219970703125,1084.72998046875,0,1173.75455078125,1111.3538350423178
2021-01-05,1086.6199951171875,1089.72998046875,1081.6700439453125,1085.6099853515625,0,1173.0741510009766,1110.3575012207032
2021-01-06,1086.449951171875,1088.5899658203125,1083.25,1085.6500244140625,0,1172.4231005859374,1109.3335001627604
2021-01-07,1086.949951171875,1096.0,1084.8299560546875,1085.25,0,1171.6842004394532,1108.3441650390625
2021-01-08,1093.0699462890625,1098.68994140625,1088.3599853515625,1092.68994140625,0,1171.0153002929687,1107.4931640625
2021-01-11,1092.8199462890625,1100.4100341796875,1092.1600341796875,1092.8199462890625,0,1170.3003997802734,1106.6871622721353
2021-01-12,1096.449951171875,1102.9000244140625,1095.3800048828125,1096.239990234375,0,1169.667149658203,1106.011328125
2021-01-13,1093.5400390625,1098.4100341796875,1092.25,1093.3399658203125,0,1169.0582995605469,1105.303662109375
2021-01-14,1097.1099853515625,1102.8699951171875,1093.699951171875,1097.0899658203125,0,1168.4700994873047,1104.721661376953
2021-01-15,1094.9000244140625,1104.5699462890625,1095.199951171875,1095.25,0,1167.897049560547,1104.0674947102864
2021-01-18,1102.9599609375,1107.6199951171875,1102.0799560546875,1102.9599609375,0,1167.3566491699219,1103.654160563151
2021-01-19,1103.0999755859375,1105.4599609375,1099.6500244140625,1103.3900146484375,0,1166.8026489257813,1103.1784932454427
2021-01-20,1100.989990234375,1102.239990234375,1097.0799560546875,1100.8199462890625,0,1166.2456988525391,1102.7244934082032
2021-01-21,1096.25,1101.300048828125,1097.1500244140625,1097.699951171875,0,1165.6141986083985,1102.0923258463542
2021-01-22,1099.9000244140625,1106.3299560546875,1099.1800537109375,1099.1800537109375,0,1164.9804986572265,1101.5986592610677
2021-01-25,1104.6400146484375,1105.2900390625,1099.56005859375,1104.6400146484375,0,1164.4273986816406,1101.0824930826823
2021-01-26,1101.72998046875,1107.6800537109375,1099.97998046875,1101.1800537109375,0,1163.8455487060546,1100.5756591796876
2021-01-27,1101.0,1108.9100341796875,1100.1099853515625,1101.9100341796875,0,1163.196298828125,1100.086826578776
2021-01-28,1107.5,1120.93994140625,1107.52001953125,1107.52001953125,0,1162.576898803711,1099.7161600748698
2021-01-29,1112.2900390625,1121.3299560546875,1112.31005859375,1112.31005859375,0,1161.976099243164,1099.543827311198
2021-02-01,1117.4300537109375,1119.8199462890625,1115.25,1118.1800537109375,0,1161.4157495117188,1099.481827799479
2021-02-02,1116.8800048828125,1119.06005859375,1113.300048828125,1116.25,0,1160.895799560547,1099.4516621907553
2021-02-03,1113.6099853515625,1116.2099609375,1110.949951171875,1113.0899658203125,0,1160.3618493652343,1099.4104960123698
2021-02-04,1113.1500244140625,1120.6099853515625,1112.3299560546875,1112.699951171875,0,1159.8736492919923,1099.4388305664063
2021-02-05,1119.1300048828125,1127.3499755859375,1115.9300537109375,1119.27001953125,0,1159.4044995117188,1099.5091634114583
2021-02-08,1116.8499755859375,1121.0699462890625,1116.050048828125,1116.8499755859375,0,1158.869849243164,1099.660662841797
2021-02-09,1116.3299560546875,1118.1300048828125,1110.0400390625,1115.8499755859375,0,1158.3392492675782,1099.8313293457031
2021-02-10,1110.0,1113.5699462890625,1102.7099609375,1110.25,0,1157.7829992675781,1099.9154968261719
2021-02-11,1103.97998046875,1107.050048828125,1100.81005859375,1105.9000244140625,0,1157.1602490234375,1099.88349609375
2021-02-12,1102.219970703125,1106.3599853515625,1101.2099609375,1102.2099609375,0,1156.5781988525391,1099.6848286946615
2021-02-15,1103.3699951171875,1105.3499755859375,1100.25,1103.5,0,1156.0015490722656,1099.5104960123697
2021-02-16,1102.239990234375,1107.5999755859375,1096.0,1100.949951171875,0,1155.4007489013673,1099.3298299153646
2021-02-17,1106.4599609375,1110.22998046875,1104.030029296875,1107.300048828125,0,1154.8047985839844,1099.2756632486978
2021-02-18,1104.550048828125,1109.1700439453125,1101.6800537109375,1105.0699462890625,0,1154.1947985839843,1099.2766642252604
2021-02-19,1106.219970703125,1110.7099609375,1101.719970703125,1106.6800537109375,0,1153.5985986328126,1099.2876627604167
2021-02-22,1103.93994140625,1115.0999755859375,1102.530029296875,1103.93994140625,0,1152.9578485107422,1099.281162516276
2021-02-23,1110.6700439453125,1114.199951171875,1107.760009765625,1111.6600341796875,0,1152.3901989746093,1099.3171630859374
2021-02-24,1109.31005859375,1113.2099609375,1105.4100341796875,1109.02001953125,0,1151.8151495361328,1099.3676635742188
2021-02-25,1107.2099609375,1114.3900146484375,1105.25,1105.25,0,1151.2184490966797,1099.4981628417968
2021-02-26,1119.1300048828125,1129.1600341796875,1117.3399658203125,1119.1500244140625,0,1150.6471490478516,1099.9616638183593
2021-03-01,1123.3699951171875,1123.8699951171875,1116.2900390625,1123.3699951171875,0,1150.066248779297,1100.6214965820313
2021-03-02,1101.8299560546875,1127.75,1101.4000244140625,1101.4000244140625,0,1149.375298461914,1100.9239949544271
2021-03-03,1124.3299560546875,1125.8900146484375,1116.8399658203125,1124.2900390625,0,1148.8425982666015,1101.5818277994792
2021-03-04,1129.5,1128.8599853515625,1122.550048828125,1126.5999755859375,0,1148.298598022461,1102.3008280436197
2021-03-05,1133.3499755859375,1133.0799560546875,1123.56005859375,1133.0799560546875,0,1147.775447998047,1103.083827718099
2021-03-08,1127.489990234375,1140.3199462890625,1126.199951171875,1127.489990234375,0,1147.2605480957031,1103.6823282877604
2021-03-09,1140.22998046875,1143.4000244140625,1134.489990234375,1140.0999755859375,0,1146.846748046875,1104.4851603190104
2021-03-10,1134.9100341796875,1143.719970703125,1134.3499755859375,1134.5,0,1146.4255981445312,1105.263494873047
2021-03-11,1136.010009765625,1140.47998046875,1128.5,1135.969970703125,0,1146.026548461914,1106.0028279622395
2021-03-12,1129.6400146484375,1138.5400390625,1127.3499755859375,1129.550048828125,0,1145.597848510742,1106.6274943033854
2021-03-15,1134.5,1138.0799560546875,1130.050048828125,1134.5,0,1145.2647985839844,1107.2194946289062
2021-03-16,1131.3900146484375,1135.3599853515625,1127.050048828125,1131.530029296875,0,1144.9430987548828,1107.7116617838542
2021-03-17,1129.8399658203125,1133.8399658203125,1126.25,1129.47998046875,0,1144.6057983398437,1108.075994873047
2021-03-18,1121.1300048828125,1128.1600341796875,1119.5999755859375,1121.030029296875,0,1144.262748413086,1108.3481608072916
2021-03-19,1126.1099853515625,1134.3800048828125,1126.6700439453125,1127.050048828125,0,1143.8694982910156,1108.7848266601563
2021-03-22,1127.47998046875,1133.5899658203125,1125.199951171875,1127.47998046875,0,1143.4938482666016,1109.2579935709634
2021-03-23,1125.1199951171875,1130.800048828125,1124.8499755859375,1125.219970703125,0,1143.0849481201171,1109.7599934895834
2021-03-24,1133.199951171875,1134.97998046875,1129.2099609375,1132.050048828125,0,1142.6951977539063,1110.4363260904947
2021-03-25,1134.47998046875,1137.4100341796875,1131.5,1135.030029296875,0,1142.2958477783204,1111.237325032552
2021-03-26,1134.2099609375,1134.2099609375,1127.7900390625,1133.5799560546875,0,1141.91009765625,1112.0633239746094
2021-03-29,1127.9599609375,1135.3800048828125,1127.97998046875,1127.97998046875,0,1141.4954473876953,1112.7838236490886
2021-03-30,1131.6500244140625,1135.0,1131.010009765625,1131.0899658203125,0,1141.1136975097656,1113.5343241373698
2021-03-31,1132.3199462890625,1133.68994140625,1125.0400390625,1132.3699951171875,0,1140.7355474853516,1114.2988240559896
2021-04-01,1127.199951171875,1132.8699951171875,1125.02001953125,1126.9100341796875,0,1140.345297241211,1114.969657389323
2021-04-02,1128.06005859375,1128.47998046875,1125.7900390625,1127.8299560546875,0,1139.9779974365235,1115.5528259277344
2021-04-05,1128.7900390625,1129.219970703125,1121.8900146484375,1128.6500244140625,0,1139.6087976074218,1116.1523274739584
2021-04-06,1124.1099853515625,1125.06005859375,1116.0699462890625,1124.4000244140625,0,1139.2368975830077,1116.6133280436197
2021-04-07,1117.5,1118.81005859375,1114.1099853515625,1117.4100341796875,0,1138.8324475097656,1117.0126607259115
2021-04-08,1117.8599853515625,1120.93994140625,1113.8399658203125,1118.02001953125,0,1138.418247680664,1117.3584940592448
2021-04-09,1115.8399658203125,1121.72998046875,1112.9599609375,1115.6600341796875,0,1138.006597290039,1117.7074930826823
2021-04-12,1122.06005859375,1126.699951171875,1120.25,1122.02001953125,0,1137.6243975830077,1118.0258280436199
2021-04-13,1124.449951171875,1127.8599853515625,1120.1700439453125,1124.449951171875,0,1137.2919970703124,1118.381660970052
2021-04-14,1120.68994140625,1123.4300537109375,1111.5799560546875,1120.719970703125,0,1136.9169470214845,1118.7099934895834
2021-04-15,1116.1099853515625,1119.0400390625,1112.469970703125,1116.1099853515625,0,1136.537396850586,1119.0409932454427
2021-04-16,1115.6700439453125,1120.77001953125,1112.2099609375,1115.7900390625,0,1136.1368969726564,1119.3038269042968
2021-04-19,1115.6500244140625,1119.6600341796875,1112.1600341796875,1116.6500244140625,0,1135.7175469970703,1119.4873270670573
2021-04-20,1114.469970703125,1117.81005859375,1109.3599853515625,1114.3699951171875,0,1135.2709967041017,1119.6996602376303
2021-04-21,1116.1099853515625,1120.5899658203125,1114.9200439453125,1116.1099853515625,0,1134.8316467285156,1119.9514933268229
2021-04-22,1115.6600341796875,1119.800048828125,1113.6400146484375,1115.449951171875,0,1134.4075970458985,1120.0874938964844
2021-04-23,1118.5899658203125,1120.27001953125,1112.8900146484375,1119.6300048828125,0,1133.9793969726563,1120.1924926757813
2021-04-26,1114.1300048828125,1115.0999755859375,1108.530029296875,1114.18994140625,0,1133.537396850586,1120.1374918619792
2021-04-27,1109.22998046875,1113.1099853515625,1107.6800537109375,1109.2099609375,0,1133.0833966064454,1120.009991455078
2021-04-28,1112.1500244140625,1114.31005859375,1109.6099853515625,1112.1500244140625,0,1132.6804467773438,1119.9856587727866
2021-04-29,1108.6600341796875,1109.3499755859375,1104.25,1108.8900146484375,0,1132.2375970458984,1119.9108256022134
2021-04-30,1106.6300048828125,1116.7900390625,1106.1800537109375,1106.5799560546875,0,1131.7660473632814,1119.7024922688802
2021-05-03,1116.760009765625,1123.8900146484375,1115.0699462890625,1116.6099853515625,0,1131.3473974609376,1119.7009928385417
2021-05-04,1120.4000244140625,1127.8599853515625,1118.6400146484375,1120.4000244140625,0,1130.9697973632813,1119.7688273111978
2021-05-05,1124.9100341796875,1127.8399658203125,1122.260009765625,1124.8900146484375,0,1130.5974975585937,1120.0173278808593
2021-05-06,1123.989990234375,1126.5899658203125,1120.06005859375,1124.0699462890625,0,1130.2637976074218,1120.3508280436197
2021-05-07,1119.3900146484375,1122.5,1109.0799560546875,1119.989990234375,0,1129.9129473876953,1120.6369954427084
2021-05-10,1111.969970703125,1116.800048828125,1110.239990234375,1111.969970703125,0,1129.5058471679688,1120.7803283691405
2021-05-11,1115.5400390625,1121.1600341796875,1115.489990234375,1115.5899658203125,0,1129.124747314453,1121.0019958496093
2021-05-12,1118.22998046875,1131.18994140625,1118.3800048828125,1118.4300537109375,0,1128.754647216797,1121.1981628417968
2021-05-13,1131.5999755859375,1134.949951171875,1127.1800537109375,1131.739990234375,0,1128.4867468261718,1121.648994954427
2021-05-14,1125.699951171875,1130.9100341796875,1124.72998046875,1125.75,0,1128.1993963623047,1121.9736612955728
2021-05-17,1125.530029296875,1138.739990234375,1125.510009765625,1125.6700439453125,0,1127.8862963867186,1122.33349609375
2021-05-18,1135.510009765625,1137.4200439453125,1125.56005859375,1136.260009765625,0,1127.6378967285157,1122.7474955240884
2021-05-19,1127.1400146484375,1130.550048828125,1123.280029296875,1127.0799560546875,0,1127.348696899414,1123.0446614583334
2021-05-20,1130.3699951171875,1133.3299560546875,1126.969970703125,1130.27001953125,0,1127.086796875,1123.4306620279947
2021-05-21,1127.050048828125,1128.719970703125,1122.050048828125,1127.02001953125,0,1126.8014471435547,1123.5626627604167
2021-05-24,1126.7900390625,1129.06005859375,1123.3599853515625,1126.8199462890625,0,1126.5051971435546,1123.6196634928385
2021-05-25,1122.18994140625,1124.47998046875,1119.68994140625,1122.1800537109375,0,1126.2006469726562,1123.9589965820312
2021-05-26,1121.3800048828125,1122.6700439453125,1113.6099853515625,1121.4000244140625,0,1125.889346923828,1123.9098307291667
2021-05-27,1115.52001953125,1119.739990234375,1113.8399658203125,1115.550048828125,0,1125.5608972167968,1123.6768310546875
2021-05-28,1117.300048828125,1118.3900146484375,1112.1800537109375,1117.199951171875,0,1125.225947265625,1123.4093322753906
2021-05-31,1112.8499755859375,1116.9100341796875,1105.9000244140625,1113.1400146484375,0,1124.8341973876952,1123.16533203125
2021-06-01,1106.97998046875,1109.5,1104.0,1106.97998046875,0,1124.4278472900392,1122.6111653645833
2021-06-02,1107.2099609375,1114.02001953125,1106.43994140625,1107.72998046875,0,1124.0315972900391,1122.1494974772136
2021-06-03,1109.8800048828125,1117.8299560546875,1108.68994140625,1110.050048828125,0,1123.6617474365235,1121.7139973958333
2021-06-04,1115.43994140625,1118.8499755859375,1108.8800048828125,1115.27001953125,0,1123.3060473632813,1121.4773295084635
2021-06-07,1109.6800537109375,1113.1700439453125,1108.550048828125,1109.6800537109375,0,1122.9564978027345,1121.0636637369792
2021-06-08,1109.3199462890625,1117.030029296875,1108.5400390625,1109.4100341796875,0,1122.5678973388672,1120.6958292643228
2021-06-09,1116.8900146484375,1117.949951171875,1111.300048828125,1116.8599853515625,0,1122.2277471923828,1120.4799967447916
2021-06-10,1116.4100341796875,1116.8199462890625,1112.52001953125,1115.6400146484375,0,1121.866547241211,1120.4013305664062
2021-06-11,1111.260009765625,1118.0899658203125,1108.3900146484375,1111.510009765625,0,1121.4689471435547,1120.1538309733073
2021-06-14,1115.550048828125,1119.02001953125,1114.260009765625,1114.8599853515625,0,1121.1145971679687,1119.9549987792968
2021-06-15,1116.3199462890625,1118.5899658203125,1115.77001953125,1116.469970703125,0,1120.7621466064454,1119.808331298828
2021-06-16,1116.030029296875,1119.030029296875,1115.6300048828125,1116.489990234375,0,1120.3960968017577,1119.5221659342449
2021-06-17,1131.949951171875,1135.8599853515625,1126.9200439453125,1132.1099853515625,0,1120.133946533203,1119.479998779297
2021-06-18,1133.5400390625,1136.780029296875,1126.510009765625,1133.6700439453125,0,1119.865496826172,1119.4688334147136
2021-06-21,1134.25,1138.719970703125,1130.8900146484375,1134.1400146484375,0,1119.6018969726563,1119.5736673990884
2021-06-22,1130.3399658203125,1138.0,1130.239990234375,1130.52001953125,0,1119.3493969726562,1119.5518330891928
2021-06-23,1132.510009765625,1138.0899658203125,1131.3599853515625,1132.4300537109375,0,1119.1156970214843,1119.555000813802
2021-06-24,1132.6099853515625,1138.1300048828125,1129.93994140625,1133.4100341796875,0,1118.9183972167968,1119.6451680501302
2021-06-25,1130.800048828125,1132.239990234375,1123.31005859375,1131.4599609375,0,1118.7291473388673,1119.6908345540364
2021-06-28,1125.3399658203125,1131.6700439453125,1125.3399658203125,1125.3399658203125,0,1118.535897216797,1119.6333333333334
2021-06-29,1129.0400390625,1133.969970703125,1127.31005859375,1129.02001953125,0,1118.3618475341798,1119.7155008951822
2021-06-30,1130.510009765625,1132.3299560546875,1125.02001953125,1130.7099609375,0,1118.2018975830078,1119.932334391276
2021-07-01,1129.5999755859375,1134.739990234375,1128.510009765625,1129.6800537109375,0,1118.0012475585938,1120.1280008951824
2021-07-02,1132.4100341796875,1136.6199951171875,1131.0899658203125,1134.4000244140625,0,1117.8207977294921,1120.4041687011718
2021-07-05,1129.77001953125,1131.8399658203125,1127.699951171875,1129.8499755859375,0,1117.6024481201173,1120.5326680501303
2021-07-06,1129.43994140625,1137.6199951171875,1128.739990234375,1130.0999755859375,0,1117.41759765625,1120.6158345540364
2021-07-07,1135.47998046875,1142.260009765625,1134.6600341796875,1135.68994140625,0,1117.255697631836,1120.8623352050781
2021-07-08,1140.52001953125,1150.550048828125,1139.3699951171875,1140.9100341796875,0,1117.1393975830078,1121.269169108073
2021-07-09,1146.280029296875,1149.780029296875,1142.3499755859375,1146.22998046875,0,1117.0608978271484,1121.779335530599
2021-07-12,1144.31005859375,1148.8900146484375,1144.0699462890625,1144.1300048828125,0,1116.9556481933594,1122.2570027669271
2021-07-13,1141.0999755859375,1148.6300048828125,1141.5899658203125,1142.8499755859375,0,1116.8806982421875,1122.7008361816406
2021-07-14,1148.699951171875,1151.780029296875,1144.300048828125,1149.050048828125,0,1116.8047479248046,1123.244002278646
2021-07-15,1143.4100341796875,1147.7900390625,1138.1700439453125,1144.31005859375,0,1116.7392980957031,1123.7065022786458
2021-07-16,1140.1199951171875,1143.780029296875,1137.6400146484375,1141.239990234375,0,1116.6880981445313,1124.0653361002603
2021-07-19,1141.5,1153.56005859375,1141.530029296875,1141.5400390625,0,1116.682348022461,1124.521502685547
2021-07-20,1150.0699462890625,1152.3800048828125,1146.469970703125,1149.989990234375,0,1116.700697631836,1125.202168782552
2021-07-21,1147.47998046875,1155.530029296875,1146.760009765625,1147.4300537109375,0,1116.6986474609375,1125.7910013834635
2021-07-22,1148.68994140625,1152.530029296875,1145.7099609375,1149.6800537109375,0,1116.710546875,1126.4581665039063
2021-07-23,1149.9100341796875,1154.3900146484375,1146.6800537109375,1149.9300537109375,0,1116.7394470214845,1127.1795003255208
2021-07-26,1151.1199951171875,1156.1700439453125,1151.1099853515625,1151.1099853515625,0,1116.7891467285156,1127.7521667480469
2021-07-27,1151.760009765625,1156.7099609375,1148.300048828125,1151.56005859375,0,1116.8629467773437,1128.274833170573
2021-07-28,1153.56005859375,1157.22998046875,1151.300048828125,1153.489990234375,0,1116.9507470703124,1128.752333577474
2021-07-29,1149.4100341796875,1151.489990234375,1140.7900390625,1149.530029296875,0,1117.0376470947265,1129.1760009765626
2021-07-30,1142.1199951171875,1152.4100341796875,1142.760009765625,1143.239990234375,0,1117.0774969482422,1129.554833984375
2021-08-02,1150.9300537109375,1154.0899658203125,1148.260009765625,1150.719970703125,0,1117.1933471679688,1130.204168701172
2021-08-03,1149.56005859375,1153.510009765625,1145.4599609375,1149.699951171875,0,1117.2829473876952,1130.7711690266926
2021-08-04,1148.5799560546875,1148.8499755859375,1139.9000244140625,1147.550048828125,0,1117.384697265625,1131.277001953125
2021-08-05,1144.06005859375,1146.4000244140625,1139.510009765625,1144.030029296875,0,1117.434097290039,1131.4846700032551
2021-08-06,1143.1199951171875,1147.0999755859375,1139.72998046875,1142.0999755859375,0,1117.5020971679687,1131.7750040690105
2021-08-09,1144.9200439453125,1147.3699951171875,1141.969970703125,1144.9100341796875,0,1117.5486474609374,1132.0981709798177
2021-08-10,1145.8900146484375,1153.0899658203125,1145.27001953125,1145.9000244140625,0,1117.6173974609376,1132.271171061198
2021-08-11,1152.47998046875,1158.5799560546875,1151.199951171875,1152.5400390625,0,1117.7281475830077,1132.6935038248698
2021-08-12,1152.8499755859375,1164.1700439453125,1152.8399658203125,1152.9100341796875,0,1117.8436975097657,1133.0681701660155
2021-08-13,1162.06005859375,1170.449951171875,1160.780029296875,1162.1300048828125,0,1118.0408477783203,1133.651670328776
2021-08-16,1161.3800048828125,1167.5,1161.06005859375,1161.3800048828125,0,1118.241997680664,1134.2281697591145
2021-08-17,1164.5,1179.030029296875,1164.27001953125,1164.68994140625,0,1118.4710479736327,1134.9333374023438
2021-08-18,1176.449951171875,1178.52001953125,1166.2900390625,1176.8900146484375,0,1118.7728979492188,1135.8511698404948
2021-08-19,1169.6800537109375,1177.219970703125,1169.6400146484375,1169.75,0,1119.0640484619141,1136.753837076823
2021-08-20,1175.3900146484375,1183.5,1170.75,1175.4599609375,0,1119.3664483642578,1137.7220031738282
2021-08-23,1174.239990234375,1176.4200439453125,1168.7900390625,1174.530029296875,0,1119.6988482666015,1138.7451700846354
2021-08-24,1167.6099853515625,1170.3699951171875,1163.260009765625,1167.949951171875,0,1120.0064483642577,1139.7556701660155
2021-08-25,1163.469970703125,1168.3599853515625,1162.550048828125,1163.300048828125,0,1120.299048461914,1140.6933369954427
2021-08-26,1163.3299560546875,1171.3499755859375,1162.780029296875,1163.3199462890625,0,1120.5861981201172,1141.584169514974
2021-08-27,1170.0,1173.969970703125,1160.2099609375,1169.6800537109375,0,1120.865498046875,1142.4935038248698
2021-08-30,1161.3299560546875,1166.6300048828125,1161.3199462890625,1161.3199462890625,0,1121.102998046875,1143.354335530599
2021-08-31,1165.510009765625,1166.5,1154.6099853515625,1165.52001953125,0,1121.3651483154297,1144.2908365885417
2021-09-01,1158.4100341796875,1159.949951171875,1153.93994140625,1158.4200439453125,0,1121.6086486816407,1144.9828369140625
2021-09-02,1155.280029296875,1161.72998046875,1154.5,1155.5400390625,0,1121.8625988769531,1145.6306701660155
2021-09-03,1157.1300048828125,1157.8499755859375,1152.1600341796875,1157.1199951171875,0,1122.1204486083984,1146.3951700846353
2021-09-06,1154.75,1159.1400146484375,1154.6700439453125,1154.719970703125,0,1122.372548828125,1147.0485026041667
2021-09-07,1155.5400390625,1165.280029296875,1155.1600341796875,1157.010009765625,0,1122.6076989746093,1147.7021708170573
2021-09-08,1161.0,1167.739990234375,1161.1300048828125,1161.1300048828125,0,1122.881298828125,1148.4516703287761
2021-09-09,1166.489990234375,1171.449951171875,1166.489990234375,1166.489990234375,0,1123.216848754883,1149.0273376464843
2021-09-10,1169.1300048828125,1173.5,1164.300048828125,1169.06005859375,0,1123.6058990478516,1149.6205037434895
2021-09-13,1169.3800048828125,1176.969970703125,1169.4000244140625,1169.4000244140625,0,1124.0338989257812,1150.2060038248699
2021-09-14,1171.1099853515625,1174.199951171875,1165.0400390625,1171.6400146484375,0,1124.4710485839844,1150.8855041503907
2021-09-15,1170.800048828125,1173.8599853515625,1165.1600341796875,1170.75,0,1124.9007489013673,1151.5236714680989
2021-09-16,1165.219970703125,1175.8299560546875,1165.0999755859375,1165.0999755859375,0,1125.295048828125,1152.0671712239584
2021-09-17,1174.4200439453125,1180.699951171875,1173.550048828125,1174.47998046875,0,1125.7352990722657,1152.794171142578
2021-09-20,1181.1099853515625,1191.93994140625,1179.0,1181.1099853515625,0,1126.18294921875,1153.723671468099
2021-09-21,1186.3199462890625,1187.1199951171875,1181.3199462890625,1187.1099853515625,0,1126.6542486572266,1154.6783365885417
2021-09-22,1182.9200439453125,1184.52001953125,1180.1400146484375,1182.8399658203125,0,1127.1277990722656,1155.5518371582032
2021-09-23,1181.030029296875,1186.3900146484375,1169.6300048828125,1181.5,0,1127.5746990966798,1156.409004720052
2021-09-24,1174.699951171875,1181.3499755859375,1170.260009765625,1172.97998046875,0,1127.9873986816406,1157.113836669922
2021-09-27,1179.199951171875,1181.7099609375,1173.25,1179.199951171875,0,1128.3884985351563,1157.9376688639322
2021-09-28,1176.9599609375,1188.02001953125,1177.0,1177.0,0,1128.763998413086,1158.729669189453
2021-09-29,1186.8900146484375,1188.1700439453125,1180.56005859375,1186.8900146484375,0,1129.1585485839844,1159.5865030924479
2021-09-30,1187.4300537109375,1188.1500244140625,1178.93994140625,1187.280029296875,0,1129.5716986083985,1160.3683369954426
2021-10-01,1183.719970703125,1188.6800537109375,1179.260009765625,1183.550048828125,0,1129.9907482910157,1160.9923360188802
2021-10-04,1180.0,1184.6800537109375,1177.489990234375,1180.0,0,1130.395298461914,1161.5871683756511
2021-10-05,1183.780029296875,1188.8800048828125,1183.25,1185.1500244140625,0,1130.8391986083984,1162.2985026041667
2021-10-06,1187.1700439453125,1197.489990234375,1185.75,1186.0999755859375,0,1131.311948852539,1162.9396708170573
2021-10-07,1191.3800048828125,1191.989990234375,1186.8499755859375,1190.4599609375,0,1131.8367486572265,1163.739170328776
2021-10-08,1191.1500244140625,1196.97998046875,1189.6500244140625,1189.75,0,1132.3692486572265,1164.5896708170574
2021-10-11,1195.5799560546875,1196.550048828125,1191.1199951171875,1195.5799560546875,0,1132.9234985351563,1165.4910034179688
2021-10-12,1195.800048828125,1200.31005859375,1194.449951171875,1196.0,0,1133.4693988037109,1166.2531717936197
2021-10-13,1196.8900146484375,1197.7900390625,1185.469970703125,1197.02001953125,0,1134.0215991210937,1167.0766723632812
2021-10-14,1186.7099609375,1190.550048828125,1182.72998046875,1185.8699951171875,0,1134.5203991699218,1167.7103393554687
2021-10-15,1182.1300048828125,1184.780029296875,1179.800048828125,1181.6500244140625,0,1134.9656994628906,1168.2473388671874
2021-10-18,1181.7900390625,1188.3499755859375,1180.9000244140625,1181.4000244140625,0,1135.4105499267578,1168.758506266276
2021-10-19,1185.6800537109375,1184.7900390625,1173.1600341796875,1184.47998046875,0,1135.856700439453,1169.3238403320313
2021-10-20,1175.6500244140625,1178.9300537109375,1170.9100341796875,1175.449951171875,0,1136.2672503662109,1169.6920064290364
2021-10-21,1174.5899658203125,1178.030029296875,1172.1800537109375,1174.489990234375,0,1136.6546502685546,1170.1116719563802
2021-10-22,1176.550048828125,1179.97998046875,1172.949951171875,1176.56005859375,0,1137.062900390625,1170.6855061848958
2021-10-25,1176.5400390625,1178.1300048828125,1166.3499755859375,1176.5400390625,0,1137.43080078125,1171.1123392740885
2021-10-26,1167.06005859375,1170.02001953125,1162.699951171875,1167.0699462890625,0,1137.7506011962892,1171.4040059407553
2021-10-27,1167.3299560546875,1173.6300048828125,1164.780029296875,1167.2099609375,0,1138.0823010253907,1171.7165059407553
2021-10-28,1172.1700439453125,1174.0999755859375,1165.6199951171875,1171.0999755859375,0,1138.4619012451171,1172.1850056966146
2021-10-29,1167.3699951171875,1175.22998046875,1166.3900146484375,1167.3399658203125,0,1138.7992510986328,1172.5891723632812
2021-11-01,1174.3800048828125,1179.1400146484375,1172.8399658203125,1173.510009765625,0,1139.1479510498048,1173.0801717122397
2021-11-02,1176.5699462890625,1177.2099609375,1173.510009765625,1176.4000244140625,0,1139.5221508789064,1173.59150390625
2021-11-03,1178.0400390625,1184.800048828125,1177.75,1178.1199951171875,0,1139.9073510742187,1174.0175048828125
2021-11-04,1179.3399658203125,1187.2900390625,1175.6199951171875,1179.719970703125,0,1140.2665509033204,1174.459004720052
2021-11-05,1185.8299560546875,1187.06005859375,1182.030029296875,1184.9100341796875,0,1140.6342504882812,1174.8551696777345
2021-11-08,1180.5,1186.219970703125,1178.52001953125,1181.97998046875,0,1140.9496002197266,1175.1738362630208
2021-11-09,1199.8599853515625,1199.5699462890625,1171.8900146484375,1199.5699462890625,0,1141.3645001220702,1175.7631693522135
2021-11-10,1177.5,1183.239990234375,1175.550048828125,1177.6099853515625,0,1141.6839501953125,1175.7806701660156
2021-11-11,1184.1400146484375,1186.5799560546875,1177.530029296875,1183.9100341796875,0,1142.0389001464844,1176.021669514974
2021-11-12,1183.1099853515625,1182.8800048828125,1175.5,1181.3199462890625,0,1142.358800048828,1176.1503356933595
2021-11-15,1179.1099853515625,1181.8399658203125,1176.68994140625,1180.97998046875,0,1142.6701000976564,1176.2315022786458
2021-11-16,1183.510009765625,1184.22998046875,1174.530029296875,1183.510009765625,0,1143.0060003662109,1176.4965026855468
2021-11-17,1184.050048828125,1186.489990234375,1178.989990234375,1183.1400146484375,0,1143.3762506103515,1176.8395039876302
2021-11-18,1181.22998046875,1186.5999755859375,1177.22998046875,1180.010009765625,0,1143.7625006103515,1177.1378377278645
2021-11-19,1182.9000244140625,1193.6700439453125,1180.47998046875,1182.02001953125,0,1144.1659008789063,1177.3528381347655
2021-11-22,1191.6300048828125,1190.030029296875,1183.9000244140625,1187.0999755859375,0,1144.6072009277343,1177.8578389485676
2021-11-23,1189.5,1191.4200439453125,1185.989990234375,1189.489990234375,0,1145.0435009765624,1178.2576721191406
2021-11-24,1189.949951171875,1190.050048828125,1184.199951171875,1189.010009765625,0,1145.4609509277343,1178.7833374023437
2021-11-25,1187.8800048828125,1191.219970703125,1187.6500244140625,1187.8800048828125,0,1145.8776007080078,1179.3266703287761
2021-11-26,1190.219970703125,1196.97998046875,1145.0799560546875,1189.31005859375,0,1146.2976007080078,1179.8781697591146
2021-11-29,1194.6099853515625,1194.3299560546875,1189.1800537109375,1192.3499755859375,0,1146.7509509277343,1180.5425028483073
2021-11-30,1190.739990234375,1190.9599609375,1181.7099609375,1189.9599609375,0,1147.1513006591797,1181.129168701172
2021-12-01,1182.8599853515625,1184.449951171875,1159.0999755859375,1182.8599853515625,0,1147.5190502929688,1181.4935017903647
2021-12-02,1177.1099853515625,1178.5,1172.3599853515625,1176.199951171875,0,1147.868550415039,1181.6705017089844
2021-12-03,1176.77001953125,1185.0999755859375,1175.43994140625,1175.8800048828125,0,1148.1567504882812,1181.7978352864584
2021-12-06,1183.1400146484375,1185.1400146484375,1178.739990234375,1184.56005859375,0,1148.4556005859374,1182.027168782552
2021-12-07,1180.56005859375,1183.5,1175.3699951171875,1179.6700439453125,0,1148.8492510986327,1182.1846700032552
2021-12-08,1176.8399658203125,1178.010009765625,1171.6500244140625,1175.93994140625,0,1149.111801147461,1182.2853352864583
2021-12-09,1172.56005859375,1178.7900390625,1171.1500244140625,1172.56005859375,0,1149.3271014404297,1182.4076700846354
2021-12-10,1177.3299560546875,1181.77001953125,1175.4000244140625,1177.3499755859375,0,1149.5470013427735,1182.4561686197917
2021-12-13,1178.969970703125,1184.5999755859375,1176.25,1178.969970703125,0,1149.804401245117,1182.4205017089844
2021-12-14,1185.0999755859375,1185.5899658203125,1180.4599609375,1183.949951171875,0,1150.028751220703,1182.4001688639323
2021-12-15,1184.22998046875,1189.7099609375,1182.9000244140625,1184.22998046875,0,1150.2753509521485,1182.422001139323
2021-12-16,1184.4000244140625,1186.4100341796875,1180.3299560546875,1184.4000244140625,0,1150.5173010253907,1182.4781677246094
2021-12-17,1186.1500244140625,1187.6199951171875,1179.31005859375,1185.260009765625,0,1150.7998510742189,1182.6690022786458
2021-12-20,1186.3900146484375,1193.780029296875,1185.8599853515625,1186.75,0,1151.059301147461,1182.788836669922
2021-12-21,1190.1199951171875,1193.8199462890625,1188.31005859375,1188.31005859375,0,1151.3529510498047,1183.0081705729167
2021-12-22,1191.27001953125,1194.1300048828125,1187.699951171875,1188.9000244140625,0,1151.6601013183595,1183.0811706542968
2021-12-23,1187.77001953125,1190.3399658203125,1185.02001953125,1187.77001953125,0,1151.9933013916016,1183.0868367513021
2021-12-24,1185.5,1188.3299560546875,1184.260009765625,1185.5699462890625,0,1152.2902514648438,1183.11650390625
2021-12-27,1185.9200439453125,1187.6700439453125,1184.3699951171875,1185.3800048828125,0,1152.5824517822266,1183.2151713053386
2021-12-28,1185.6500244140625,1189.199951171875,1184.5999755859375,1185.1600341796875,0,1152.885101928711,1183.246337890625
2021-12-29,1187.8499755859375,1187.760009765625,1183.9000244140625,1187.739990234375,0,1153.1583520507813,1183.2576700846355
2021-12-30,1183.6700439453125,1190.6600341796875,1182.2900390625,1183.510009765625,0,1153.404302368164,1183.129170735677
2021-12-31,1189.8900146484375,1192.1800537109375,1186.4000244140625,1188.9599609375,0,1153.6827026367187,1183.1081705729166
2022-01-03,1187.780029296875,1195.3399658203125,1187.0,1187.1300048828125,0,1153.9818029785156,1182.9781717936198
2022-01-04,1194.6800537109375,1199.72998046875,1191.5,1195.6300048828125,0,1154.296953125,1182.9595052083334
2022-01-05,1196.5,1199.68994140625,1193.280029296875,1196.6700439453125,0,1154.6178533935547,1182.9530049641928
2022-01-06,1199.25,1206.260009765625,1196.5899658203125,1199.25,0,1154.9781036376953,1183.1620056152344
2022-01-07,1205.780029296875,1204.760009765625,1199.5799560546875,1204.6700439453125,0,1155.366703491211,1183.556172688802
2022-01-10,1196.8800048828125,1201.3800048828125,1194.780029296875,1198.3499755859375,0,1155.7071533203125,1183.8076721191405
2022-01-11,1198.0899658203125,1197.1600341796875,1190.4200439453125,1197.1600341796875,0,1156.0770532226563,1184.0145039876302
2022-01-12,1189.4300537109375,1192.6800537109375,1185.68994140625,1189.4300537109375,0,1156.436703491211,1184.2441711425781
2022-01-13,1185.8800048828125,1189.5799560546875,1182.199951171875,1185.8800048828125,0,1156.776803588867,1184.4323384602865
2022-01-14,1186.6099853515625,1190.6700439453125,1184.8299560546875,1186.3800048828125,0,1157.1306536865234,1184.6000040690103
2022-01-17,1188.9599609375,1193.5999755859375,1189.0400390625,1189.3199462890625,0,1157.4651531982422,1184.807002766927
2022-01-18,1190.06005859375,1192.9200439453125,1185.81005859375,1190.0699462890625,0,1157.7932037353517,1185.1903361002603
2022-01-19,1192.97998046875,1193.6099853515625,1185.47998046875,1192.97998046875,0,1158.1546539306642,1185.6178365071614
2022-01-20,1188.1600341796875,1192.4000244140625,1186.56005859375,1187.239990234375,0,1158.5149041748048,1185.884336344401
2022-01-21,1192.4300537109375,1194.949951171875,1189.1300048828125,1192.4300537109375,0,1158.8987042236329,1186.3020039876303
2022-01-24,1191.5,1199.489990234375,1192.1199951171875,1192.9000244140625,0,1159.2779541015625,1186.5873372395833
2022-01-25,1195.6600341796875,1199.699951171875,1193.989990234375,1195.050048828125,0,1159.6839044189453,1186.9055053710938
2022-01-26,1196.0999755859375,1198.199951171875,1194.530029296875,1196.0999755859375,0,1160.0838543701173,1187.206504313151
2022-01-27,1200.6300048828125,1205.8800048828125,1193.8499755859375,1200.6300048828125,0,1160.5087042236328,1187.561338297526
2022-01-28,1203.4599609375,1213.260009765625,1202.75,1203.5999755859375,0,1160.9330541992188,1187.8551717122396
2022-01-31,1207.7099609375,1212.3699951171875,1204.6800537109375,1208.7099609375,0,1161.4009539794922,1188.3086710611979
2022-02-01,1205.1199951171875,1207.3399658203125,1200.9100341796875,1205.1099853515625,0,1161.8804040527343,1188.396337890625
2022-02-02,1202.5,1203.780029296875,1198.4100341796875,1202.5,0,1162.3321539306642,1188.8130045572916
2022-02-03,1199.9599609375,1206.6800537109375,1196.9200439453125,1199.0999755859375,0,1162.7886535644532,1189.0766703287761
2022-02-04,1200.3299560546875,1201.77001953125,1195.22998046875,1199.6400146484375,0,1163.2571533203125,1189.3636698404948
2022-02-07,1197.0899658203125,1200.7099609375,1196.530029296875,1197.9200439453125,0,1163.6588031005858,1189.6633361816407
2022-02-08,1196.8499755859375,1199.949951171875,1195.300048828125,1196.6500244140625,0,1164.0410528564453,1189.8856689453125
2022-02-09,1196.3599853515625,1196.9300537109375,1192.3699951171875,1196.030029296875,0,1164.3983026123046,1190.0908345540365
2022-02-10,1194.030029296875,1198.5999755859375,1192.7900390625,1193.18994140625,0,1164.7485028076171,1190.3041687011719
2022-02-11,1199.3499755859375,1201.5799560546875,1192.8699951171875,1199.3499755859375,0,1165.1483026123046,1190.5783345540365
2022-02-14,1199.239990234375,1200.050048828125,1192.4599609375,1198.739990234375,0,1165.584652709961,1190.705167643229
2022-02-15,1197.3599853515625,1200.22998046875,1194.2900390625,1196.5,0,1165.9937524414063,1190.8361673990885
2022-02-16,1196.8299560546875,1198.8399658203125,1194.9100341796875,1196.8299560546875,0,1166.386752319336,1190.9508341471353
2022-02-17,1196.75,1201.199951171875,1193.6300048828125,1196.75,0,1166.7125024414063,1191.0986673990885
2022-02-18,1198.6600341796875,1198.93994140625,1191.989990234375,1197.8499755859375,0,1167.0773028564454,1191.2393351236979
2022-02-21,1195.0699462890625,1198.300048828125,1189.1500244140625,1198.199951171875,0,1167.4250024414061,1191.247001139323
2022-02-22,1194.6800537109375,1195.9599609375,1190.6500244140625,1193.75,0,1167.7208526611328,1191.3126688639322
2022-02-23,1192.6800537109375,1193.8299560546875,1188.949951171875,1191.9100341796875,0,1168.0485528564452,1191.476336669922
2022-02-24,1192.4000244140625,1210.97998046875,1191.530029296875,1191.530029296875,0,1168.3587030029296,1191.7311706542969
2022-02-25,1206.0,1206.0,1197.3900146484375,1206.0,0,1168.753452758789,1192.2183369954428
2022-02-28,1197.5899658203125,1208.72998046875,1199.0,1205.4000244140625,0,1169.1074523925781,1192.459169514974
2022-03-01,1200.9300537109375,1204.7099609375,1196.6500244140625,1200.9300537109375,0,1169.5011529541016,1192.7986694335937
2022-03-02,1205.3699951171875,1208.7099609375,1201.469970703125,1204.4000244140625,0,1169.9211029052735,1193.274169921875
2022-03-03,1203.1500244140625,1208.7099609375,1201.5699462890625,1202.300048828125,0,1170.3592529296875,1193.784002685547
2022-03-04,1205.989990234375,1219.780029296875,1205.989990234375,1205.989990234375,0,1170.8027026367188,1194.261669921875
2022-03-07,1216.7099609375,1233.06005859375,1222.1800537109375,1222.800048828125,0,1171.3220025634766,1194.8906697591146
2022-03-08,1232.300048828125,1238.7900390625,1230.3399658203125,1232.300048828125,0,1171.9486029052734,1195.6773376464844
2022-03-09,1233.1099853515625,1235.52001953125,1222.8599853515625,1233.0999755859375,0,1172.5781030273438,1196.4920043945312
2022-03-10,1223.22998046875,1231.1099853515625,1221.280029296875,1221.280029296875,0,1173.1448529052734,1197.1391703287761
2022-03-11,1228.5999755859375,1236.3800048828125,1219.1600341796875,1227.75,0,1173.7106530761719,1197.8466695149739
2022-03-14,1236.8900146484375,1242.1500244140625,1234.8800048828125,1235.22998046875,0,1174.3467028808593,1198.6883361816406
2022-03-15,1242.050048828125,1247.1800537109375,1238.8800048828125,1240.77001953125,0,1175.0103533935546,1199.553837076823
2022-03-16,1241.6800537109375,1243.800048828125,1226.239990234375,1241.6800537109375,0,1175.6343035888672,1200.394004313151
2022-03-17,1223.0,1227.1300048828125,1207.4599609375,1222.1600341796875,0,1176.1672534179688,1200.9811706542969
2022-03-18,1210.3299560546875,1216.8599853515625,1206.3399658203125,1209.739990234375,0,1176.662603149414,1201.3950032552084
2022-03-21,1210.3699951171875,1217.1099853515625,1210.1400146484375,1211.699951171875,0,1177.1367028808593,1201.8025024414062
2022-03-22,1219.780029296875,1223.6099853515625,1213.81005859375,1218.1300048828125,0,1177.6540032958985,1202.3713358561197
2022-03-23,1214.949951171875,1219.1400146484375,1210.449951171875,1214.030029296875,0,1178.1486029052735,1202.8230021158854
2022-03-24,1218.010009765625,1224.93994140625,1216.7900390625,1217.300048828125,0,1178.5789031982422,1203.3953348795574
2022-03-25,1217.550048828125,1224.81005859375,1215.6300048828125,1217.550048828125,0,1178.9989532470704,1203.8563354492187
2022-03-28,1224.3800048828125,1227.6099853515625,1221.4200439453125,1224.3800048828125,0,1179.4496032714844,1204.4663350423177
2022-03-29,1223.6600341796875,1223.6600341796875,1207.72998046875,1223.6600341796875,0,1179.9162036132811,1204.9493347167968
2022-03-30,1209.1300048828125,1212.75,1206.4200439453125,1209.1300048828125,0,1180.2993035888671,1205.1598347981771
2022-03-31,1210.43994140625,1214.8499755859375,1204.6500244140625,1210.43994140625,0,1180.6884533691407,1205.3463338216145
2022-04-01,1214.5,1219.800048828125,1213.449951171875,1214.5,0,1181.106953125,1205.4916666666666
2022-04-04,1218.780029296875,1218.949951171875,1211.969970703125,1218.780029296875,0,1181.5741534423828,1205.8566670735677
2022-04-05,1213.9000244140625,1217.5899658203125,1209.4599609375,1213.9000244140625,0,1181.9984533691406,1206.1201680501301
2022-04-06,1218.75,1221.81005859375,1215.489990234375,1218.75,0,1182.4396533203126,1206.6088338216146
2022-04-07,1217.5999755859375,1222.47998046875,1215.8299560546875,1217.5999755859375,0,1182.8796533203124,1207.1375
2022-04-08,1222.6600341796875,1231.1300048828125,1220.6500244140625,1222.6600341796875,0,1183.3309033203125,1207.7383341471354
2022-04-11,1228.239990234375,1234.93994140625,1228.199951171875,1228.239990234375,0,1183.823253173828,1208.3930013020833
2022-04-12,1235.050048828125,1238.1800537109375,1223.68994140625,1235.050048828125,0,1184.3513037109376,1209.1428344726562
2022-04-13,1228.5999755859375,1231.010009765625,1222.6099853515625,1228.5999755859375,0,1184.8169036865233,1209.7365010579426
2022-04-14,1223.1199951171875,1230.43994140625,1221.699951171875,1223.1199951171875,0,1185.229903564453,1210.3191670735678
2022-04-15,1230.0999755859375,1231.9000244140625,1226.75,1230.0999755859375,0,1185.6490032958984,1210.9469991048177
2022-04-18,1228.0899658203125,1235.5,1228.0899658203125,1228.0899658203125,0,1186.0679028320312,1211.5568318684896
2022-04-19,1235.3499755859375,1242.1800537109375,1232.4000244140625,1235.3499755859375,0,1186.5391528320313,1212.218330891927
2022-04-20,1239.5999755859375,1241.06005859375,1231.6300048828125,1239.5999755859375,0,1186.9936529541017,1212.9433308919272
2022-04-21,1234.0899658203125,1242.77001953125,1232.8399658203125,1234.0899658203125,0,1187.4470526123048,1213.500996907552
2022-04-22,1242.489990234375,1246.530029296875,1238.0799560546875,1242.489990234375,0,1187.9589025878906,1214.1514973958333
2022-04-25,1243.1600341796875,1253.5999755859375,1242.6199951171875,1243.1600341796875,0,1188.467202758789,1214.7423319498698
2022-04-26,1249.2099609375,1260.3399658203125,1236.22998046875,1249.2099609375,0,1188.9629028320312,1215.4771647135417
2022-04-27,1260.7099609375,1270.25,1259.699951171875,1260.7099609375,0,1189.529052734375,1216.4473307291667
2022-04-28,1266.280029296875,1276.81005859375,1263.8199462890625,1266.280029296875,0,1190.1170031738282,1217.552665201823
2022-04-29,1272.2900390625,1271.530029296875,1254.6700439453125,1272.2900390625,0,1190.7289031982423,1218.7519999186197
2022-05-02,1262.530029296875,1268.7099609375,1262.25,1262.530029296875,0,1191.2859533691405,1219.842667643229
2022-05-03,1266.75,1268.22998046875,1259.0400390625,1266.75,0,1191.8609033203124,1221.0076680501302
2022-05-04,1261.06005859375,1266.8800048828125,1258.0699462890625,1261.06005859375,0,1192.3984033203126,1222.0860026041667
2022-05-05,1251.5,1273.8499755859375,1249.8900146484375,1251.5,0,1192.908853149414,1223.0438354492187
2022-05-06,1268.699951171875,1275.8599853515625,1257.47998046875,1268.699951171875,0,1193.5417529296874,1224.199668375651
2022-05-09,1270.1300048828125,1277.800048828125,1270.1199951171875,1270.1300048828125,0,1194.137752685547,1225.3811686197917
2022-05-10,1274.8599853515625,1278.4599609375,1270.949951171875,1274.8599853515625,0,1194.764252319336,1226.6728352864584
2022-05-11,1276.550048828125,1280.1300048828125,1271.27001953125,1276.550048828125,0,1195.4041027832031,1228.001503499349
2022-05-12,1278.1500244140625,1291.5,1278.1500244140625,1278.1500244140625,0,1196.0745526123046,1229.3581705729166
2022-05-13,1290.75,1290.0899658203125,1279.260009765625,1290.75,0,1196.8127026367188,1230.8930033365884
2022-05-16,1277.5699462890625,1286.1099853515625,1271.97998046875,1277.5699462890625,0,1197.4759521484375,1232.2680033365884
2022-05-17,1279.8499755859375,1279.5699462890625,1263.02001953125,1279.8499755859375,0,1198.145751953125,1233.6875020345053
2022-05-18,1266.6600341796875,1272.9300537109375,1263.3599853515625,1266.6600341796875,0,1198.7166522216796,1234.9205017089844
2022-05-19,1275.5799560546875,1280.02001953125,1263.9599609375,1275.5799560546875,0,1199.3303021240235,1236.3068339029949
2022-05-20,1263.550048828125,1273.31005859375,1260.3299560546875,1263.550048828125,0,1199.8377520751953,1237.2660013834636
2022-05-23,1273.2099609375,1273.2099609375,1258.4100341796875,1273.2099609375,0,1200.3969018554687,1238.5263346354166
2022-05-24,1258.8199462890625,1266.1300048828125,1258.8199462890625,1258.8199462890625,0,1200.8685015869141,1239.4911661783854
2022-05-25,1260.989990234375,1271.489990234375,1260.0400390625,1260.989990234375,0,1201.2912017822266,1240.4181660970053
2022-05-26,1266.5999755859375,1269.1400146484375,1260.9599609375,1266.5999755859375,0,1201.7758013916016,1241.4756652832032
2022-05-27,1258.8900146484375,1261.6099853515625,1248.219970703125,1258.8900146484375,0,1202.1933013916016,1242.357332356771
2022-05-30,1251.5899658203125,1252.760009765625,1234.8499755859375,1251.5899658203125,0,1202.5800512695312,1242.9386657714845
2022-05-31,1236.1700439453125,1243.030029296875,1233.0,1236.1700439453125,0,1202.9228515625,1243.0031656901042
2022-06-01,1241.739990234375,1247.27001953125,1239.010009765625,1241.739990234375,0,1203.3142016601562,1243.1469991048177
2022-06-02,1246.949951171875,1254.4300537109375,1238.22998046875,1246.949951171875,0,1203.7323016357423,1243.5423319498698
2022-06-03,1240.8399658203125,1251.030029296875,1238.260009765625,1240.8399658203125,0,1204.0865014648436,1243.7463317871093
2022-06-06,1250.530029296875,1253.8900146484375,1247.3199462890625,1250.530029296875,0,1204.5325018310548,1243.9736653645834
2022-06-07,1254.47998046875,1259.75,1252.8399658203125,1254.47998046875,0,1204.9773516845703,1244.1808308919271
2022-06-08,1254.5799560546875,1257.5999755859375,1252.47998046875,1254.5799560546875,0,1205.4582012939454,1244.3958292643229
2022-06-09,1256.739990234375,1262.2099609375,1252.5999755859375,1256.739990234375,0,1205.9655010986328,1244.958162434896
2022-06-10,1264.02001953125,1282.47998046875,1263.1300048828125,1264.02001953125,0,1206.499951171875,1245.8529968261719
2022-06-13,1278.280029296875,1293.6099853515625,1278.3399658203125,1278.280029296875,0,1207.1176013183594,1246.9848307291666
2022-06-14,1291.800048828125,1292.1500244140625,1284.0799560546875,1291.800048828125,0,1207.7989013671875,1248.185164388021
2022-06-15,1289.47998046875,1293.239990234375,1280.969970703125,1289.47998046875,0,1208.4413012695313,1249.4273315429687
2022-06-16,1278.1600341796875,1296.030029296875,1274.949951171875,1278.1600341796875,0,1208.9996514892578,1250.4298319498698
2022-06-17,1288.1800537109375,1295.97998046875,1282.1099853515625,1288.1800537109375,0,1209.5949017333985,1251.6069986979167
2022-06-20,1290.5,1295.239990234375,1287.780029296875,1290.5,0,1210.2005017089843,1252.7089986165365
2022-06-21,1292.3800048828125,1293.93994140625,1287.5400390625,1292.3800048828125,0,1210.8068518066407,1253.8543314615886
2022-06-22,1291.5999755859375,1305.0999755859375,1290.81005859375,1291.5999755859375,0,1211.4108514404297,1255.2288309733074
2022-06-23,1297.6800537109375,1307.8399658203125,1296.72998046875,1297.6800537109375,0,1212.0731518554687,1256.6828328450522
2022-06-24,1299.81005859375,1301.9200439453125,1288.510009765625,1299.81005859375,0,1212.7001019287109,1258.104667154948
2022-06-27,1288.2900390625,1292.97998046875,1279.7900390625,1288.2900390625,0,1213.2360021972656,1259.2631673177084
2022-06-28,1286.199951171875,1291.0899658203125,1280.06005859375,1286.199951171875,0,1213.7354022216796,1260.4681660970052
2022-06-29,1292.030029296875,1299.4200439453125,1288.9100341796875,1292.030029296875,0,1214.2809521484376,1261.6894999186197
2022-06-30,1301.72998046875,1303.7900390625,1291.489990234375,1301.72998046875,0,1214.8844519042968,1263.0916666666667
2022-07-01,1287.7099609375,1303.4300537109375,1288.050048828125,1287.7099609375,0,1215.449501953125,1264.1758321126301
2022-07-04,1297.8900146484375,1299.7900390625,1292.6700439453125,1297.8900146484375,0,1216.0429522705078,1265.3366658528646
2022-07-05,1295.6800537109375,1315.469970703125,1293.300048828125,1295.6800537109375,0,1216.636552734375,1266.3471659342447
2022-07-06,1308.6600341796875,1310.5699462890625,1301.68994140625,1308.6600341796875,0,1217.2454028320312,1267.6815002441406
2022-07-07,1304.8499755859375,1308.1400146484375,1296.0899658203125,1304.8499755859375,0,1217.8325024414062,1269.0436665852865
2022-07-08,1297.6500244140625,1304.6500244140625,1291.8399658203125,1297.6500244140625,0,1218.402152709961,1270.169500732422
2022-07-11,1293.7900390625,1314.550048828125,1293.7900390625,1293.7900390625,0,1218.9711029052735,1271.264501953125
2022-07-12,1310.8599853515625,1316.219970703125,1302.0899658203125,1310.8599853515625,0,1219.606502685547,1272.5230021158854
2022-07-13,1305.8299560546875,1311.010009765625,1299.3800048828125,1305.8299560546875,0,1220.1998022460937,1273.626835123698
2022-07-14,1304.8499755859375,1327.010009765625,1304.1800537109375,1304.8499755859375,0,1220.7671520996093,1274.8061686197916
2022-07-15,1316.1800537109375,1329.1500244140625,1315.800048828125,1316.1800537109375,0,1221.3923022460938,1276.034336344401
2022-07-18,1318.1199951171875,1321.469970703125,1311.0699462890625,1318.1199951171875,0,1222.0050024414063,1277.2836690266927
2022-07-19,1318.9100341796875,1319.25,1303.6800537109375,1318.9100341796875,0,1222.620552368164,1278.4453369140624
2022-07-20,1305.5,1313.43994140625,1302.5,1305.5,0,1223.163602294922,1279.1918375651042
2022-07-21,1312.8699951171875,1316.4300537109375,1306.030029296875,1312.8699951171875,0,1223.7944024658202,1279.9683369954428
2022-07-22,1306.8499755859375,1316.510009765625,1304.22998046875,1306.8499755859375,0,1224.418002319336,1280.5443359375
2022-07-25,1309.3199462890625,1313.5799560546875,1306.989990234375,1309.3199462890625,0,1225.0556518554688,1281.3241678873699
2022-07-26,1310.4000244140625,1312.6099853515625,1305.949951171875,1310.4000244140625,0,1225.6792517089843,1282.051668294271
2022-07-27,1310.9000244140625,1315.530029296875,1308.56005859375,1310.9000244140625,0,1226.3555017089843,1282.8823343912761
2022-07-28,1305.949951171875,1309.050048828125,1297.5799560546875,1305.949951171875,0,1227.0123016357422,1283.789833577474
2022-07-29,1295.1500244140625,1307.0699462890625,1295.06005859375,1295.1500244140625,0,1227.605301513672,1284.2306681315104
2022-08-01,1302.280029296875,1309.1400146484375,1299.1500244140625,1302.280029296875,0,1228.2340014648437,1284.7665018717448
2022-08-02,1306.75,1312.739990234375,1304.4000244140625,1306.75,0,1228.932451171875,1285.2980021158853
2022-08-03,1314.6300048828125,1313.9100341796875,1306.7099609375,1314.6300048828125,0,1229.6689514160157,1285.9326680501301
2022-08-04,1307.3800048828125,1312.06005859375,1303.77001953125,1307.3800048828125,0,1230.3450012207031,1286.419834391276
2022-08-05,1302.0799560546875,1304.4599609375,1292.68994140625,1302.0799560546875,0,1231.0185510253907,1286.6086669921874
2022-08-08,1302.739990234375,1306.760009765625,1298.3900146484375,1302.739990234375,0,1231.6603509521485,1287.0281677246094
2022-08-09,1299.030029296875,1307.4100341796875,1298.760009765625,1299.030029296875,0,1232.2726513671876,1287.3478352864583
2022-08-10,1307.56005859375,1312.8499755859375,1295.8800048828125,1307.56005859375,0,1232.9202514648437,1288.029502360026
2022-08-11,1296.699951171875,1304.8900146484375,1295.949951171875,1296.699951171875,0,1233.5070513916016,1288.381502278646
2022-08-12,1306.8299560546875,1306.8299560546875,1298.4100341796875,1306.8299560546875,0,1234.1120513916017,1289.1028340657551
2022-08-15,1301.3800048828125,1313.4000244140625,1301.3800048828125,1301.3800048828125,0,1234.7164514160156,1289.572334798177
2022-08-16,1313.1800537109375,1312.8599853515625,1307.510009765625,1313.1800537109375,0,1235.2830517578125,1290.4783365885417
2022-08-17,1311.0,1317.3199462890625,1307.77001953125,1311.0,0,1235.9505517578125,1291.311836751302
2022-08-18,1314.8299560546875,1327.219970703125,1312.2900390625,1314.8299560546875,0,1236.6040014648438,1292.1156697591146
2022-08-19,1326.9100341796875,1338.5899658203125,1323.5699462890625,1326.9100341796875,0,1237.3230017089843,1293.249336751302
2022-08-22,1334.8599853515625,1346.1500244140625,1334.0,1334.8599853515625,0,1238.1017517089845,1294.6371704101562
2022-08-23,1343.3599853515625,1346.1300048828125,1334.1700439453125,1343.3599853515625,0,1238.9010015869142,1296.4236694335937
2022-08-24,1339.0799560546875,1344.25,1337.1800537109375,1339.0799560546875,0,1239.6761511230468,1298.0460021972656
2022-08-25,1340.0,1340.949951171875,1332.8699951171875,1340.0,0,1240.4700012207031,1299.596836344401
2022-08-26,1334.43994140625,1337.8199462890625,1327.3499755859375,1334.43994140625,0,1241.227700805664,1301.1568359375
2022-08-29,1341.1800537109375,1351.9599609375,1341.1800537109375,1341.1800537109375,0,1241.9754510498046,1302.6676696777345
2022-08-30,1345.72998046875,1352.6400146484375,1342.8900146484375,1345.72998046875,0,1242.7566009521483,1304.1885030110677
2022-08-31,1350.18994140625,1351.699951171875,1337.4000244140625,1350.18994140625,0,1243.5578009033204,1305.782002766927
2022-09-01,1342.260009765625,1358.5799560546875,1340.550048828125,1342.260009765625,0,1244.3297009277344,1307.2073364257812
2022-09-02,1355.0999755859375,1364.780029296875,1351.81005859375,1355.0999755859375,0,1245.1541009521484,1308.7253356933593
2022-09-05,1361.510009765625,1374.780029296875,1361.300048828125,1361.510009765625,0,1245.9886010742186,1310.1125020345053
2022-09-06,1361.81005859375,1381.0899658203125,1363.6400146484375,1361.81005859375,0,1246.8439514160157,1311.279335530599
2022-09-07,1378.1099853515625,1390.5400390625,1377.510009765625,1378.1099853515625,0,1247.8202014160156,1312.756502278646
2022-09-08,1374.31005859375,1386.6400146484375,1373.7900390625,1374.31005859375,0,1248.8062017822265,1314.3590026855468
2022-09-09,1383.0,1385.0,1372.780029296875,1383.0,0,1249.8373516845704,1315.939335123698
2022-09-12,1379.06005859375,1383.550048828125,1372.72998046875,1379.06005859375,0,1250.816951904297,1317.4153361002604
2022-09-13,1375.81005859375,1392.9300537109375,1370.3499755859375,1375.81005859375,0,1251.793201904297,1318.8058369954426
2022-09-14,1393.469970703125,1396.1400146484375,1387.31005859375,1393.469970703125,0,1252.8763519287108,1320.5036702473958
2022-09-15,1391.1800537109375,1399.489990234375,1390.22998046875,1391.1800537109375,0,1253.9694519042969,1322.0620035807292
2022-09-16,1398.6300048828125,1398.800048828125,1381.010009765625,1398.6300048828125,0,1255.0759521484374,1323.709002685547
2022-09-19,1385.22998046875,1395.6700439453125,1383.75,1385.22998046875,0,1256.1072521972656,1325.324668375651
2022-09-20,1390.1099853515625,1394.219970703125,1387.0899658203125,1390.1099853515625,0,1257.1323022460938,1327.056502278646
2022-09-21,1392.510009765625,1398.02001953125,1387.6500244140625,1392.510009765625,0,1258.1737023925782,1328.7311686197916
2022-09-22,1397.56005859375,1414.4000244140625,1396.75,1397.56005859375,0,1259.2395025634767,1330.3283365885416
2022-09-23,1403.6600341796875,1418.72998046875,1401.6099853515625,1403.6600341796875,0,1260.3270526123047,1332.2608378092448
2022-09-26,1421.81005859375,1434.6500244140625,1418.550048828125,1421.81005859375,0,1261.5041528320312,1334.326171875
2022-09-27,1429.77001953125,1430.0999755859375,1418.260009765625,1429.77001953125,0,1262.7024029541017,1336.5610046386719
2022-09-28,1426.260009765625,1446.4100341796875,1425.4599609375,1426.260009765625,0,1263.8773529052735,1338.5210042317708
2022-09-29,1421.949951171875,1442.3299560546875,1420.9599609375,1421.949951171875,0,1265.0482525634766,1340.4726704915365
2022-09-30,1430.1700439453125,1437.4000244140625,1428.300048828125,1430.1700439453125,0,1266.2716027832032,1342.681337483724
2022-10-03,1439.22998046875,1444.719970703125,1431.719970703125,1439.22998046875,0,1267.5381524658203,1345.1053365071614
2022-10-04,1433.3399658203125,1436.1500244140625,1417.2900390625,1433.3399658203125,0,1268.7766021728517,1347.146669514974
2022-10-05,1416.530029296875,1423.489990234375,1409.2099609375,1416.530029296875,0,1269.9200024414063,1348.9916707356772
2022-10-06,1416.760009765625,1416.760009765625,1396.4000244140625,1416.760009765625,0,1271.0854522705079,1350.8568379720052
2022-10-07,1408.449951171875,1419.199951171875,1401.199951171875,1408.449951171875,0,1272.178251953125,1352.394669596354
2022-10-10,1415.97998046875,1430.0699462890625,1415.97998046875,1415.97998046875,0,1273.3192517089844,1354.0256693522135
2022-10-11,1428.3499755859375,1438.1500244140625,1427.72998046875,1428.3499755859375,0,1274.4876013183593,1355.849668375651
2022-10-12,1430.800048828125,1435.5400390625,1422.489990234375,1430.800048828125,0,1275.6591015625,1357.9380025227865
2022-10-13,1423.9000244140625,1445.739990234375,1423.1199951171875,1423.9000244140625,0,1276.7823516845704,1359.7885030110676
2022-10-14,1430.300048828125,1439.6600341796875,1424.510009765625,1430.300048828125,0,1277.9049517822266,1361.8460042317708
2022-10-17,1440.760009765625,1441.02001953125,1429.280029296875,1440.760009765625,0,1279.1243518066406,1364.0366719563801
2022-10-18,1430.1500244140625,1431.68994140625,1418.5,1430.1500244140625,0,1280.2846520996093,1366.0325052897135
2022-10-19,1425.02001953125,1435.5999755859375,1413.06005859375,1425.02001953125,0,1281.462601928711,1367.9345052083333
2022-10-20,1435.010009765625,1436.43994140625,1420.93994140625,1435.010009765625,0,1282.708251953125,1370.0855061848958
2022-10-21,1430.31005859375,1444.8299560546875,1428.0,1430.31005859375,0,1283.926752319336,1372.338173421224
2022-10-24,1428.1099853515625,1445.699951171875,1427.9000244140625,1428.1099853515625,0,1285.1225024414061,1374.4353393554688
2022-10-25,1443.9599609375,1443.9300537109375,1422.9200439453125,1443.9599609375,0,1286.392001953125,1376.7221720377604
2022-10-26,1426.9300537109375,1432.2099609375,1409.9300537109375,1426.9300537109375,0,1287.561752319336,1378.593839518229
2022-10-27,1412.68994140625,1424.510009765625,1412.030029296875,1412.68994140625,0,1288.6844018554686,1380.3490051269532
2022-10-28,1420.6500244140625,1428.1199951171875,1412.3199462890625,1420.6500244140625,0,1289.8255017089843,1382.3251729329427
2022-10-31,1421.6500244140625,1429.0699462890625,1418.4200439453125,1421.6500244140625,0,1290.9762518310547,1384.3070068359375
2022-11-01,1424.6700439453125,1428.510009765625,1410.47998046875,1424.6700439453125,0,1292.1213018798828,1386.4010070800782
2022-11-02,1416.5999755859375,1420.4000244140625,1412.3599853515625,1416.5999755859375,0,1293.2238018798828,1388.2183390299479
2022-11-03,1423.0999755859375,1427.949951171875,1417.0899658203125,1423.0999755859375,0,1294.3361517333985,1390.3250061035155
2022-11-04,1423.6500244140625,1428.93994140625,1404.010009765625,1423.6500244140625,0,1295.4371020507813,1392.2720072428385
2022-11-07,1402.1099853515625,1412.0699462890625,1389.4100341796875,1402.1099853515625,0,1296.4091021728516,1393.950840250651
2022-11-08,1392.699951171875,1393.800048828125,1369.8900146484375,1392.699951171875,0,1297.347001953125,1395.276171875
2022-11-09,1374.1500244140625,1380.1500244140625,1351.47998046875,1374.1500244140625,0,1298.2052520751954,1396.328672281901
2022-11-10,1370.550048828125,1383.4599609375,1350.0999755859375,1370.550048828125,0,1299.0582025146484,1397.2573404947916
2022-11-11,1349.3699951171875,1349.81005859375,1314.1099853515625,1349.3699951171875,0,1299.803402709961,1397.6316731770833
2022-11-14,1313.030029296875,1331.8599853515625,1310.0400390625,1313.030029296875,0,1300.3831030273439,1397.267840576172
2022-11-15,1324.0799560546875,1326.72998046875,1306.06005859375,1324.0799560546875,0,1301.0192529296876,1396.9465067545573
2022-11-16,1316.260009765625,1333.81005859375,1314.4200439453125,1316.260009765625,0,1301.6187530517577,1396.5661743164062
2022-11-17,1336.4300537109375,1351.1400146484375,1329.3499755859375,1336.4300537109375,0,1302.330753173828,1396.5066752115886
2022-11-18,1342.75,1343.3599853515625,1334.52001953125,1342.75,0,1303.0477532958985,1396.645176188151
2022-11-21,1339.030029296875,1362.0,1344.9000244140625,1339.030029296875,0,1303.7467034912108,1396.6093424479166
2022-11-22,1359.75,1360.9599609375,1350.449951171875,1359.75,0,1304.5586535644532,1396.8430094401042
2022-11-23,1352.68994140625,1355.43994140625,1339.530029296875,1352.68994140625,0,1305.337953491211,1396.884676106771
2022-11-24,1336.81005859375,1339.3399658203125,1323.5699462890625,1336.81005859375,0,1306.0382537841797,1396.7938435872395
2022-11-25,1317.8900146484375,1335.300048828125,1318.7099609375,1317.8900146484375,0,1306.6344036865235,1396.1736775716147
2022-11-28,1334.56005859375,1342.1500244140625,1323.4100341796875,1334.56005859375,0,1307.331854248047,1395.72451171875
2022-11-29,1340.1199951171875,1340.8699951171875,1323.1099853515625,1340.1199951171875,0,1308.059053955078,1395.3630106608073
2022-11-30,1325.3699951171875,1329.219970703125,1311.5799560546875,1325.3699951171875,0,1308.7225036621094,1394.4840108235678
2022-12-01,1279.800048828125,1308.02001953125,1281.199951171875,1279.800048828125,0,1309.1595037841796,1392.9088439941406
2022-12-02,1303.25,1307.93994140625,1294.9100341796875,1303.25,0,1309.6457537841798,1391.579677327474
2022-12-05,1299.1700439453125,1304.0999755859375,1288.7099609375,1299.1700439453125,0,1310.1536541748046,1390.2481770833333
2022-12-06,1304.3699951171875,1322.43994140625,1301.0699462890625,1304.3699951171875,0,1310.670853881836,1389.057509358724
2022-12-07,1319.7099609375,1325.8199462890625,1308.0899658203125,1319.7099609375,0,1311.2425537109375,1387.8281758626301
2022-12-08,1314.0999755859375,1322.800048828125,1313.8399658203125,1314.0999755859375,0,1311.7973034667968,1386.5435078938801
2022-12-09,1316.6300048828125,1316.6700439453125,1295.300048828125,1316.6300048828125,0,1312.350503540039,1385.1768412272136
2022-12-12,1303.1700439453125,1312.9599609375,1301.699951171875,1303.1700439453125,0,1312.7828039550782,1383.8091756184897
2022-12-13,1305.9200439453125,1309.06005859375,1285.6500244140625,1305.9200439453125,0,1313.150903930664,1382.4060099283854
2022-12-14,1288.97998046875,1300.3199462890625,1288.97998046875,1288.97998046875,0,1313.43025390625,1380.680509440104
2022-12-15,1295.6800537109375,1319.5400390625,1295.010009765625,1295.6800537109375,0,1313.792504272461,1378.982509358724
2022-12-16,1317.0999755859375,1317.699951171875,1303.8800048828125,1317.0999755859375,0,1314.2350042724609,1377.5398417154947
2022-12-19,1308.8599853515625,1304.4599609375,1296.5400390625,1308.8599853515625,0,1314.5948541259766,1375.6573404947917
2022-12-20,1301.3299560546875,1303.8199462890625,1280.260009765625,1301.3299560546875,0,1314.8912536621094,1373.5166727701824
2022-12-21,1283.6400146484375,1289.2900390625,1281.1600341796875,1283.6400146484375,0,1315.1010534667969,1371.1396728515624
2022-12-22,1280.77001953125,1287.06005859375,1271.989990234375,1280.77001953125,0,1315.389903564453,1368.7866739908854
2022-12-23,1290.199951171875,1291.8299560546875,1277.43994140625,1290.199951171875,0,1315.789253540039,1366.453839111328
2022-12-26,1279.239990234375,1281.5400390625,1272.8699951171875,1279.239990234375,0,1316.133603515625,1363.7873392740885
2022-12-27,1275.1300048828125,1275.1300048828125,1255.780029296875,1275.1300048828125,0,1316.4103533935547,1361.1505065917968
2022-12-28,1272.280029296875,1273.47998046875,1265.1500244140625,1272.280029296875,0,1316.6970037841797,1358.7463399251303
2022-12-29,1274.3199462890625,1274.3199462890625,1259.3399658203125,1274.3199462890625,0,1316.978553466797,1356.3723388671874
2022-12-30,1260.260009765625,1264.3499755859375,1250.52001953125,1260.260009765625,0,1317.1921032714845,1353.9025065104167
2023-01-02,1260.9100341796875,1273.9300537109375,1256.550048828125,1260.9100341796875,0,1317.3747534179688,1351.318007405599
2023-01-03,1270.0999755859375,1278.969970703125,1264.3900146484375,1270.0999755859375,0,1317.606953125,1348.680507405599
2023-01-04,1279.0799560546875,1279.719970703125,1267.56005859375,1279.0799560546875,0,1317.9567028808594,1346.1518391927084
2023-01-05,1271.0799560546875,1278.22998046875,1265.739990234375,1271.0799560546875,0,1318.2599029541016,1343.6048380533855
2023-01-06,1274.1800537109375,1274.1800537109375,1253.010009765625,1274.1800537109375,0,1318.5583032226561,1341.0028381347656
2023-01-09,1252.8800048828125,1252.8900146484375,1233.93994140625,1252.8800048828125,0,1318.728803100586,1337.8715047200521
2023-01-10,1239.280029296875,1248.1199951171875,1236.1400146484375,1239.280029296875,0,1318.855703125,1334.6903381347656
2023-01-11,1240.1600341796875,1249.6600341796875,1238.199951171875,1240.1600341796875,0,1318.9627532958984,1331.6093383789062
2023-01-12,1241.5999755859375,1246.719970703125,1234.5799560546875,1241.5999755859375,0,1319.0827532958983,1328.3858378092448
2023-01-13,1239.1300048828125,1245.760009765625,1233.1400146484375,1239.1300048828125,0,1319.165103149414,1325.1995035807292
2023-01-16,1236.5899658203125,1240.2099609375,1230.9200439453125,1236.5899658203125,0,1319.2068530273436,1322.0075032552083
2023-01-17,1240.7099609375,1242.22998046875,1235.3900146484375,1240.7099609375,0,1319.2351525878905,1318.6200032552083
2023-01-18,1237.0,1246.3299560546875,1224.9200439453125,1237.0,0,1319.277152709961,1315.454502360026
2023-01-19,1237.8800048828125,1241.699951171875,1231.06005859375,1237.8800048828125,0,1319.3509527587892,1312.5410034179688
2023-01-20,1232.1800537109375,1237.6300048828125,1229.199951171875,1232.1800537109375,0,1319.361353149414,1309.3998372395833
2023-01-23,1230.030029296875,1232.280029296875,1224.010009765625,1230.030029296875,0,1319.3710534667969,1306.2061706542968
2023-01-24,1229.280029296875,1237.3299560546875,1228.3900146484375,1229.280029296875,0,1319.3407037353516,1302.9496704101562
2023-01-25,1232.6600341796875,1237.25,1229.6600341796875,1232.6600341796875,0,1319.3060040283203,1299.8840047200522
2023-01-26,1232.5899658203125,1234.969970703125,1228.219970703125,1232.5899658203125,0,1319.2985040283204,1296.708837890625
2023-01-27,1231.8499755859375,1235.8599853515625,1227.1099853515625,1231.8499755859375,0,1319.245303955078,1293.5121704101562
2023-01-30,1228.949951171875,1230.4200439453125,1225.199951171875,1228.949951171875,0,1319.174253540039,1290.6261698404949
2023-01-31,1231.5,1238.719970703125,1227.52001953125,1231.5,0,1319.0857037353517,1287.9395039876301
2023-02-01,1232.1500244140625,1233.4000244140625,1225.8900146484375,1232.1500244140625,0,1318.9429040527343,1285.5728373209636
2023-02-02,1221.949951171875,1225.47998046875,1216.0,1221.949951171875,0,1318.7212536621093,1283.0961690266927
2023-02-03,1224.9000244140625,1245.6199951171875,1223.489990234375,1224.9000244140625,0,1318.484303588867,1281.021669514974
2023-02-06,1246.75,1262.510009765625,1243.6199951171875,1246.75,0,1318.4054034423827,1279.9170023600261
2023-02-07,1261.22998046875,1263.989990234375,1252.510009765625,1261.22998046875,0,1318.3778033447265,1278.869502766927
2023-02-08,1255.3499755859375,1262.5,1251.5699462890625,1255.3499755859375,0,1318.3492529296875,1277.854335530599
2023-02-09,1260.469970703125,1265.8800048828125,1253.1300048828125,1260.469970703125,0,1318.3941027832032,1276.5883341471354
2023-02-10,1264.550048828125,1268.9200439453125,1257.9200439453125,1264.550048828125,0,1318.3733532714843,1275.285001627604
2023-02-13,1266.8699951171875,1279.0400390625,1266.97998046875,1266.8699951171875,0,1318.3570532226563,1274.082334391276
2023-02-14,1272.93994140625,1274.0400390625,1258.06005859375,1272.93994140625,0,1318.3474530029298,1272.6355000813803
2023-02-15,1272.25,1288.1400146484375,1271.6199951171875,1272.25,0,1318.325952758789,1271.294834391276
2023-02-16,1283.719970703125,1294.77001953125,1278.6800537109375,1283.719970703125,0,1318.3538024902343,1270.409999593099
2023-02-17,1288.9599609375,1303.4599609375,1288.93994140625,1288.9599609375,0,1318.3448522949218,1269.92783203125
2023-02-20,1293.9200439453125,1297.6700439453125,1292.18994140625,1293.9200439453125,0,1318.4266027832032,1269.2504984537761
2023-02-21,1296.1099853515625,1303.260009765625,1292.8499755859375,1296.1099853515625,0,1318.5079028320313,1268.5169982910156
2023-02-22,1305.8299560546875,1307.219970703125,1299.8599853515625,1305.8299560546875,0,1318.7037524414063,1268.1913309733072
2023-02-23,1302.8299560546875,1306.010009765625,1292.5899658203125,1302.8299560546875,0,1318.8400024414063,1268.5751627604166
2023-02-24,1298.0799560546875,1316.239990234375,1295.4599609375,1298.0799560546875,0,1319.012651977539,1268.488995361328
2023-02-27,1313.699951171875,1325.2099609375,1312.4100341796875,1313.699951171875,0,1319.215101928711,1268.7311604817708
2023-02-28,1318.3499755859375,1326.5699462890625,1314.27001953125,1318.3499755859375,0,1319.5127520751953,1268.96416015625
2023-03-01,1321.5999755859375,1323.77001953125,1298.0699462890625,1321.5999755859375,0,1319.8158020019532,1268.9956604003905
2023-03-02,1305.72998046875,1317.0,1304.0799560546875,1305.72998046875,0,1320.0114520263671,1268.8561604817708
2023-03-03,1311.06005859375,1311.2900390625,1298.199951171875,1311.06005859375,0,1320.2723022460937,1268.7633280436198
2023-03-06,1294.780029296875,1301.1600341796875,1293.5899658203125,1294.780029296875,0,1320.4882525634766,1268.6234944661458
2023-03-07,1299.0,1315.81005859375,1296.6600341796875,1299.0,0,1320.80240234375,1268.5081604003906
2023-03-08,1317.9000244140625,1323.7900390625,1312.219970703125,1317.9000244140625,0,1321.1832025146484,1268.9901611328125
2023-03-09,1316.449951171875,1323.5999755859375,1314.68994140625,1316.449951171875,0,1321.5307025146485,1269.3363260904948
2023-03-10,1325.550048828125,1329.1099853515625,1308.9300537109375,1325.550048828125,0,1321.9542529296875,1269.4771606445313
2023-03-13,1319.5400390625,1317.5799560546875,1297.469970703125,1319.5400390625,0,1322.2993029785157,1269.6551615397136
2023-03-14,1296.3800048828125,1314.469970703125,1295.25,1296.3800048828125,0,1322.508803100586,1269.5726623535156
2023-03-15,1304.5799560546875,1322.02001953125,1295.510009765625,1304.5799560546875,0,1322.758803100586,1269.9216613769531
2023-03-16,1311.739990234375,1315.97998046875,1303.0,1311.739990234375,0,1323.0338031005858,1270.4378275553386
2023-03-17,1301.6199951171875,1309.010009765625,1298.3499755859375,1301.6199951171875,0,1323.2218029785156,1270.6281616210938
2023-03-20,1307.6500244140625,1313.3599853515625,1299.6500244140625,1307.6500244140625,0,1323.3686529541017,1271.1016621907552
2023-03-21,1304.93994140625,1310.8800048828125,1302.0,1304.93994140625,0,1323.4343524169922,1271.598494466146
2023-03-22,1303.43994140625,1309.800048828125,1302.02001953125,1303.43994140625,0,1323.5041522216798,1272.1178263346353
2023-03-23,1298.25,1299.1800537109375,1276.1300048828125,1298.25,0,1323.6046020507813,1272.516660563151
2023-03-24,1286.2900390625,1307.050048828125,1283.47998046875,1286.2900390625,0,1323.595151977539,1272.9504943847655
2023-03-27,1294.8299560546875,1303.3399658203125,1294.8199462890625,1294.8299560546875,0,1323.6168017578125,1273.5158264160157
2023-03-28,1297.800048828125,1300.550048828125,1292.239990234375,1297.800048828125,0,1323.6439019775391,1273.9774943033854
2023-03-29,1296.97998046875,1303.9300537109375,1295.1500244140625,1296.97998046875,0,1323.6708020019532,1274.2758280436199
2023-03-30,1307.1300048828125,1307.5899658203125,1295.8399658203125,1307.1300048828125,0,1323.7180517578124,1274.8766621907553
2023-03-31,1296.5,1306.52001953125,1288.27001953125,1296.5,0,1323.7015014648437,1275.248661295573
2023-04-03,1305.47998046875,1320.550048828125,1305.47998046875,1305.47998046875,0,1323.787451171875,1276.1253275553386
2023-04-04,1308.050048828125,1316.8299560546875,1304.949951171875,1308.050048828125,0,1323.8967016601562,1277.2714945475261
2023-04-05,1312.4100341796875,1315.8399658203125,1307.93994140625,1312.4100341796875,0,1323.9986016845703,1278.4756612141928
2023-04-06,1316.2099609375,1321.800048828125,1315.75,1316.2099609375,0,1324.071001586914,1279.7191609700521
2023-04-07,1317.93994140625,1319.93994140625,1313.25,1317.93994140625,0,1324.2221514892578,1281.0326599121095
2023-04-10,1315.449951171875,1323.1300048828125,1315.449951171875,1315.449951171875,0,1324.309951171875,1282.346993001302
2023-04-11,1320.8800048828125,1323.56005859375,1315.6500244140625,1320.8800048828125,0,1324.4359509277344,1283.6831604003905
2023-04-12,1322.0899658203125,1327.9599609375,1318.1300048828125,1322.0899658203125,0,1324.5031005859375,1285.1013264973958
2023-04-13,1322.8299560546875,1326.8699951171875,1300.2900390625,1322.8299560546875,0,1324.5930004882812,1286.517159016927
2023-04-14,1301.4300537109375,1306.9000244140625,1294.050048828125,1301.4300537109375,0,1324.6119006347656,1287.6713256835938
2023-04-17,1303.3800048828125,1321.9100341796875,1303.3800048828125,1303.3800048828125,0,1324.659850463867,1288.8938252766927
2023-04-18,1316.0699462890625,1320.8499755859375,1314.18994140625,1316.0699462890625,0,1324.6859002685546,1290.3403238932292
2023-04-19,1315.9000244140625,1335.510009765625,1313.72998046875,1315.9000244140625,0,1324.7362506103516,1291.727657063802
2023-04-20,1326.760009765625,1332.1600341796875,1318.75,1326.760009765625,0,1324.84580078125,1293.297157796224
2023-04-21,1323.5999755859375,1332.1700439453125,1322.780029296875,1323.5999755859375,0,1324.882900390625,1294.8263244628906
2023-04-24,1329.3800048828125,1336.9100341796875,1328.0999755859375,1329.3800048828125,0,1324.939200439453,1296.5001586914063
2023-04-25,1332.800048828125,1342.77001953125,1328.6099853515625,1332.800048828125,0,1325.0086505126953,1298.1884928385416
2023-04-26,1341.0,1340.719970703125,1333.8599853515625,1341.0,0,1325.1861505126953,1300.0026590983073
2023-04-27,1337.8299560546875,1346.02001953125,1336.699951171875,1337.8299560546875,0,1325.3109503173828,1301.933992513021
2023-04-28,1339.3900146484375,1341.3399658203125,1335.699951171875,1339.3900146484375,0,1325.4736505126953,1303.842159016927
2023-05-01,1337.1700439453125,1341.18994140625,1336.22998046875,1337.1700439453125,0,1325.6129010009765,1305.349159749349
2023-05-02,1342.7900390625,1343.1600341796875,1337.1099853515625,1342.7900390625,0,1325.7748510742188,1306.7084940592447
2023-05-03,1342.300048828125,1341.739990234375,1330.5999755859375,1342.300048828125,0,1325.931851196289,1308.1576619466146
2023-05-04,1335.22998046875,1335.199951171875,1319.8199462890625,1335.22998046875,0,1326.0782513427735,1309.403662109375
2023-05-05,1320.1500244140625,1324.18994140625,1314.72998046875,1320.1500244140625,0,1326.2032513427735,1310.3303283691407
2023-05-08,1316.9599609375,1325.3199462890625,1317.719970703125,1316.9599609375,0,1326.2766510009765,1311.1651611328125
2023-05-09,1322.4100341796875,1326.5699462890625,1318.719970703125,1322.4100341796875,0,1326.354951171875,1311.9896626790364
2023-05-10,1326.050048828125,1326.050048828125,1315.8299560546875,1326.050048828125,0,1326.4120513916016,1312.8863301595052
2023-05-11,1318.050048828125,1333.72998046875,1315.780029296875,1318.050048828125,0,1326.4654016113282,1313.4584981282553
2023-05-12,1329.8800048828125,1341.4599609375,1329.800048828125,1329.8800048828125,0,1326.6044018554687,1314.140498860677
2023-05-15,1341.52001953125,1341.77001953125,1333.5999755859375,1341.52001953125,0,1326.798302001953,1314.9338317871093
2023-05-16,1335.4000244140625,1341.4599609375,1331.489990234375,1335.4000244140625,0,1326.980151977539,1315.5886657714843
2023-05-17,1342.4300537109375,1342.4300537109375,1334.02001953125,1342.4300537109375,0,1327.154501953125,1316.1986673990884
2023-05-18,1334.1500244140625,1337.6099853515625,1329.4000244140625,1334.1500244140625,0,1327.341752319336,1316.7206685384115
2023-05-19,1334.739990234375,1335.4300537109375,1321.989990234375,1334.739990234375,0,1327.4813024902344,1317.331669108073
2023-05-22,1324.2099609375,1324.219970703125,1312.4300537109375,1324.2099609375,0,1327.5954522705078,1317.5068359375
2023-05-23,1313.8299560546875,1321.72998046875,1308.260009765625,1313.8299560546875,0,1327.5987017822265,1317.431502278646
2023-05-24,1319.8399658203125,1320.300048828125,1314.0899658203125,1319.8399658203125,0,1327.6429016113282,1317.402168782552
2023-05-25,1318.52001953125,1330.1099853515625,1317.3499755859375,1318.52001953125,0,1327.661351928711,1317.6153361002605
2023-05-26,1330.8900146484375,1330.0400390625,1322.4000244140625,1330.8900146484375,0,1327.6812518310546,1317.9458353678385
2023-05-29,1322.4300537109375,1326.6400146484375,1320.0799560546875,1322.4300537109375,0,1327.6191021728516,1318.406669108073
2023-05-30,1324.5899658203125,1326.5799560546875,1316.239990234375,1324.5899658203125,0,1327.5252520751953,1318.8331685384114
2023-05-31,1319.7900390625,1327.800048828125,1315.18994140625,1319.7900390625,0,1327.4288024902344,1318.8646687825521
2023-06-01,1321.739990234375,1324.4000244140625,1315.1700439453125,1321.739990234375,0,1327.3375024414063,1318.9528361002604
2023-06-02,1312.8499755859375,1313.6800537109375,1298.199951171875,1312.8499755859375,0,1327.2295526123046,1318.7411682128907
2023-06-05,1305.1400146484375,1310.510009765625,1299.219970703125,1305.1400146484375,0,1327.0493524169922,1318.5011678059896
2023-06-06,1299.7900390625,1303.3299560546875,1294.8199462890625,1299.7900390625,0,1326.819652709961,1318.5580017089844
2023-06-07,1299.199951171875,1305.800048828125,1296.27001953125,1299.199951171875,0,1326.564702758789,1318.4683349609375
2023-06-08,1308.3399658203125,1308.3800048828125,1295.6199951171875,1308.3399658203125,0,1326.3951025390625,1318.4116678873697
2023-06-09,1296.3299560546875,1297.2099609375,1286.22998046875,1296.3299560546875,0,1326.1012524414064,1318.3235005696615
2023-06-12,1286.68994140625,1294.0400390625,1282.1700439453125,1286.68994140625,0,1325.7271520996094,1317.9741658528646
2023-06-13,1284.5799560546875,1285.02001953125,1266.1700439453125,1284.5799560546875,0,1325.341001586914,1317.634832763672
2023-06-14,1267.6199951171875,1280.02001953125,1267.6199951171875,1267.6199951171875,0,1324.7885516357421,1317.0378336588542
2023-06-15,1273.989990234375,1286.0799560546875,1271.9300537109375,1273.989990234375,0,1324.2869512939453,1316.6335001627604
2023-06-16,1270.050048828125,1280.1400146484375,1268.969970703125,1270.050048828125,0,1323.722201538086,1316.3628336588542
2023-06-19,1276.31005859375,1283.9200439453125,1276.3499755859375,1276.31005859375,0,1323.208451538086,1316.0541687011719
2023-06-20,1283.239990234375,1289.3800048828125,1277.760009765625,1283.239990234375,0,1322.745601196289,1315.8115010579427
2023-06-21,1287.5400390625,1295.6300048828125,1286.199951171875,1287.5400390625,0,1322.2159515380858,1315.6541687011718
2023-06-22,1288.3800048828125,1301.1700439453125,1287.719970703125,1288.3800048828125,0,1321.7019512939453,1315.3416687011718
2023-06-23,1298.2099609375,1310.239990234375,1297.6800537109375,1298.2099609375,0,1321.1998510742187,1315.3701680501301
2023-06-26,1307.6700439453125,1308.8900146484375,1300.260009765625,1307.6700439453125,0,1320.8120513916015,1315.406669108073
2023-06-27,1302.6600341796875,1307.27001953125,1294.260009765625,1302.6600341796875,0,1320.3748016357422,1315.316835530599
2023-06-28,1296.5999755859375,1312.97998046875,1296.6099853515625,1296.5999755859375,0,1319.8952514648438,1315.0533345540364
2023-06-29,1309.010009765625,1321.8399658203125,1305.3599853515625,1309.010009765625,0,1319.4525012207032,1314.9333353678385
2023-06-30,1323.0699462890625,1323.760009765625,1314.3499755859375,1323.0699462890625,0,1319.04955078125,1315.0188354492188
2023-07-03,1315.300048828125,1316.0799560546875,1301.949951171875,1315.300048828125,0,1318.5170007324218,1315.016337076823
2023-07-04,1306.0999755859375,1306.7099609375,1292.4200439453125,1306.0999755859375,0,1317.8986505126952,1314.7700032552084
2023-07-05,1295.5,1305.77001953125,1295.6099853515625,1295.5,0,1317.2448504638671,1314.326837158203
2023-07-06,1302.969970703125,1313.800048828125,1299.56005859375,1302.969970703125,0,1316.6499505615234,1313.9958374023438
2023-07-07,1309.219970703125,1310.1500244140625,1295.8199462890625,1309.219970703125,0,1316.0452001953124,1314.1256693522134
2023-07-10,1297.3699951171875,1307.199951171875,1297.6700439453125,1297.3699951171875,0,1315.3359002685547,1314.0255025227864
2023-07-11,1299.5400390625,1300.3800048828125,1289.6300048828125,1299.5400390625,0,1314.6669006347656,1313.7500040690104
2023-07-12,1291.510009765625,1295.780029296875,1274.3299560546875,1291.510009765625,0,1314.0418005371093,1313.3435038248697
2023-07-13,1274.699951171875,1279.43994140625,1264.6600341796875,1274.699951171875,0,1313.3315002441407,1312.4758361816407
2023-07-14,1266.8299560546875,1270.489990234375,1259.8900146484375,1266.8299560546875,0,1312.6234002685546,1311.5296691894532
2023-07-17,1268.3399658203125,1269.9200439453125,1263.3800048828125,1268.3399658203125,0,1311.8852001953126,1310.5123352050782
2023-07-18,1265.449951171875,1266.030029296875,1257.0899658203125,1265.449951171875,0,1311.0707000732423,1309.389833577474
2023-07-19,1264.93994140625,1269.0799560546875,1261.1700439453125,1264.93994140625,0,1310.2413995361328,1308.1221659342448
2023-07-20,1265.0899658203125,1278.9200439453125,1261.280029296875,1265.0899658203125,0,1309.4473492431641,1306.9098327636718
2023-07-21,1278.4000244140625,1290.0,1276.1400146484375,1278.4000244140625,0,1308.6878491210937,1305.8933329264323
2023-07-24,1285.6500244140625,1288.6700439453125,1277.18994140625,1285.6500244140625,0,1307.912299194336,1305.0346659342447
2023-07-25,1280.530029296875,1284.8299560546875,1273.1199951171875,1280.530029296875,0,1307.16419921875,1303.9969991048176
2023-07-26,1274.1199951171875,1282.2099609375,1270.1800537109375,1274.1199951171875,0,1306.4096990966798,1302.860664876302
2023-07-27,1275.1700439453125,1282.5699462890625,1266.9200439453125,1275.1700439453125,0,1305.6104992675782,1301.8596659342447
2023-07-28,1283.8800048828125,1284.02001953125,1273.1600341796875,1283.8800048828125,0,1304.8783489990235,1301.255165608724
2023-07-31,1272.3900146484375,1279.030029296875,1270.1300048828125,1272.3900146484375,0,1304.0997491455078,1300.512333170573
2023-08-01,1277.9300537109375,1290.280029296875,1274.5,1277.9300537109375,0,1303.269599609375,1299.7710001627604
2023-08-02,1289.050048828125,1302.0799560546875,1286.9599609375,1289.050048828125,0,1302.5801995849608,1299.1543334960938
2023-08-03,1295.3699951171875,1303.6199951171875,1294.699951171875,1295.3699951171875,0,1301.9935998535157,1298.7763326009115
2023-08-04,1296.4000244140625,1311.3499755859375,1296.3800048828125,1296.4000244140625,0,1301.3723498535155,1298.2183329264324
2023-08-07,1303.050048828125,1308.31005859375,1298.6500244140625,1303.050048828125,0,1300.779349975586,1297.577166748047
2023-08-08,1307.75,1321.75,1305.0999755859375,1307.75,0,1300.1947497558594,1297.1163330078125
2023-08-09,1316.6700439453125,1321.780029296875,1309.5400390625,1316.6700439453125,0,1299.6951000976562,1296.6869995117188
2023-08-10,1313.6400146484375,1319.5,1305.5999755859375,1313.6400146484375,0,1299.1478002929687,1296.345166015625
2023-08-11,1318.3299560546875,1331.260009765625,1316.4300537109375,1318.3299560546875,0,1298.6211999511718,1296.0716654459636
2023-08-14,1329.6099853515625,1339.2099609375,1327.8299560546875,1329.6099853515625,0,1298.2586999511718,1296.1616658528646
2023-08-15,1334.739990234375,1339.510009765625,1332.0400390625,1334.739990234375,0,1297.9689001464844,1296.510166422526
2023-08-16,1338.739990234375,1340.5799560546875,1333.02001953125,1338.739990234375,0,1297.791849975586,1296.8251668294272
2023-08-17,1343.3299560546875,1343.3299560546875,1334.280029296875,1343.3299560546875,0,1297.6557495117188,1297.2386657714844
2023-08-18,1339.0799560546875,1344.1099853515625,1332.1099853515625,1339.0799560546875,0,1297.6042993164062,1297.3751647949218
2023-08-21,1339.1700439453125,1343.18994140625,1337.6400146484375,1339.1700439453125,0,1297.7349993896485,1297.6541646321614
2023-08-22,1339.739990234375,1340.989990234375,1333.550048828125,1339.739990234375,0,1297.813299560547,1297.9066650390625
2023-08-23,1339.68994140625,1340.5400390625,1329.9000244140625,1339.68994140625,0,1297.93044921875,1298.238330078125
2023-08-24,1327.780029296875,1328.739990234375,1317.6700439453125,1327.780029296875,0,1297.8871990966798,1298.3389973958333
2023-08-25,1326.6199951171875,1328.949951171875,1319.780029296875,1326.6199951171875,0,1297.8065490722656,1298.568497721354
2023-08-28,1323.6099853515625,1326.8399658203125,1319.1500244140625,1323.6099853515625,0,1297.729448852539,1298.8763305664063
2023-08-29,1322.8199462890625,1328.6800537109375,1318.280029296875,1322.8199462890625,0,1297.5447985839844,1299.2601623535156
2023-08-30,1321.0699462890625,1325.699951171875,1318.18994140625,1321.0699462890625,0,1297.3866986083985,1299.6246622721353
2023-08-31,1323.030029296875,1326.3399658203125,1319.9300537109375,1323.030029296875,0,1297.317798461914,1299.8694966634114
2023-09-01,1324.6400146484375,1324.6400146484375,1311.300048828125,1324.6400146484375,0,1297.351548461914,1300.3413309733073
2023-09-04,1317.4599609375,1321.8900146484375,1315.1199951171875,1317.4599609375,0,1297.2660479736328,1300.8541646321614
2023-09-05,1317.949951171875,1335.02001953125,1318.550048828125,1317.949951171875,0,1297.1551977539064,1301.410331217448
2023-09-06,1331.72998046875,1337.56005859375,1328.18994140625,1331.72998046875,0,1297.186997680664,1302.4788309733074
2023-09-07,1333.4599609375,1338.300048828125,1330.25,1333.4599609375,0,1297.455297241211,1303.4699971516927
2023-09-08,1334.02001953125,1335.530029296875,1331.260009765625,1334.02001953125,0,1297.6091473388672,1304.5361633300781
2023-09-11,1335.3199462890625,1335.3199462890625,1326.030029296875,1335.3199462890625,0,1297.789896850586,1305.5196614583333
2023-09-12,1320.43994140625,1328.780029296875,1322.800048828125,1320.43994140625,0,1297.8702465820313,1306.1396606445312
2023-09-13,1324.0999755859375,1330.02001953125,1322.4200439453125,1324.0999755859375,0,1297.8921966552734,1306.7489929199219
2023-09-14,1329.77001953125,1330.3399658203125,1322.4300537109375,1329.77001953125,0,1297.970546875,1307.438826497396
2023-09-15,1327.06005859375,1330.300048828125,1323.7099609375,1327.06005859375,0,1298.0226971435548,1307.9196614583334
2023-09-18,1328.4200439453125,1328.4200439453125,1322.3800048828125,1328.4200439453125,0,1298.1489471435548,1308.2654947916667
2023-09-19,1329.6600341796875,1328.6800537109375,1317.77001953125,1329.6600341796875,0,1298.2676470947265,1308.7154947916667
2023-09-20,1328.530029296875,1330.9200439453125,1323.219970703125,1328.530029296875,0,1298.4653973388672,1309.2476623535156
2023-09-21,1332.3399658203125,1344.18994140625,1333.199951171875,1332.3399658203125,0,1298.648696899414,1309.636494954427
2023-09-22,1341.1700439453125,1341.1500244140625,1330.0999755859375,1341.1700439453125,0,1298.769047241211,1309.938163248698
2023-09-25,1334.6600341796875,1341.010009765625,1330.5,1334.6600341796875,0,1298.8980474853515,1310.260829671224
2023-09-26,1338.449951171875,1355.0,1337.4300537109375,1338.449951171875,0,1299.0836474609375,1310.7999959309896
2023-09-27,1353.75,1357.2900390625,1347.25,1353.75,0,1299.4341973876953,1311.7708292643229
2023-09-28,1352.8199462890625,1356.6800537109375,1347.1800537109375,1352.8199462890625,0,1299.7944470214843,1312.6016621907552
2023-09-29,1347.8499755859375,1350.6300048828125,1340.8399658203125,1347.8499755859375,0,1300.0826971435547,1313.2454956054687
2023-10-02,1351.93994140625,1358.699951171875,1343.4200439453125,1351.93994140625,0,1300.446196899414,1314.1549947102865
2023-10-03,1354.18994140625,1364.7099609375,1349.93994140625,1354.18994140625,0,1300.8414965820311,1315.0658264160156
2023-10-04,1359.219970703125,1363.6700439453125,1349.4300537109375,1359.219970703125,0,1301.2761962890625,1316.1943257649739
2023-10-05,1351.1600341796875,1353.3499755859375,1345.1500244140625,1351.1600341796875,0,1301.6603967285157,1317.468660481771
2023-10-06,1346.06005859375,1356.81005859375,1338.989990234375,1346.06005859375,0,1302.0893969726562,1318.7891621907552
2023-10-09,1343.3599853515625,1354.43994140625,1343.3599853515625,1343.3599853515625,0,1302.5016467285157,1320.0394958496095
2023-10-10,1346.8900146484375,1351.68994140625,1341.93994140625,1346.8900146484375,0,1302.8855969238282,1321.3968302408855
2023-10-11,1341.8900146484375,1342.300048828125,1336.5400390625,1341.8900146484375,0,1303.1996472167968,1322.6793314615886
2023-10-12,1338.260009765625,1347.6500244140625,1333.06005859375,1338.260009765625,0,1303.5355474853516,1323.8988321940103
2023-10-13,1348.3399658203125,1353.18994140625,1345.81005859375,1348.3399658203125,0,1303.9063470458984,1325.0644978841146
2023-10-16,1352.0699462890625,1356.219970703125,1348.8199462890625,1352.0699462890625,0,1304.4022967529297,1326.1714965820313
2023-10-17,1347.760009765625,1357.3800048828125,1347.1600341796875,1347.760009765625,0,1304.9446966552734,1327.2919962565104
2023-10-18,1352.989990234375,1357.8199462890625,1346.8900146484375,1352.989990234375,0,1305.508846435547,1328.6064961751301
2023-10-19,1354.56005859375,1360.1099853515625,1354.3599853515625,1354.56005859375,0,1306.0736468505859,1329.9296630859376
2023-10-20,1356.22998046875,1359.1099853515625,1348.449951171875,1356.22998046875,0,1306.6591467285157,1331.1354960123697
2023-10-23,1349.3399658203125,1354.8599853515625,1343.8699951171875,1349.3399658203125,0,1307.2228967285157,1332.4179951985677
2023-10-24,1334.43994140625,1347.1300048828125,1339.6600341796875,1334.43994140625,0,1307.6915466308594,1333.3598266601562
2023-10-25,1343.6400146484375,1352.4300537109375,1343.1300048828125,1343.6400146484375,0,1308.2247467041016,1334.2696594238282
2023-10-26,1352.6800537109375,1360.1500244140625,1352.199951171875,1352.6800537109375,0,1308.7987469482423,1335.2248270670573
2023-10-27,1350.3399658203125,1357.449951171875,1348.0400390625,1350.3399658203125,0,1309.389546508789,1336.1238260904947
2023-10-30,1355.219970703125,1355.239990234375,1345.9100341796875,1355.219970703125,0,1310.0154962158203,1336.9933247884114
2023-10-31,1348.0699462890625,1355.260009765625,1345.52001953125,1348.0699462890625,0,1310.6094458007813,1337.6653238932292
2023-11-01,1350.1600341796875,1359.1500244140625,1347.72998046875,1350.1600341796875,0,1311.1969458007814,1338.2234903971355
2023-11-02,1347.8399658203125,1346.469970703125,1328.1199951171875,1347.8399658203125,0,1311.7731958007812,1338.7934895833334
2023-11-03,1333.6800537109375,1335.9200439453125,1303.56005859375,1333.6800537109375,0,1312.2823461914063,1339.0493245442708
2023-11-06,1307.8399658203125,1311.6500244140625,1290.9599609375,1307.8399658203125,0,1312.6767962646484,1338.6864908854166
2023-11-07,1297.1099853515625,1312.43994140625,1297.5799560546875,1297.1099853515625,0,1313.0048461914062,1338.0593241373697
2023-11-08,1304.550048828125,1314.18994140625,1298.68994140625,1304.550048828125,0,1313.3668463134766,1337.4894917805989
2023-11-09,1308.1199951171875,1313.8900146484375,1302.8199462890625,1308.1199951171875,0,1313.7976965332032,1336.9026590983074
2023-11-10,1315.199951171875,1321.219970703125,1312.68994140625,1315.199951171875,0,1314.249196166992,1336.504659016927
2023-11-13,1319.6199951171875,1325.780029296875,1318.8499755859375,1319.6199951171875,0,1314.6135461425781,1336.1788248697917
2023-11-14,1319.0699462890625,1329.8599853515625,1302.6199951171875,1319.0699462890625,0,1314.9027459716797,1335.8343241373698
2023-11-15,1304.239990234375,1307.9599609375,1292.9200439453125,1304.239990234375,0,1315.1471960449219,1335.2434916178386
2023-11-16,1301.8599853515625,1309.47998046875,1286.8900146484375,1301.8599853515625,0,1315.354146118164,1334.8114908854166
2023-11-17,1292.449951171875,1300.2900390625,1288.6099853515625,1292.449951171875,0,1315.4936456298828,1334.2419901529947
2023-11-20,1294.5,1298.3499755859375,1285.5400390625,1294.5,0,1315.6317956542969,1333.7568237304688
2023-11-21,1288.1500244140625,1293.31005859375,1283.75,1288.1500244140625,0,1315.707846069336,1333.1789916992188
2023-11-22,1295.18994140625,1305.280029296875,1291.4200439453125,1295.18994140625,0,1315.8225457763672,1332.7476582845052
2023-11-23,1298.7900390625,1302.199951171875,1295.3699951171875,1298.7900390625,0,1315.897896118164,1332.3436584472656
2023-11-24,1300.1800537109375,1308.1300048828125,1296.800048828125,1300.1800537109375,0,1315.9539965820313,1331.9359924316407
2023-11-27,1289.7900390625,1308.0799560546875,1297.4100341796875,1289.7900390625,0,1315.9333465576171,1331.4748270670573
2023-11-28,1302.530029296875,1297.9300537109375,1285.0899658203125,1302.530029296875,0,1315.9654467773437,1331.2178283691405
2023-11-29,1287.530029296875,1293.6500244140625,1285.3900146484375,1287.530029296875,0,1315.8739471435547,1330.481162516276
2023-11-30,1288.3599853515625,1318.280029296875,1285.9300537109375,1288.3599853515625,0,1315.8015972900391,1329.7294962565104
2023-12-01,1296.6600341796875,1307.8199462890625,1294.75,1296.6600341796875,0,1315.794497680664,1329.1068298339844
2023-12-04,1299.18994140625,1311.0,1293.010009765625,1299.18994140625,0,1315.721947631836,1328.5046630859374
2023-12-05,1307.800048828125,1317.739990234375,1307.760009765625,1307.800048828125,0,1315.669197998047,1328.2939982096354
2023-12-06,1313.3699951171875,1315.469970703125,1309.5699462890625,1313.3699951171875,0,1315.6280480957032,1328.115165201823
2023-12-07,1313.719970703125,1327.050048828125,1311.93994140625,1313.719970703125,0,1315.667998046875,1327.8476643880208
2023-12-08,1312.760009765625,1318.5799560546875,1290.4599609375,1312.760009765625,0,1315.6764978027343,1327.6093302408854
2023-12-11,1316.510009765625,1320.6199951171875,1315.4000244140625,1316.510009765625,0,1315.785147705078,1327.410829671224
2023-12-12,1313.6199951171875,1318.6700439453125,1299.4599609375,1313.6199951171875,0,1315.8582476806641,1327.143495686849
2023-12-13,1310.1400146484375,1320.77001953125,1308.5799560546875,1310.1400146484375,0,1315.8194476318358,1326.8369954427083
2023-12-14,1292.010009765625,1298.530029296875,1287.8900146484375,1292.010009765625,0,1315.6972479248047,1326.1648295084635
2023-12-15,1291.9200439453125,1304.219970703125,1287.31005859375,1291.9200439453125,0,1315.5290979003905,1325.3439961751303
2023-12-18,1276.469970703125,1304.1199951171875,1295.4599609375,1276.469970703125,0,1315.3137475585938,1324.374161783854
2023-12-19,1302.9300537109375,1310.030029296875,1296.5999755859375,1302.9300537109375,0,1315.3464978027343,1323.7821634928384
2023-12-20,1297.760009765625,1302.8499755859375,1296.739990234375,1297.760009765625,0,1315.312398071289,1322.8489969889322
2023-12-21,1296.97998046875,1307.27001953125,1294.8399658203125,1296.97998046875,0,1315.238598022461,1321.918330891927
2023-12-22,1291.7099609375,1303.25,1294.0799560546875,1291.7099609375,0,1315.1890478515625,1320.9826639811197
2023-12-25,1297.3599853515625,1298.3599853515625,1295.030029296875,1297.3599853515625,0,1315.13759765625,1320.072998046875
2023-12-26,1294.5799560546875,1299.300048828125,1284.760009765625,1294.5799560546875,0,1315.0857977294922,1319.0794982910156
2023-12-27,1293.9200439453125,1295.760009765625,1290.0,1293.9200439453125,0,1315.0381982421875,1317.9911661783854
2023-12-28,1294.760009765625,1294.0400390625,1281.3499755859375,1294.760009765625,0,1315.0207482910157,1317.0511657714844
2023-12-29,1277.8399658203125,1301.9200439453125,1259.52001953125,1277.8399658203125,0,1314.9784979248047,1315.9141642252605
2024-01-01,1293.530029296875,1293.5400390625,1293.530029296875,1293.530029296875,0,1314.9719982910156,1315.0836649576822
2024-01-02,1293.5400390625,1313.489990234375,1291.1700439453125,1292.8900146484375,0,1314.9506982421874,1314.1944986979167
2024-01-03,1307.6199951171875,1312.8299560546875,1304.280029296875,1307.6199951171875,0,1315.0038983154298,1313.6233317057292
2024-01-04,1309.530029296875,1314.7099609375,1305.0799560546875,1309.530029296875,0,1315.0158984375,1313.1444986979166
2024-01-05,1311.25,1321.8299560546875,1306.0400390625,1311.25,0,1315.0896484375,1312.5263326009115
2024-01-08,1313.1300048828125,1321.0999755859375,1311.52001953125,1313.1300048828125,0,1315.1278985595702,1311.877333577474
2024-01-09,1311.800048828125,1320.8199462890625,1308.8399658203125,1311.800048828125,0,1315.1466485595704,1311.2780008951822
2024-01-10,1319.7900390625,1323.219970703125,1316.010009765625,1319.7900390625,0,1315.1835485839845,1310.724668375651
2024-01-11,1317.5,1320.219970703125,1308.199951171875,1317.5,0,1315.189998779297,1310.107000732422
2024-01-12,1311.989990234375,1317.1500244140625,1301.2900390625,1311.989990234375,0,1315.1602490234375,1309.369667561849
2024-01-15,1312.8499755859375,1321.8900146484375,1312.530029296875,1312.8499755859375,0,1315.1472491455079,1308.7615010579427
2024-01-16,1319.7099609375,1339.6700439453125,1319.1500244140625,1319.7099609375,0,1315.1413989257812,1308.5160013834636
2024-01-17,1337.7900390625,1350.030029296875,1336.4000244140625,1337.7900390625,0,1315.219899291992,1308.4185017903646
2024-01-18,1344.050048828125,1346.050048828125,1334.989990234375,1344.050048828125,0,1315.3259997558594,1308.2746683756511
2024-01-19,1337.6600341796875,1339.1500244140625,1331.5799560546875,1337.6600341796875,0,1315.5071496582032,1308.0633361816406
2024-01-22,1333.2099609375,1340.9200439453125,1330.3399658203125,1333.2099609375,0,1315.6562994384765,1307.6965026855469
2024-01-23,1338.739990234375,1340.3199462890625,1331.06005859375,1338.739990234375,0,1315.7696496582032,1307.5410034179688
2024-01-24,1336.780029296875,1340.8299560546875,1324.2099609375,1336.780029296875,0,1315.8740496826172,1307.3180033365886
2024-01-25,1329.8900146484375,1339.6700439453125,1330.2900390625,1329.8900146484375,0,1315.8896997070312,1307.018837483724
2024-01-26,1336.030029296875,1339.06005859375,1331.4599609375,1336.030029296875,0,1315.951849975586,1307.0580037434895
2024-01-29,1336.760009765625,1337.3499755859375,1332.8800048828125,1336.760009765625,0,1315.98875,1307.5400044759115
2024-01-30,1333.2099609375,1334.0,1326.4300537109375,1333.2099609375,0,1315.990799560547,1308.141670735677
2024-01-31,1326.6199951171875,1335.8900146484375,1325.52001953125,1326.6199951171875,0,1315.9188995361328,1308.509503173828
2024-02-01,1333.9100341796875,1335.47998046875,1327.06005859375,1333.9100341796875,0,1315.8992999267577,1308.9393371582032
2024-02-02,1328.949951171875,1338.3499755859375,1312.27001953125,1328.949951171875,0,1315.847099609375,1309.1685038248697
2024-02-05,1337.72998046875,1338.5699462890625,1330.02001953125,1337.72998046875,0,1315.8498992919922,1309.4703369140625
2024-02-06,1333.3900146484375,1333.3199462890625,1324.8499755859375,1333.3900146484375,0,1315.8028991699218,1309.709004720052
2024-02-07,1326.7900390625,1329.489990234375,1321.8800048828125,1326.7900390625,0,1315.7253491210938,1310.0848388671875
2024-02-08,1327.6199951171875,1332.47998046875,1324.1500244140625,1327.6199951171875,0,1315.687299194336,1310.5141723632812
2024-02-09,1331.469970703125,1333.449951171875,1291.8399658203125,1331.469970703125,0,1315.7438989257812,1311.1645060221354
2024-02-12,1330.06005859375,1332.25,1327.1099853515625,1330.06005859375,0,1315.8093994140625,1311.7571736653647
2024-02-13,1328.5,1340.5899658203125,1316.6099853515625,1328.5,0,1315.839849243164,1312.4296732584635
2024-02-14,1340.7900390625,1340.260009765625,1329.6199951171875,1340.7900390625,0,1315.913549194336,1313.1896748860677
2024-02-15,1326.0,1334.699951171875,1325.8599853515625,1326.0,0,1315.9532989501954,1313.643174235026
2024-02-16,1327.6600341796875,1336.56005859375,1318.969970703125,1327.6600341796875,0,1315.9421990966796,1314.1011739095052
2024-02-19,1331.5799560546875,1335.93994140625,1330.3499755859375,1331.5799560546875,0,1315.8924987792968,1314.7976725260417
2024-02-20,1333.3399658203125,1338.8599853515625,1331.0999755859375,1333.3399658203125,0,1315.8821984863282,1315.311171468099
2024-02-21,1333.75,1337.3299560546875,1332.0400390625,1333.75,0,1315.8387982177735,1316.081504313151
2024-02-22,1332.8699951171875,1333.5999755859375,1323.4599609375,1332.8699951171875,0,1315.8323980712892,1316.8233378092448
2024-02-23,1327.1700439453125,1333.77001953125,1326.489990234375,1327.1700439453125,0,1315.7945483398437,1317.3318379720051
2024-02-26,1330.0,1332.5799560546875,1327.7099609375,1330.0,0,1315.8234985351562,1317.8453389485678
2024-02-27,1331.719970703125,1332.5999755859375,1329.050048828125,1331.719970703125,0,1315.9129486083984,1318.244004313151
2024-02-28,1331.7900390625,1337.22998046875,1330.1199951171875,1331.7900390625,0,1315.9726989746093,1318.551005045573
2024-02-29,1333.3800048828125,1336.8599853515625,1328.6600341796875,1333.3800048828125,0,1316.0469989013673,1318.8786722819011
2024-03-01,1335.199951171875,1336.43994140625,1326.4300537109375,1335.199951171875,0,1316.0685485839845,1319.2526713053385
2024-03-04,1330.9000244140625,1332.780029296875,1328.1500244140625,1330.9000244140625,0,1316.1108984375,1319.4925048828125
2024-03-05,1328.93994140625,1336.8599853515625,1328.8699951171875,1328.93994140625,0,1316.1326483154296,1319.7478373209635
2024-03-06,1333.4300537109375,1337.3299560546875,1328.22998046875,1333.4300537109375,0,1316.2008483886718,1320.136004638672
2024-03-07,1327.0899658203125,1331.8499755859375,1320.22998046875,1327.0899658203125,0,1316.2275982666015,1320.7206705729166
2024-03-08,1321.1800537109375,1326.52001953125,1300.6800537109375,1321.1800537109375,0,1316.2692486572266,1321.2083374023437
2024-03-11,1315.97998046875,1316.9000244140625,1305.469970703125,1315.97998046875,0,1316.323448486328,1321.866837565104
2024-03-12,1310.5400390625,1313.7099609375,1216.9599609375,1310.5400390625,0,1316.377198486328,1321.993670654297
2024-03-13,1311.1500244140625,1319.18994140625,1308.3299560546875,1311.1500244140625,0,1316.436948852539,1322.2168375651042
2024-03-14,1313.6500244140625,1324.3699951171875,1306.010009765625,1313.6500244140625,0,1316.4634991455077,1322.4946716308593
2024-03-15,1321.9200439453125,1333.0,1321.5799560546875,1321.9200439453125,0,1316.5914495849609,1322.998173014323
2024-03-18,1329.3399658203125,1335.25,1329.6600341796875,1329.3399658203125,0,1316.8046997070312,1323.5311726888021
2024-03-19,1336.0899658203125,1340.6500244140625,1335.6700439453125,1336.0899658203125,0,1317.0622497558593,1324.223006184896
2024-03-20,1337.02001953125,1341.47998046875,1336.0400390625,1337.02001953125,0,1317.4092498779296,1324.941339111328
2024-03-21,1330.1099853515625,1334.6400146484375,1321.530029296875,1330.1099853515625,0,1317.6898498535156,1325.5305053710938
2024-03-22,1334.6800537109375,1346.75,1328.97998046875,1334.6800537109375,0,1318.0129998779296,1326.4778401692708
2024-03-25,1343.5999755859375,1343.6099853515625,1332.4100341796875,1343.5999755859375,0,1318.3494494628906,1327.3123392740886
2024-03-26,1339.1300048828125,1344.2099609375,1333.800048828125,1339.1300048828125,0,1318.6288995361328,1328.0721720377603
2024-03-27,1343.06005859375,1353.0400390625,1341.3299560546875,1343.06005859375,0,1318.906499633789,1328.6628397623697
2024-03-28,1349.800048828125,1352.760009765625,1342.0,1349.800048828125,0,1319.2135998535157,1329.3340067545573
2024-03-29,1349.800048828125,1349.800048828125,1340.699951171875,1349.800048828125,0,1319.4715502929687,1329.9765075683595
2024-04-01,1345.31005859375,1356.010009765625,1342.8800048828125,1345.31005859375,0,1319.659750366211,1330.512841796875
2024-04-02,1355.530029296875,1355.9200439453125,1347.530029296875,1355.530029296875,0,1319.924100341797,1331.2416748046876
2024-04-03,1350.72998046875,1352.8900146484375,1346.3199462890625,1350.72998046875,0,1320.1947503662109,1331.7573404947916
2024-04-04,1344.8399658203125,1348.3900146484375,1343.31005859375,1344.8399658203125,0,1320.3739001464844,1332.2130065917968
2024-04-05,1351.3599853515625,1355.18994140625,1343.0,1351.3599853515625,0,1320.5153503417969,1332.8691731770834
2024-04-08,1350.27001953125,1356.77001953125,1350.27001953125,1350.27001953125,0,1320.6902001953124,1333.4928405761718
2024-04-09,1354.219970703125,1356.52001953125,1350.22998046875,1354.219970703125,0,1320.9308001708985,1334.068007405599
2024-04-10,1348.5400390625,1364.4599609375,1326.9300537109375,1348.5400390625,0,1321.196000366211,1334.2471740722656
2024-04-11,1363.760009765625,1370.8299560546875,1357.8800048828125,1363.760009765625,0,1321.4999505615235,1334.5756734212239
2024-04-12,1367.8399658203125,1385.8900146484375,1366.9599609375,1367.8399658203125,0,1321.7930505371094,1335.078672281901
2024-04-15,1379.6099853515625,1389.010009765625,1379.5999755859375,1379.6099853515625,0,1322.2042504882813,1335.8520060221354
2024-04-16,1387.6700439453125,1399.9599609375,1387.1500244140625,1387.6700439453125,0,1322.6449005126954,1336.6675069173177
2024-04-17,1387.3399658203125,1390.7900390625,1378.3299560546875,1387.3399658203125,0,1323.1240502929688,1337.5101725260417
2024-04-18,1379.5400390625,1381.3499755859375,1370.3599853515625,1379.5400390625,0,1323.648250732422,1338.3376729329427
2024-04-19,1379.4000244140625,1392.6199951171875,1374.5699462890625,1379.4000244140625,0,1324.2111010742187,1339.0605061848958
2024-04-22,1373.9300537109375,1382.9300537109375,1373.4100341796875,1373.9300537109375,0,1324.739051513672,1339.6800069173178
2024-04-23,1378.8399658203125,1379.6099853515625,1371.2099609375,1378.8399658203125,0,1325.3060015869141,1340.4405069986979
2024-04-24,1370.47998046875,1377.4300537109375,1366.7900390625,1370.47998046875,0,1325.8337017822266,1341.1715067545572
2024-04-25,1376.969970703125,1379.0899658203125,1370.56005859375,1376.969970703125,0,1326.3931018066405,1341.8891723632812
2024-04-26,1371.699951171875,1378.6500244140625,1370.3399658203125,1371.699951171875,0,1326.8596014404297,1342.6016723632813
2024-04-29,1377.0899658203125,1383.9599609375,1373.530029296875,1377.0899658203125,0,1327.3168011474609,1343.2576721191406
2024-04-30,1374.6400146484375,1384.760009765625,1372.7900390625,1374.6400146484375,0,1327.7873510742188,1343.9451721191406
2024-05-01,1385.4599609375,1387.6500244140625,1362.530029296875,1385.4599609375,0,1328.3440509033203,1344.9230041503906
2024-05-02,1375.0,1381.9599609375,1368.989990234375,1375.0,0,1328.8432006835938,1345.7126708984374
2024-05-03,1364.6400146484375,1370.3399658203125,1344.510009765625,1364.6400146484375,0,1329.2470007324218,1346.2655049641928
