Price,Close,High,Low,Open,Volume,MA200,MA60
Ticker,^VIX,^VIX,^VIX,^VIX,^VIX,,
Date,,,,,,,
2016-12-28,12.949999809265137,13.039999961853027,11.850000381469727,11.890000343322754,0,14.343249988555907,14.119833294550578
2016-12-29,13.369999885559082,13.710000038146973,12.949999809265137,13.149999618530273,0,14.335149989128112,14.115499957402546
2016-12-30,14.039999961853027,14.680000305175781,13.050000190734863,13.199999809265137,0,14.333149991035462,14.132999960581461
2017-01-03,12.850000381469727,14.069999694824219,12.850000381469727,14.069999694824219,0,14.32729999065399,14.133166631062826
2017-01-04,11.850000381469727,12.800000190734863,11.630000114440918,12.779999732971191,0,14.317599992752076,14.105999978383382
2017-01-05,11.670000076293945,12.09000015258789,11.399999618530273,11.960000038146973,0,14.305099992752075,14.0774999777476
2017-01-06,11.319999694824219,11.739999771118164,10.979999542236328,11.699999809265137,0,14.28699999332428,14.010166645050049
2017-01-09,11.5600004196167,12.079999923706055,11.460000038146973,11.710000038146973,0,14.271099996566772,13.937666654586792
2017-01-10,11.489999771118164,11.789999961853027,11.3100004196167,11.59000015258789,0,14.252349996566773,13.850999975204468
2017-01-11,11.260000228881836,12.229999542236328,11.210000038146973,11.5600004196167,0,14.239549999237061,13.769999965031941
2017-01-12,11.539999961853027,12.600000381469727,11.319999694824219,11.479999542236328,0,14.229449996948242,13.692166646321615
2017-01-13,11.229999542236328,11.619999885559082,10.9399995803833,11.449999809265137,0,14.215849995613098,13.6246666431427
2017-01-17,11.869999885559082,12.75,11.789999961853027,12.199999809265137,0,14.209699993133546,13.582333310445149
2017-01-18,12.479999542236328,12.8100004196167,11.6899995803833,11.789999961853027,0,14.20149999141693,13.561166636149089
2017-01-19,12.779999732971191,13.279999732971191,12.170000076293945,12.579999923706055,0,14.188299989700317,13.551833295822144
2017-01-20,11.539999961853027,12.59000015258789,11.529999732971191,12.579999923706055,0,14.175549988746644,13.5271666208903
2017-01-23,11.770000457763672,12.619999885559082,11.59000015258789,12.300000190734863,0,14.153599991798401,13.498999961217244
2017-01-24,11.069999694824219,11.890000343322754,11.039999961853027,11.819999694824219,0,14.132149991989136,13.446166626612346
2017-01-25,10.8100004196167,11.050000190734863,10.510000228881836,10.789999961853027,0,14.10489999294281,13.37033330599467
2017-01-26,10.630000114440918,11.010000228881836,10.600000381469727,10.609999656677246,0,14.083799991607666,13.277666632334391
2017-01-27,10.579999923706055,10.819999694824219,10.300000190734863,10.569999694824219,0,14.067499990463256,13.169666639963786
2017-01-30,11.880000114440918,12.899999618530273,11.100000381469727,11.100000381469727,0,14.058299989700318,13.05833331743876
2017-01-31,11.989999771118164,12.989999771118164,11.789999961853027,12.289999961853027,0,14.050149989128112,12.93616665204366
2017-02-01,11.8100004196167,12.050000190734863,9.970000267028809,11.789999961853027,0,14.042449989318847,12.76499999364217
2017-02-02,11.930000305175781,12.470000267028809,11.619999885559082,12.369999885559082,0,14.035899991989135,12.588666661580403
2017-02-03,10.970000267028809,11.84000015258789,10.720000267028809,11.84000015258789,0,14.024349994659424,12.459666681289672
2017-02-06,11.369999885559082,11.84000015258789,11.09000015258789,11.369999885559082,0,14.011449995040893,12.336833349863689
2017-02-07,11.289999961853027,11.670000076293945,11.0600004196167,11.390000343322754,0,14.001799993515014,12.285333347320556
2017-02-08,11.449999809265137,11.819999694824219,11.149999618530273,11.1899995803833,0,13.98864999294281,12.230500014623006
2017-02-09,10.880000114440918,11.529999732971191,10.739999771118164,11.4399995803833,0,13.97324999332428,12.175666681925456
2017-02-10,10.850000381469727,10.949999809265137,10.550000190734863,10.850000381469727,0,13.95864999294281,12.115166695912679
2017-02-13,11.069999694824219,11.399999618530273,11.069999694824219,11.359999656677246,0,13.937899990081787,12.076833359400432
2017-02-14,10.739999771118164,11.34000015258789,10.729999542236328,11.170000076293945,0,13.913099989891052,12.027166684468588
2017-02-15,11.970000267028809,12.010000228881836,10.800000190734863,10.84000015258789,0,13.899549989700317,12.00416668256124
2017-02-16,11.760000228881836,12.859999656677246,11.6899995803833,12.020000457763672,0,13.880349988937377,11.98600001335144
2017-02-17,11.489999771118164,12.260000228881836,11.369999885559082,11.84000015258789,0,13.857549991607666,11.970500008265178
2017-02-21,11.569999694824219,12.09000015258789,11.5,12.050000190734863,0,13.835849990844727,11.956500005722045
2017-02-22,11.739999771118164,12.069999694824219,11.4399995803833,11.479999542236328,0,13.820949988365173,11.944999996821085
2017-02-23,11.710000038146973,12.460000038146973,11.539999961853027,11.65999984741211,0,13.806649990081787,11.934499994913738
2017-02-24,11.470000267028809,12.59000015258789,11.34000015258789,11.8100004196167,0,13.795849990844726,11.906500005722046
2017-02-27,12.09000015258789,12.140000343322754,11.529999732971191,11.779999732971191,0,13.78284999370575,11.893000014623006
2017-02-28,12.920000076293945,12.960000038146973,12.130000114440918,12.1899995803833,0,13.775399994850158,11.886166683832805
2017-03-01,12.539999961853027,12.579999923706055,11.779999732971191,12.3100004196167,0,13.762899994850159,11.860666688283285
2017-03-02,11.8100004196167,12.710000038146973,11.319999694824219,12.430000305175781,0,13.748549995422364,11.822166697184246
2017-03-03,10.960000038146973,11.970000267028809,10.9399995803833,11.960000038146973,0,13.725499997138977,11.802500025431316
2017-03-06,11.239999771118164,11.720000267028809,11.0600004196167,11.59000015258789,0,13.701949996948242,11.793333355585734
2017-03-07,11.449999809265137,11.579999923706055,11.039999961853027,11.270000457763672,0,13.677549996376037,11.780500014623007
2017-03-08,11.859999656677246,11.859999656677246,11.09000015258789,11.489999771118164,0,13.660849995613098,11.767500003178915
2017-03-09,12.300000190734863,12.430000305175781,11.619999885559082,11.75,0,13.643249998092651,11.776666673024495
2017-03-10,11.65999984741211,12.09000015258789,11.460000038146973,11.970000267028809,0,13.629449996948242,11.760333331425985
2017-03-13,11.350000381469727,12.229999542236328,11.289999961853027,12.15999984741211,0,13.61670000076294,11.7375
2017-03-14,12.300000190734863,12.539999961853027,11.279999732971191,11.390000343322754,0,13.611050000190735,11.722666676839193
2017-03-15,11.630000114440918,12.25,10.600000381469727,12.119999885559082,0,13.603600001335144,11.703333346048991
2017-03-16,11.210000038146973,11.550000190734863,11.15999984741211,11.289999961853027,0,13.588700003623963,11.686833349863688
2017-03-17,11.279999732971191,11.380000114440918,10.779999732971191,11.380000114440918,0,13.574100003242492,11.679666678110758
2017-03-20,11.34000015258789,11.720000267028809,11.029999732971191,11.710000038146973,0,13.562650003433227,11.677833350499471
2017-03-21,12.470000267028809,12.850000381469727,10.920000076293945,11.149999618530273,0,13.557650003433228,11.697833347320557
2017-03-22,12.8100004196167,13.15999984741211,11.989999771118164,12.949999809265137,0,13.55345000743866,11.720833349227906
2017-03-23,13.119999885559082,13.170000076293945,12.180000305175781,12.649999618530273,0,13.548800005912781,11.748833354314169
2017-03-24,12.960000038146973,14.15999984741211,12.270000457763672,12.859999656677246,0,13.543200006484986,11.765000025431315
2017-03-27,12.5,15.109999656677246,12.479999542236328,14.779999732971191,0,13.532500004768371,11.75750002861023
2017-03-28,11.529999732971191,12.670000076293945,11.34000015258789,12.4399995803833,0,13.505,11.726833359400432
2017-03-29,11.420000076293945,11.699999809265137,11.029999732971191,11.539999961853027,0,13.457250003814698,11.683166694641113
2017-03-30,11.539999961853027,11.640000343322754,11.119999885559082,11.369999885559082,0,13.412450003623963,11.661333354314168
2017-03-31,12.369999885559082,12.539999961853027,11.5,11.609999656677246,0,13.373600006103516,11.670000012715658
2017-04-03,12.380000114440918,13.59000015258789,12.270000457763672,12.59000015258789,0,13.338650002479554,11.681833346684774
2017-04-04,11.789999961853027,13.069999694824219,11.699999809265137,12.710000038146973,0,13.300550003051757,11.689666684468587
2017-04-05,12.890000343322754,12.890000343322754,10.899999618530273,11.890000343322754,0,13.273150000572205,11.711833349863689
2017-04-06,12.390000343322754,13.220000267028809,11.699999809265137,13.109999656677246,0,13.242700004577637,11.726833359400432
2017-04-07,12.869999885559082,13.430000305175781,12.229999542236328,13.170000076293945,0,13.201200003623962,11.75366668701172
2017-04-10,14.050000190734863,14.109999656677246,12.9399995803833,13.239999771118164,0,13.185200004577636,11.795500024159749
2017-04-11,15.069999694824219,15.880000114440918,14.170000076293945,14.319999694824219,0,13.13175000190735,11.85950002670288
2017-04-12,15.770000457763672,16.15999984741211,14.84000015258789,15.15999984741211,0,13.091350002288818,11.924500036239625
2017-04-13,15.960000038146973,16.219999313354492,14.970000267028809,15.890000343322754,0,13.077400002479553,11.982500044504802
2017-04-17,14.65999984741211,16.280000686645508,14.600000381469727,16.190000534057617,0,13.067500004768371,12.013833379745483
2017-04-18,14.420000076293945,15.5,14.289999961853027,14.5,0,13.061450004577637,12.061833381652832
2017-04-19,14.930000305175781,15.149999618530273,13.460000038146973,14.0,0,13.062250003814697,12.114500045776367
2017-04-20,14.149999618530273,14.8100004196167,13.829999923706055,14.59000015258789,0,13.055100002288818,12.165833377838135
2017-04-21,14.630000114440918,15.329999923706055,13.850000381469727,13.850000381469727,0,13.053450002670289,12.229500039418538
2017-04-24,10.84000015258789,12.010000228881836,10.819999694824219,11.5600004196167,0,13.033850002288819,12.233000040054321
2017-04-25,10.760000228881836,11.149999618530273,10.220000267028809,10.8100004196167,0,13.021650004386903,12.236000045140583
2017-04-26,10.850000381469727,10.890000343322754,10.390000343322754,10.609999656677246,0,13.008200006484985,12.218833382924398
2017-04-27,10.359999656677246,11.079999923706055,10.329999923706055,10.720000267028809,0,12.992250003814696,12.191666714350383
2017-04-28,10.819999694824219,11.15999984741211,10.289999961853027,10.390000343322754,0,12.981150002479554,12.175166702270507
2017-05-01,10.109999656677246,11.039999961853027,9.899999618530273,10.920000076293945,0,12.967600002288819,12.144833358128865
2017-05-02,10.59000015258789,10.59000015258789,10.039999961853027,10.149999618530273,0,12.957200002670287,12.138500022888184
2017-05-03,10.680000305175781,11.149999618530273,10.399999618530273,10.5600004196167,0,12.94840000629425,12.127000029881795
2017-05-04,10.460000038146973,11.239999771118164,10.270000457763672,10.710000038146973,0,12.94085000514984,12.113166697820027
2017-05-05,10.569999694824219,10.979999542236328,9.989999771118164,10.510000228881836,0,12.934850001335144,12.098500029246013
2017-05-08,9.770000457763672,10.550000190734863,9.670000076293945,10.529999732971191,0,12.920000004768372,12.080000034968059
2017-05-09,9.960000038146973,10.140000343322754,9.5600004196167,9.869999885559082,0,12.909700002670288,12.065166695912678
2017-05-10,10.210000038146973,10.239999771118164,9.619999885559082,9.75,0,12.896400003433227,12.050833368301392
2017-05-11,10.600000381469727,11.229999542236328,10.319999694824219,10.34000015258789,0,12.884150004386902,12.048500045140583
2017-05-12,10.399999618530273,10.869999885559082,10.279999732971191,10.720000267028809,0,12.872000002861023,12.022333367665608
2017-05-15,10.420000076293945,10.880000114440918,10.25,10.539999961853027,0,12.860500001907349,12.000000031789144
2017-05-16,10.649999618530273,10.670000076293945,10.180000305175781,10.460000038146973,0,12.854400000572205,11.986000029246012
2017-05-17,15.59000015258789,15.59000015258789,11.529999732971191,11.890000343322754,0,12.870150003433228,12.053000036875407
2017-05-18,14.65999984741211,16.299999237060547,14.029999732971191,14.0600004196167,0,12.876600003242492,12.10166670481364
2017-05-19,12.039999961853027,14.229999542236328,11.720000267028809,14.229999542236328,0,12.872500004768371,12.107166703542074
2017-05-22,10.930000305175781,12.520000457763672,10.890000343322754,12.289999961853027,0,12.865050005912781,12.098166704177856
2017-05-23,10.720000267028809,11.0,10.5600004196167,11.0,0,12.861700005531311,12.075333372751873
2017-05-24,10.020000457763672,10.899999618530273,9.880000114440918,10.609999656677246,0,12.854300007820129,12.027000045776367
2017-05-25,9.989999771118164,10.289999961853027,9.720000267028809,9.819999694824219,0,12.84595000743866,11.984500042597453
2017-05-26,9.8100004196167,10.479999542236328,9.649999618530273,9.930000305175781,0,12.834750008583068,11.95116670926412
2017-05-30,10.380000114440918,10.84000015258789,10.140000343322754,10.609999656677246,0,12.828250007629395,11.941500043869018
2017-05-31,10.40999984741211,11.300000190734863,9.930000305175781,10.100000381469727,0,12.822550005912781,11.927666711807252
2017-06-01,9.890000343322754,10.539999961853027,9.6899995803833,10.420000076293945,0,12.812950005531311,11.901666720708212
2017-06-02,9.75,10.300000190734863,9.579999923706055,10.079999923706055,0,12.798500003814697,11.86650005976359
2017-06-05,10.069999694824219,10.279999732971191,9.600000381469727,10.079999923706055,0,12.787900004386902,11.829333384831747
2017-06-06,10.449999809265137,10.770000457763672,9.859999656677246,10.1899995803833,0,12.783000001907348,11.809166717529298
2017-06-07,10.390000343322754,10.930000305175781,10.119999885559082,10.479999542236328,0,12.778250002861023,11.793166716893515
2017-06-08,10.15999984741211,10.529999732971191,9.729999542236328,10.270000457763672,0,12.767699999809265,11.757500044504802
2017-06-09,10.699999809265137,12.109999656677246,9.369999885559082,9.930000305175781,0,12.759299998283387,11.742000039418539
2017-06-12,11.460000038146973,12.369999885559082,11.1899995803833,11.1899995803833,0,12.749349999427796,11.746166706085205
2017-06-13,10.420000076293945,11.140000343322754,10.260000228881836,11.119999885559082,0,12.73329999923706,11.731833378473917
2017-06-14,10.640000343322754,11.260000228881836,10.010000228881836,10.329999923706055,0,12.718250002861023,11.720166714986165
2017-06-15,10.899999618530273,12.010000228881836,10.739999771118164,11.0600004196167,0,12.708050003051758,11.69400003751119
2017-06-16,10.380000114440918,11.350000381469727,10.260000228881836,10.630000114440918,0,12.694350004196167,11.653500032424926
2017-06-19,10.369999885559082,10.600000381469727,10.010000228881836,10.569999694824219,0,12.679100003242493,11.607666699091594
2017-06-20,10.859999656677246,11.149999618530273,10.239999771118164,10.279999732971191,0,12.666000003814696,11.572666692733765
2017-06-21,10.75,11.399999618530273,10.399999618530273,11.029999732971191,0,12.659850006103516,11.543500026067099
2017-06-22,10.479999542236328,11.010000228881836,10.239999771118164,10.8100004196167,0,12.652150001525879,11.526000022888184
2017-06-23,10.020000457763672,10.6899995803833,9.850000381469727,10.25,0,12.642550005912781,11.502666695912678
2017-06-26,9.899999618530273,10.4399995803833,9.680000305175781,10.130000114440918,0,12.629500002861024,11.4753333568573
2017-06-27,11.0600004196167,11.3100004196167,9.800000190734863,10.039999961853027,0,12.597300004959106,11.453500032424927
2017-06-28,10.029999732971191,11.489999771118164,9.760000228881836,11.170000076293945,0,12.571650004386902,11.414333359400432
2017-06-29,11.4399995803833,15.15999984741211,9.729999542236328,9.789999961853027,0,12.53960000038147,11.408500019709269
2017-06-30,11.180000305175781,11.850000381469727,10.399999618530273,11.739999771118164,0,12.504800004959106,11.380000019073487
2017-07-03,11.220000267028809,11.449999809265137,10.279999732971191,11.069999694824219,0,12.479400010108948,11.36050001780192
2017-07-05,11.069999694824219,12.029999732971191,10.789999961853027,11.199999809265137,0,12.457900009155274,11.330500014623006
2017-07-06,12.539999961853027,13.050000190734863,11.180000305175781,11.199999809265137,0,12.442950010299683,11.305333344141642
2017-07-07,11.1899995803833,12.569999694824219,10.979999542236328,12.479999542236328,0,12.41930000782013,11.240666675567628
2017-07-10,11.109999656677246,11.729999542236328,10.609999656677246,11.260000228881836,0,12.408350005149842,11.16299999554952
2017-07-11,10.890000343322754,12.140000343322754,10.680000305175781,10.789999961853027,0,12.402700004577637,11.078500000635783
2017-07-12,10.300000190734863,10.850000381469727,10.079999923706055,10.850000381469727,0,12.392750005722046,11.005833339691161
2017-07-13,9.899999618530273,10.399999618530273,9.899999618530273,10.069999694824219,0,12.369750003814698,10.930499998728434
2017-07-14,9.510000228881836,10.140000343322754,9.5,10.09000015258789,0,12.351800003051757,10.840166664123535
2017-07-17,9.819999694824219,10.029999732971191,9.710000038146973,9.770000457763672,0,12.338949999809266,10.767999998728435
2017-07-18,9.890000343322754,10.350000381469727,9.65999984741211,9.859999656677246,0,12.31829999923706,10.689000002543132
2017-07-19,9.789999961853027,9.9399995803833,9.579999923706055,9.6899995803833,0,12.30079999923706,10.671499999364217
2017-07-20,9.579999923706055,10.279999732971191,9.5,9.65999984741211,0,12.28085000038147,10.651833327611287
2017-07-21,9.359999656677246,9.979999542236328,9.300000190734863,9.520000457763672,0,12.259499998092652,10.626999982198079
2017-07-24,9.430000305175781,9.970000267028809,9.260000228881836,9.9399995803833,0,12.24170000076294,10.611499993006388
2017-07-25,9.430000305175781,9.520000457763672,9.039999961853027,9.399999618530273,0,12.224650001525879,10.588333336512248
2017-07-26,9.600000381469727,9.65999984741211,8.84000015258789,9.25,0,12.205250005722046,10.579833348592123
2017-07-27,10.109999656677246,11.5,9.15999984741211,9.329999923706055,0,12.188900003433227,10.571833340326945
2017-07-28,10.289999961853027,11.300000190734863,10.260000228881836,10.619999885559082,0,12.163550004959106,10.5653333346049
2017-07-31,10.260000228881836,10.84000015258789,10.229999542236328,10.529999732971191,0,12.135300006866455,10.56200000445048
2017-08-01,10.09000015258789,10.5600004196167,9.949999809265137,10.1899995803833,0,12.102300004959107,10.554000012079875
2017-08-02,10.279999732971191,10.8100004196167,9.800000190734863,10.079999923706055,0,12.073099999427795,10.5625
2017-08-03,10.4399995803833,10.600000381469727,9.899999618530273,10.470000267028809,0,12.044250001907349,10.570499992370605
2017-08-04,10.029999732971191,10.5,9.680000305175781,10.479999542236328,0,12.018000001907348,10.567499987284343
2017-08-07,9.930000305175781,10.319999694824219,9.760000228881836,10.1899995803833,0,11.995600004196167,10.55633331934611
2017-08-08,10.960000038146973,11.520000457763672,9.520000457763672,10.039999961853027,0,11.981650004386902,10.565666659673054
2017-08-09,11.109999656677246,12.630000114440918,11.109999656677246,11.489999771118164,0,11.970500001907348,10.577166652679443
2017-08-10,16.040000915527344,16.170000076293945,11.5600004196167,11.569999694824219,0,11.985600004196167,10.667000007629394
2017-08-11,15.510000228881836,17.280000686645508,14.5,16.170000076293945,0,11.99585000514984,10.665666675567627
2017-08-14,12.329999923706055,14.050000190734863,12.0600004196167,14.050000190734863,0,11.986300005912781,10.62683334350586
2017-08-15,12.039999961853027,12.369999885559082,11.449999809265137,11.779999732971191,0,11.969700007438659,10.62683334350586
2017-08-16,11.739999771118164,12.539999961853027,11.25,11.59000015258789,0,11.947450003623963,10.640333334604898
2017-08-17,15.550000190734863,15.770000457763672,11.539999961853027,11.8100004196167,0,11.939900007247925,10.720833333333333
2017-08-18,14.260000228881836,16.040000915527344,13.319999694824219,15.380000114440918,0,11.918400011062623,10.791499996185303
2017-08-21,13.1899995803833,14.739999771118164,13.069999694824219,14.59000015258789,0,11.887750010490418,10.844833326339721
2017-08-22,11.350000381469727,12.9399995803833,11.350000381469727,12.600000381469727,0,11.834100012779237,10.870499992370606
2017-08-23,12.25,12.59000015258789,11.390000343322754,11.510000228881836,0,11.782800011634826,10.901666657129924
2017-08-24,12.229999542236328,12.829999923706055,11.550000190734863,12.0600004196167,0,11.750400013923645,10.931999985376994
2017-08-25,11.279999732971191,12.449999809265137,11.100000381469727,12.199999809265137,0,11.71310001373291,10.955166641871134
2017-08-28,11.319999694824219,12.109999656677246,11.229999542236328,12.09000015258789,0,11.697800011634827,10.981333303451539
2017-08-29,11.699999809265137,14.34000015258789,11.479999542236328,13.329999923706055,0,11.682600011825562,11.008499972025554
2017-08-30,11.220000267028809,11.979999542236328,10.960000038146973,11.399999618530273,0,11.667850012779235,11.021333312988281
2017-08-31,10.59000015258789,11.220000267028809,10.34000015258789,11.069999694824219,0,11.648400015830994,11.0246666431427
2017-09-01,10.130000114440918,10.460000038146973,10.020000457763672,10.329999923706055,0,11.632200016975403,11.02416664759318
2017-09-05,12.229999542236328,14.0600004196167,11.40999984741211,11.75,0,11.62475001335144,11.0496666431427
2017-09-06,11.630000114440918,12.59000015258789,11.350000381469727,12.270000457763672,0,11.616150012016297,11.0524999777476
2017-09-07,11.550000190734863,12.069999694824219,11.319999694824219,11.930000305175781,0,11.609650011062621,11.071333312988282
2017-09-08,12.119999885559082,12.600000381469727,11.84000015258789,11.869999885559082,0,11.608150010108949,11.095999972025554
2017-09-11,10.729999542236328,11.390000343322754,10.510000228881836,11.380000114440918,0,11.599750008583069,11.093166637420655
2017-09-12,10.579999923706055,10.949999809265137,10.289999961853027,10.65999984741211,0,11.59050000667572,11.096499967575074
2017-09-13,10.5,10.859999656677246,10.329999923706055,10.720000267028809,0,11.58130000591278,11.098666636149089
2017-09-14,10.4399995803833,11.039999961853027,10.279999732971191,10.569999694824219,0,11.567750005722045,11.091666634877523
2017-09-15,10.170000076293945,10.739999771118164,10.0,10.510000228881836,0,11.554100008010865,11.081999969482421
2017-09-18,10.149999618530273,10.420000076293945,9.880000114440918,10.180000305175781,0,11.538200006484985,11.076499970753988
2017-09-19,10.180000305175781,10.300000190734863,9.850000381469727,10.15999984741211,0,11.518750009536744,11.079166634877522
2017-09-20,9.779999732971191,10.670000076293945,9.670000076293945,10.039999961853027,0,11.497050008773805,11.077166636784872
2017-09-21,9.670000076293945,10.210000038146973,9.539999961853027,9.739999771118164,0,11.48470000743866,11.053999964396159
2017-09-22,9.59000015258789,10.199999809265137,9.5,9.899999618530273,0,11.473700008392335,11.046666638056438
2017-09-25,10.210000038146973,11.210000038146973,9.789999961853027,10.079999923706055,0,11.463650007247924,11.026166645685832
2017-09-26,10.170000076293945,10.680000305175781,9.9399995803833,10.420000076293945,0,11.451300005912781,11.009333308537801
2017-09-27,9.869999885559082,10.420000076293945,9.630000114440918,9.899999618530273,0,11.441900005340576,10.986833302179972
2017-09-28,9.550000190734863,10.130000114440918,9.550000190734863,9.739999771118164,0,11.426450004577637,10.961499977111817
2017-09-29,9.510000228881836,9.829999923706055,9.359999656677246,9.59000015258789,0,11.410400004386902,10.910999981562297
2017-10-02,9.449999809265137,10.039999961853027,9.369999885559082,9.59000015258789,0,11.39170000553131,10.881999985376995
2017-10-03,9.510000228881836,9.75,9.300000190734863,9.300000190734863,0,11.375300006866455,10.85533332824707
2017-10-04,9.630000114440918,9.880000114440918,9.529999732971191,9.529999732971191,0,11.362450008392335,10.834333324432373
2017-10-05,9.1899995803833,9.619999885559082,9.130000114440918,9.479999542236328,0,11.349850006103516,10.815833314259846
2017-10-06,9.649999618530273,10.270000457763672,9.109999656677246,9.229999542236328,0,11.340850005149841,10.81166664759318
2017-10-09,10.329999923706055,10.529999732971191,9.880000114440918,9.920000076293945,0,11.336150002479553,10.825333309173583
2017-10-10,10.079999923706055,10.65999984741211,9.9399995803833,10.149999618530273,0,11.329400000572205,10.829666646321614
2017-10-11,9.850000381469727,10.380000114440918,9.720000267028809,9.949999809265137,0,11.321450004577637,10.82899998029073
2017-10-12,9.90999984741211,10.329999923706055,9.649999618530273,9.9399995803833,0,11.311050004959107,10.830999978383382
2017-10-13,9.609999656677246,9.979999542236328,9.4399995803833,9.949999809265137,0,11.294350004196167,10.831499973932901
2017-10-16,9.90999984741211,10.020000457763672,9.75,9.949999809265137,0,11.277050004005432,10.840666643778484
2017-10-17,10.3100004196167,10.460000038146973,9.779999732971191,9.850000381469727,0,11.25840000629425,10.855333312352498
2017-10-18,10.069999694824219,10.40999984741211,9.869999885559082,10.34000015258789,0,11.244500002861024,10.865999968846639
2017-10-19,10.050000190734863,11.770000457763672,9.989999771118164,10.220000267028809,0,11.235500001907349,10.873499965667724
2017-10-20,9.970000267028809,10.039999961853027,9.289999961853027,9.920000076293945,0,11.227000002861024,10.871166642506918
2017-10-23,11.069999694824219,11.079999923706055,9.9399995803833,10.25,0,11.225750002861023,10.884166638056437
2017-10-24,11.15999984741211,11.15999984741211,10.390000343322754,10.890000343322754,0,11.22375,10.899166631698609
2017-10-25,11.229999542236328,13.199999809265137,10.989999771118164,11.34000015258789,0,11.222449998855591,10.918166621526082
2017-10-26,11.300000190734863,11.8100004196167,10.600000381469727,11.170000076293945,0,11.222649998664856,10.935166629155477
2017-10-27,9.800000190734863,11.119999885559082,9.739999771118164,11.119999885559082,0,11.213949999809266,10.924499972661335
2017-10-30,10.5,10.890000343322754,10.100000381469727,10.279999732971191,0,11.210300002098084,10.93233331044515
2017-10-31,10.180000305175781,10.369999885559082,9.899999618530273,10.34000015258789,0,11.201850004196167,10.936499977111817
2017-11-01,10.199999809265137,10.489999771118164,9.739999771118164,9.789999961853027,0,11.19045000553131,10.923833306630453
2017-11-02,9.930000305175781,10.890000343322754,9.670000076293945,10.4399995803833,0,11.176200008392334,10.904166650772094
2017-11-03,9.140000343322754,9.90999984741211,8.989999771118164,9.829999923706055,0,11.164200010299682,10.78916664123535
2017-11-06,9.399999618530273,9.739999771118164,9.380000114440918,9.630000114440918,0,11.152350006103516,10.687333297729491
2017-11-07,9.890000343322754,10.3100004196167,9.289999961853027,9.3100004196167,0,11.146450009346008,10.646666638056438
2017-11-08,9.779999732971191,10.270000457763672,9.5,9.789999961853027,0,11.14130000591278,10.608999967575073
2017-11-09,10.5,12.1899995803833,9.789999961853027,9.9399995803833,0,11.140650005340577,10.588333304723104
2017-11-10,11.289999961853027,11.579999923706055,10.5,10.779999732971191,0,11.14420000553131,10.517333300908406
2017-11-13,11.5,12.180000305175781,11.0,11.430000305175781,0,11.142300004959106,10.47133329709371
2017-11-14,11.59000015258789,12.609999656677246,11.449999809265137,11.529999732971191,0,11.140300006866456,10.444666639963787
2017-11-15,13.130000114440918,14.510000228881836,12.329999923706055,12.520000457763672,0,11.146900005340576,10.474333302179973
2017-11-16,11.760000228881836,12.520000457763672,11.380000114440918,12.470000267028809,0,11.146050004959106,10.466166639328003
2017-11-17,11.430000305175781,12.010000228881836,11.15999984741211,11.75,0,11.148350005149842,10.452833318710328
2017-11-20,10.649999618530273,12.079999923706055,10.4399995803833,11.960000038146973,0,11.144750003814698,10.442333316802978
2017-11-21,9.729999542236328,10.779999732971191,9.670000076293945,10.739999771118164,0,11.136950001716613,10.415833314259848
2017-11-22,9.880000114440918,9.880000114440918,9.319999694824219,9.600000381469727,0,11.129100003242492,10.385499986012777
2017-11-24,9.670000076293945,9.960000038146973,8.5600004196167,9.819999694824219,0,11.123050003051757,10.359666649500529
2017-11-27,9.869999885559082,10.260000228881836,9.789999961853027,10.069999694824219,0,11.118150000572205,10.34766664505005
2017-11-28,10.029999732971191,10.3100004196167,9.529999732971191,9.720000267028809,0,11.11295000076294,10.345999972025554
2017-11-29,10.699999809265137,10.930000305175781,9.8100004196167,9.90999984741211,0,11.112750000953675,10.320499976476034
2017-11-30,11.279999732971191,12.050000190734863,10.25,10.489999771118164,0,11.109299998283387,10.314666636784871
2017-12-01,11.430000305175781,14.579999923706055,10.539999961853027,11.1899995803833,0,11.107649998664856,10.31266663869222
2017-12-04,11.680000305175781,11.859999656677246,10.260000228881836,11.050000190734863,0,11.108600001335144,10.305333312352499
2017-12-05,11.329999923706055,11.670000076293945,10.649999618530273,11.380000114440918,0,11.107400002479553,10.315333318710326
2017-12-06,11.020000457763672,11.680000305175781,10.859999656677246,11.630000114440918,0,11.103800005912781,10.322666660944622
2017-12-07,10.15999984741211,11.319999694824219,10.119999885559082,10.899999618530273,0,11.096050004959107,10.316999991734823
2017-12-08,9.579999923706055,10.0600004196167,9.430000305175781,10.0,0,11.086600003242493,10.302666664123535
2017-12-11,9.34000015258789,10.079999923706055,9.279999732971191,9.739999771118164,0,11.072850003242493,10.288833332061767
2017-12-12,9.920000076293945,9.920000076293945,9.210000038146973,9.359999656677246,0,11.057850003242493,10.285000006357828
2017-12-13,10.180000305175781,10.210000038146973,9.649999618530273,9.779999732971191,0,11.046050004959106,10.285000006357828
2017-12-14,10.489999771118164,10.539999961853027,9.779999732971191,9.979999542236328,0,11.039450001716613,10.296833340326945
2017-12-15,9.420000076293945,10.199999809265137,9.220000267028809,10.119999885559082,0,11.031750001907348,10.292666673660278
2017-12-18,9.529999732971191,9.890000343322754,9.239999771118164,9.460000038146973,0,11.023200001716614,10.291666666666666
2017-12-19,10.029999732971191,10.149999618530273,9.180000305175781,9.399999618530273,0,11.016100001335143,10.288666661580404
2017-12-20,9.720000267028809,9.850000381469727,8.899999618530273,9.6899995803833,0,11.005400004386901,10.281166664759319
2017-12-21,9.619999885559082,9.859999656677246,9.199999809265137,9.59000015258789,0,10.992000002861023,10.276999998092652
2017-12-22,9.899999618530273,10.180000305175781,9.350000381469727,9.369999885559082,0,10.983200001716614,10.28283332188924
2017-12-26,10.25,10.460000038146973,10.130000114440918,10.1899995803833,0,10.977699999809266,10.295166651407877
2017-12-27,10.470000267028809,10.789999961853027,9.710000038146973,10.039999961853027,0,10.968550000190735,10.312166659037272
2017-12-28,10.180000305175781,10.4399995803833,10.069999694824219,10.289999961853027,0,10.961300001144409,10.323333326975504
2017-12-29,11.039999961853027,11.0600004196167,9.949999809265137,10.029999732971191,0,10.96045000076294,10.346833324432373
2018-01-02,9.770000457763672,11.069999694824219,9.520000457763672,10.949999809265137,0,10.952900004386901,10.356500005722046
2018-01-03,9.149999618530273,9.649999618530273,8.9399995803833,9.5600004196167,0,10.941950001716613,10.348166672388713
2018-01-04,9.220000267028809,9.3100004196167,8.920000076293945,9.010000228881836,0,10.925700001716613,10.329666678110758
2018-01-05,9.220000267028809,9.539999961853027,9.0,9.100000381469727,0,10.907750000953675,10.31533335049947
2018-01-08,9.520000457763672,9.890000343322754,9.319999694824219,9.609999656677246,0,10.889750003814697,10.309833351771037
2018-01-09,10.079999923706055,10.09000015258789,9.369999885559082,9.40999984741211,0,10.875350003242493,10.312666686375936
2018-01-10,9.819999694824219,10.850000381469727,9.819999694824219,10.109999656677246,0,10.861950001716615,10.31616668701172
2018-01-11,9.880000114440918,10.020000457763672,9.619999885559082,9.6899995803833,0,10.853700003623963,10.3156666914622
2018-01-12,10.15999984741211,10.3100004196167,9.539999961853027,9.739999771118164,0,10.847400002479553,10.313166681925455
2018-01-16,11.65999984741211,12.40999984741211,10.399999618530273,10.420000076293945,0,10.848000001907348,10.339666684468588
2018-01-17,11.90999984741211,12.8100004196167,11.180000305175781,11.350000381469727,0,10.845700001716613,10.370666678746542
2018-01-18,12.220000267028809,12.399999618530273,11.619999885559082,12.010000228881836,0,10.844900002479553,10.408166678746541
2018-01-19,11.270000457763672,12.329999923706055,11.180000305175781,12.300000190734863,0,10.842300004959107,10.411500024795533
2018-01-22,11.029999732971191,11.619999885559082,10.84000015258789,11.59000015258789,0,10.83300000190735,10.409333356221516
2018-01-23,11.100000381469727,11.569999694824219,10.760000228881836,10.770000457763672,0,10.826550002098083,10.407166703542073
2018-01-24,11.470000267028809,12.1899995803833,10.890000343322754,11.0,0,10.819550004005432,10.410000038146972
2018-01-25,11.579999923706055,12.010000228881836,11.199999809265137,11.270000457763672,0,10.807200002670289,10.439666700363158
2018-01-26,11.079999923706055,11.600000381469727,11.079999923706055,11.399999618530273,0,10.787250003814698,10.44933336575826
2018-01-29,13.84000015258789,13.84000015258789,11.680000305175781,11.710000038146973,0,10.777600002288818,10.510333363215128
2018-01-30,14.789999961853027,15.420000076293945,13.880000114440918,13.930000305175781,0,10.771750001907348,10.58683336575826
2018-01-31,13.539999961853027,14.4399995803833,13.40999984741211,14.229999542236328,0,10.766150002479554,10.64700002670288
2018-02-01,13.470000267028809,14.300000190734863,12.5,13.050000190734863,0,10.761400003433227,10.719166692097982
2018-02-02,17.309999465942383,17.860000610351562,13.640000343322754,13.640000343322754,0,10.77329999923706,10.851000022888183
2018-02-05,37.31999969482422,38.79999923706055,16.799999237060547,18.440000534057617,0,10.88914999961853,11.308166678746542
2018-02-06,29.979999542236328,50.29999923706055,22.420000076293945,37.31999969482422,0,10.965899996757507,11.644833342234294
2018-02-07,27.729999542236328,31.639999389648438,21.170000076293945,31.3799991607666,0,11.05034999370575,11.932000001271566
2018-02-08,33.459999084472656,36.16999816894531,24.40999984741211,27.290000915527344,0,11.163849987983703,12.30149998664856
2018-02-09,29.059999465942383,41.060001373291016,27.729999542236328,32.18000030517578,0,11.254899983406068,12.594166644414265
2018-02-12,25.610000610351562,29.700000762939453,24.420000076293945,27.25,0,11.331149988174438,12.827833318710328
2018-02-13,24.969999313354492,27.81999969482422,24.469999313354492,26.940000534057617,0,11.40189998626709,13.02516663869222
2018-02-14,19.260000228881836,25.719999313354492,18.989999771118164,23.479999542236328,0,11.447649989128113,13.15016663869222
2018-02-15,19.1299991607666,20.65999984741211,17.600000381469727,18.389999389648438,0,11.490349984169006,13.278499952952068
2018-02-16,19.459999084472656,20.989999771118164,17.440000534057617,18.739999771118164,0,11.53424997806549,13.425333277384441
2018-02-20,20.600000381469727,21.610000610351562,19.75,20.530000686645508,0,11.584949979782104,13.60649995803833
2018-02-21,20.020000457763672,21.040000915527344,16.969999313354492,20.760000228881836,0,11.632199983596802,13.775499963760376
2018-02-22,18.719999313354492,20.610000610351562,18.06999969482422,20.56999969482422,0,11.676949977874756,13.926333284378051
2018-02-23,16.489999771118164,18.799999237060547,16.469999313354492,17.959999084472656,0,11.709599976539613,14.036666615804036
2018-02-26,15.800000190734863,16.940000534057617,15.800000190734863,16.530000686645508,0,11.737549977302551,14.132833290100098
2018-02-27,18.59000015258789,18.979999542236328,15.289999961853027,15.829999923706055,0,11.777499976158142,14.264333295822144
2018-02-28,19.850000381469727,20.440000534057617,15.649999618530273,18.079999923706055,0,11.82474997997284,14.407166639963785
2018-03-01,22.469999313354492,25.299999237060547,19.56999969482422,19.959999084472656,0,11.884999976158142,14.59116662343343
2018-03-02,19.59000015258789,26.219999313354492,19.360000610351562,22.469999313354492,0,11.929699978828431,14.722999954223633
2018-03-05,18.729999542236328,21.56999969482422,17.940000534057617,21.549999237060547,0,11.945399975776672,14.846333281199138
2018-03-06,18.360000610351562,19.639999389648438,17.68000030517578,18.25,0,11.96389997959137,14.968666617075602
2018-03-07,17.760000228881836,20.489999771118164,17.520000457763672,20.110000610351562,0,11.992499980926514,15.095333290100097
2018-03-08,16.540000915527344,17.68000030517578,14.90999984741211,17.559999465942383,0,12.020549983978272,15.211333306630452
2018-03-09,14.640000343322754,16.75,13.3100004196167,16.40999984741211,0,12.040149984359742,15.2996666431427
2018-03-12,15.779999732971191,16.350000381469727,15.180000305175781,15.279999732971191,0,12.068949980735779,15.39733330408732
2018-03-13,16.350000381469727,16.979999542236328,15.029999732971191,15.699999809265137,0,12.100749983787537,15.50016663869222
2018-03-14,17.229999542236328,17.59000015258789,14.9399995803833,16.59000015258789,0,12.137849979400634,15.612499968210857
2018-03-15,16.59000015258789,17.40999984741211,15.960000038146973,16.989999771118164,0,12.16889997959137,15.731999969482422
2018-03-16,15.800000190734863,16.719999313354492,15.229999542236328,16.600000381469727,0,12.195849981307983,15.836499977111817
2018-03-19,19.020000457763672,21.8700008392334,16.559999465942383,16.6299991607666,0,12.241499981880189,15.986333322525024
2018-03-20,18.200000762939453,19.309999465942383,18.09000015258789,18.3799991607666,0,12.283749985694886,16.127666664123534
2018-03-21,17.860000610351562,18.3700008392334,16.260000228881836,17.760000228881836,0,12.322699990272522,16.26500000953674
2018-03-22,23.34000015258789,23.809999465942383,18.1200008392334,18.1299991607666,0,12.387149991989135,16.489000018437704
2018-03-23,24.8700008392334,26.010000228881836,21.6299991607666,24.020000457763672,0,12.45954999446869,16.73266669909159
2018-03-26,21.030000686645508,24.540000915527344,20.709999084472656,23.40999984741211,0,12.513899998664856,16.908666706085206
2018-03-27,22.5,24.059999465942383,19.84000015258789,20.329999923706055,0,12.57289999961853,17.114000034332275
2018-03-28,22.8700008392334,24.940000534057617,21.709999084472656,22.520000457763672,0,12.629950003623962,17.311166715621948
2018-03-29,19.969999313354492,23.049999237060547,19.600000381469727,22.8700008392334,0,12.677699999809265,17.481166696548463
2018-04-02,23.6200008392334,25.719999313354492,20.440000534057617,21.06999969482422,0,12.742600002288818,17.72233338356018
2018-04-03,21.100000381469727,23.3799991607666,20.920000076293945,23.030000686645508,0,12.793600006103516,17.92033338546753
2018-04-04,20.059999465942383,24.510000228881836,19.860000610351562,21.68000030517578,0,12.842000002861022,18.101000038782754
2018-04-05,18.940000534057617,20.209999084472656,18.56999969482422,19.760000228881836,0,12.884850006103516,18.25800004005432
2018-04-06,21.489999771118164,23.1200008392334,18.600000381469727,20.329999923706055,0,12.93800000667572,18.448166704177858
2018-04-09,21.770000457763672,22.020000457763672,20.34000015258789,21.270000457763672,0,12.99310000896454,18.64733338356018
2018-04-10,20.469999313354492,21.68000030517578,20.239999771118164,20.510000228881836,0,13.04305000782013,18.82383337020874
2018-04-11,20.239999771118164,21.65999984741211,19.639999389648438,20.950000762939453,0,13.094150004386902,18.991833368937176
2018-04-12,18.489999771118164,19.920000076293945,18.15999984741211,19.829999923706055,0,13.137100005149842,19.105666700998942
2018-04-13,17.40999984741211,18.450000762939453,17.260000228881836,18.270000457763672,0,13.168850002288819,19.19733336766561
2018-04-16,16.559999465942383,17.65999984741211,16.3799991607666,17.59000015258789,0,13.201500000953674,19.2696666876475
2018-04-17,15.25,16.270000457763672,14.569999694824219,16.15999984741211,0,13.220550003051757,19.33600001335144
2018-04-18,15.600000381469727,16.899999618530273,14.949999809265137,15.300000190734863,0,13.242650003433228,19.412166690826417
2018-04-19,15.960000038146973,16.920000076293945,15.15999984741211,15.550000190734863,0,13.266350002288819,19.49316668510437
2018-04-20,16.8799991607666,17.5,15.1899995803833,16.15999984741211,0,13.29539999961853,19.583333333333332
2018-04-23,16.34000015258789,17.559999465942383,15.789999961853027,17.290000915527344,0,13.314400000572205,19.662666670481364
2018-04-24,18.020000457763672,19.65999984741211,15.369999885559082,16.15999984741211,0,13.348550004959106,19.778333346048992
2018-04-25,17.84000015258789,19.84000015258789,17.75,18.139999389648438,0,13.38220000743866,19.84500001271566
2018-04-26,16.239999771118164,18.1200008392334,16.239999771118164,18.06999969482422,0,13.408950004577637,19.86916667620341
2018-04-27,15.40999984741211,16.770000457763672,15.25,16.219999313354492,0,13.434500002861023,19.900333340962728
2018-04-30,15.930000305175781,16.350000381469727,15.130000114440918,15.3100004196167,0,13.464650006294251,19.94133334159851
2018-05-01,15.489999771118164,16.81999969482422,15.420000076293945,16.0,0,13.494550004005433,19.91100001335144
2018-05-02,15.970000267028809,15.970000267028809,14.75,15.479999542236328,0,13.525300006866456,19.55516668955485
2018-05-03,15.899999618530273,18.65999984741211,15.430000305175781,15.779999732971191,0,13.555350003242493,19.32050002415975
2018-05-04,14.770000457763672,16.920000076293945,10.90999984741211,15.9399995803833,0,13.580250005722046,19.10450003941854
2018-05-07,14.75,15.270000457763672,14.510000228881836,15.050000190734863,0,13.606100006103516,18.792666721343995
2018-05-08,14.710000038146973,15.5600004196167,14.520000457763672,14.529999732971191,0,13.632850008010864,18.55350006421407
2018-05-09,13.420000076293945,14.630000114440918,13.380000114440918,14.539999961853027,0,13.652800006866455,18.350333388646444
2018-05-10,13.229999542236328,13.630000114440918,12.920000076293945,13.359999656677246,0,13.671800003051757,18.154666725794474
2018-05-11,12.649999618530273,13.4399995803833,12.649999618530273,13.220000267028809,0,13.687049999237061,18.044500048955282
2018-05-14,12.930000305175781,13.279999732971191,12.8100004196167,13.09000015258789,0,13.701150002479553,17.941166734695436
2018-05-15,14.630000114440918,15.010000228881836,12.5,13.130000114440918,0,13.722850003242492,17.860666751861572
2018-05-16,13.420000076293945,14.90999984741211,13.210000038146973,14.380000114440918,0,13.738650002479552,17.74100008010864
2018-05-17,13.430000305175781,13.859999656677246,12.649999618530273,13.539999961853027,0,13.755350003242492,17.63116674423218
2018-05-18,13.420000076293945,13.869999885559082,13.0600004196167,13.180000305175781,0,13.771050004959106,17.542833423614503
2018-05-21,13.079999923706055,13.59000015258789,12.779999732971191,12.989999771118164,0,13.78425000667572,17.486000092824302
2018-05-22,13.220000267028809,13.420000076293945,12.770000457763672,13.029999732971191,0,13.800200009346009,17.443000094095865
2018-05-23,12.579999923706055,14.600000381469727,12.489999771118164,13.5,0,13.813450007438659,17.3428334236145
2018-05-24,12.529999732971191,14.239999771118164,12.529999732971191,12.729999542236328,0,13.82130000591278,17.220833412806194
2018-05-25,13.220000267028809,13.520000457763672,12.289999961853027,12.4399995803833,0,13.831850008964539,17.0666667620341
2018-05-29,17.020000457763672,18.780000686645508,14.390000343322754,14.390000343322754,0,13.83675000667572,17.02383343378703
2018-05-30,14.9399995803833,16.639999389648438,14.649999618530273,16.600000381469727,0,13.833900003433227,16.960666767756145
2018-05-31,15.430000305175781,16.290000915527344,14.199999809265137,14.930000305175781,0,13.849400005340577,16.911833429336546
2018-06-01,13.460000038146973,14.930000305175781,13.369999885559082,14.920000076293945,0,13.856500005722046,16.840166759490966
2018-06-04,12.739999771118164,13.90999984741211,12.6899995803833,13.90999984741211,0,13.861500005722046,16.776833407084148
2018-06-05,12.399999618530273,13.34000015258789,12.300000190734863,12.90999984741211,0,13.845750002861022,16.739500061670938
2018-06-06,11.640000343322754,12.5600004196167,11.619999885559082,12.100000381469727,0,13.832650003433228,16.670500071843467
2018-06-07,12.130000114440918,13.279999732971191,11.220000267028809,11.65999984741211,0,13.827350006103515,16.600166734059652
2018-06-08,12.180000305175781,13.3100004196167,12.09000015258789,12.539999961853027,0,13.831500005722045,16.516000080108643
2018-06-11,12.350000381469727,12.6899995803833,12.140000343322754,12.520000457763672,0,13.832000007629395,16.445333417256673
2018-06-12,12.34000015258789,12.600000381469727,11.880000114440918,12.289999961853027,0,13.832550010681153,16.387666749954224
2018-06-13,12.9399995803833,12.949999809265137,11.979999542236328,12.130000114440918,0,13.840850009918213,16.286333401997883
2018-06-14,12.119999885559082,13.069999694824219,11.880000114440918,12.979999542236328,0,13.844850010871887,16.185000054041545
2018-06-15,11.979999542236328,13.15999984741211,11.930000305175781,12.1899995803833,0,13.846250009536742,16.087000036239623
2018-06-18,12.3100004196167,13.739999771118164,12.279999732971191,12.789999961853027,0,13.851700010299682,15.903166707356771
2018-06-19,13.350000381469727,14.680000305175781,13.210000038146973,14.609999656677246,0,13.865500011444091,15.711166699727377
2018-06-20,12.789999961853027,13.020000457763672,12.25,12.899999618530273,0,13.878800010681152,15.573833354314168
2018-06-21,14.640000343322754,15.180000305175781,12.180000305175781,12.539999961853027,0,13.890850014686585,15.442833360036214
2018-06-22,13.770000457763672,14.600000381469727,13.109999656677246,14.600000381469727,0,13.901550016403199,15.291166687011719
2018-06-25,17.329999923706055,19.610000610351562,14.5600004196167,15.069999694824219,0,13.930450015068054,15.247166697184245
2018-06-26,15.920000076293945,17.540000915527344,15.100000381469727,16.709999084472656,0,13.949450016021729,15.118833351135255
2018-06-27,17.90999984741211,18.190000534057617,14.760000228881836,16.520000457763672,0,13.985350017547608,15.065666675567627
2018-06-28,16.850000381469727,18.989999771118164,16.399999618530273,17.540000915527344,0,14.016700019836426,15.012166690826415
2018-06-29,16.09000015258789,16.510000228881836,14.65999984741211,15.729999542236328,0,14.044650020599365,14.964666684468588
2018-07-02,15.600000381469727,18.079999923706055,15.539999961853027,17.700000762939453,0,14.070450024604797,14.866500027974446
2018-07-03,16.139999389648438,16.450000762939453,14.680000305175781,15.369999885559082,0,14.10030002117157,14.772666676839192
2018-07-05,14.970000267028809,16.219999313354492,14.470000267028809,15.619999885559082,0,14.124400024414063,14.681000026067098
2018-07-06,13.369999885559082,15.449999809265137,13.34000015258789,14.989999771118164,0,14.140350022315978,14.566500027974447
2018-07-09,12.6899995803833,13.220000267028809,12.600000381469727,13.020000457763672,0,14.15490002155304,14.469833358128865
2018-07-10,12.640000343322754,13.210000038146973,11.930000305175781,12.520000457763672,0,14.169750022888184,14.390333366394042
2018-07-11,13.630000114440918,14.149999618530273,13.09000015258789,14.050000190734863,0,14.189950022697449,14.341500043869019
2018-07-12,12.579999923706055,13.329999923706055,12.420000076293945,13.069999694824219,0,14.201800022125244,14.297000042597453
2018-07-13,12.180000305175781,12.970000267028809,11.619999885559082,12.390000343322754,0,14.211850023269653,14.240000041325887
2018-07-16,12.829999923706055,12.970000267028809,12.460000038146973,12.770000457763672,0,14.226650023460389,14.187833372751872
2018-07-17,12.0600004196167,13.180000305175781,11.850000381469727,12.90999984741211,0,14.239200024604797,14.107500060399373
2018-07-18,12.100000381469727,12.470000267028809,11.4399995803833,11.869999885559082,0,14.252150025367737,14.036833397547404
2018-07-19,12.869999885559082,13.09000015258789,11.789999961853027,12.199999809265137,0,14.269250025749207,13.951000054677328
2018-07-20,12.859999656677246,13.579999923706055,12.489999771118164,13.0,0,14.286000022888183,13.868000046412151
2018-07-23,12.619999885559082,13.550000190734863,12.579999923706055,13.470000267028809,0,14.300950021743775,13.807666714986166
2018-07-24,12.40999984741211,13.210000038146973,11.65999984741211,12.609999656677246,0,14.317050023078918,13.757666714986165
2018-07-25,12.289999961853027,12.819999694824219,11.800000190734863,12.369999885559082,0,14.330250024795532,13.697000042597454
2018-07-26,12.140000343322754,12.529999732971191,11.779999732971191,12.449999809265137,0,14.339300026893616,13.641166718800863
2018-07-27,13.029999732971191,14.260000228881836,11.600000381469727,12.170000076293945,0,14.35405002593994,13.592166709899903
2018-07-30,14.260000228881836,14.460000038146973,12.979999542236328,13.630000114440918,0,14.376100025177003,13.564833386739094
2018-07-31,12.829999923706055,14.119999885559082,12.8100004196167,13.979999542236328,0,14.390700025558472,13.532500044504802
2018-08-01,13.149999618530273,13.630000114440918,12.449999809265137,13.09000015258789,0,14.408400025367737,13.505833371480305
2018-08-02,12.1899995803833,14.529999732971191,12.170000076293945,13.569999694824219,0,14.419800024032593,13.463833363850911
2018-08-03,11.640000343322754,12.460000038146973,11.069999694824219,12.430000305175781,0,14.426450023651123,13.434166701634725
2018-08-06,11.270000457763672,12.149999618530273,11.170000076293945,11.90999984741211,0,14.432450027465821,13.401500050226847
2018-08-07,10.930000305175781,11.239999771118164,10.520000457763672,11.119999885559082,0,14.436850028038025,13.372833395004273
2018-08-08,10.850000381469727,11.180000305175781,10.520000457763672,10.930000305175781,0,14.441250028610229,13.338166729609172
2018-08-09,11.270000457763672,11.3100004196167,10.170000076293945,10.9399995803833,0,14.442250032424926,13.282166735331218
2018-08-10,13.15999984741211,13.819999694824219,12.300000190734863,12.34000015258789,0,14.452250032424926,13.277833398183187
2018-08-13,14.779999732971191,15.020000457763672,12.949999809265137,14.5,0,14.470000033378602,13.300333388646443
2018-08-14,13.3100004196167,14.220000267028809,13.109999656677246,13.930000305175781,0,14.48005003452301,13.298500061035156
2018-08-15,14.640000343322754,16.860000610351562,13.4399995803833,13.520000457763672,0,14.50425003528595,13.324500068028767
2018-08-16,13.449999809265137,14.359999656677246,12.819999694824219,14.180000305175781,0,14.519000034332276,13.328333393732708
2018-08-17,12.640000343322754,13.960000038146973,12.399999618530273,13.180000305175781,0,14.53130003452301,13.329333400726318
2018-08-20,12.489999771118164,12.789999961853027,12.260000228881836,12.569999694824219,0,14.542750034332276,13.328666734695435
2018-08-21,12.859999656677246,12.890000343322754,12.09000015258789,12.470000267028809,0,14.557400031089783,13.32266672452291
2018-08-22,12.25,13.289999961853027,11.970000267028809,13.09000015258789,0,14.57295002937317,13.243166716893514
2018-08-23,12.40999984741211,12.680000305175781,11.649999618530273,12.029999732971191,0,14.588000030517579,13.201000054677328
2018-08-24,11.989999771118164,12.170000076293945,11.829999923706055,12.130000114440918,0,14.598500027656556,13.143666712443034
2018-08-27,12.15999984741211,12.479999542236328,12.020000457763672,12.369999885559082,0,14.61040002822876,13.122000042597453
2018-08-28,12.5,12.5,11.869999885559082,12.010000228881836,0,14.62040002822876,13.118000046412151
2018-08-29,12.25,12.550000190734863,12.09000015258789,12.34000015258789,0,14.625200028419494,13.11550005276998
2018-08-30,13.529999732971191,13.949999809265137,12.239999771118164,12.25,0,14.63535002708435,13.147000042597453
2018-08-31,12.859999656677246,14.029999732971191,12.819999694824219,13.539999961853027,0,14.641700024604797,13.159166701634724
2018-09-04,13.15999984741211,14.350000381469727,13.119999885559082,13.130000114440918,0,14.641850023269653,13.175500027338664
2018-09-05,13.90999984741211,14.300000190734863,13.229999542236328,13.6899995803833,0,14.652600021362305,13.201500018437704
2018-09-06,14.649999618530273,15.40999984741211,13.720000267028809,14.210000038146973,0,14.668700017929076,13.240000009536743
2018-09-07,14.880000114440918,15.630000114440918,14.3100004196167,14.720000267028809,0,14.689850020408631,13.272333351771037
2018-09-10,14.15999984741211,15.199999809265137,13.930000305175781,15.09000015258789,0,14.712000021934509,13.306333351135255
2018-09-11,13.220000267028809,14.920000076293945,13.210000038146973,13.960000038146973,0,14.72870002269745,13.327000029881795
2018-09-12,13.140000343322754,13.859999656677246,12.90999984741211,13.069999694824219,0,14.746050024032593,13.340833361943563
2018-09-13,12.369999885559082,12.90999984741211,12.300000190734863,12.90999984741211,0,14.758550024032592,13.324500020345052
2018-09-14,12.069999694824219,13.149999618530273,11.930000305175781,12.130000114440918,0,14.768750023841857,13.312500015894573
2018-09-17,13.680000305175781,13.75,12.319999694824219,12.720000267028809,0,14.78365002632141,13.29650001525879
2018-09-18,12.789999961853027,13.479999542236328,12.5600004196167,13.479999542236328,0,14.79120002746582,13.280166673660279
2018-09-19,11.75,12.770000457763672,11.65999984741211,12.609999656677246,0,14.792800025939941,13.187166674931843
2018-09-20,11.800000190734863,11.960000038146973,11.3100004196167,11.819999694824219,0,14.793400025367736,13.118500010172527
2018-09-21,11.680000305175781,12.029999732971191,11.100000381469727,11.760000228881836,0,14.795150027275085,13.014666684468587
2018-09-24,12.199999809265137,12.920000076293945,12.180000305175781,12.460000038146973,0,14.801050024032593,12.937166674931843
2018-09-25,12.420000076293945,12.600000381469727,11.800000190734863,12.279999732971191,0,14.812350025177002,12.876000006993612
2018-09-26,12.890000343322754,13.130000114440918,11.550000190734863,12.210000038146973,0,14.828900027275086,12.830833339691162
2018-09-27,12.40999984741211,13.0,11.9399995803833,12.770000457763672,0,14.844250025749206,12.76866668065389
2018-09-28,12.119999885559082,13.220000267028809,12.09000015258789,12.59000015258789,0,14.855250024795533,12.721166674296061
2018-10-01,12.0,12.399999618530273,11.569999694824219,11.989999771118164,0,14.864350023269653,12.698333342870077
2018-10-02,12.050000190734863,12.6899995803833,11.609999656677246,12.470000267028809,0,14.872150025367738,12.687666686375936
2018-10-03,11.609999656677246,12.140000343322754,11.34000015258789,11.65999984741211,0,14.883100023269654,12.670500008265178
2018-10-04,14.220000267028809,15.84000015258789,12.420000076293945,12.84000015258789,0,14.906550025939941,12.680333344141642
2018-10-05,14.819999694824219,17.360000610351562,11.720000267028809,14.289999961853027,0,14.930500025749206,12.717666673660279
2018-10-08,15.6899995803833,18.3799991607666,15.6899995803833,16.049999237060547,0,14.960350022315978,12.776166661580403
2018-10-09,15.949999809265137,17.489999771118164,15.270000457763672,16.1200008392334,0,14.992000021934508,12.828166659673055
2018-10-10,22.959999084472656,22.959999084472656,15.829999923706055,16.030000686645508,0,15.057300019264222,13.009833304087321
2018-10-11,24.979999542236328,28.84000015258789,20.649999618530273,23.06999969482422,0,15.130950016975403,13.224499956766765
2018-10-12,21.309999465942383,26.799999237060547,20.8799991607666,21.6299991607666,0,15.18515001296997,13.365166616439819
2018-10-15,21.299999237060547,22.889999389648438,19.469999313354492,21.969999313354492,0,15.240750007629394,13.505833276112874
2018-10-16,17.6200008392334,20.559999465942383,17.549999237060547,20.280000686645508,0,15.273650012016297,13.589166625340779
2018-10-17,17.399999618530273,19.549999237060547,17.059999465942383,17.059999465942383,0,15.31180000782013,13.67233328819275
2018-10-18,20.059999465942383,21.56999969482422,17.510000228881836,18.020000457763672,0,15.36635000705719,13.801833279927571
2018-10-19,19.889999389648438,21.079999923706055,18.389999389648438,19.239999771118164,0,15.419700002670288,13.930999930699667
2018-10-22,19.639999389648438,20.889999389648438,18.81999969482422,19.3799991607666,0,15.471799998283386,14.041166591644288
2018-10-23,20.709999084472656,24.65999984741211,20.18000030517578,22.18000030517578,0,15.52774999141693,14.1486665725708
2018-10-24,25.229999542236328,26.3799991607666,20.399999618530273,21.600000381469727,0,15.603499989509583,14.355333232879639
2018-10-25,24.219999313354492,24.780000686645508,22.059999465942383,24.780000686645508,0,15.675499987602233,14.539833227793375
2018-10-26,24.15999984741211,27.520000457763672,23.329999923706055,24.510000228881836,0,15.74689998626709,14.739333232243856
2018-10-29,24.700000762939453,27.860000610351562,22.010000228881836,24.479999542236328,0,15.819599990844727,14.956999905904134
2018-10-30,23.350000381469727,25.549999237060547,23.110000610351562,23.940000534057617,0,15.878049993515015,15.158333237965902
2018-10-31,21.229999542236328,22.799999237060547,20.389999389648438,22.719999313354492,0,15.924649991989135,15.329999891916911
2018-11-01,19.34000015258789,21.209999084472656,19.030000686645508,20.959999084472656,0,15.960249991416932,15.471499888102214
2018-11-02,19.510000228881836,21.610000610351562,18.049999237060547,18.520000457763672,0,16.001449990272523,15.60883321762085
2018-11-05,19.959999084472656,20.8700008392334,19.639999389648438,20.579999923706055,0,16.04609998703003,15.722166538238525
2018-11-06,19.90999984741211,20.600000381469727,19.690000534057617,19.84000015258789,0,16.09014998435974,15.807666540145874
2018-11-07,16.360000610351562,18.049999237060547,16.329999923706055,18.030000686645508,0,16.114599986076357,15.858499876658122
2018-11-08,16.719999313354492,17.200000762939453,16.09000015258789,16.18000030517578,0,16.140299983024597,15.89316652615865
2018-11-09,17.360000610351562,18.40999984741211,16.84000015258789,16.8700008392334,0,16.171699986457824,15.958333206176757
2018-11-12,20.450000762939453,20.709999084472656,17.25,17.260000228881836,0,16.204749989509583,16.088499879837038
2018-11-13,20.020000457763672,21.25,19.110000610351562,19.450000762939453,0,16.230899991989137,16.213999891281127
2018-11-14,21.25,22.360000610351562,19.299999237060547,20.520000457763672,0,16.269449992179872,16.35383323033651
2018-11-15,19.979999542236328,22.969999313354492,19.940000534057617,20.40999984741211,0,16.30199998855591,16.482666556040446
2018-11-16,18.139999389648438,21.360000610351562,18.100000381469727,20.040000915527344,0,16.30614998817444,16.57816654841105
2018-11-19,20.100000381469727,20.989999771118164,18.520000457763672,18.780000686645508,0,16.220049991607667,16.713333225250246
2018-11-20,22.479999542236328,23.809999465942383,20.3700008392334,20.760000228881836,0,16.182549991607665,16.885333220163982
2018-11-21,20.799999237060547,22.309999465942383,20.110000610351562,21.65999984741211,0,16.147899990081786,17.023666540781658
2018-11-23,21.520000457763672,22.649999618530273,20.649999618530273,21.229999542236328,0,16.08819999694824,17.178166548411053
2018-11-26,18.899999618530273,20.799999237060547,18.670000076293945,20.780000686645508,0,16.03739999771118,17.2676665465037
2018-11-27,19.020000457763672,19.93000030517578,18.700000762939453,19.40999984741211,0,16.004449996948242,17.37033322652181
2018-11-28,18.489999771118164,19.3799991607666,18.18000030517578,18.8700008392334,0,15.972049999237061,17.45916655858358
2018-11-29,18.790000915527344,20.479999542236328,18.59000015258789,18.649999618530273,0,15.969700002670288,17.540499909718832
2018-11-30,18.06999969482422,19.90999984741211,18.030000686645508,19.18000030517578,0,15.964400005340575,17.597499910990397
2018-12-03,16.440000534057617,17.280000686645508,15.9399995803833,16.040000915527344,0,15.949300012588502,17.62349991798401
2018-12-04,20.739999771118164,21.940000534057617,16.260000228881836,16.84000015258789,0,15.950000009536744,17.73316658337911
2018-12-06,21.190000534057617,25.940000534057617,20.940000534057617,23.530000686645508,0,15.955850009918214,17.865999921162924
2018-12-07,23.229999542236328,24.709999084472656,19.899999618530273,22.420000076293945,0,15.978400011062622,18.03416657447815
2018-12-10,22.639999389648438,25.940000534057617,22.5,23.950000762939453,0,16.009150009155274,18.20533323287964
2018-12-11,21.760000228881836,23.600000381469727,21.389999389648438,22.959999084472656,0,16.03895000934601,18.3668332417806
2018-12-12,21.459999084472656,21.90999984741211,20.5,21.90999984741211,0,16.053300004005433,18.496499888102214
2018-12-13,20.649999618530273,21.56999969482422,20.34000015258789,21.0,0,16.057300000190736,18.627499882380167
2018-12-14,21.6299991607666,22.469999313354492,20.950000762939453,21.56999969482422,0,16.053099999427797,18.79216653505961
2018-12-17,24.520000457763672,25.8799991607666,21.969999313354492,22.360000610351562,0,16.077750000953674,19.00416653951009
2018-12-18,25.579999923706055,26.139999389648438,23.639999389648438,24.68000030517578,0,16.112000002861024,19.23583319981893
2018-12-19,25.579999923706055,26.639999389648438,22.5,25.149999618530273,0,16.148099999427796,19.45883320172628
2018-12-20,28.3799991607666,30.299999237060547,24.68000030517578,26.09000015258789,0,16.20119999408722,19.72483318646749
2018-12-21,30.110000610351562,31.350000381469727,25.709999084472656,28.239999771118164,0,16.26904999256134,20.01183319091797
2018-12-24,36.06999969482422,36.099998474121094,29.15999984741211,29.290000915527344,0,16.37619998931885,20.40616652170817
2018-12-26,30.40999984741211,36.20000076293945,29.59000015258789,35.5,0,16.44934998989105,20.71099985440572
2018-12-27,29.959999084472656,33.79999923706055,29.65999984741211,31.200000762939453,0,16.517399983406065,21.010333172480266
2018-12-28,28.34000015258789,31.049999237060547,27.43000030517578,29.969999313354492,0,16.572949986457825,21.281833171844482
2018-12-31,25.420000076293945,27.639999389648438,25.329999923706055,27.59000015258789,0,16.617099986076354,21.51199984550476
2019-01-02,23.219999313354492,28.530000686645508,23.049999237060547,27.540000915527344,0,16.65419998168945,21.66199982961019
2019-01-03,25.450000762939453,26.600000381469727,24.049999237060547,25.68000030517578,0,16.686349983215333,21.839166514078777
2019-01-04,21.3799991607666,24.479999542236328,21.190000534057617,24.360000610351562,0,16.702249975204467,21.933999840418497
2019-01-07,21.399999618530273,22.709999084472656,20.90999984741211,22.059999465942383,0,16.719949970245363,22.024833170572915
2019-01-08,20.469999313354492,22.030000686645508,20.09000015258789,20.959999084472656,0,16.705599966049196,21.983333174387614
2019-01-09,19.979999542236328,22.799999237060547,19.479999542236328,20.440000534057617,0,16.68114995956421,21.89999984105428
2019-01-10,19.5,21.31999969482422,19.290000915527344,20.979999542236328,0,16.673499956130982,21.869833183288574
2019-01-11,18.190000534057617,20.15999984741211,18.1200008392334,19.68000030517578,0,16.651949958801268,21.81799987157186
2019-01-14,19.06999969482422,20.270000457763672,18.700000762939453,19.84000015258789,0,16.632949953079223,21.84216651916504
2019-01-15,18.600000381469727,19.200000762939453,17.979999542236328,18.530000686645508,0,16.6260999584198,21.862166531880696
2019-01-16,19.040000915527344,19.040000915527344,17.760000228881836,18.079999923706055,0,16.60319995880127,21.845166556040446
2019-01-17,18.059999465942383,19.719999313354492,17.850000381469727,19.510000228881836,0,16.587999954223633,21.814666557312012
2019-01-18,17.799999237060547,18.18000030517578,17.170000076293945,17.799999237060547,0,16.576699953079224,21.783999888102212
2019-01-22,20.799999237060547,21.149999618530273,18.200000762939453,18.530000686645508,0,16.58599994659424,21.785499890645344
2019-01-23,19.520000457763672,22.020000457763672,19.469999313354492,20.850000381469727,0,16.576149950027467,21.690333239237468
2019-01-24,18.889999389648438,20.25,18.6299991607666,19.690000534057617,0,16.56174994468689,21.6014999071757
2019-01-25,17.420000076293945,18.459999084472656,17.309999465942383,18.43000030517578,0,16.546499948501587,21.489166577657063
2019-01-28,18.8700008392334,20.420000076293945,18.420000076293945,18.559999465942383,0,16.53964995384216,21.391999912261962
2019-01-29,19.1299991607666,19.93000030517578,18.420000076293945,19.450000762939453,0,16.542849950790405,21.321666558583576
2019-01-30,17.65999984741211,19.309999465942383,17.540000915527344,19.149999618530273,0,16.544099950790404,21.26216656366984
2019-01-31,16.56999969482422,17.719999313354492,16.540000915527344,17.389999389648438,0,16.544149951934813,21.21599988937378
2019-02-01,16.139999389648438,16.829999923706055,16.079999923706055,16.6299991607666,0,16.548599948883055,21.15983320871989
2019-02-04,15.729999542236328,16.729999542236328,15.600000381469727,16.719999313354492,0,16.54924994468689,21.089333216349285
2019-02-05,15.569999694824219,15.9399995803833,15.039999961853027,15.789999961853027,0,16.547299942970277,21.01699988047282
2019-02-06,15.380000114440918,15.869999885559082,15.09000015258789,15.4399995803833,0,16.539799947738647,21.00066653887431
2019-02-07,16.3700008392334,17.889999389648438,15.510000228881836,15.65999984741211,0,16.539949951171874,20.99483323097229
2019-02-08,15.720000267028809,17.6299991607666,15.619999885559082,16.809999465942383,0,16.5284499502182,20.967499891916912
2019-02-11,15.970000267028809,16.5,15.34000015258789,16.170000076293945,0,16.519099950790405,20.892833216985068
2019-02-12,15.430000305175781,15.649999618530273,14.949999809265137,15.229999542236328,0,16.515049953460693,20.816333214441936
2019-02-13,15.649999618530273,15.90999984741211,15.0,15.460000038146973,0,16.516249952316283,20.722999874750773
2019-02-14,16.219999313354492,17.270000457763672,15.300000190734863,15.609999656677246,0,16.517699947357176,20.66033320426941
2019-02-15,14.90999984741211,16.81999969482422,14.789999961853027,16.81999969482422,0,16.51479994773865,20.60649987856547
2019-02-19,14.880000114440918,16.15999984741211,14.640000343322754,15.649999618530273,0,16.509349946975707,20.51949987411499
2019-02-20,14.020000457763672,15.1899995803833,13.989999771118164,14.920000076293945,0,16.499949951171875,20.378499889373778
2019-02-21,14.460000038146973,15.170000076293945,13.850000381469727,14.0,0,16.498399949073793,20.272833236058553
2019-02-22,13.510000228881836,14.470000267028809,13.510000228881836,14.460000038146973,0,16.4921999502182,20.139333232243857
2019-02-25,14.850000381469727,14.899999618530273,13.4399995803833,13.90999984741211,0,16.492899951934813,20.071833244959514
2019-02-26,15.170000076293945,15.279999732971191,14.520000457763672,15.15999984741211,0,16.501649951934816,20.00766657193502
2019-02-27,14.699999809265137,16.170000076293945,14.699999809265137,15.529999732971191,0,16.50899995326996,19.944499905904134
2019-02-28,14.779999732971191,15.239999771118164,14.390000343322754,15.170000076293945,0,16.519649953842162,19.87766655286153
2019-03-01,13.569999694824219,14.84000015258789,13.40999984741211,14.569999694824219,0,16.522849950790405,19.80266655286153
2019-03-04,14.630000114440918,16.979999542236328,13.380000114440918,13.770000457763672,0,16.522849950790405,19.772499879201252
2019-03-05,14.739999771118164,15.390000343322754,14.260000228881836,14.520000457763672,0,16.529449949264528,19.672499879201254
2019-03-06,15.739999771118164,16.110000610351562,14.739999771118164,14.90999984741211,0,16.540999946594237,19.581666533152262
2019-03-07,16.59000015258789,17.809999465942383,15.539999961853027,16.329999923706055,0,16.556849946975706,19.470999876658123
2019-03-08,16.049999237060547,18.329999923706055,16.020000457763672,17.3799991607666,0,16.57169994354248,19.361166540781657
2019-03-11,14.329999923706055,16.43000030517578,14.329999923706055,16.280000686645508,0,16.577249941825865,19.23733320236206
2019-03-12,13.770000457763672,14.699999809265137,13.609999656677246,13.970000267028809,0,16.583199944496155,19.109166558583578
2019-03-13,13.40999984741211,14.050000190734863,13.25,14.0,0,16.58759994506836,18.988499895731607
2019-03-14,13.5,13.84000015258789,13.15999984741211,13.350000381469727,0,16.588999943733214,18.852999909718832
2019-03-15,12.880000114440918,13.279999732971191,12.5,13.210000038146973,0,16.5682999420166,18.658999903996786
2019-03-18,13.100000381469727,13.800000190734863,13.0,13.130000114440918,0,16.559099946022034,18.45099991162618
2019-03-19,13.5600004196167,13.770000457763672,12.369999885559082,12.890000343322754,0,16.54974994659424,18.250666586558022
2019-03-20,13.90999984741211,14.300000190734863,13.050000190734863,13.539999961853027,0,16.551999945640564,18.009499931335448
2019-03-21,13.630000114440918,14.5600004196167,13.260000228881836,14.109999656677246,0,16.556449947357176,17.734833256403604
2019-03-22,16.479999542236328,17.520000457763672,13.619999885559082,13.770000457763672,0,16.57684994697571,17.408333253860473
2019-03-25,16.329999923706055,17.850000381469727,16.260000228881836,17.760000228881836,0,16.600299944877623,17.173666588465373
2019-03-26,14.680000305175781,16.299999237060547,14.670000076293945,16.219999313354492,0,16.6130499458313,16.91899994214376
2019-03-27,15.149999618530273,16.709999084472656,14.510000228881836,14.520000457763672,0,16.62789994239807,16.699166599909464
2019-03-28,14.430000305175781,15.619999885559082,14.40999984741211,15.380000114440918,0,16.6382999420166,16.515999937057494
2019-03-29,13.710000038146973,14.430000305175781,13.640000343322754,14.1899995803833,0,16.645149941444398,16.35749994913737
2019-04-01,13.399999618530273,14.010000228881836,13.319999694824219,13.899999618530273,0,16.64744994163513,16.15666659673055
2019-04-02,13.359999656677246,13.680000305175781,13.130000114440918,13.619999885559082,0,16.653649940490723,16.02299993832906
2019-04-03,13.739999771118164,14.270000457763672,12.850000381469727,13.0600004196167,0,16.66244994163513,15.895333274205525
2019-04-04,13.579999923706055,14.029999732971191,13.399999618530273,13.84000015258789,0,16.66879993915558,15.78049995104472
2019-04-05,12.819999694824219,13.470000267028809,12.170000076293945,13.460000038146973,0,16.666149935722352,15.661166620254516
2019-04-08,13.180000305175781,13.770000457763672,13.100000381469727,13.550000190734863,0,16.668099937438964,15.555833292007446
2019-04-09,14.279999732971191,14.390000343322754,13.3100004196167,13.460000038146973,0,16.666299934387208,15.490666611989338
2019-04-10,13.300000190734863,14.289999961853027,13.270000457763672,14.09000015258789,0,16.663949933052063,15.39449995358785
2019-04-11,13.020000457763672,13.579999923706055,12.90999984741211,13.369999885559082,0,16.642399935722352,15.301499954859416
2019-04-12,12.010000228881836,12.960000038146973,11.949999809265137,12.960000038146973,0,16.62284993648529,15.184333276748657
2019-04-15,12.319999694824219,13.140000343322754,12.239999771118164,12.460000038146973,0,16.594899935722353,15.088666613896688
2019-04-16,12.180000305175781,12.470000267028809,11.850000381469727,12.260000228881836,0,16.571549935340883,14.994999965031942
2019-04-17,12.600000381469727,13.020000457763672,11.029999732971191,12.119999885559082,0,16.55409993648529,14.858333317438762
2019-04-18,12.09000015258789,13.119999885559082,12.020000457763672,12.800000190734863,0,16.536549935340883,14.734499979019166
2019-04-22,12.420000076293945,13.359999656677246,12.380000114440918,13.210000038146973,0,16.51794993877411,14.626666657129924
2019-04-23,12.279999732971191,12.6899995803833,12.079999923706055,12.65999984741211,0,16.50449993610382,14.54099998474121
2019-04-24,13.140000343322754,13.229999542236328,12.260000228881836,12.529999732971191,0,16.50334993839264,14.445499976476034
2019-04-25,13.25,14.300000190734863,12.8100004196167,13.289999961853027,0,16.506149940490722,14.347499990463257
2019-04-26,12.729999542236328,13.619999885559082,12.489999771118164,13.4399995803833,0,16.50659993648529,14.265333318710328
2019-04-29,13.109999656677246,13.270000457763672,12.649999618530273,13.039999961853027,0,16.50399993419647,14.207666651407878
2019-04-30,13.119999885559082,14.050000190734863,12.880000114440918,13.109999656677246,0,16.506699934005738,14.157333326339721
2019-05-01,14.800000190734863,14.829999923706055,12.739999771118164,12.859999656677246,0,16.519799933433532,14.14183333714803
2019-05-02,14.420000076293945,15.920000076293945,13.800000190734863,14.350000381469727,0,16.52774993419647,14.122666676839193
2019-05-03,12.869999885559082,14.149999618530273,12.800000190734863,14.109999656677246,0,16.531799931526184,14.080833339691162
2019-05-06,15.4399995803833,18.799999237060547,12.890000343322754,12.890000343322754,0,16.54849992752075,14.065333318710326
2019-05-07,19.31999969482422,21.84000015258789,15.800000190734863,15.899999618530273,0,16.580749926567076,14.125333309173584
2019-05-08,19.399999618530273,21.739999771118164,18.290000915527344,18.950000762939453,0,16.613449926376344,14.182499965031942
2019-05-09,19.100000381469727,23.3799991607666,18.8700008392334,21.399999618530273,0,16.645849928855895,14.243666632970173
2019-05-10,16.040000915527344,20.190000534057617,15.569999694824219,18.790000915527344,0,16.66399993419647,14.250166654586792
2019-05-13,20.549999237060547,21.31999969482422,18.350000381469727,18.6200008392334,0,16.705299930572508,14.322333319981892
2019-05-14,18.059999465942383,19.649999618530273,17.450000762939453,19.399999618530273,0,16.73489992618561,14.374833313624064
2019-05-15,16.440000534057617,19.149999618530273,16.40999984741211,17.56999969482422,0,16.75194993019104,14.400833320617675
2019-05-16,15.289999961853027,17.1299991607666,15.15999984741211,16.690000534057617,0,16.757099928855897,14.421999979019166
2019-05-17,15.960000038146973,16.809999465942383,14.859999656677246,15.890000343322754,0,16.7727499294281,14.446999979019164
2019-05-20,16.309999465942383,17.6299991607666,15.460000038146973,15.880000114440918,0,16.788549928665162,14.493666632970173
2019-05-21,14.949999809265137,16.219999313354492,14.789999961853027,15.859999656677246,0,16.80234992980957,14.495333290100097
2019-05-22,14.75,15.4399995803833,14.420000076293945,15.0600004196167,0,16.817899928092956,14.488333288828532
2019-05-23,16.920000076293945,18.049999237060547,15.279999732971191,15.930000305175781,0,16.846149926185607,14.525333293279012
2019-05-24,15.850000381469727,16.520000457763672,15.520000457763672,16.34000015258789,0,16.87074992656708,14.543166637420654
2019-05-28,17.5,17.700000762939453,15.899999618530273,16.549999237060547,0,16.90399992465973,14.608666642506916
2019-05-29,17.899999618530273,19.040000915527344,17.6200008392334,18.549999237060547,0,16.93714992046356,14.66316663424174
2019-05-30,17.299999237060547,18.110000610351562,16.719999313354492,17.469999313354492,0,16.957849917411803,14.705833292007446
2019-05-31,18.709999084472656,19.719999313354492,18.010000228881836,19.049999237060547,0,16.97749991416931,14.755333280563354
2019-06-03,18.860000610351562,19.75,18.15999984741211,19.40999984741211,0,17.005249915122985,14.793166621526082
2019-06-04,16.969999313354492,18.739999771118164,16.969999313354492,18.739999771118164,0,17.016899909973144,14.808499956130982
2019-06-05,16.09000015258789,17.489999771118164,16.040000915527344,17.059999465942383,0,17.03009991168976,14.837833293279012
2019-06-06,15.930000305175781,16.540000915527344,15.359999656677246,16.25,0,17.046549911499024,14.873833290735881
2019-06-07,16.299999237060547,16.440000534057617,15.329999923706055,15.649999618530273,0,17.065599908828734,14.921999947230022
2019-06-10,15.9399995803833,16.469999313354492,15.84000015258789,16.299999237060547,0,17.080999908447264,14.962666606903076
2019-06-11,15.989999771118164,16.700000762939453,15.5,15.84000015258789,0,17.099699907302856,15.014499934514363
2019-06-12,15.90999984741211,16.43000030517578,15.779999732971191,16.260000228881836,0,17.117199907302858,15.061333258946737
2019-06-13,15.819999694824219,16.209999084472656,15.609999656677246,16.15999984741211,0,17.136349906921385,15.098999913533529
2019-06-14,15.279999732971191,16.399999618530273,15.210000038146973,16.0,0,17.15194990634918,15.121833244959513
2019-06-17,15.350000381469727,15.760000228881836,15.239999771118164,15.649999618530273,0,17.16619990825653,15.15049991607666
2019-06-18,15.149999618530273,15.539999961853027,14.619999885559082,14.890000343322754,0,17.180699906349183,15.128333250681559
2019-06-19,14.329999923706055,15.710000038146973,14.149999618530273,15.050000190734863,0,17.184699907302857,15.094999917348225
2019-06-20,14.75,16.030000686645508,13.1899995803833,14.039999961853027,0,17.19414990901947,15.09616657892863
2019-06-21,15.399999618530273,15.479999542236328,14.420000076293945,14.739999771118164,0,17.20534990787506,15.100333245595296
2019-06-24,15.260000228881836,15.5600004196167,15.229999542236328,15.460000038146973,0,17.21209990978241,15.114166577657064
2019-06-25,16.280000686645508,16.68000030517578,15.100000381469727,15.430000305175781,0,17.220249915122984,15.156999921798706
2019-06-26,16.209999084472656,16.600000381469727,15.470000267028809,16.100000381469727,0,17.226899909973145,15.20383324623108
2019-06-27,15.819999694824219,16.399999618530273,15.65999984741211,15.65999984741211,0,17.235199909210206,15.244833246866863
2019-06-28,15.079999923706055,16.1299991607666,15.079999923706055,15.699999809265137,0,17.24449990749359,15.267166582743327
2019-07-01,14.0600004196167,14.640000343322754,13.800000190734863,13.850000381469727,0,17.24909990787506,15.275166591008505
2019-07-02,12.930000305175781,14.300000190734863,12.899999618530273,14.15999984741211,0,17.251899909973144,15.276999934514363
2019-07-03,12.569999694824219,13.1899995803833,12.5600004196167,13.180000305175781,0,17.254399909973145,15.26683325767517
2019-07-05,13.279999732971191,14.470000267028809,12.039999961853027,13.0,0,17.25239990711212,15.250166591008504
2019-07-08,13.960000038146973,14.4399995803833,13.640000343322754,13.729999542236328,0,17.258249907493592,15.261166588465374
2019-07-09,14.09000015258789,14.710000038146973,13.989999771118164,14.470000267028809,0,17.26994990825653,15.278999916712444
2019-07-10,13.029999732971191,14.6899995803833,12.979999542236328,14.380000114440918,0,17.276099905967712,15.295999908447266
2019-07-11,12.930000305175781,13.329999923706055,12.390000343322754,13.010000228881836,0,17.282349905967713,15.306166585286459
2019-07-12,12.390000343322754,12.819999694824219,12.279999732971191,12.760000228881836,0,17.283299908638,15.30966658592224
2019-07-15,12.680000305175781,13.020000457763672,12.489999771118164,12.579999923706055,0,17.28459990978241,15.31099991798401
2019-07-16,12.859999656677246,13.140000343322754,12.279999732971191,12.609999656677246,0,17.28444990634918,15.323833243052166
2019-07-17,13.970000267028809,13.970000267028809,12.239999771118164,12.619999885559082,0,17.292249908447264,15.349666579564412
2019-07-18,13.529999732971191,14.5,13.1899995803833,14.449999809265137,0,17.299299907684325,15.370499912897746
2019-07-19,14.449999809265137,14.449999809265137,13.09000015258789,13.3100004196167,0,17.31154990673065,15.392333237330119
2019-07-22,13.529999732971191,14.699999809265137,13.420000076293945,14.550000190734863,0,17.318949904441833,15.396999899546305
2019-07-23,12.609999656677246,13.520000457763672,12.550000190734863,13.420000076293945,0,17.323949904441832,15.394999901453653
2019-07-24,12.069999694824219,13.100000381469727,11.979999542236328,12.800000190734863,0,17.31319990158081,15.377666568756103
2019-07-25,12.739999771118164,13.539999961853027,11.6899995803833,12.239999771118164,0,17.30279990196228,15.371333233515422
2019-07-26,12.15999984741211,12.720000267028809,12.010000228881836,12.579999923706055,0,17.285149903297423,15.327333227793376
2019-07-29,12.829999923706055,13.170000076293945,12.149999618530273,12.149999618530273,0,17.269549903869628,15.300833225250244
2019-07-30,13.9399995803833,14.180000305175781,12.869999885559082,12.869999885559082,0,17.224449906349182,15.318666553497314
2019-07-31,16.1200008392334,16.549999237060547,13.460000038146973,13.829999923706055,0,17.180149912834167,15.329999907811482
2019-08-01,17.8700008392334,19.459999084472656,13.729999542236328,15.40999984741211,0,17.162949919700623,15.305833260218302
2019-08-02,17.610000610351562,20.110000610351562,17.040000915527344,17.690000534057617,0,17.14449992656708,15.275999943415323
2019-08-05,24.59000015258789,24.809999465942383,19.90999984741211,19.959999084472656,0,17.17934992313385,15.367499939600627
2019-08-06,20.170000076293945,22.8700008392334,19.770000457763672,22.290000915527344,0,17.193199925422668,15.436333258946737
2019-08-07,19.489999771118164,23.670000076293945,18.940000534057617,20.700000762939453,0,17.190349926948546,15.41866660118103
2019-08-08,16.90999984741211,19.889999389648438,16.81999969482422,19.360000610351562,0,17.175449929237367,15.399499940872193
2019-08-09,17.969999313354492,19.440000534057617,17.309999465942383,18.139999389648438,0,17.167099928855897,15.42499992052714
2019-08-12,21.09000015258789,21.260000228881836,17.770000457763672,17.8700008392334,0,17.16899993419647,15.521666590372721
2019-08-13,17.520000457763672,21.639999389648438,17.520000457763672,21.280000686645508,0,17.13044993877411,15.547666597366334
2019-08-14,22.100000381469727,22.709999084472656,17.75,17.809999465942383,0,17.119849944114684,15.644166612625122
2019-08-15,21.18000030517578,24.100000381469727,20.780000686645508,21.579999923706055,0,17.104949946403504,15.747999954223634
2019-08-16,18.469999313354492,20.5,18.40999984741211,20.479999542236328,0,17.073799939155577,15.809999942779541
2019-08-19,16.8799991607666,18.219999313354492,16.520000457763672,17.93000030517578,0,17.041449933052064,15.809333260854086
2019-08-20,17.5,17.700000762939453,16.450000762939453,16.780000686645508,0,17.02279993534088,15.836833254496257
2019-08-21,15.800000190734863,17.040000915527344,15.510000228881836,17.010000228881836,0,17.005099935531618,15.808499924341838
2019-08-22,16.68000030517578,17.68000030517578,15.630000114440918,16.1200008392334,0,16.990949935913086,15.788166602452597
2019-08-23,19.8700008392334,21.06999969482422,16.040000915527344,16.149999618530273,0,16.99049994468689,15.83099996248881
2019-08-26,19.31999969482422,21.329999923706055,19.059999465942383,20.34000015258789,0,16.987549943923952,15.841166639328003
2019-08-27,20.309999465942383,21.040000915527344,18.489999771118164,20.18000030517578,0,17.007299938201903,15.865333286921183
2019-08-28,19.350000381469727,21.639999389648438,19.100000381469727,20.549999237060547,0,17.02044994354248,15.90499997138977
2019-08-29,17.8799991607666,19.200000762939453,17.600000381469727,19.020000457763672,0,17.023049936294555,15.934833288192749
2019-08-30,18.979999542236328,19.18000030517578,17.09000015258789,17.940000534057617,0,17.01569993019104,15.985666608810424
2019-09-03,19.65999984741211,21.149999618530273,19.40999984741211,20.959999084472656,0,17.01389992713928,16.04166661898295
2019-09-04,17.329999923706055,18.829999923706055,17.260000228881836,18.229999542236328,0,16.99429992675781,16.064833291371663
2019-09-05,16.270000457763672,17.049999237060547,15.449999809265137,16.920000076293945,0,16.97574993133545,16.069499969482422
2019-09-06,15.0,16.059999465942383,14.90999984741211,15.920000076293945,0,16.960049934387207,16.054333305358888
2019-09-09,15.270000457763672,16.1299991607666,14.949999809265137,15.260000228881836,0,16.935899934768678,16.04516665140788
2019-09-10,15.199999809265137,16.520000457763672,15.109999656677246,15.529999732971191,0,16.899499936103823,16.04383331934611
2019-09-11,14.609999656677246,15.520000457763672,14.550000190734863,15.329999923706055,0,16.868549938201905,16.031499973932902
2019-09-12,14.220000267028809,14.9399995803833,13.850000381469727,14.6899995803833,0,16.83204993724823,16.01599998474121
2019-09-13,13.739999771118164,14.3100004196167,13.510000228881836,14.15999984741211,0,16.80624993801117,16.006166648864745
2019-09-16,14.670000076293945,15.289999961853027,14.5,14.890000343322754,0,16.78449993610382,16.00483331680298
2019-09-17,14.4399995803833,15.029999732971191,14.399999618530273,14.920000076293945,0,16.764249935150147,15.988833316167195
2019-09-18,13.949999809265137,15.800000190734863,13.800000190734863,14.609999656677246,0,16.740049929618834,15.96699997584025
2019-09-19,14.050000190734863,14.65999984741211,13.3100004196167,14.65999984741211,0,16.719949932098388,15.929833300908406
2019-09-20,15.319999694824219,15.84000015258789,13.350000381469727,13.9399995803833,0,16.714349927902223,15.9149999777476
2019-09-23,14.90999984741211,16.0,14.710000038146973,15.350000381469727,0,16.68519992828369,15.899833313624065
2019-09-24,17.049999237060547,17.6200008392334,14.329999923706055,14.770000457763672,0,16.664499921798708,15.932666635513305
2019-09-25,15.960000038146973,18.450000762939453,15.6899995803833,17.049999237060547,0,16.628149924278258,15.964333295822144
2019-09-26,16.06999969482422,17.09000015258789,15.350000381469727,16.229999542236328,0,16.595299925804138,16.01666661898295
2019-09-27,17.219999313354492,18.690000534057617,15.149999618530273,15.770000457763672,0,16.5725999212265,16.094166612625123
2019-09-30,16.239999771118164,17.350000381469727,16.200000762939453,17.229999542236328,0,16.546499924659727,16.14349994659424
2019-10-01,18.559999465942383,18.6200008392334,15.789999961853027,16.020000457763672,0,16.53604992389679,16.220166603724163
2019-10-02,20.559999465942383,21.459999084472656,18.75,18.75,0,16.530699925422667,16.327999925613405
2019-10-03,19.1200008392334,21.440000534057617,19.030000686645508,20.110000610351562,0,16.50369992733002,16.429499944051106
2019-10-04,17.040000915527344,19.969999313354492,16.969999313354492,19.420000076293945,0,16.460999932289123,16.497999954223634
2019-10-07,17.860000610351562,18.520000457763672,16.440000534057617,18.270000457763672,0,16.42239993572235,16.58916662534078
2019-10-08,20.280000686645508,20.3799991607666,17.420000076293945,17.610000610351562,0,16.381899943351744,16.715833298365276
2019-10-09,18.639999389648438,20.0,17.770000457763672,19.940000534057617,0,16.32454993724823,16.81216662724813
2019-10-10,17.56999969482422,19.799999237060547,17.559999465942383,19.280000686645508,0,16.23204993724823,16.872166617711386
2019-10-11,15.579999923706055,17.440000534057617,15.109999656677246,17.350000381469727,0,16.1578999376297,16.906333287556965
2019-10-14,14.569999694824219,16.5,14.510000228881836,15.65999984741211,0,16.080949940681457,16.90833328564962
2019-10-15,13.539999961853027,14.430000305175781,13.390000343322754,13.9399995803833,0,16.006949939727782,16.90849995613098
2019-10-16,13.680000305175781,14.260000228881836,13.600000381469727,13.9399995803833,0,15.948249940872193,16.926333300272624
2019-10-17,13.789999961853027,14.180000305175781,13.3100004196167,13.789999961853027,0,15.901099944114685,16.95499997138977
2019-10-18,14.25,15.15999984741211,13.779999732971191,14.199999809265137,0,15.845099940299988,16.980166641871133
2019-10-21,14.0,14.630000114440918,14.0,14.239999771118164,0,15.808199944496154,17.010833311080933
2019-10-22,14.460000038146973,14.609999656677246,13.699999809265137,13.989999771118164,0,15.773499946594239,17.03799997965495
2019-10-23,14.010000228881836,15.119999885559082,14.010000228881836,14.829999923706055,0,15.741199951171875,17.039166657129922
2019-10-24,13.710000038146973,14.34000015258789,13.399999618530273,13.979999542236328,0,15.709849953651428,16.998999977111815
2019-10-25,12.649999618530273,13.789999961853027,12.619999885559082,13.529999732971191,0,15.67559995174408,16.911999956766763
2019-10-28,13.109999656677246,13.140000343322754,12.65999984741211,13.010000228881836,0,15.650199947357178,16.836999940872193
2019-10-29,13.199999809265137,13.520000457763672,13.069999694824219,13.15999984741211,0,15.620849947929383,16.647166601816814
2019-10-30,12.329999923706055,13.369999885559082,12.270000457763672,13.079999923706055,0,15.589499945640563,16.516499932607015
2019-10-31,13.220000267028809,13.949999809265137,13.180000305175781,13.510000228881836,0,15.560399942398071,16.411999940872192
2019-11-01,12.300000190734863,12.600000381469727,12.260000228881836,12.5,0,15.531599946022034,16.335166613260906
2019-11-04,12.829999923706055,13.130000114440918,12.4399995803833,12.680000305175781,0,15.506749949455262,16.249499956766766
2019-11-05,13.100000381469727,13.279999732971191,12.25,12.850000381469727,0,15.468249955177306,16.116333293914796
2019-11-06,12.619999885559082,13.390000343322754,12.600000381469727,13.180000305175781,0,15.433749952316283,16.034666617711384
2019-11-07,12.729999542236328,12.890000343322754,12.260000228881836,12.59000015258789,0,15.402949953079224,15.878499937057494
2019-11-08,12.069999694824219,13.050000190734863,12.0,12.979999542236328,0,15.376199951171875,15.726666593551636
2019-11-11,12.6899995803833,13.489999771118164,12.65999984741211,13.149999618530273,0,15.345299944877624,15.630333264668783
2019-11-12,12.680000305175781,13.100000381469727,12.359999656677246,12.640000343322754,0,15.31304995059967,15.560333283742269
2019-11-13,13.0,13.899999618530273,12.880000114440918,12.90999984741211,0,15.28974995136261,15.48533328374227
2019-11-14,13.050000190734863,13.8100004196167,12.930000305175781,13.15999984741211,0,15.272149953842163,15.439499950408935
2019-11-15,12.050000190734863,12.970000267028809,11.920000076293945,12.949999809265137,0,15.251699957847595,15.36233328183492
2019-11-18,12.460000038146973,13.100000381469727,12.319999694824219,12.390000343322754,0,15.235349960327149,15.23883326848348
2019-11-19,12.859999656677246,13.010000228881836,12.15999984741211,12.329999923706055,0,15.221799960136414,15.13116660118103
2019-11-20,12.779999732971191,14.170000076293945,12.609999656677246,13.420000076293945,0,15.208799958229065,15.005666605631511
2019-11-21,13.130000114440918,13.859999656677246,12.489999771118164,13.350000381469727,0,15.192599954605102,14.901999934514363
2019-11-22,12.34000015258789,13.25,12.329999923706055,12.819999694824219,0,15.175699954032899,14.809666617711384
2019-11-25,11.869999885559082,12.59000015258789,11.729999542236328,12.510000228881836,0,15.15519995212555,14.69116662343343
2019-11-26,11.539999961853027,12.039999961853027,11.420000076293945,11.880000114440918,0,15.135749950408936,14.555833292007446
2019-11-27,11.75,11.789999961853027,11.4399995803833,11.550000190734863,0,15.116249952316284,14.462833293279012
2019-11-29,12.619999885559082,12.829999923706055,12.119999885559082,12.5,0,15.098249955177307,14.401999950408936
2019-12-02,14.90999984741211,15.270000457763672,12.550000190734863,12.6899995803833,0,15.098249955177307,14.400499947865804
2019-12-03,15.960000038146973,17.989999771118164,14.609999656677246,14.680000305175781,0,15.103649954795838,14.411999940872192
2019-12-04,14.800000190734863,16.399999618530273,14.119999885559082,16.3799991607666,0,15.107549953460694,14.405333280563354
2019-12-05,14.520000457763672,15.369999885559082,14.170000076293945,14.460000038146973,0,15.107849955558777,14.403833293914795
2019-12-06,13.619999885559082,14.470000267028809,13.1899995803833,14.369999885559082,0,15.108399953842163,14.393833287556966
2019-12-09,15.859999656677246,16.06999969482422,12.25,14.25,0,15.1134499502182,14.42916661898295
2019-12-10,15.680000305175781,16.899999618530273,14.930000305175781,15.800000190734863,0,15.11599995136261,14.445999956130981
2019-12-11,14.989999771118164,15.970000267028809,14.979999542236328,15.569999694824219,0,15.117449951171874,14.455166625976563
2019-12-12,13.9399995803833,15.550000190734863,13.600000381469727,14.9399995803833,0,15.113249950408935,14.454999955495198
2019-12-13,12.630000114440918,14.350000381469727,12.539999961853027,13.180000305175781,0,15.108549952507019,14.431333287556965
2019-12-16,12.140000343322754,12.529999732971191,11.710000038146973,12.470000267028809,0,15.096099953651429,14.378333298365275
2019-12-17,12.289999961853027,12.470000267028809,11.899999618530273,12.229999542236328,0,15.083849954605103,14.334666633605957
2019-12-18,12.579999923706055,12.699999809265137,11.930000305175781,12.239999771118164,0,15.068049955368043,14.260166645050049
2019-12-19,12.5,12.779999732971191,12.430000305175781,12.550000190734863,0,15.047599954605102,14.2024999777476
2019-12-20,12.510000228881836,12.609999656677246,12.039999961853027,12.550000190734863,0,15.02989995956421,14.143166653315227
2019-12-23,12.609999656677246,12.899999618530273,12.40999984741211,12.8100004196167,0,15.021299958229065,14.066333325703939
2019-12-24,12.670000076293945,12.84000015258789,12.5600004196167,12.649999618530273,0,15.015799956321716,14.006833330790203
2019-12-26,12.649999618530273,12.75,11.720000267028809,12.739999771118164,0,15.011999955177307,13.908333333333333
2019-12-27,13.430000305175781,13.720000267028809,11.890000343322754,12.609999656677246,0,15.011649956703186,13.789500013987224
2019-12-30,14.819999694824219,15.140000343322754,13.4399995803833,13.739999771118164,0,15.021349954605103,13.717833328247071
2019-12-31,13.779999732971191,15.390000343322754,13.75,14.84000015258789,0,15.02474995136261,13.663499975204468
2020-01-02,12.470000267028809,13.720000267028809,12.420000076293945,13.460000038146973,0,15.01929995059967,13.573666636149088
2020-01-03,14.020000457763672,16.200000762939453,13.130000114440918,15.010000228881836,0,15.019849953651429,13.469333299001057
2020-01-06,13.850000381469727,16.389999389648438,13.539999961853027,15.449999809265137,0,15.020949954986571,13.38949998219808
2020-01-07,13.789999961853027,14.460000038146973,13.390000343322754,13.84000015258789,0,15.007499957084656,13.32649998664856
2020-01-08,13.449999809265137,15.239999771118164,12.829999923706055,15.15999984741211,0,14.99309995651245,13.29099998474121
2020-01-09,12.539999961853027,13.239999771118164,12.529999732971191,12.949999809265137,0,14.982399954795838,13.257166655858358
2020-01-10,12.5600004196167,12.869999885559082,12.09000015258789,12.420000076293945,0,14.96944995880127,13.24083333015442
2020-01-13,12.319999694824219,13.09000015258789,12.319999694824219,12.84000015258789,0,14.958899955749512,13.218166653315226
2020-01-14,12.390000343322754,13.819999694824219,12.050000190734863,12.720000267028809,0,14.952299957275391,13.194833326339722
2020-01-15,12.420000076293945,12.829999923706055,11.949999809265137,12.789999961853027,0,14.947399959564208,13.164333327611287
2020-01-16,12.319999694824219,12.420000076293945,11.779999732971191,12.199999809265137,0,14.942199959754944,13.136333322525024
2020-01-17,12.100000381469727,12.479999542236328,11.75,12.210000038146973,0,14.933999962806702,13.096999994913737
2020-01-21,12.850000381469727,13.329999923706055,12.319999694824219,13.229999542236328,0,14.93034996509552,13.077666664123536
2020-01-22,12.90999984741211,13.010000228881836,12.3100004196167,12.449999809265137,0,14.93079996585846,13.064333327611287
2020-01-23,12.979999542236328,14.149999618530273,12.9399995803833,13.260000228881836,0,14.929799962043763,13.069833326339722
2020-01-24,14.5600004196167,15.979999542236328,12.619999885559082,12.75,0,14.93119996547699,13.094000005722046
2020-01-27,18.229999542236328,19.020000457763672,16.81999969482422,17.420000076293945,0,14.955849962234497,13.1778333346049
2020-01-28,16.280000686645508,18.030000686645508,15.6899995803833,16.940000534057617,0,14.972149963378905,13.24366668065389
2020-01-29,16.389999389648438,16.649999618530273,14.9399995803833,15.680000305175781,0,14.994049959182739,13.296499999364217
2020-01-30,15.489999771118164,18.389999389648438,15.300000190734863,17.81999969482422,0,15.009899959564208,13.349666659037272
2020-01-31,18.84000015258789,19.989999771118164,16.18000030517578,16.25,0,15.043199958801269,13.449833329518636
2020-02-03,17.969999313354492,18.8799991607666,17.100000381469727,18.639999389648438,0,15.070049953460693,13.530999978383383
2020-02-04,16.049999237060547,16.459999084472656,15.630000114440918,16.450000762939453,0,15.089849948883057,13.58816663424174
2020-02-05,15.149999618530273,16.31999969482422,15.020000457763672,16.290000915527344,0,15.103499946594239,13.628499968846638
2020-02-06,14.960000038146973,15.65999984741211,14.699999809265137,15.130000114440918,0,15.116899948120118,13.676666641235352
2020-02-07,15.470000267028809,16.15999984741211,14.8100004196167,15.069999694824219,0,15.128549947738648,13.722999986012777
2020-02-10,15.039999961853027,16.43000030517578,15.010000228881836,15.880000114440918,0,15.137499947547912,13.762333313624064
2020-02-11,15.180000305175781,15.270000457763672,14.380000114440918,14.90999984741211,0,15.14974995136261,13.79866665204366
2020-02-12,13.739999771118164,14.880000114440918,13.729999542236328,14.859999656677246,0,15.152899951934815,13.81016664505005
2020-02-13,14.149999618530273,15.4399995803833,14.0,14.430000305175781,0,15.15804995059967,13.845166635513305
2020-02-14,13.680000305175781,14.539999961853027,13.380000114440918,14.119999885559082,0,15.152449951171874,13.86549997329712
2020-02-18,14.829999923706055,15.489999771118164,14.529999732971191,14.979999542236328,0,15.154499950408935,13.898333311080933
2020-02-19,14.380000114440918,14.739999771118164,14.210000038146973,14.65999984741211,0,15.162049951553344,13.924999984105428
2020-02-20,15.5600004196167,17.209999084472656,14.489999771118164,14.539999961853027,0,15.162649955749512,13.965499989191692
2020-02-21,17.079999923706055,18.209999084472656,16.190000534057617,17.329999923706055,0,15.15144995689392,14.044499985376994
2020-02-24,25.030000686645508,26.350000381469727,22.0,22.25,0,15.179599962234498,14.263833332061768
2020-02-25,27.850000381469727,30.25,22.190000534057617,22.190000534057617,0,15.223349962234497,14.535666672388713
2020-02-26,27.559999465942383,29.56999969482422,24.760000228881836,26.6299991607666,0,15.280949954986573,14.799166663487751
2020-02-27,39.15999984741211,39.310001373291016,27.790000915527344,28.950000762939453,0,15.37399995803833,15.241499996185302
2020-02-28,40.11000061035156,49.47999954223633,39.369998931884766,42.02000045776367,0,15.484249963760377,15.66150000890096
2020-03-02,33.41999816894531,40.40999984741211,31.5,38.540000915527344,0,15.569149951934815,15.9524999777476
2020-03-03,36.81999969482422,41.060001373291016,24.93000030517578,33.650001525878906,0,15.676799950599671,16.319499969482422
2020-03-04,31.989999771118164,35.58000183105469,30.299999237060547,34.439998626708984,0,15.756949949264527,16.610666624704997
2020-03-05,39.619998931884766,42.84000015258789,33.540000915527344,33.61000061035156,0,15.873499946594238,17.04399994214376
2020-03-06,41.939998626708984,54.38999938964844,40.84000015258789,48.93000030517578,0,16.00844994068146,17.478666591644288
2020-03-09,54.459999084472656,62.119998931884766,41.939998626708984,41.939998626708984,0,16.20699993610382,18.124999904632567
2020-03-10,47.29999923706055,55.65999984741211,43.560001373291016,49.68000030517578,0,16.358899931907654,18.663499895731608
2020-03-11,53.900001525878906,55.81999969482422,49.97999954223633,52.2400016784668,0,16.5491499376297,19.329499928156533
2020-03-12,75.47000122070312,76.83000183105469,59.90999984741211,61.459999084472656,0,16.838999943733214,20.37683327992757
2020-03-13,57.83000183105469,77.56999969482422,55.16999816894531,71.30999755859375,0,17.038649954795837,21.138333304723105
2020-03-16,82.69000244140625,83.55999755859375,57.83000183105469,57.83000183105469,0,17.365599970817566,22.311666679382324
2020-03-17,75.91000366210938,84.83000183105469,70.37000274658203,82.69000244140625,0,17.651599993705748,23.367166741689047
2020-03-18,76.44999694824219,85.47000122070312,69.37000274658203,69.37000274658203,0,17.939549975395202,24.43300002415975
2020-03-19,72.0,84.26000213623047,68.56999969482422,80.62000274658203,0,18.21469997882843,25.424500020345054
2020-03-20,66.04000091552734,69.51000213623047,57.41999816894531,67.86000061035156,0,18.464449982643128,26.315000041325888
2020-03-23,61.59000015258789,76.73999786376953,60.459999084472656,74.08000183105469,0,18.692749981880187,27.130333375930785
2020-03-24,61.66999816894531,61.880001068115234,36.2400016784668,58.7599983215332,0,18.91959997653961,27.947333351771036
2020-03-25,63.95000076293945,68.86000061035156,58.029998779296875,61.439998626708984,0,19.159649982452393,28.78933335940043
2020-03-26,61.0,67.05999755859375,57.65999984741211,65.66999816894531,0,19.384699983596803,29.55900003115336
2020-03-27,65.54000091552734,69.0999984741211,61.79999923706055,64.94999694824219,0,19.632849988937377,30.4216667175293
2020-03-30,57.08000183105469,67.69000244140625,56.599998474121094,66.30000305175781,0,19.83914999961853,31.165166743596394
2020-03-31,53.540000915527344,58.75,50.880001068115234,56.689998626708984,0,20.03045000553131,31.823833417892455
2020-04-01,57.060001373291016,60.59000015258789,52.7599983215332,57.380001068115234,0,20.239000010490418,32.54400010108948
2020-04-02,50.90999984741211,57.2400016784668,50.45000076293945,54.459999084472656,0,20.417800011634828,33.1626667658488
2020-04-03,46.79999923706055,52.290000915527344,46.7400016784668,51.11000061035156,0,20.5801500082016,33.71850008964539
2020-04-06,45.2400016784668,45.72999954223633,43.45000076293945,44.16999816894531,0,20.732600016593935,34.263500118255614
2020-04-07,46.70000076293945,47.5099983215332,43.5099983215332,44.83000183105469,0,20.88910002231598,34.83250012397766
2020-04-08,43.349998474121094,47.279998779296875,42.529998779296875,45.900001525878906,0,21.029550013542174,35.34966677029927
2020-04-09,41.66999816894531,45.72999954223633,41.38999938964844,43.0,0,21.156500000953674,35.83766673405965
2020-04-13,41.16999816894531,45.040000915527344,41.16999816894531,44.599998474121094,0,21.28129999637604,36.316833368937175
2020-04-14,37.7599983215332,40.56999969482422,37.310001373291016,40.2400016784668,0,21.39099998950958,36.740833346048994
2020-04-15,40.84000015258789,43.22999954223633,40.04999923706055,42.56999969482422,0,21.519799990653993,37.219833342234296
2020-04-16,40.11000061035156,43.02000045776367,39.869998931884766,41.91999816894531,0,21.650049991607666,37.674166679382324
2020-04-17,38.150001525878906,40.2599983215332,37.630001068115234,39.5,0,21.776149997711183,38.09483337402344
2020-04-20,43.83000183105469,43.83000183105469,39.880001068115234,40.68000030517578,0,21.932450008392333,38.60900007883708
2020-04-21,45.40999984741211,47.77000045776367,43.77000045776367,44.279998779296875,0,22.093100008964537,39.123166735967
2020-04-22,41.97999954223633,45.06999969482422,41.40999984741211,44.90999984741211,0,22.233200006484985,39.51900006930033
2020-04-23,41.380001068115234,42.470001220703125,39.060001373291016,41.29999923706055,0,22.36965001106262,39.9373334089915
2020-04-24,35.93000030517578,40.16999816894531,35.599998474121094,38.79999923706055,0,22.484150013923646,40.263000090916954
2020-04-27,33.290000915527344,36.439998626708984,32.5099983215332,36.290000915527344,0,22.585950016975403,40.5596667766571
2020-04-28,33.56999969482422,35.38999938964844,30.540000915527344,33.209999084472656,0,22.69185001373291,40.80516676902771
2020-04-29,31.229999542236328,33.189998626708984,30.709999084472656,32.47999954223633,0,22.78460000991821,41.02616677284241
2020-04-30,34.150001525878906,35.939998626708984,30.93000030517578,30.989999771118164,0,22.89105001926422,41.32783347765605
2020-05-01,37.189998626708984,39.56999969482422,36.59000015258789,38.16999816894531,0,23.00715001106262,41.69516679445903
2020-05-04,35.970001220703125,40.31999969482422,35.529998779296875,39.130001068115234,0,23.119350018501283,42.04533348083496
2020-05-05,33.61000061035156,36.220001220703125,31.950000762939453,34.81999969482422,0,23.215150022506712,42.34766681989034
2020-05-06,34.119998931884766,35.689998626708984,31.68000030517578,32.689998626708984,0,23.318100018501283,42.6656668027242
2020-05-07,31.440000534057617,32.279998779296875,30.3700008392334,32.119998931884766,0,23.412250022888184,42.9366668065389
2020-05-08,27.979999542236328,30.389999389648438,27.889999389648438,30.139999389648438,0,23.491800022125243,43.174000136057536
2020-05-11,27.56999969482422,31.459999084472656,26.969999313354492,28.459999084472656,0,23.565950021743774,43.39766680399577
2020-05-12,33.040000915527344,33.040000915527344,26.0,28.469999313354492,0,23.67035002708435,43.72033348083496
2020-05-13,35.279998779296875,37.41999816894531,30.770000457763672,32.7400016784668,0,23.782600021362306,44.061166795094806
2020-05-14,32.61000061035156,39.279998779296875,32.33000183105469,35.15999984741211,0,23.875950026512147,44.36500013669332
2020-05-15,31.889999389648438,35.130001068115234,31.040000915527344,32.5,0,23.954800019264223,44.637166786193845
2020-05-18,29.299999237060547,31.079999923706055,28.350000381469727,30.709999084472656,0,24.011950011253358,44.84083344141642
2020-05-19,30.530000686645508,30.739999771118164,28.3700008392334,28.729999542236328,0,24.076550011634826,44.93250010808309
2020-05-20,27.989999771118164,29.829999923706055,27.829999923706055,29.520000457763672,0,24.09355000972748,44.934833431243895
2020-05-21,29.530000686645508,30.200000762939453,27.670000076293945,28.969999313354492,0,24.140350012779237,44.96766678492228
2020-05-22,28.15999984741211,31.549999237060547,28.030000686645508,31.360000610351562,0,24.183700013160706,44.78433345158895
2020-05-26,28.010000228881836,28.579999923706055,27.18000030517578,27.719999313354492,0,24.239200015068054,44.58266677856445
2020-05-27,27.6200008392334,30.530000686645508,25.920000076293945,27.6200008392334,0,24.28745002269745,44.48600015640259
2020-05-28,28.59000015258789,29.889999389648438,27.43000030517578,27.81999969482422,0,24.32495002269745,44.34883349736531
2020-05-29,27.510000228881836,30.15999984741211,27.290000915527344,29.299999237060547,0,24.37490002155304,44.27416683832804
2020-06-01,28.229999542236328,30.600000381469727,28.110000610351562,28.940000534057617,0,24.405550017356873,44.08433351516724
2020-06-02,26.84000015258789,28.520000457763672,26.65999984741211,28.399999618530273,0,24.433850016593933,43.832666873931885
2020-06-03,25.65999984741211,26.979999542236328,25.040000915527344,26.75,0,24.46980001926422,43.35266688664754
2020-06-04,25.809999465942383,26.43000030517578,24.3799991607666,26.229999542236328,0,24.5144500207901,42.994500223795576
2020-06-05,24.520000457763672,25.09000015258789,23.540000915527344,24.790000915527344,0,24.54955002307892,42.50483353932699
2020-06-08,25.809999465942383,25.979999542236328,24.649999618530273,25.559999465942383,0,24.599600019454957,41.677166843414305
2020-06-09,27.56999969482422,27.700000762939453,25.709999084472656,25.93000030517578,0,24.654050016403197,41.17283347447713
2020-06-10,27.56999969482422,29.010000228881836,26.059999465942383,26.729999542236328,0,24.692550010681153,40.254166762034096
2020-06-11,40.790000915527344,42.58000183105469,29.489999771118164,30.450000762939453,0,24.79990001678467,39.6688333829244
2020-06-12,36.09000015258789,44.15999984741211,34.970001220703125,37.68000030517578,0,24.878800020217895,38.996166769663496
2020-06-15,34.400001525878906,44.439998626708984,34.279998779296875,44.09000015258789,0,24.954050025939942,38.36950012842814
2020-06-16,33.66999816894531,37.45000076293945,31.729999542236328,34.279998779296875,0,25.033000020980836,37.83000008265177
2020-06-17,33.470001220703125,35.16999816894531,32.25,33.279998779296875,0,25.10545002937317,37.36133343378703
2020-06-18,32.939998626708984,36.25,32.2400016784668,33.83000183105469,0,25.171850023269652,36.882500108083086
2020-06-19,35.119998931884766,35.119998931884766,30.399999618530273,32.06999969482422,0,25.260800018310547,36.40200007756551
2020-06-22,31.770000457763672,35.38999938964844,31.639999389648438,35.220001220703125,0,25.338300018310548,35.91483341852824
2020-06-23,31.3700008392334,31.709999084472656,29.260000228881836,31.709999084472656,0,25.420150022506714,35.345333417256676
2020-06-24,33.84000015258789,37.119998931884766,30.950000762939453,31.049999237060547,0,25.513000020980837,34.958000055948894
2020-06-25,32.220001220703125,36.93000030517578,31.59000015258789,36.59000015258789,0,25.598100028038026,34.60266672770182
2020-06-26,34.72999954223633,36.25,31.040000915527344,33.0099983215332,0,25.69870002746582,34.230500030517575
2020-06-29,31.780000686645508,36.310001373291016,31.780000686645508,35.04999923706055,0,25.786500029563904,33.91166671117147
2020-06-30,30.43000030517578,32.939998626708984,29.559999465942383,32.540000915527344,0,25.869950032234193,33.638833395640056
2020-07-01,28.6200008392334,31.760000228881836,28.200000762939453,30.959999084472656,0,25.93970003604889,33.36183338165283
2020-07-02,27.68000030517578,28.440000534057617,25.899999618530273,28.329999923706055,0,26.005900039672852,33.04483337402344
2020-07-06,27.940000534057617,28.329999923706055,24.920000076293945,27.760000228881836,0,26.075850043296814,32.78800007502238
2020-07-07,29.43000030517578,29.6299991607666,27.25,28.770000457763672,0,26.15275004386902,32.58400011062622
2020-07-08,28.079999923706055,30.200000762939453,27.239999771118164,28.950000762939453,0,26.216550045013427,32.36583347320557
2020-07-09,29.260000228881836,31.479999542236328,26.110000610351562,28.18000030517578,0,26.288300046920778,32.224166838328046
2020-07-10,27.290000915527344,30.90999984741211,27.1299991607666,30.860000610351562,0,26.33950005531311,31.998333517710368
2020-07-13,32.189998626708984,32.45000076293945,26.8700008392334,27.850000381469727,0,26.420650048255922,31.866333484649658
2020-07-14,29.520000457763672,33.66999816894531,29.209999084472656,31.139999389648438,0,26.487900052070618,31.722500133514405
2020-07-15,27.760000228881836,30.09000015258789,27.170000076293945,29.149999618530273,0,26.540600056648255,31.45466677347819
2020-07-16,28.0,29.290000915527344,26.979999542236328,28.40999984741211,0,26.599400057792664,31.164500109354655
2020-07-17,25.68000030517578,27.540000915527344,25.40999984741211,27.149999618530273,0,26.63500006198883,30.892833455403647
2020-07-20,24.459999084472656,27.079999923706055,24.350000381469727,26.940000534057617,0,26.65450006008148,30.610833422342935
2020-07-21,24.84000015258789,25.649999618530273,23.610000610351562,24.079999923706055,0,26.683100056648254,30.42600008646647
2020-07-22,24.31999969482422,26.260000228881836,24.1299991607666,24.559999465942383,0,26.719500050544738,30.276500066121418
2020-07-23,26.079999923706055,26.950000762939453,23.600000381469727,23.969999313354492,0,26.76060004711151,30.151666736602785
2020-07-24,25.84000015258789,28.579999923706055,25.530000686645508,27.959999084472656,0,26.78840004444122,30.061833413441978
2020-07-27,24.739999771118164,26.940000534057617,24.549999237060547,26.600000381469727,0,26.81890004634857,29.90500005086263
2020-07-28,25.440000534057617,25.850000381469727,24.049999237060547,24.860000610351562,0,26.85825005054474,29.70916674931844
2020-07-29,24.100000381469727,25.420000076293945,23.729999542236328,25.15999984741211,0,26.900850052833558,29.511333401997884
2020-07-30,24.760000228881836,28.290000915527344,24.639999389648438,25.040000915527344,0,26.951800055503845,29.363833395640054
2020-07-31,24.459999084472656,26.40999984741211,23.549999237060547,24.790000915527344,0,27.006400051116945,29.202833398183188
2020-08-03,24.280000686645508,26.010000228881836,22.170000076293945,25.75,0,27.05940005302429,29.083500067392986
2020-08-04,23.760000228881836,24.760000228881836,22.920000076293945,24.010000228881836,0,27.109250054359435,29.013166745503742
2020-08-05,22.989999771118164,23.610000610351562,22.860000610351562,23.440000534057617,0,27.152950053215026,28.936833413441978
2020-08-06,22.649999618530273,24.110000610351562,20.969999313354492,23.030000686645508,0,27.196200051307677,28.763666725158693
2020-08-07,22.209999084472656,24.020000457763672,22.020000457763672,23.450000762939453,0,27.234950046539307,28.545833396911622
2020-08-10,22.1299991607666,23.520000457763672,21.459999084472656,22.8799991607666,0,27.27555004119873,28.371166706085205
2020-08-11,24.030000686645508,24.93000030517578,20.280000686645508,21.850000381469727,0,27.327150044441222,28.240166727701823
2020-08-12,22.280000686645508,22.8799991607666,21.540000915527344,22.81999969482422,0,27.3753000497818,28.12316675186157
2020-08-13,22.1299991607666,22.920000076293945,21.450000762939453,22.200000762939453,0,27.420400047302245,27.98316672643026
2020-08-14,22.049999237060547,23.549999237060547,21.790000915527344,22.270000457763672,0,27.464650044441225,27.884166717529297
2020-08-17,21.350000381469727,22.81999969482422,21.34000015258789,22.520000457763672,0,27.50975004673004,27.7478333791097
2020-08-18,21.510000228881836,22.549999237060547,21.18000030517578,21.690000534057617,0,27.551200046539307,27.637000052134194
2020-08-19,22.540000915527344,22.979999542236328,20.989999771118164,21.600000381469727,0,27.60240005016327,27.545833396911622
2020-08-20,22.719999313354492,24.600000381469727,22.3700008392334,24.100000381469727,0,27.651850047111513,27.46416670481364
2020-08-21,22.540000915527344,24.469999313354492,22.059999465942383,22.579999923706055,0,27.6990500497818,27.363333384195965
2020-08-24,22.3700008392334,23.18000030517578,21.25,22.8700008392334,0,27.747800054550172,27.277666727701824
2020-08-25,22.030000686645508,23.43000030517578,21.530000686645508,22.15999984741211,0,27.794300060272217,27.174333413441975
2020-08-26,23.270000457763672,23.270000457763672,20.920000076293945,22.139999389648438,0,27.850300064086912,27.11483341852824
2020-08-27,24.469999313354492,27.09000015258789,21.440000534057617,23.420000076293945,0,27.90920006275177,27.095000076293946
2020-08-28,22.959999084472656,26.299999237060547,22.639999389648438,24.59000015258789,0,27.960600056648254,27.047500069936117
2020-08-31,26.40999984741211,26.5,21.770000457763672,23.90999984741211,0,28.027650055885314,27.07900005976359
2020-09-01,26.1200008392334,26.59000015258789,25.020000457763672,25.860000610351562,0,28.093000059127807,27.08416674931844
2020-09-02,26.56999969482422,27.06999969482422,25.530000686645508,26.010000228881836,0,28.165600056648255,27.067500082651772
2020-09-03,33.599998474121094,35.939998626708984,25.65999984741211,26.280000686645508,0,28.271300048828124,27.16800006230672
2020-09-04,30.75,38.279998779296875,29.5,34.619998931884766,0,28.360750050544738,27.0006667137146
2020-09-08,31.459999084472656,35.93000030517578,30.520000457763672,30.610000610351562,0,28.454150047302246,26.92350002924601
2020-09-09,28.809999465942383,31.780000686645508,28.1200008392334,31.68000030517578,0,28.532550044059754,26.83033332824707
2020-09-10,29.709999084472656,30.559999465942383,27.59000015258789,28.670000076293945,0,28.619400038719178,26.76433334350586
2020-09-11,26.8700008392334,29.729999542236328,26.510000228881836,28.6299991607666,0,28.694400043487548,26.65433333714803
2020-09-14,25.850000381469727,26.790000915527344,25.3799991607666,25.860000610351562,0,28.765950045585633,26.536166699727378
2020-09-15,25.59000015258789,26.0,24.920000076293945,25.920000076293945,0,28.835150046348573,26.377333386739096
2020-09-16,26.040000915527344,26.59000015258789,24.84000015258789,25.309999465942383,0,28.902250051498413,26.28183339436849
2020-09-17,26.459999084472656,28.920000076293945,26.260000228881836,28.219999313354492,0,28.960000047683717,26.200000031789145
2020-09-18,25.829999923706055,28.100000381469727,25.280000686645508,26.649999618530273,0,29.00935004711151,26.066500027974445
2020-09-21,27.780000686645508,31.18000030517578,27.389999389648438,28.040000915527344,0,29.074250049591065,25.992500019073486
2020-09-22,26.860000610351562,28.780000686645508,26.479999542236328,28.610000610351562,0,29.135950050354005,25.86133337020874
2020-09-23,28.579999923706055,29.729999542236328,25.190000534057617,27.020000457763672,0,29.21075005054474,25.80800002415975
2020-09-24,28.510000228881836,30.489999771118164,27.940000534057617,29.540000915527344,0,29.27400005340576,25.776000022888184
2020-09-25,26.3799991607666,30.43000030517578,26.020000457763672,28.170000076293945,0,29.327500047683717,25.738666661580403
2020-09-28,26.190000534057617,27.190000534057617,24.899999618530273,27.149999618530273,0,29.383500051498412,25.713833332061768
2020-09-29,26.270000457763672,27.43000030517578,25.979999542236328,26.809999465942383,0,29.445150055885314,25.685999997456868
2020-09-30,26.3700008392334,27.1200008392334,25.059999465942383,26.690000534057617,0,29.513850059509277,25.635000006357828
2020-10-01,26.700000762939453,27.110000610351562,25.329999923706055,25.780000686645508,0,29.58665006160736,25.612000020345054
2020-10-02,27.6299991607666,29.899999618530273,26.93000030517578,28.8700008392334,0,29.663350057601928,25.584833335876464
2020-10-05,27.959999084472656,29.690000534057617,27.270000457763672,29.520000457763672,0,29.740250053405763,25.595999972025552
2020-10-06,29.479999542236328,30.0,26.010000228881836,28.049999237060547,0,29.825150051116943,25.550833320617677
2020-10-07,28.059999465942383,29.760000228881836,27.940000534057617,29.260000228881836,0,29.902900047302246,25.52649997075399
2020-10-08,26.360000610351562,27.989999771118164,24.8799991607666,27.649999618530273,0,29.97165005207062,25.50316664377848
2020-10-09,25.0,26.219999313354492,24.030000686645508,26.200000762939453,0,30.03330005168915,25.453166643778484
2020-10-12,25.06999969482422,25.649999618530273,24.139999389648438,25.649999618530273,0,30.095400052070616,25.44299996693929
2020-10-13,26.06999969482422,26.93000030517578,25.15999984741211,25.670000076293945,0,30.158600049018858,25.46983331044515
2020-10-14,26.399999618530273,27.229999542236328,25.530000686645508,25.719999313354492,0,30.21650004863739,25.495833301544188
2020-10-15,26.969999313354492,29.059999465942383,26.81999969482422,27.100000381469727,0,30.282450046539306,25.539999961853027
2020-10-16,27.40999984741211,27.459999084472656,26.190000534057617,27.15999984741211,0,30.357150044441223,25.56216662724813
2020-10-19,29.18000030517578,29.690000534057617,27.040000915527344,27.360000610351562,0,30.432950043678282,25.617833296457928
2020-10-20,29.350000381469727,29.600000381469727,28.290000915527344,28.809999465942383,0,30.510450043678283,25.694666639963785
2020-10-21,28.649999618530273,30.549999237060547,28.3700008392334,29.1200008392334,0,30.58475004196167,25.748166624704997
2020-10-22,28.110000610351562,30.1200008392334,27.68000030517578,30.100000381469727,0,30.6580500459671,25.814999961853026
2020-10-23,27.549999237060547,28.670000076293945,27.260000228881836,28.469999313354492,0,30.73310004234314,25.861499945322674
2020-10-26,32.459999084472656,33.68000030517578,29.219999313354492,29.3799991607666,0,30.83260003566742,25.994833278656007
2020-10-27,33.349998474121094,33.77000045776367,31.850000381469727,32.040000915527344,0,30.937750029563905,26.145999908447266
2020-10-28,40.279998779296875,40.77000045776367,34.68000030517578,34.689998626708984,0,31.077200021743774,26.421333217620848
2020-10-29,37.59000015258789,41.15999984741211,35.630001068115234,38.79999923706055,0,31.203050022125243,26.66466655731201
2020-10-30,38.02000045776367,41.09000015258789,36.5,40.810001373291016,0,31.33155002593994,26.9208332379659
2020-11-02,37.130001068115234,38.779998779296875,36.130001068115234,38.56999969482422,0,31.45670002937317,27.169499937693278
2020-11-03,35.54999923706055,36.439998626708984,34.189998626708984,36.439998626708984,0,31.57020002365112,27.39316660563151
2020-11-04,29.56999969482422,36.849998474121094,28.030000686645508,36.790000915527344,0,31.653500022888185,27.48549992243449
2020-11-05,27.579999923706055,28.139999389648438,26.040000915527344,27.559999465942383,0,31.72650002479553,27.573833243052164
2020-11-06,24.860000610351562,29.440000534057617,24.559999465942383,27.8700008392334,0,31.778000025749208,27.619333267211914
2020-11-09,25.75,25.81999969482422,22.40999984741211,24.799999237060547,0,31.815600028038023,27.680999946594238
2020-11-10,24.799999237060547,26.770000457763672,24.350000381469727,25.360000610351562,0,31.8582000207901,27.738499927520753
2020-11-11,23.450000762939453,25.1200008392334,22.56999969482422,25.010000228881836,0,31.893500027656554,27.770833269755045
2020-11-12,25.350000381469727,27.270000457763672,23.530000686645508,24.389999389648438,0,31.942800030708312,27.81766659418742
2020-11-13,23.100000381469727,25.030000686645508,22.739999771118164,24.940000534057617,0,31.964100031852723,27.823999945322672
2020-11-16,22.450000762939453,24.079999923706055,22.43000030517578,23.65999984741211,0,31.986500039100648,27.82249994277954
2020-11-17,22.709999084472656,24.09000015258789,22.34000015258789,22.84000015258789,0,32.019800038337706,27.828166580200197
2020-11-18,23.84000015258789,23.920000076293945,21.65999984741211,22.860000610351562,0,32.063250041008,27.8583332379659
2020-11-19,23.110000610351562,24.520000457763672,22.559999465942383,23.6200008392334,0,32.10400004386902,27.855666573842367
2020-11-20,23.700000762939453,23.729999542236328,22.1299991607666,23.43000030517578,0,32.14515004634857,27.842833264668783
2020-11-23,22.65999984741211,23.959999084472656,22.450000762939453,23.65999984741211,0,32.18325004577637,27.83783327738444
2020-11-24,21.639999389648438,22.479999542236328,20.799999237060547,22.040000915527344,0,32.21555004119873,27.758333269755045
2020-11-25,21.25,22.5,21.1299991607666,21.649999618530273,0,32.25310004234314,27.677166589101155
2020-11-27,20.84000015258789,21.600000381469727,19.510000228881836,21.520000457763672,0,32.28655004501343,27.58166659673055
2020-11-30,20.56999969482422,22.889999389648438,20.479999542236328,22.639999389648438,0,32.32100004196167,27.364499950408934
2020-12-01,20.770000457763672,20.920000076293945,20.0,20.209999084472656,0,32.35070004463196,27.198166624704996
2020-12-02,21.170000076293945,21.25,20.040000915527344,21.0,0,32.38465004444122,27.02666664123535
2020-12-03,21.280000686645508,21.8799991607666,20.719999313354492,21.239999771118164,0,32.413250045776365,26.901166661580405
2020-12-04,20.790000915527344,21.149999618530273,19.969999313354492,21.049999237060547,0,32.431800050735475,26.752500025431313
2020-12-07,21.299999237060547,22.6200008392334,21.170000076293945,22.040000915527344,0,32.41315004348755,26.6596666653951
2020-12-08,20.68000030517578,22.25,20.520000457763672,21.649999618530273,0,32.37730004310608,26.573499997456867
2020-12-09,22.270000457763672,22.93000030517578,20.100000381469727,20.65999984741211,0,32.35085004806518,26.518166669209798
2020-12-10,22.520000457763672,23.459999084472656,21.530000686645508,22.1200008392334,0,32.267650051116945,26.459499994913738
2020-12-11,23.309999465942383,25.139999389648438,22.479999542236328,22.489999771118164,0,32.1836500453949,26.407000001271566
2020-12-14,24.719999313354492,24.81999969482422,21.950000762939453,22.670000076293945,0,32.14015005111694,26.38849999109904
2020-12-15,22.889999389648438,24.06999969482422,22.729999542236328,24.0,0,32.07050004959106,26.306999969482423
2020-12-16,22.5,23.670000076293945,22.290000915527344,22.510000228881836,0,32.02305005073547,26.234333292643228
2020-12-17,21.93000030517578,22.270000457763672,21.520000457763672,21.979999542236328,0,31.93460005760193,26.123499965667726
2020-12-18,21.56999969482422,23.770000457763672,21.56999969482422,22.149999618530273,0,31.832750062942505,26.0078332901001
2020-12-21,25.15999984741211,31.459999084472656,24.229999542236328,24.25,0,31.686250066757204,25.987499968210855
2020-12-22,24.229999542236328,25.559999465942383,23.530000686645508,25.239999771118164,0,31.57090006828308,25.954833285013834
2020-12-23,23.309999465942383,23.68000030517578,22.1299991607666,23.489999771118164,0,31.417950057983397,25.905499935150146
2020-12-24,21.530000686645508,22.829999923706055,21.389999389648438,22.469999313354492,0,31.14825005531311,25.82483326594035
2020-12-28,21.700000762939453,22.1200008392334,21.149999618530273,22.110000610351562,0,30.967600049972535,25.741499932607017
2020-12-29,23.079999923706055,23.719999313354492,20.989999771118164,21.610000610351562,0,30.669550037384035,25.66566661198934
2020-12-30,22.770000457763672,23.149999618530273,22.40999984741211,22.579999923706055,0,30.403850021362306,25.579166634877524
2020-12-31,22.75,23.25,21.239999771118164,22.989999771118164,0,30.135350036621094,25.46699997584025
2021-01-04,26.969999313354492,29.190000534057617,22.559999465942383,23.040000915527344,0,29.910200033187866,25.44883330663045
2021-01-05,25.34000015258789,28.600000381469727,24.799999237060547,26.940000534057617,0,29.70670002937317,25.43183329900106
2021-01-06,25.06999969482422,26.770000457763672,22.139999389648438,25.479999542236328,0,29.52410002708435,25.432999960581462
2021-01-07,22.3700008392334,23.90999984741211,22.25,23.670000076293945,0,29.32760004043579,25.387999979654946
2021-01-08,21.559999465942383,23.34000015258789,21.420000076293945,22.43000030517578,0,29.115650033950807,25.312833309173584
2021-01-11,24.079999923706055,24.809999465942383,23.229999542236328,23.309999465942383,0,28.931050033569335,25.27416664759318
2021-01-12,23.329999923706055,25.149999618530273,22.829999923706055,23.489999771118164,0,28.72000002861023,25.213499991099038
2021-01-13,22.209999084472656,24.18000030517578,21.920000076293945,23.06999969482422,0,28.54565001487732,25.126833311716716
2021-01-14,23.25,23.469999313354492,21.65999984741211,22.219999313354492,0,28.394200010299684,25.02799997329712
2021-01-15,24.34000015258789,25.799999237060547,23.079999923706055,23.520000457763672,0,28.230600004196166,24.944499969482422
2021-01-19,23.239999771118164,23.559999465942383,22.530000686645508,23.030000686645508,0,28.092250003814698,24.854333305358885
2021-01-20,21.579999923706055,22.860000610351562,21.3700008392334,22.81999969482422,0,27.966150007247926,24.745499960581462
2021-01-21,21.31999969482422,22.219999313354492,21.09000015258789,21.34000015258789,0,27.846549997329713,24.641666634877524
2021-01-22,21.90999984741211,23.729999542236328,21.270000457763672,22.239999771118164,0,27.722599992752077,24.465833314259847
2021-01-25,23.190000534057617,26.6299991607666,22.200000762939453,22.309999465942383,0,27.621800003051757,24.29650001525879
2021-01-26,23.020000457763672,23.940000534057617,22.549999237060547,23.90999984741211,0,27.52855001449585,24.008833376566567
2021-01-27,37.209999084472656,37.209999084472656,23.709999084472656,23.81999969482422,0,27.508750019073485,24.002500025431313
2021-01-28,30.209999084472656,36.290000915527344,27.389999389648438,33.25,0,27.471000022888184,23.872333335876466
2021-01-29,33.09000015258789,37.5099983215332,29.239999771118164,35.15999984741211,0,27.432250022888184,23.804999987284344
2021-02-01,30.239999771118164,33.959999084472656,29.030000686645508,31.450000762939453,0,27.382900018692016,23.716499996185302
2021-02-02,25.559999465942383,28.079999923706055,25.309999465942383,28.010000228881836,0,27.319950008392333,23.649666659037273
2021-02-03,22.90999984741211,25.43000030517578,22.90999984741211,24.59000015258789,0,27.21534999847412,23.571833324432372
2021-02-04,21.770000457763672,23.440000534057617,21.68000030517578,23.440000534057617,0,27.09715000152588,23.520333321889243
2021-02-05,20.8700008392334,22.15999984741211,20.860000610351562,21.989999771118164,0,26.991600008010863,23.439000002543132
2021-02-08,21.239999771118164,22.06999969482422,21.229999542236328,21.889999389648438,0,26.89090000152588,23.37966667811076
2021-02-09,21.6299991607666,22.260000228881836,20.649999618530273,21.56999969482422,0,26.819399995803835,23.349333318074546
2021-02-10,21.989999771118164,23.850000381469727,19.690000534057617,21.639999389648438,0,26.762899990081788,23.293333307902017
2021-02-11,21.25,23.25,21.110000610351562,22.09000015258789,0,26.701299991607666,23.262499968210857
2021-02-12,19.969999313354492,22.450000762939453,19.950000762939453,21.600000381469727,0,26.64499999046326,23.221166610717773
2021-02-16,21.459999084472656,22.459999084472656,20.8799991607666,21.1299991607666,0,26.581549978256227,23.20033327738444
2021-02-17,21.5,23.440000534057617,21.09000015258789,22.020000457763672,0,26.50309998512268,23.161333274841308
2021-02-18,22.489999771118164,24.229999542236328,21.799999237060547,21.979999542236328,0,26.435699977874755,23.15099992752075
2021-02-19,22.049999237060547,23.190000534057617,20.84000015258789,23.100000381469727,0,26.3778999710083,23.12349990208944
2021-02-22,23.450000762939453,25.09000015258789,21.959999084472656,24.459999084472656,0,26.324549980163575,23.136666584014893
2021-02-23,23.110000610351562,27.010000228881836,22.5,22.81999969482422,0,26.282899980545043,23.161166604359945
2021-02-24,21.34000015258789,25.040000915527344,21.309999465942383,23.760000228881836,0,26.249699983596802,23.162666606903077
2021-02-25,28.889999389648438,31.15999984741211,21.520000457763672,21.729999542236328,0,26.256299982070924,23.296833260854086
2021-02-26,27.950000762939453,30.81999969482422,25.229999542236328,28.729999542236328,0,26.230849981307983,23.419833278656007
2021-03-01,23.350000381469727,25.389999389648438,23.170000076293945,25.200000762939453,0,26.171199989318847,23.46283327738444
2021-03-02,24.100000381469727,24.600000381469727,22.799999237060547,23.579999923706055,0,26.128649988174438,23.511666615804035
2021-03-03,26.670000076293945,26.790000915527344,22.450000762939453,22.799999237060547,0,26.102549991607667,23.601499938964842
2021-03-04,28.56999969482422,31.899999618530273,24.93000030517578,26.520000457763672,0,26.098899993896485,23.73116658528646
2021-03-05,24.65999984741211,30.030000686645508,24.329999923706055,29.479999542236328,0,26.069549989700317,23.787166595458984
2021-03-08,25.469999313354492,28.389999389648438,24.06999969482422,27.610000610351562,0,26.0569499874115,23.866999912261964
2021-03-09,24.030000686645508,25.25,22.899999618530273,25.110000610351562,0,26.0294499874115,23.896333249409995
2021-03-10,22.559999465942383,23.8700008392334,22.3799991607666,23.760000228881836,0,26.001449985504152,23.896999899546305
2021-03-11,21.90999984741211,22.5,21.450000762939453,22.5,0,25.970949983596803,23.8736665725708
2021-03-12,20.690000534057617,22.989999771118164,20.6299991607666,22.56999969482422,0,25.936299982070924,23.806499926249185
2021-03-15,20.030000686645508,21.860000610351562,19.8700008392334,21.84000015258789,0,25.89349998474121,23.758833281199138
2021-03-16,19.790000915527344,20.309999465942383,19.329999923706055,20.139999389648438,0,25.854899988174438,23.71366662979126
2021-03-17,19.229999542236328,20.950000762939453,19.18000030517578,20.100000381469727,0,25.80989998817444,23.6686666170756
2021-03-18,21.579999923706055,22.600000381469727,18.950000762939453,18.950000762939453,0,25.78359998703003,23.668833287556968
2021-03-19,20.950000762939453,23.170000076293945,19.899999618530273,21.43000030517578,0,25.760049991607666,23.598666636149087
2021-03-22,18.8799991607666,22.290000915527344,18.8700008392334,21.90999984741211,0,25.725399990081787,23.509499963124593
2021-03-23,20.299999237060547,21.579999923706055,18.799999237060547,19.459999084472656,0,25.70429998397827,23.45933329264323
2021-03-24,21.200000762939453,21.489999771118164,19.299999237060547,20.639999389648438,0,25.681249990463257,23.453833293914794
2021-03-25,19.809999465942383,23.549999237060547,19.809999465942383,20.799999237060547,0,25.64244998931885,23.42233327229818
2021-03-26,18.860000610351562,21.489999771118164,18.68000030517578,19.31999969482422,0,25.598899993896485,23.351999950408935
2021-03-29,20.739999771118164,21.600000381469727,19.420000076293945,20.399999618530273,0,25.49864998817444,23.31816660563151
2021-03-30,19.610000610351562,21.75,19.469999313354492,20.760000228881836,0,25.416249990463257,23.2658332824707
2021-03-31,19.399999618530273,20.110000610351562,18.850000381469727,19.799999237060547,0,25.341249980926513,23.1396666208903
2021-04-01,17.329999923706055,18.639999389648438,17.290000915527344,18.600000381469727,0,25.259549989700318,23.006166617075603
2021-04-05,17.90999984741211,18.399999618530273,17.350000381469727,18.15999984741211,0,25.181749982833864,22.886833286285402
2021-04-06,18.1200008392334,18.299999237060547,17.3700008392334,18.06999969482422,0,25.107649993896484,22.815999952952065
2021-04-07,17.15999984741211,18.170000076293945,16.8700008392334,17.989999771118164,0,25.01784999847412,22.74266662597656
2021-04-08,16.950000762939453,17.360000610351562,16.549999237060547,16.920000076293945,0,24.94375,22.623833306630452
2021-04-09,16.690000534057617,17.34000015258789,16.200000762939453,17.049999237060547,0,24.870349998474122,22.513166650136313
2021-04-12,16.90999984741211,17.90999984741211,16.809999465942383,17.43000030517578,0,24.785699996948242,22.424833329518638
2021-04-13,16.649999618530273,17.860000610351562,16.43000030517578,16.989999771118164,0,24.70784998893738,22.31483332316081
2021-04-14,16.989999771118164,17.690000534057617,15.380000114440918,16.709999084472656,0,24.619149990081787,22.19233331680298
2021-04-15,16.56999969482422,16.920000076293945,15.9399995803833,16.780000686645508,0,24.54309998512268,22.081166648864745
2021-04-16,16.25,16.8799991607666,16.049999237060547,16.649999618530273,0,24.472199983596802,21.992333316802977
2021-04-19,17.290000915527344,18.610000610351562,16.780000686645508,17.040000915527344,0,24.41554998397827,21.925166670481364
2021-04-20,18.68000030517578,19.700000762939453,17.239999771118164,17.360000610351562,0,24.37054998397827,21.871333344777426
2021-04-21,17.5,19.290000915527344,16.90999984741211,18.479999542236328,0,24.318349981307982,21.77650000254313
2021-04-22,18.709999084472656,19.899999618530273,16.989999771118164,17.280000686645508,0,24.264749975204467,21.704666646321616
2021-04-23,17.329999923706055,18.780000686645508,16.799999237060547,18.559999465942383,0,24.21099997520447,21.373333326975505
2021-04-26,17.639999389648438,18.170000076293945,16.8700008392334,17.940000534057617,0,24.1528999710083,21.163833332061767
2021-04-27,17.559999465942383,18.15999984741211,16.969999313354492,17.6200008392334,0,24.104249963760378,20.90499998728434
2021-04-28,17.280000686645508,17.84000015258789,16.670000076293945,17.469999313354492,0,24.02969997406006,20.689000002543132
2021-04-29,17.610000610351562,18.8700008392334,16.770000457763672,16.8799991607666,0,23.970149974823,20.556500021616618
2021-04-30,18.610000610351562,19.25,17.639999389648438,17.670000076293945,0,23.924399976730346,20.48483336766561
2021-05-03,18.309999465942383,19.1200008392334,17.799999237060547,18.649999618530273,0,23.87594997406006,20.427166684468588
2021-05-04,19.479999542236328,21.850000381469727,18.110000610351562,18.15999984741211,0,23.844949970245363,20.403999996185302
2021-05-05,19.149999618530273,19.579999923706055,17.889999389648438,18.84000015258789,0,23.81839997291565,20.36916666030884
2021-05-06,18.389999389648438,20.600000381469727,18.209999084472656,18.40999984741211,0,23.78614996910095,20.315166664123534
2021-05-07,16.690000534057617,18.56999969482422,16.68000030517578,18.450000762939453,0,23.74799997329712,20.22683334350586
2021-05-10,19.65999984741211,19.75,17.06999969482422,17.34000015258789,0,23.71589997291565,20.20033334096273
2021-05-11,21.84000015258789,23.729999542236328,20.709999084472656,21.170000076293945,0,23.69589997291565,20.23150002161662
2021-05-12,27.59000015258789,28.3799991607666,21.65999984741211,22.420000076293945,0,23.710149974822997,20.333666706085204
2021-05-13,23.1299991607666,28.93000030517578,22.229999542236328,26.030000686645508,0,23.698599967956543,20.360833358764648
2021-05-14,18.809999465942383,22.100000381469727,18.65999984741211,21.770000457763672,0,23.672149963378907,20.299500020345054
2021-05-17,19.719999313354492,21.579999923706055,19.670000076293945,19.889999389648438,0,23.64694995880127,20.260666688283283
2021-05-18,21.34000015258789,21.450000762939453,18.809999465942383,18.889999389648438,0,23.631349964141847,20.22550001144409
2021-05-19,22.18000030517578,25.959999084472656,21.8799991607666,22.459999084472656,0,23.620849962234498,20.210000006357827
2021-05-20,20.670000076293945,23.5,20.190000534057617,22.329999923706055,0,23.60539996147156,20.198833338419597
2021-05-21,20.149999618530273,20.889999389648438,19.530000686645508,20.420000076293945,0,23.591199960708618,20.053166675567628
2021-05-24,18.399999618530273,20.510000228881836,18.3799991607666,20.5,0,23.56994996070862,19.893999989827474
2021-05-25,18.84000015258789,19.290000915527344,16.8700008392334,18.350000381469727,0,23.553099966049196,19.81883331934611
2021-05-26,17.360000610351562,18.920000076293945,17.350000381469727,18.3700008392334,0,23.52924997329712,19.706499989827474
2021-05-27,16.739999771118164,18.170000076293945,16.520000457763672,18.030000686645508,0,23.49279996871948,19.540999984741212
2021-05-28,16.760000228881836,16.860000610351562,15.899999618530273,16.799999237060547,0,23.465199966430664,19.344166660308836
2021-06-01,17.899999618530273,18.530000686645508,15.680000305175781,17.239999771118164,0,23.444049968719483,19.231499989827473
2021-06-02,17.479999542236328,18.309999465942383,16.739999771118164,17.860000610351562,0,23.42119997024536,19.098333326975503
2021-06-03,18.040000915527344,19.270000457763672,17.450000762939453,17.729999542236328,0,23.40464997291565,18.998499997456868
2021-06-04,16.420000076293945,18.420000076293945,16.18000030517578,18.09000015258789,0,23.37919997215271,18.89616667429606
2021-06-07,16.420000076293945,17.350000381469727,15.779999732971191,17.34000015258789,0,23.34859996795654,18.80466667811076
2021-06-08,17.06999969482422,17.75,15.149999618530273,16.579999923706055,0,23.32034996986389,18.7443333307902
2021-06-09,17.889999389648438,17.959999084472656,15.550000190734863,17.18000030517578,0,23.297099962234498,18.708666642506916
2021-06-10,16.100000381469727,18.290000915527344,16.010000228881836,18.18000030517578,0,23.26574995994568,18.647166633605956
2021-06-11,15.649999618530273,16.200000762939453,15.149999618530273,16.18000030517578,0,23.233849954605102,18.587499968210857
2021-06-14,16.389999389648438,17.040000915527344,15.039999961853027,16.040000915527344,0,23.199449949264526,18.500999959309897
2021-06-15,17.020000457763672,17.350000381469727,16.139999389648438,16.270000457763672,0,23.162199954986573,18.435499954223634
2021-06-16,18.149999618530273,19.110000610351562,16.420000076293945,16.989999771118164,0,23.13814995765686,18.42333329518636
2021-06-17,17.75,19.219999313354492,16.709999084472656,18.489999771118164,0,23.0948499584198,18.38083330790202
2021-06-18,20.700000762939453,21.040000915527344,16.920000076293945,16.959999084472656,0,23.06774995803833,18.372499974568687
2021-06-21,17.889999389648438,21.81999969482422,17.809999465942383,21.739999771118164,0,23.024349956512452,18.34049997329712
2021-06-22,16.65999984741211,18.31999969482422,15.760000228881836,17.90999984741211,0,22.939649963378905,18.303833293914796
2021-06-23,16.31999969482422,16.84000015258789,14.859999656677246,16.25,0,22.867499961853028,18.230166625976562
2021-06-24,15.970000267028809,16.049999237060547,14.1899995803833,15.989999771118164,0,22.790049967765807,18.16949995358785
2021-06-25,15.619999885559082,16.170000076293945,15.210000038146973,16.040000915527344,0,22.724099969863893,18.10649995803833
2021-06-28,15.760000228881836,16.459999084472656,15.390000343322754,16.06999969482422,0,22.654349975585937,18.080333296457926
2021-06-29,16.020000457763672,16.309999465942383,14.100000381469727,15.6899995803833,0,22.60009997367859,18.048833306630453
2021-06-30,15.829999923706055,17.309999465942383,15.579999923706055,16.18000030517578,0,22.54999997138977,18.010666624704996
2021-07-01,15.479999542236328,16.010000228881836,15.3100004196167,15.619999885559082,0,22.499449968338013,17.982666619618733
2021-07-02,15.069999694824219,15.539999961853027,14.25,15.529999732971191,0,22.4445999622345,17.95133326848348
2021-07-06,16.440000534057617,17.940000534057617,15.729999542236328,15.770000457763672,0,22.39449996948242,17.947166601816814
2021-07-07,16.200000762939453,17.639999389648438,16.079999923706055,16.43000030517578,0,22.34634997367859,17.93533328374227
2021-07-08,19.0,21.290000915527344,17.739999771118164,17.739999771118164,0,22.302449970245362,17.974499956766763
2021-07-09,16.18000030517578,18.1299991607666,16.079999923706055,17.8799991607666,0,22.249049968719483,17.960999965667725
2021-07-12,16.170000076293945,17.520000457763672,16.139999389648438,16.850000381469727,0,22.18699996948242,17.954333305358887
2021-07-13,17.1200008392334,17.229999542236328,15.9399995803833,16.389999389648438,0,22.13004997253418,17.96883331934611
2021-07-14,16.329999923706055,17.510000228881836,15.949999809265137,17.34000015258789,0,22.079799976348877,17.952833302815755
2021-07-15,17.010000228881836,18.09000015258789,16.559999465942383,16.700000762939453,0,22.033899974822997,17.924999968210855
2021-07-16,18.450000762939453,18.700000762939453,16.030000686645508,16.799999237060547,0,21.994799976348876,17.940833314259848
2021-07-19,22.5,25.09000015258789,19.270000457763672,19.610000610351562,0,21.97544997215271,18.003999996185303
2021-07-20,19.729999542236328,22.969999313354492,19.3700008392334,20.889999389648438,0,21.940599966049195,18.043999989827473
2021-07-21,17.90999984741211,19.81999969482422,17.809999465942383,19.729999542236328,0,21.891999969482423,18.04849999745687
2021-07-22,17.690000534057617,18.450000762939453,17.399999618530273,17.59000015258789,0,21.840649976730347,18.050666681925456
2021-07-23,17.200000762939453,17.479999542236328,16.329999923706055,16.979999542236328,0,21.77924998283386,18.049333349863687
2021-07-26,17.579999923706055,19.389999389648438,17.530000686645508,18.670000076293945,0,21.72684998512268,18.048833338419595
2021-07-27,19.360000610351562,20.440000534057617,18.25,18.6200008392334,0,21.69184998512268,18.061333338419598
2021-07-28,18.309999465942383,19.6200008392334,17.520000457763672,19.40999984741211,0,21.658399982452394,18.061333338419598
2021-07-29,17.700000762939453,18.010000228881836,17.190000534057617,17.90999984741211,0,21.621549987792967,18.031666692097982
2021-07-30,18.239999771118164,19.719999313354492,17.530000686645508,19.690000534057617,0,21.582399988174437,18.01650002797445
2021-08-02,19.459999084472656,19.8700008392334,17.989999771118164,18.15999984741211,0,21.54769998550415,18.034333356221516
2021-08-03,18.040000915527344,20.440000534057617,17.700000762939453,19.170000076293945,0,21.503049993515013,18.056833362579347
2021-08-04,17.969999313354492,18.899999618530273,17.670000076293945,18.229999542236328,0,21.455849990844726,18.028666687011718
2021-08-05,17.280000686645508,17.84000015258789,17.229999542236328,17.729999542236328,0,21.396349992752075,17.95266669591268
2021-08-06,16.149999618530273,17.5,16.139999389648438,17.459999084472656,0,21.330349988937378,17.762000020345052
2021-08-09,16.719999313354492,17.389999389648438,16.59000015258789,17.1200008392334,0,21.2706999874115,17.65516668955485
2021-08-10,16.790000915527344,17.049999237060547,16.34000015258789,16.81999969482422,0,21.214099988937377,17.621500047047935
2021-08-11,16.170000076293945,17.09000015258789,16.06999969482422,16.809999465942383,0,21.157199993133545,17.562333393096925
2021-08-12,15.59000015258789,16.420000076293945,15.489999771118164,16.329999923706055,0,21.072849998474123,17.46650005976359
2021-08-13,15.449999809265137,15.720000267028809,15.1899995803833,15.680000305175781,0,20.98335000514984,17.354333384831747
2021-08-16,16.1200008392334,17.709999084472656,16.020000457763672,17.049999237060547,0,20.862550015449525,17.27850006421407
2021-08-17,17.90999984741211,19.559999465942383,16.709999084472656,17.309999465942383,0,20.764150013923643,17.241166734695433
2021-08-18,21.56999969482422,21.639999389648438,17.309999465942383,17.559999465942383,0,20.681900010108947,17.294000069300335
2021-08-19,21.670000076293945,24.739999771118164,20.3700008392334,23.1200008392334,0,20.60460000514984,17.341166734695435
2021-08-20,18.559999465942383,23.899999618530273,18.18000030517578,22.739999771118164,0,20.51965000629425,17.36116671562195
2021-08-23,17.149999618530273,18.950000762939453,16.950000762939453,18.829999923706055,0,20.45755000591278,17.36800004641215
2021-08-24,17.219999313354492,17.510000228881836,16.940000534057617,16.959999084472656,0,20.405750002861023,17.375666697820026
2021-08-25,16.790000915527344,17.5,16.459999084472656,17.420000076293945,0,20.365400004386903,17.357166719436645
2021-08-26,18.84000015258789,19.270000457763672,17.15999984741211,17.459999084472656,0,20.33085000514984,17.37983339627584
2021-08-27,16.389999389648438,18.219999313354492,16.110000610351562,17.950000762939453,0,20.28880000591278,17.352333370844523
2021-08-30,16.190000534057617,16.799999237060547,15.979999542236328,16.770000457763672,0,20.252500004768372,17.348500045140586
2021-08-31,16.479999542236328,17.06999969482422,15.90999984741211,15.979999542236328,0,20.208150000572203,17.349500036239625
2021-09-01,16.110000610351562,16.709999084472656,15.680000305175781,16.059999465942383,0,20.173200001716612,17.33350005149841
2021-09-02,16.40999984741211,16.979999542236328,15.729999542236328,16.270000457763672,0,20.142999997138975,17.308833392461143
2021-09-03,16.40999984741211,17.059999465942383,16.079999923706055,16.270000457763672,0,20.111500000953676,17.31400005022685
2021-09-07,18.139999389648438,18.389999389648438,16.889999389648438,16.940000534057617,0,20.082999997138977,17.35550004641215
2021-09-08,17.959999084472656,19.639999389648438,17.780000686645508,18.969999313354492,0,20.057249989509582,17.381666707992554
2021-09-09,18.799999237060547,19.540000915527344,17.170000076293945,19.440000534057617,0,20.032749981880187,17.41133335431417
2021-09-10,20.950000762939453,21.1299991607666,16.989999771118164,17.940000534057617,0,20.024199986457823,17.458000040054323
2021-09-13,19.3700008392334,21.18000030517578,18.760000228881836,19.639999389648438,0,20.01284999370575,17.485000054041546
2021-09-14,19.459999084472656,20.469999313354492,18.389999389648438,19.579999923706055,0,20.00389998912811,17.46433335940043
2021-09-15,18.18000030517578,20.270000457763672,18.010000228881836,19.299999237060547,0,19.990599989891052,17.469166707992553
2021-09-16,18.690000534057617,19.760000228881836,17.649999618530273,18.40999984741211,0,19.98119999408722,17.50300005276998
2021-09-17,20.809999465942383,21.510000228881836,18.350000381469727,18.3700008392334,0,19.981399989128114,17.577833382288613
2021-09-20,25.709999084472656,28.790000915527344,23.899999618530273,24.25,0,20.004099984169006,17.74016669591268
2021-09-21,24.360000610351562,25.600000381469727,21.709999084472656,23.40999984741211,0,20.019499983787536,17.88583337465922
2021-09-22,20.8700008392334,23.399999618530273,20.75,22.719999313354492,0,20.019899983406066,17.971000051498415
2021-09-23,18.6299991607666,20.209999084472656,18.420000076293945,19.90999984741211,0,20.0065499830246,18.014500029881795
2021-09-24,17.75,20.40999984741211,17.6299991607666,19.329999923706055,0,19.99189998149872,18.04650003115336
2021-09-27,18.760000228881836,19.31999969482422,17.739999771118164,17.780000686645508,0,19.974349980354308,18.10116670926412
2021-09-28,23.25,24.81999969482422,19.709999084472656,19.739999771118164,0,19.97799997806549,18.237500047683717
2021-09-29,22.559999465942383,23.790000915527344,21.450000762939453,22.06999969482422,0,19.97424997806549,18.339500029881794
2021-09-30,23.139999389648438,24.709999084472656,20.600000381469727,21.479999542236328,0,19.96634997844696,18.45516667366028
2021-10-01,21.100000381469727,24.889999389648438,20.850000381469727,24.780000686645508,0,19.957399983406066,18.490166680018106
2021-10-04,22.959999084472656,24.579999923706055,21.8799991607666,22.899999618530273,0,19.95969997882843,18.603166659673054
2021-10-05,21.299999237060547,23.170000076293945,20.6200008392334,22.920000076293945,0,19.956549973487853,18.68866664568583
2021-10-06,21.0,24.399999618530273,20.989999771118164,22.950000762939453,0,19.953699975013734,18.753333298365273
2021-10-07,19.540000915527344,20.760000228881836,19.06999969482422,20.540000915527344,0,19.92559998035431,18.80683331489563
2021-10-08,18.770000457763672,19.940000534057617,18.200000762939453,19.459999084472656,0,19.898299984931946,18.836166652043662
2021-10-11,20.0,20.450000762939453,18.110000610351562,19.93000030517578,0,19.881749987602234,18.861999972661337
2021-10-12,19.850000381469727,20.809999465942383,18.969999313354492,20.6200008392334,0,19.873349986076356,18.817833312352498
2021-10-13,18.639999389648438,20.229999542236328,18.440000534057617,20.139999389648438,0,19.8580499792099,18.7996666431427
2021-10-14,16.860000610351562,18.079999923706055,16.799999237060547,18.010000228881836,0,19.82694998264313,18.782166655858358
2021-10-15,16.299999237060547,16.850000381469727,15.720000267028809,16.639999389648438,0,19.79459997653961,18.758999967575072
2021-10-18,16.309999465942383,17.93000030517578,16.270000457763672,17.290000915527344,0,19.762399973869325,18.744166612625122
2021-10-19,15.699999809265137,16.309999465942383,15.569999694824219,16.09000015258789,0,19.706049976348876,18.71283327738444
2021-10-20,15.489999771118164,15.890000343322754,15.289999961853027,15.819999694824219,0,19.65679997444153,18.648333263397216
2021-10-21,15.010000228881836,16.110000610351562,14.920000076293945,16.059999465942383,0,19.606499977111817,18.593333276112876
2021-10-22,15.430000305175781,16.389999389648438,14.84000015258789,15.350000381469727,0,19.57179997444153,18.555499935150145
2021-10-25,15.239999771118164,16.329999923706055,15.100000381469727,16.139999389648438,0,19.540199975967408,18.505499935150148
2021-10-26,15.979999542236328,16.709999084472656,14.899999618530273,15.020000457763672,0,19.499699974060057,18.44749994277954
2021-10-27,16.979999542236328,17.290000915527344,15.539999961853027,15.789999961853027,0,19.46794997215271,18.42983325322469
2021-10-28,16.530000686645508,17.15999984741211,16.229999542236328,17.059999465942383,0,19.439549980163573,18.405833276112876
2021-10-29,16.260000228881836,18.059999465942383,16.1299991607666,17.399999618530273,0,19.40459998130798,18.38883326848348
2021-11-01,16.40999984741211,17.700000762939453,16.31999969482422,16.850000381469727,0,19.364949979782104,18.39316660563151
2021-11-02,16.030000686645508,16.649999618530273,15.890000343322754,16.540000915527344,0,19.32889998435974,18.381666628519692
2021-11-03,15.100000381469727,16.389999389648438,14.899999618530273,16.110000610351562,0,19.29649998664856,18.353499952952067
2021-11-04,15.4399995803833,16.139999389648438,14.729999542236328,15.0600004196167,0,19.267099986076357,18.341333278020223
2021-11-05,16.479999542236328,17.020000457763672,14.949999809265137,15.59000015258789,0,19.239949984550478,18.35616660118103
2021-11-08,17.219999313354492,17.690000534057617,16.440000534057617,17.229999542236328,0,19.210099978446962,18.385666592915854
2021-11-09,17.780000686645508,18.56999969482422,17.209999084472656,17.43000030517578,0,19.18389997959137,18.413333257039387
2021-11-10,18.729999542236328,19.899999618530273,17.219999313354492,17.739999771118164,0,19.091499981880187,18.426999918619792
2021-11-11,17.65999984741211,18.389999389648438,17.270000457763672,18.34000015258789,0,19.028749985694887,18.361833254496258
2021-11-12,16.290000915527344,17.690000534057617,16.149999618530273,17.489999771118164,0,18.94474998950958,18.272166601816814
2021-11-15,16.489999771118164,17.459999084472656,16.489999771118164,17.030000686645508,0,18.875999989509584,18.237666606903076
2021-11-16,16.3700008392334,17.079999923706055,16.030000686645508,16.860000610351562,0,18.830049996376037,18.22466662724813
2021-11-17,17.110000610351562,17.190000534057617,16.280000686645508,16.360000610351562,0,18.801050000190735,18.222833315531414
2021-11-18,17.59000015258789,18.149999618530273,16.3799991607666,16.809999465942383,0,18.780149998664857,18.23616663614909
2021-11-19,17.90999984741211,19.010000228881836,17.229999542236328,17.360000610351562,0,18.76534999370575,18.220666631062826
2021-11-22,19.170000076293945,19.59000015258789,17.350000381469727,18.200000762939453,0,18.75499999523163,18.26699997584025
2021-11-23,19.3799991607666,20.90999984741211,19.030000686645508,20.239999771118164,0,18.743749995231628,18.320166619618735
2021-11-24,18.579999923706055,20.959999084472656,18.520000457763672,19.170000076293945,0,18.72669999599457,18.355166625976562
2021-11-26,28.6200008392334,28.989999771118164,23.8799991607666,26.6200008392334,0,18.763550000190733,18.56366662979126
2021-11-29,22.959999084472656,25.690000534057617,21.709999084472656,25.309999465942383,0,18.778499999046325,18.672833283742268
2021-11-30,27.190000534057617,28.559999465942383,23.709999084472656,26.229999542236328,0,18.80715000629425,18.852499961853027
2021-12-01,31.1200008392334,32.61000061035156,22.3799991607666,24.920000076293945,0,18.85525001049042,19.06883331934611
2021-12-02,27.950000762939453,30.68000030517578,27.149999618530273,29.440000534057617,0,18.882550015449524,19.235333347320555
2021-12-03,30.670000076293945,35.31999969482422,25.889999389648438,26.950000762939453,0,18.92565001964569,19.433166694641113
2021-12-06,27.18000030517578,30.81999969482422,26.75,28.989999771118164,0,18.944300017356873,19.53700002034505
2021-12-07,21.889999389648438,24.690000534057617,21.579999923706055,24.579999923706055,0,18.938200011253358,19.578999996185303
2021-12-08,19.899999618530273,23.110000610351562,19.850000381469727,21.739999771118164,0,18.93100000858307,19.586333338419596
2021-12-09,21.579999923706055,22.1200008392334,19.940000534057617,20.309999465942383,0,18.894450011253358,19.642999998728435
2021-12-10,18.690000534057617,21.299999237060547,18.690000534057617,21.270000457763672,0,18.84815001010895,19.642999998728435
2021-12-13,20.309999465942383,21.18000030517578,18.959999084472656,19.290000915527344,0,18.832950005531313,19.634666665395102
2021-12-14,21.889999389648438,23.0,19.670000076293945,19.670000076293945,0,18.821900000572203,19.571000003814696
2021-12-15,19.290000915527344,23.469999313354492,19.020000457763672,21.600000381469727,0,18.78500000476837,19.48650000890096
2021-12-16,20.56999969482422,22.1299991607666,18.190000534057617,18.559999465942383,0,18.74500000476837,19.481499989827473
2021-12-17,21.56999969482422,23.260000228881836,20.489999771118164,20.700000762939453,0,18.729550004005432,19.530499998728434
2021-12-20,22.8700008392334,27.389999389648438,22.850000381469727,25.889999389648438,0,18.716550011634826,19.61583334604899
2021-12-21,21.010000228881836,22.68000030517578,20.899999618530273,22.280000686645508,0,18.701450009346008,19.653333346048992
2021-12-22,18.6299991607666,21.360000610351562,18.59000015258789,21.040000915527344,0,18.68180000782013,19.57633333206177
2021-12-23,17.959999084472656,18.93000030517578,17.6200008392334,18.809999465942383,0,18.662050004005433,19.49966665903727
2021-12-27,17.68000030517578,19.40999984741211,17.549999237060547,19.3700008392334,0,18.647000002861024,19.40866667429606
2021-12-28,17.540000915527344,18.469999313354492,17.510000228881836,17.780000686645508,0,18.634550004005433,19.349333349863688
2021-12-29,16.950000762939453,18.0,16.709999084472656,17.6299991607666,0,18.620350003242493,19.24916671117147
2021-12-30,17.329999923706055,17.790000915527344,16.6200008392334,17.299999237060547,0,18.610850005149842,19.18300005594889
2021-12-31,17.219999313354492,18.270000457763672,16.989999771118164,17.6299991607666,0,18.589050002098084,19.120000044504803
2022-01-03,16.600000381469727,18.540000915527344,16.559999465942383,17.600000381469727,0,18.567300000190734,19.07100003560384
2022-01-04,16.90999984741211,17.809999465942383,16.34000015258789,16.56999969482422,0,18.557450003623963,19.040000025431315
2022-01-05,19.729999542236328,20.170000076293945,16.579999923706055,17.06999969482422,0,18.55460000514984,19.03550001780192
2022-01-06,19.610000610351562,21.059999465942383,19.079999923706055,20.290000915527344,0,18.5466500043869,19.03150002161662
2022-01-07,18.760000228881836,20.799999237060547,18.56999969482422,19.850000381469727,0,18.5414000082016,19.03350003560384
2022-01-10,19.399999618530273,23.329999923706055,19.290000915527344,19.579999923706055,0,18.54410000324249,19.07583335240682
2022-01-11,18.40999984741211,21.0,18.200000762939453,19.6200008392334,0,18.532450003623964,19.11100002924601
2022-01-12,17.6200008392334,18.690000534057617,17.360000610351562,18.170000076293945,0,18.52250000476837,19.132833385467528
2022-01-13,20.309999465942383,20.610000610351562,17.450000762939453,18.059999465942383,0,18.52705000400543,19.209666713078818
2022-01-14,19.190000534057617,22.06999969482422,19.049999237060547,20.110000610351562,0,18.53635000705719,19.27133339246114
2022-01-18,22.790000915527344,23.200000762939453,21.18000030517578,21.18000030517578,0,18.560750012397765,19.4010000705719
2022-01-19,23.850000381469727,23.989999771118164,21.850000381469727,23.1200008392334,0,18.589400010108946,19.541333405176797
2022-01-20,25.59000015258789,25.889999389648438,21.68000030517578,23.459999084472656,0,18.631550011634825,19.713833411534626
2022-01-21,28.850000381469727,29.790000915527344,25.309999465942383,25.3799991607666,0,18.691050009727476,19.92833342552185
2022-01-24,29.899999618530273,38.939998626708984,28.020000457763672,28.200000762939453,0,18.75710000514984,20.14366676012675
2022-01-25,31.15999984741211,35.849998474121094,29.1299991607666,32.290000915527344,0,18.82835000514984,20.38750007947286
2022-01-26,31.959999084472656,33.040000915527344,26.899999618530273,29.350000381469727,0,18.904900002479554,20.64916672706604
2022-01-27,30.489999771118164,33.0,28.420000076293945,32.189998626708984,0,18.972400002479553,20.883833392461142
2022-01-28,27.65999984741211,32.81999969482422,27.280000686645508,30.270000457763672,0,19.02785000324249,21.07766671180725
2022-01-31,24.829999923706055,29.40999984741211,24.709999084472656,28.360000610351562,0,19.070750002861022,21.239833370844522
2022-02-01,21.959999084472656,25.329999923706055,21.959999084472656,24.56999969482422,0,19.09409999370575,21.34850002924601
2022-02-02,22.09000015258789,22.729999542236328,20.459999084472656,21.559999465942383,0,19.11114999294281,21.442000039418538
2022-02-03,24.350000381469727,25.809999465942383,22.299999237060547,22.6299991607666,0,19.14539999485016,21.560833390553793
2022-02-04,23.219999313354492,26.260000228881836,22.06999969482422,23.770000457763672,0,19.16794999599457,21.651500034332276
2022-02-07,22.860000610351562,24.81999969482422,22.020000457763672,24.09000015258789,0,19.195599999427795,21.72033338546753
2022-02-08,21.440000534057617,23.479999542236328,21.31999969482422,23.09000015258789,0,19.21460000514984,21.783333396911623
2022-02-09,19.959999084472656,21.299999237060547,19.93000030517578,21.270000457763672,0,19.226600003242492,21.844500033060708
2022-02-10,23.90999984741211,24.770000457763672,20.18000030517578,20.3700008392334,0,19.259749999046324,21.968166700998943
2022-02-11,27.360000610351562,30.989999771118164,23.329999923706055,24.389999389648438,0,19.308499999046326,22.151333363850913
2022-02-14,28.329999923706055,32.040000915527344,28.329999923706055,29.170000076293945,0,19.357099995613098,22.33833335240682
2022-02-15,25.700000762939453,28.09000015258789,25.329999923706055,28.09000015258789,0,19.394050002098083,22.47350002924601
2022-02-16,24.290000915527344,27.09000015258789,23.8799991607666,25.190000534057617,0,19.41810000896454,22.579833380381267
2022-02-17,28.110000610351562,28.3700008392334,24.760000228881836,24.829999923706055,0,19.462900013923644,22.728833389282226
2022-02-18,27.75,29.709999084472656,26.3799991607666,26.65999984741211,0,19.5097000169754,22.86833340326945
2022-02-22,28.809999465942383,32.040000915527344,28.399999618530273,31.799999237060547,0,19.570300011634828,23.038833395640054
2022-02-23,31.020000457763672,31.06999969482422,27.200000762939453,28.040000915527344,0,19.627100014686583,23.078833389282227
2022-02-24,30.31999969482422,37.790000915527344,29.450000762939453,37.5,0,19.669500012397766,23.20150006612142
2022-02-25,27.59000015258789,32.0,26.93000030517578,31.68000030517578,0,19.669500012397766,23.208166726430257
2022-02-28,30.149999618530273,33.5099983215332,28.43000030517578,32.439998626708984,0,19.704600014686584,23.192000039418538
2022-03-01,33.31999969482422,35.189998626708984,29.440000534057617,29.450000762939453,0,19.777150015830994,23.28150002161662
2022-03-02,30.739999771118164,34.40999984741211,30.1200008392334,34.20000076293945,0,19.83225001811981,23.28266668319702
2022-03-03,30.479999542236328,32.0099983215332,29.309999465942383,30.520000457763672,0,19.877950015068055,23.337666670481365
2022-03-04,31.979999542236328,34.650001525878906,31.469999313354492,31.899999618530273,0,19.926950011253357,23.50583333969116
2022-03-07,36.45000076293945,36.54999923706055,32.59000015258789,35.880001068115234,0,20.005850014686583,23.781666692097982
2022-03-08,35.130001068115234,37.52000045776367,32.779998779296875,36.189998626708984,0,20.08075002193451,24.007500044504802
2022-03-09,32.45000076293945,34.119998931884766,31.389999389648438,33.7400016784668,0,20.151000027656554,24.236833381652833
2022-03-10,30.229999542236328,34.029998779296875,30.229999542236328,33.029998779296875,0,20.2079500246048,24.40216671625773
2022-03-11,30.75,31.040000915527344,28.84000015258789,30.43000030517578,0,20.27490002155304,24.549833393096925
2022-03-14,31.770000457763672,33.18000030517578,30.059999465942383,31.030000686645508,0,20.350050024986267,24.757833385467528
2022-03-15,29.829999923706055,33.83000183105469,29.56999969482422,33.130001068115234,0,20.41540002346039,24.91216672261556
2022-03-16,26.670000076293945,29.799999237060547,26.290000915527344,29.020000457763672,0,20.459250025749206,24.99716672897339
2022-03-17,25.670000076293945,27.469999313354492,25.25,26.510000228881836,0,20.500200028419496,25.043833382924397
2022-03-18,23.8700008392334,26.81999969482422,23.850000381469727,26.360000610351562,0,20.529350028038024,25.09150005976359
2022-03-21,23.530000686645508,25.360000610351562,22.989999771118164,25.139999389648438,0,20.56490003108978,25.173166751861572
2022-03-22,22.940000534057617,24.020000457763672,22.700000762939453,24.020000457763672,0,20.5975000333786,25.25616677602132
2022-03-23,23.56999969482422,24.030000686645508,22.639999389648438,23.040000915527344,0,20.6300000333786,25.354333432515464
2022-03-24,21.670000076293945,23.790000915527344,21.489999771118164,23.610000610351562,0,20.648900036811828,25.423166751861572
2022-03-25,20.809999465942383,22.860000610351562,20.799999237060547,21.8700008392334,0,20.67245003223419,25.48750006357829
2022-03-28,19.6299991607666,23.329999923706055,19.540000915527344,22.139999389648438,0,20.692350029945374,25.525833384195963
2022-03-29,18.899999618530273,19.729999542236328,18.670000076293945,19.700000762939453,0,20.70490003108978,25.553833389282225
2022-03-30,19.329999923706055,20.510000228881836,18.719999313354492,19.3799991607666,0,20.716450028419494,25.599333381652833
2022-03-31,20.559999465942383,21.479999542236328,19.540000915527344,19.68000030517578,0,20.728500027656555,25.660166708628335
2022-04-01,19.6299991607666,20.860000610351562,19.40999984741211,20.6200008392334,0,20.737900023460387,25.65850003560384
2022-04-04,18.56999969482422,20.780000686645508,18.450000762939453,20.75,0,20.72725001811981,25.64116668701172
2022-04-05,21.030000686645508,21.56999969482422,18.549999237060547,18.790000915527344,0,20.7429500246048,25.679000027974446
2022-04-06,22.100000381469727,24.780000686645508,21.239999771118164,21.270000457763672,0,20.770150027275086,25.724000040690104
2022-04-07,21.549999237060547,23.81999969482422,21.1200008392334,21.969999313354492,0,20.796300024986266,25.776333363850913
2022-04-08,21.15999984741211,22.34000015258789,20.280000686645508,21.25,0,20.822250022888184,25.835333347320557
2022-04-11,24.3700008392334,24.420000076293945,22.09000015258789,23.09000015258789,0,20.866000027656554,25.903000036875408
2022-04-12,24.260000228881836,25.3799991607666,22.270000457763672,24.940000534057617,0,20.908500027656554,25.987500031789143
2022-04-13,21.81999969482422,24.450000762939453,21.3700008392334,23.520000457763672,0,20.937500023841856,25.971333344777424
2022-04-14,22.700000762939453,22.700000762939453,20.850000381469727,21.719999313354492,0,20.971850028038023,25.952166684468587
2022-04-18,22.170000076293945,24.600000381469727,21.979999542236328,24.520000457763672,0,21.005300030708312,25.895166683197022
2022-04-19,21.3700008392334,22.920000076293945,20.360000610351562,22.549999237060547,0,21.03680003643036,25.770500024159748
2022-04-20,20.31999969482422,21.31999969482422,19.75,21.1299991607666,0,21.05620003223419,25.610833358764648
2022-04-21,22.68000030517578,23.280000686645508,19.809999465942383,20.239999771118164,0,21.088600029945372,25.469500033060708
2022-04-22,28.209999084472656,28.270000457763672,22.6200008392334,22.709999084472656,0,21.134650025367737,25.407000033060708
2022-04-25,27.020000457763672,31.600000381469727,26.799999237060547,30.040000915527344,0,21.188850026130677,25.349166711171467
2022-04-26,33.52000045776367,33.810001373291016,27.059999465942383,27.3799991607666,0,21.275600028038024,25.44683338801066
2022-04-27,31.600000381469727,32.77000045776367,29.81999969482422,31.110000610351562,0,21.348000025749208,25.55966672897339
2022-04-28,29.989999771118164,32.0,28.0,29.90999984741211,0,21.416300024986267,25.693500073750815
2022-04-29,33.400001525878906,34.34000015258789,28.540000915527344,28.969999313354492,0,21.49825003147125,25.882000096638997
2022-05-02,32.34000015258789,36.63999938964844,31.739999771118164,33.349998474121094,0,21.567700028419495,26.015166759490967
2022-05-03,29.25,32.81999969482422,29.059999465942383,31.760000228881836,0,21.601450028419496,26.115666770935057
2022-05-04,25.420000076293945,29.420000076293945,24.940000534057617,29.1200008392334,0,21.629900031089782,26.158333428700765
2022-05-05,31.200000762939453,33.20000076293945,25.780000686645508,25.969999313354492,0,21.696350035667418,26.32100009918213
2022-05-06,30.190000534057617,35.34000015258789,29.829999923706055,32.22999954223633,0,21.758850035667418,26.49150012334188
2022-05-09,34.75,35.47999954223633,31.899999618530273,31.899999618530273,0,21.846600031852724,26.672166792551675
2022-05-10,32.9900016784668,34.84000015258789,32.2400016784668,33.65999984741211,0,21.923650040626526,26.76600014368693
2022-05-11,32.560001373291016,34.38999938964844,30.690000534057617,32.869998931884766,0,21.989650044441223,26.83650016784668
2022-05-12,31.770000457763672,34.7599983215332,31.700000762939453,33.7400016784668,0,22.056950049400328,26.937666829427084
2022-05-13,28.8700008392334,31.200000762939453,28.780000686645508,31.09000015258789,0,22.1128000497818,27.014000161488852
2022-05-16,27.469999313354492,30.229999542236328,27.360000610351562,30.010000228881836,0,22.15895004749298,27.003333473205565
2022-05-17,26.100000381469727,27.170000076293945,25.510000228881836,27.06999969482422,0,22.192150053977965,26.975833479563395
2022-05-18,30.959999084472656,31.489999771118164,26.209999084472656,26.739999771118164,0,22.25675004482269,27.0116668065389
2022-05-19,29.350000381469727,33.11000061035156,29.059999465942383,31.239999771118164,0,22.313650050163268,26.983833471934002
2022-05-20,29.43000030517578,32.90999984741211,28.059999465942383,28.780000686645508,0,22.37440004825592,26.969000148773194
2022-05-23,28.479999542236328,30.389999389648438,28.290000915527344,28.979999542236328,0,22.43605004787445,26.983833471934002
2022-05-24,29.450000762939453,31.06999969482422,29.040000915527344,29.43000030517578,0,22.499700055122375,26.97216682434082
2022-05-25,28.3700008392334,30.229999542236328,28.15999984741211,29.329999923706055,0,22.557600054740906,26.889666843414307
2022-05-26,27.5,28.459999084472656,27.110000610351562,28.420000076293945,0,22.614250054359434,26.835666847229003
2022-05-27,25.719999313354492,27.540000915527344,25.56999969482422,27.5,0,22.66490005016327,26.756333510080974
2022-05-31,26.190000534057617,28.350000381469727,25.940000534057617,27.469999313354492,0,22.71860005378723,26.65983352661133
2022-06-01,25.690000534057617,27.729999542236328,25.3799991607666,26.049999237060547,0,22.76645005226135,26.480500189463296
2022-06-02,24.719999313354492,26.5,24.329999923706055,25.729999542236328,0,22.800500049591065,26.307000160217285
2022-06-03,24.790000915527344,25.959999084472656,24.760000228881836,24.90999984741211,0,22.81660005569458,26.17933349609375
2022-06-06,25.06999969482422,25.809999465942383,24.81999969482422,25.3700008392334,0,22.833600053787233,26.09333349863688
2022-06-07,24.020000457763672,26.239999771118164,23.8799991607666,25.540000915527344,0,22.86090005874634,25.98116683959961
2022-06-08,23.959999084472656,24.780000686645508,23.739999771118164,24.3700008392334,0,22.89495005607605,25.851000150044758
2022-06-09,26.09000015258789,26.239999771118164,23.81999969482422,24.290000915527344,0,22.939300060272217,25.788666820526124
2022-06-10,27.75,29.6299991607666,26.049999237060547,26.260000228881836,0,22.99410005569458,25.806666819254556
2022-06-13,34.02000045776367,35.04999923706055,31.290000915527344,31.3700008392334,0,23.070000057220458,25.945833492279053
2022-06-14,32.689998626708984,34.0,32.060001373291016,33.0099983215332,0,23.151500053405762,26.092833455403646
2022-06-15,29.6200008392334,32.77000045776367,27.760000228881836,32.38999938964844,0,23.21865005493164,26.194333457946776
2022-06-16,32.95000076293945,34.81999969482422,30.350000381469727,30.350000381469727,0,23.301000061035158,26.361166795094807
2022-06-17,31.1299991607666,33.310001373291016,30.469999313354492,32.84000015258789,0,23.37610005378723,26.487166786193846
2022-06-21,30.190000534057617,30.649999618530273,29.329999923706055,30.6299991607666,0,23.445000057220458,26.62916679382324
2022-06-22,28.950000762939453,31.56999969482422,28.780000686645508,31.450000762939453,0,23.507700061798097,26.76483348210653
2022-06-23,29.049999237060547,29.770000457763672,28.739999771118164,29.290000915527344,0,23.562250061035158,26.92183348337809
2022-06-24,27.229999542236328,29.719999313354492,26.829999923706055,29.06999969482422,0,23.608600063323976,27.06066681543986
2022-06-27,26.950000762939453,28.65999984741211,26.93000030517578,28.299999237060547,0,23.649350070953368,27.187666829427084
2022-06-28,28.360000610351562,28.68000030517578,26.469999313354492,26.899999618530273,0,23.68640007019043,27.31766684850057
2022-06-29,28.15999984741211,29.360000610351562,27.850000381469727,28.799999237060547,0,23.730350065231324,27.459833526611327
2022-06-30,28.709999084472656,30.219999313354492,28.280000686645508,29.420000076293945,0,23.776600065231325,27.628833516438803
2022-07-01,26.700000762939453,29.59000015258789,26.690000534057617,29.530000686645508,0,23.819200067520143,27.72333351771037
2022-07-05,27.540000915527344,29.81999969482422,27.299999237060547,27.3700008392334,0,23.86345006942749,27.814000193277995
2022-07-06,26.729999542236328,28.06999969482422,26.43000030517578,27.84000015258789,0,23.89305006980896,27.90033353169759
2022-07-07,26.079999923706055,26.790000915527344,25.65999984741211,26.729999542236328,0,23.894900074005125,27.982333532969157
2022-07-08,24.639999389648438,26.610000610351562,24.43000030517578,26.40999984741211,0,23.89630006790161,27.986833508809408
2022-07-11,26.170000076293945,26.739999771118164,25.790000915527344,26.420000076293945,0,23.922800064086914,28.01866683959961
2022-07-12,27.290000915527344,27.75,25.81999969482422,27.139999389648438,0,23.96610007286072,28.10983352661133
2022-07-13,26.81999969482422,29.059999465942383,26.229999542236328,27.350000381469727,0,24.01145007133484,28.178500175476074
2022-07-14,26.399999618530273,28.450000762939453,26.200000762939453,27.469999313354492,0,24.049650068283082,28.24900016784668
2022-07-15,24.229999542236328,26.719999313354492,24.1299991607666,26.719999313354492,0,24.054550065994263,28.296666812896728
2022-07-18,25.299999237060547,25.90999984741211,24.3799991607666,24.829999923706055,0,24.068250064849853,28.379666805267334
2022-07-19,24.5,25.40999984741211,24.229999542236328,25.1200008392334,0,24.07505006790161,28.410000133514405
2022-07-20,23.8799991607666,24.729999542236328,23.399999618530273,24.229999542236328,0,24.088950061798094,28.337833468119303
2022-07-21,23.110000610351562,24.670000076293945,22.920000076293945,24.06999969482422,0,24.08970006942749,28.27266680399577
2022-07-22,23.030000686645508,23.809999465942383,22.40999984741211,23.299999237060547,0,24.098350076675416,28.09783347447713
2022-07-25,23.360000610351562,24.56999969482422,23.190000534057617,24.329999923706055,0,24.110150079727173,27.960500144958495
2022-07-26,24.690000534057617,25.309999465942383,23.81999969482422,23.950000762939453,0,24.135900077819823,27.87216682434082
2022-07-27,23.239999771118164,24.40999984741211,23.020000457763672,24.270000457763672,0,24.158250074386597,27.702833461761475
2022-07-28,22.329999923706055,23.540000915527344,22.219999313354492,23.329999923706055,0,24.169900074005128,27.536000124613444
2022-07-29,21.329999923706055,22.15999984741211,21.209999084472656,22.1299991607666,0,24.17730007171631,27.404000123341877
2022-08-01,22.84000015258789,23.270000457763672,22.260000228881836,22.40999984741211,0,24.198300075531005,27.361000124613444
2022-08-02,23.93000030517578,24.68000030517578,22.670000076293945,24.079999923706055,0,24.233650074005126,27.239833450317384
2022-08-03,21.950000762939453,23.920000076293945,21.68000030517578,23.860000610351562,0,24.261900081634522,27.102500120798748
2022-08-04,21.440000534057617,22.65999984741211,21.440000534057617,22.059999465942383,0,24.2875500869751,26.880666796366373
2022-08-05,21.149999618530273,22.579999923706055,20.760000228881836,21.5,0,24.314800086021425,26.683333428700767
2022-08-08,21.290000915527344,22.010000228881836,20.829999923706055,21.739999771118164,0,24.343800091743468,26.495500087738037
2022-08-09,21.770000457763672,22.229999542236328,21.40999984741211,21.40999984741211,0,24.377600092887878,26.32883342107137
2022-08-10,19.739999771118164,22.34000015258789,19.540000915527344,22.280000686645508,0,24.39915009021759,26.176666736602783
2022-08-11,20.200000762939453,20.850000381469727,19.709999084472656,19.84000015258789,0,24.423950095176696,26.055500094095866
2022-08-12,19.530000686645508,20.350000381469727,19.1200008392334,20.34000015258789,0,24.441700100898743,25.94600009918213
2022-08-15,19.950000762939453,21.15999984741211,19.809999465942383,20.739999771118164,0,24.456550107002258,25.762500127156574
2022-08-16,19.690000534057617,20.389999389648438,19.5,20.229999542236328,0,24.47235010623932,25.60150012969971
2022-08-17,19.899999618530273,20.6299991607666,19.40999984741211,19.739999771118164,0,24.490550103187562,25.44266678492228
2022-08-18,19.559999465942383,20.610000610351562,19.43000030517578,20.510000228881836,0,24.506300101280214,25.294000116984048
2022-08-19,20.600000381469727,21.270000457763672,20.079999923706055,20.15999984741211,0,24.529150099754332,25.14650011062622
2022-08-22,23.799999237060547,24.6200008392334,22.389999389648438,22.40999984741211,0,24.572650094032287,25.070333417256673
2022-08-23,24.110000610351562,24.209999084472656,23.06999969482422,24.1299991607666,0,24.61600009918213,25.013833427429198
2022-08-24,22.81999969482422,24.860000610351562,22.729999542236328,24.3700008392334,0,24.64770009994507,24.965500100453696
2022-08-25,21.780000686645508,23.1299991607666,21.770000457763672,22.40999984741211,0,24.670500106811524,24.892000102996825
2022-08-26,25.559999465942383,25.899999618530273,21.670000076293945,22.06999969482422,0,24.70940010070801,24.889833418528237
2022-08-29,26.209999084472656,27.670000076293945,25.469999313354492,26.860000610351562,0,24.74680009841919,24.914666748046876
2022-08-30,26.209999084472656,27.690000534057617,25.1299991607666,25.75,0,24.789550094604493,24.938333384195964
2022-08-31,25.8700008392334,26.6200008392334,25.309999465942383,25.860000610351562,0,24.837450094223023,24.951666736602782
2022-09-01,25.559999465942383,27.450000762939453,25.25,26.8799991607666,0,24.882800092697142,24.977333386739094
2022-09-02,25.469999313354492,26.280000686645508,23.190000534057617,25.510000228881836,0,24.92830008506775,25.00250005722046
2022-09-06,26.90999984741211,27.799999237060547,25.329999923706055,25.459999084472656,0,24.977300081253052,25.016166718800864
2022-09-07,24.639999389648438,27.149999618530273,24.540000915527344,26.93000030517578,0,25.012550077438355,24.964333375295002
2022-09-08,23.610000610351562,25.899999618530273,23.559999465942383,24.700000762939453,0,25.04105008125305,24.790833377838133
2022-09-09,22.790000915527344,23.56999969482422,22.639999389648438,23.489999771118164,0,25.059150085449218,24.625833415985106
2022-09-12,23.8700008392334,24.229999542236328,23.15999984741211,23.579999923706055,0,25.08160009384155,24.530000082651775
2022-09-13,27.270000457763672,28.149999618530273,23.530000686645508,23.670000076293945,0,25.125050096511842,24.435333410898846
2022-09-14,26.15999984741211,27.559999465942383,26.15999984741211,26.729999542236328,0,25.112750091552734,24.352500089009602
2022-09-15,26.270000457763672,26.93000030517578,25.420000076293945,26.100000381469727,0,25.12930009841919,24.287166754404705
2022-09-16,26.299999237060547,28.450000762939453,26.139999389648438,27.469999313354492,0,25.124850091934203,24.243000062306724
2022-09-19,25.760000228881836,27.950000762939453,25.559999465942383,27.690000534057617,0,25.098050088882445,24.188166745503743
2022-09-20,27.15999984741211,27.809999465942383,25.610000610351562,25.649999618530273,0,25.09410008430481,24.18700008392334
2022-09-21,27.989999771118164,30.18000030517578,25.549999237060547,28.030000686645508,0,25.080700082778932,24.20433340072632
2022-09-22,27.350000381469727,28.3799991607666,26.709999084472656,28.15999984741211,0,25.0815500831604,24.187500063578288
2022-09-23,29.920000076293945,32.310001373291016,27.579999923706055,27.68000030517578,0,25.121700086593627,24.21683340072632
2022-09-26,32.2599983215332,32.880001068115234,29.829999923706055,31.739999771118164,0,25.183500080108644,24.27600005467733
2022-09-27,32.599998474121094,34.13999938964844,30.299999237060547,31.200000762939453,0,25.238600072860716,24.374333349863686
2022-09-28,30.18000030517578,34.880001068115234,30.030000686645508,34.5,0,25.29605007171631,24.418333339691163
2022-09-29,31.84000015258789,33.459999084472656,31.15999984741211,31.670000076293945,0,25.353700075149536,24.503500016530356
2022-09-30,31.6200008392334,33.25,29.389999389648438,31.610000610351562,0,25.40235008239746,24.595833365122477
2022-10-03,30.100000381469727,33.060001373291016,29.6299991607666,33.0,0,25.456400079727175,24.686833381652832
2022-10-04,29.06999969482422,29.6200008392334,28.559999465942383,29.520000457763672,0,25.49890007972717,24.735166708628338
2022-10-05,28.549999237060547,30.110000610351562,28.5,29.360000610351562,0,25.533800077438354,24.75616668065389
2022-10-06,30.520000457763672,30.739999771118164,28.559999465942383,28.600000381469727,0,25.572050075531006,24.817833360036214
2022-10-07,31.360000610351562,32.02000045776367,29.8799991607666,30.3700008392334,0,25.623800077438354,24.900500043233237
2022-10-10,32.45000076293945,33.9900016784668,32.04999923706055,32.93000030517578,0,25.692900085449217,25.03750006357829
2022-10-11,33.630001068115234,34.43000030517578,32.45000076293945,33.560001373291016,0,25.77125009536743,25.1763334274292
2022-10-12,33.56999969482422,34.529998779296875,33.11000061035156,33.540000915527344,0,25.850700092315673,25.327500089009604
2022-10-13,31.940000534057617,33.869998931884766,31.6299991607666,33.599998474121094,0,25.922700090408327,25.461833445231118
2022-10-14,32.02000045776367,32.97999954223633,31.139999389648438,31.889999389648438,0,25.998050088882447,25.61033344268799
2022-10-17,31.3700008392334,32.59000015258789,30.700000762939453,32.27000045776367,0,26.068250093460083,25.74933344523112
2022-10-18,30.5,31.93000030517578,30.420000076293945,31.100000381469727,0,26.13465009689331,25.868333435058595
2022-10-19,30.760000228881836,31.899999618530273,30.760000228881836,30.940000534057617,0,26.20545009613037,25.969500096639
2022-10-20,29.979999542236328,31.31999969482422,29.760000228881836,31.299999237060547,0,26.270800094604493,26.081833426157633
2022-10-21,29.690000534057617,30.440000534057617,29.239999771118164,30.209999084472656,0,26.3206000995636,26.204500102996825
2022-10-24,29.850000381469727,30.950000762939453,29.780000686645508,30.649999618530273,0,26.37180009841919,26.34650011062622
2022-10-25,28.459999084472656,30.0,28.219999313354492,29.799999237060547,0,26.420300092697143,26.440166759490968
2022-10-26,27.280000686645508,28.520000457763672,27.270000457763672,28.440000534057617,0,26.459700098037718,26.49600009918213
2022-10-27,27.389999389648438,27.670000076293945,26.940000534057617,27.510000228881836,0,26.504600095748902,26.586666742960613
2022-10-28,25.75,27.59000015258789,25.75,27.43000030517578,0,26.545250091552735,26.658500067392985
2022-10-31,25.8799991607666,27.06999969482422,25.84000015258789,26.90999984741211,0,26.573100090026855,26.737333393096925
2022-11-01,25.809999465942383,26.350000381469727,25.65999984741211,25.959999084472656,0,26.60620008468628,26.81266670227051
2022-11-02,25.860000610351562,26.6200008392334,25.389999389648438,26.040000915527344,0,26.6215500831604,26.880833371480307
2022-11-03,25.299999237060547,26.8700008392334,25.100000381469727,25.979999542236328,0,26.628800077438356,26.97350002924601
2022-11-04,24.549999237060547,25.709999084472656,24.0,25.6299991607666,0,26.623600072860718,27.046000003814697
2022-11-07,24.350000381469727,25.670000076293945,24.34000015258789,25.670000076293945,0,26.601100072860717,27.12633333206177
2022-11-08,25.540000915527344,26.15999984741211,24.239999771118164,24.709999084472656,0,26.579300079345703,27.219500001271566
2022-11-09,26.09000015258789,26.350000381469727,25.020000457763672,25.34000015258789,0,26.553950080871584,27.326166661580405
2022-11-10,23.530000686645508,26.59000015258789,22.84000015258789,26.510000228881836,0,26.511800088882445,27.386666679382323
2022-11-11,22.520000457763672,23.90999984741211,22.3700008392334,23.889999389648438,0,26.471950092315673,27.436000029246014
2022-11-14,23.729999542236328,24.329999923706055,22.860000610351562,23.989999771118164,0,26.452300090789794,27.488166681925456
2022-11-15,24.540000915527344,26.219999313354492,23.18000030517578,23.770000457763672,0,26.4508500957489,27.500500043233234
2022-11-16,24.110000610351562,24.719999313354492,23.989999771118164,24.290000915527344,0,26.461600103378295,27.500500043233234
2022-11-17,23.93000030517578,25.18000030517578,23.809999465942383,24.049999237060547,0,26.470800104141237,27.51900005340576
2022-11-18,23.1200008392334,24.1200008392334,22.979999542236328,24.030000686645508,0,26.464650106430053,27.541333389282226
2022-11-21,22.360000610351562,24.1200008392334,22.299999237060547,24.049999237060547,0,26.460350112915037,27.48800007502238
2022-11-22,21.290000915527344,22.709999084472656,21.280000686645508,22.59000015258789,0,26.45250011444092,27.406000105539956
2022-11-23,20.350000381469727,21.780000686645508,20.31999969482422,21.489999771118164,0,26.447050113677978,27.30833346048991
2022-11-25,20.5,21.110000610351562,20.459999084472656,20.610000610351562,0,26.449750118255615,27.218833446502686
2022-11-28,22.209999084472656,22.5,21.649999618530273,22.09000015258789,0,26.44125011444092,27.163000106811523
2022-11-29,21.889999389648438,22.56999969482422,21.829999923706055,22.09000015258789,0,26.4139001083374,27.10333344141642
2022-11-30,20.579999923706055,22.6299991607666,20.309999465942383,21.700000762939453,0,26.3751501083374,26.997833442687988
2022-12-01,19.84000015258789,21.059999465942383,19.799999237060547,20.829999923706055,0,26.345850105285646,26.917833455403645
2022-12-02,19.059999465942383,20.959999084472656,18.950000762939453,20.420000076293945,0,26.31970009803772,26.842000102996828
2022-12-05,20.75,21.290000915527344,19.780000686645508,20.299999237060547,0,26.282900094985962,26.808000087738037
2022-12-06,22.170000076293945,22.600000381469727,20.3799991607666,20.690000534057617,0,26.255000095367432,26.779666741689045
2022-12-07,22.68000030517578,23.010000228881836,22.18000030517578,22.31999969482422,0,26.224350099563598,26.703166739145914
2022-12-08,22.290000915527344,23.280000686645508,22.059999465942383,22.809999465942383,0,26.180700101852416,26.638666756947835
2022-12-09,22.829999923706055,23.209999084472656,22.18000030517578,22.549999237060547,0,26.143250102996827,26.58133341471354
2022-12-12,25.0,25.049999237060547,24.18000030517578,24.399999618530273,0,26.130300102233885,26.559666760762532
2022-12-13,22.549999237060547,25.84000015258789,21.459999084472656,25.239999771118164,0,26.09230010032654,26.50616674423218
2022-12-14,21.139999389648438,23.469999313354492,21.06999969482422,22.829999923706055,0,26.03140009880066,26.40583340326945
2022-12-15,22.829999923706055,23.670000076293945,21.25,21.520000457763672,0,25.9918500995636,26.31983340581258
2022-12-16,22.6200008392334,23.829999923706055,22.09000015258789,23.260000228881836,0,25.952550106048584,26.24100008010864
2022-12-19,22.420000076293945,22.860000610351562,21.610000610351562,22.6299991607666,0,25.904750108718872,26.11600008010864
2022-12-20,21.479999542236328,23.389999389648438,21.350000381469727,23.170000076293945,0,25.829900102615355,25.936333433787027
2022-12-21,20.06999969482422,21.290000915527344,19.940000534057617,21.25,0,25.754600095748902,25.727500120798748
2022-12-22,21.969999313354492,24.299999237060547,20.010000228881836,20.079999923706055,0,25.702200088500977,25.59066677093506
2022-12-23,20.8700008392334,22.639999389648438,20.780000686645508,22.170000076293945,0,25.65540009498596,25.407833449045818
2022-12-27,21.649999618530273,22.799999237060547,21.59000015258789,21.670000076293945,0,25.609900093078615,25.241666762034097
2022-12-28,22.139999389648438,22.260000228881836,20.959999084472656,21.469999313354492,0,25.561750087738037,25.109000078837077
2022-12-29,21.440000534057617,22.309999465942383,21.360000610351562,22.25,0,25.519800090789794,24.981833426157632
2022-12-30,21.670000076293945,22.399999618530273,21.59000015258789,21.829999923706055,0,25.494800090789795,24.86716677347819
2023-01-03,22.899999618530273,23.760000228881836,22.729999542236328,23.09000015258789,0,25.480950088500975,24.740166759490968
2023-01-04,22.010000228881836,23.270000457763672,21.940000534057617,22.93000030517578,0,25.47165008544922,24.584333419799805
2023-01-05,22.459999084472656,22.920000076293945,21.969999313354492,22.200000762939453,0,25.466300077438355,24.417833391825358
2023-01-06,21.1299991607666,22.899999618530273,21.0,22.690000534057617,0,25.4572500705719,24.20950002670288
2023-01-09,21.969999313354492,21.979999542236328,21.270000457763672,21.75,0,25.44925006866455,24.01616668701172
2023-01-10,20.579999923706055,22.459999084472656,20.579999923706055,22.219999313354492,0,25.443800067901613,23.82683334350586
2023-01-11,21.09000015258789,21.25,20.6200008392334,20.799999237060547,0,25.44520007133484,23.64466667175293
2023-01-12,18.829999923706055,21.799999237060547,18.829999923706055,21.559999465942383,0,25.441200075149535,23.435666656494142
2023-01-13,18.350000381469727,19.40999984741211,18.010000228881836,19.0,0,25.438450078964234,23.233166662851968
2023-01-17,19.360000610351562,20.219999313354492,19.209999084472656,19.889999389648438,0,25.43860008239746,23.0431666692098
2023-01-18,20.34000015258789,20.579999923706055,18.709999084472656,19.280000686645508,0,25.43750008583069,22.882500012715656
2023-01-19,20.520000457763672,21.709999084472656,20.170000076293945,20.43000030517578,0,25.441950092315675,22.729666678110757
2023-01-20,19.850000381469727,20.700000762939453,19.40999984741211,20.280000686645508,0,25.4483500957489,22.563000011444093
2023-01-23,19.809999465942383,20.329999923706055,19.549999237060547,20.209999084472656,0,25.442250089645384,22.418833351135255
2023-01-24,19.200000762939453,20.469999313354492,18.90999984741211,19.889999389648438,0,25.427750091552735,22.284166685740153
2023-01-25,19.079999923706055,20.899999618530273,18.989999771118164,19.559999465942383,0,25.415400094985962,22.145666694641115
2023-01-26,18.729999542236328,19.479999542236328,18.670000076293945,19.049999237060547,0,25.403250093460084,22.028666687011718
2023-01-27,18.510000228881836,19.0,17.969999313354492,18.899999618530273,0,25.373950090408325,21.905833371480306
2023-01-30,19.940000534057617,20.25,19.540000915527344,19.760000228881836,0,25.352350091934206,21.80800005594889
2023-01-31,19.399999618530273,20.700000762939453,19.1299991607666,20.1200008392334,0,25.340250091552733,21.70033337275187
2023-02-01,17.8700008392334,20.040000915527344,17.700000762939453,19.6200008392334,0,25.316100091934203,21.57650006612142
2023-02-02,18.729999542236328,19.25,17.059999465942383,17.739999771118164,0,25.298900089263917,21.47950007120768
2023-02-03,18.329999923706055,19.299999237060547,17.93000030517578,18.56999969482422,0,25.28370008468628,21.379166730244954
2023-02-06,19.43000030517578,19.809999465942383,19.209999084472656,19.229999542236328,0,25.27925008773804,21.277333386739095
2023-02-07,18.65999984741211,19.989999771118164,18.43000030517578,19.540000915527344,0,25.259150085449217,21.153500048319497
2023-02-08,19.6299991607666,20.1200008392334,18.549999237060547,18.8799991607666,0,25.216250085830687,21.088500022888184
2023-02-09,20.709999084472656,21.079999923706055,19.020000457763672,19.239999771118164,0,25.184700078964234,21.058333333333334
2023-02-10,20.530000686645508,21.940000534057617,20.440000534057617,20.739999771118164,0,25.11975008010864,21.005000019073485
2023-02-13,20.34000015258789,21.690000534057617,20.329999923706055,21.65999984741211,0,25.063450078964234,20.93500000635783
2023-02-14,18.90999984741211,20.75,18.479999542236328,20.719999313354492,0,25.008050079345704,20.848333326975503
2023-02-15,18.229999542236328,19.40999984741211,18.110000610351562,19.3700008392334,0,24.93220006942749,20.753333314259848
2023-02-16,20.170000076293945,20.270000457763672,18.229999542236328,18.260000228881836,0,24.87135006904602,20.704166634877524
2023-02-17,20.020000457763672,21.299999237060547,19.81999969482422,20.940000534057617,0,24.825200071334837,20.66516663233439
2023-02-21,22.8700008392334,23.34000015258789,21.799999237060547,21.799999237060547,0,24.812450075149535,20.691499964396158
2023-02-22,22.290000915527344,23.6299991607666,22.020000457763672,23.030000686645508,0,24.767900075912475,20.723833306630453
2023-02-23,21.139999389648438,22.43000030517578,20.889999389648438,21.959999084472656,0,24.72265007019043,20.734499963124595
2023-02-24,21.670000076293945,22.899999618530273,21.31999969482422,21.350000381469727,0,24.657250070571898,20.72549997965495
2023-02-27,20.950000762939453,22.020000457763672,20.68000030517578,21.989999771118164,0,24.597050065994264,20.709833335876464
2023-02-28,20.700000762939453,21.3700008392334,20.100000381469727,21.299999237060547,0,24.537750062942504,20.71183334986369
2023-03-01,20.579999923706055,21.31999969482422,20.219999313354492,20.389999389648438,0,24.481800060272217,20.724166679382325
2023-03-02,19.59000015258789,21.420000076293945,19.549999237060547,21.40999984741211,0,24.43540005683899,20.73300002415975
2023-03-03,18.489999771118164,19.760000228881836,18.15999984741211,19.760000228881836,0,24.390500059127806,20.695333353678386
2023-03-06,18.610000610351562,19.190000534057617,18.489999771118164,19.049999237060547,0,24.353050060272217,20.636000029246013
2023-03-07,19.59000015258789,19.739999771118164,18.510000228881836,18.639999389648438,0,24.296200065612794,20.58450002670288
2023-03-08,19.110000610351562,20.010000228881836,19.0,19.709999084472656,0,24.245000066757203,20.53150002161662
2023-03-09,22.610000610351562,23.139999389648438,18.8799991607666,19.329999923706055,0,24.21090006828308,20.52783336639404
2023-03-10,24.799999237060547,28.969999313354492,21.790000915527344,23.34000015258789,0,24.1925000667572,20.52450002034505
2023-03-13,26.520000457763672,30.809999465942383,23.850000381469727,24.049999237060547,0,24.177850065231322,20.59066670735677
2023-03-14,23.729999542236328,27.239999771118164,22.270000457763672,26.850000381469727,0,24.154650058746338,20.633833376566567
2023-03-15,26.139999389648438,29.90999984741211,23.190000534057617,23.209999084472656,0,24.14785005569458,20.689000034332274
2023-03-16,22.989999771118164,27.489999771118164,22.969999313354492,26.190000534057617,0,24.1342000579834,20.695166683197023
2023-03-17,25.510000228881836,26.139999389648438,22.579999923706055,22.920000076293945,0,24.13080005645752,20.746666685740152
2023-03-20,24.149999618530273,28.90999984741211,24.0,27.770000457763672,0,24.123100051879884,20.791166687011717
2023-03-21,21.3799991607666,24.15999984741211,21.290000915527344,24.15999984741211,0,24.106400051116943,20.813000011444093
2023-03-22,22.260000228881836,22.3799991607666,19.940000534057617,21.799999237060547,0,24.093750047683717,20.817833360036214
2023-03-23,22.610000610351562,24.90999984741211,20.15999984741211,21.540000915527344,0,24.081450052261353,20.846833356221516
2023-03-24,21.739999771118164,25.209999084472656,21.600000381469727,22.110000610351562,0,24.070050048828126,20.84833335876465
2023-03-27,20.600000381469727,22.93000030517578,20.56999969482422,22.049999237060547,0,24.05325005531311,20.822666708628336
2023-03-28,19.969999313354492,21.399999618530273,19.90999984741211,20.530000686645508,0,24.022650051116944,20.798166688283285
2023-03-29,19.1200008392334,19.450000762939453,19.09000015258789,19.389999389648438,0,23.97950005531311,20.75566670099894
2023-03-30,19.020000457763672,20.079999923706055,18.850000381469727,19.1200008392334,0,23.90450005531311,20.6910000483195
2023-03-31,18.700000762939453,19.43000030517578,18.520000457763672,19.209999084472656,0,23.834550065994264,20.635833390553792
2023-04-03,18.549999237060547,19.829999923706055,18.540000915527344,19.790000915527344,0,23.7792000579834,20.570666726430257
2023-04-04,19.0,20.030000686645508,18.579999923706055,18.790000915527344,0,23.709450054168702,20.53516674041748
2023-04-05,19.079999923706055,20.079999923706055,19.0,19.420000076293945,0,23.6492000579834,20.48700008392334
2023-04-06,18.399999618530273,19.8799991607666,18.350000381469727,19.299999237060547,0,23.59025005340576,20.450666745503742
2023-04-10,18.969999313354492,20.049999237060547,18.93000030517578,19.389999389648438,0,23.540350046157837,20.415333398183186
2023-04-11,19.100000381469727,19.280000686645508,18.559999465942383,19.079999923706055,0,23.490600051879884,20.419833405812582
2023-04-12,19.09000015258789,19.979999542236328,18.25,19.3799991607666,0,23.44990005493164,20.43216673533122
2023-04-13,17.799999237060547,19.059999465942383,17.770000457763672,18.829999923706055,0,23.404150047302245,20.406166712443035
2023-04-14,17.06999969482422,18.1200008392334,17.06999969482422,17.940000534057617,0,23.34770004272461,20.35166670481364
2023-04-17,16.950000762939453,17.790000915527344,16.899999618530273,17.579999923706055,0,23.291650047302245,20.292166709899902
2023-04-18,16.829999923706055,17.34000015258789,16.579999923706055,16.940000534057617,0,23.23225005149841,20.241833368937176
2023-04-19,16.459999084472656,17.719999313354492,16.170000076293945,17.299999237060547,0,23.18105004310608,20.186000029246014
2023-04-20,17.170000076293945,17.690000534057617,16.329999923706055,16.850000381469727,0,23.12920003890991,20.152166684468586
2023-04-21,16.770000457763672,17.709999084472656,16.579999923706055,17.510000228881836,0,23.07940004348755,20.11366669336955
2023-04-24,16.889999389648438,18.239999771118164,16.739999771118164,18.219999313354492,0,23.03345004081726,20.083000024159748
2023-04-25,18.760000228881836,19.860000610351562,17.329999923706055,17.6200008392334,0,23.00405004501343,20.087166690826415
2023-04-26,18.84000015258789,19.610000610351562,17.8700008392334,18.65999984741211,0,22.967400045394896,20.068833351135254
2023-04-27,17.030000686645508,18.43000030517578,16.719999313354492,18.43000030517578,0,22.916100044250488,20.029333368937174
2023-04-28,15.779999732971191,17.649999618530273,15.720000267028809,17.209999084472656,0,22.860900044441223,19.99450001716614
2023-05-01,16.079999923706055,16.6200008392334,15.529999732971191,16.40999984741211,0,22.809300045967102,19.9503333568573
2023-05-02,17.780000686645508,19.809999465942383,16.260000228881836,16.270000457763672,0,22.777050051689148,19.94116670290629
2023-05-03,18.34000015258789,18.829999923706055,17.190000534057617,17.81999969482422,0,22.742250056266784,19.923000033696493
2023-05-04,20.09000015258789,21.329999923706055,18.670000076293945,19.170000076293945,0,22.720200057029725,19.94683337211609
2023-05-05,17.190000534057617,19.6299991607666,16.690000534057617,19.5,0,22.68675006389618,19.906166728337606
2023-05-08,16.979999542236328,17.8799991607666,16.829999923706055,17.729999542236328,0,22.6561000585556,19.844000069300332
2023-05-09,17.709999084472656,17.860000610351562,17.219999313354492,17.290000915527344,0,22.62950005054474,19.797000042597453
2023-05-10,16.940000534057617,18.309999465942383,16.360000610351562,17.579999923706055,0,22.59740005016327,19.740333382288615
2023-05-11,16.93000030517578,18.190000534057617,16.6299991607666,16.799999237060547,0,22.55860004901886,19.70733338991801
2023-05-12,17.030000686645508,17.920000076293945,16.3799991607666,16.829999923706055,0,22.527550053596496,19.687333408991496
2023-05-15,17.1200008392334,18.15999984741211,17.079999923706055,17.440000534057617,0,22.501500058174134,19.63650008837382
2023-05-16,17.989999771118164,18.299999237060547,17.260000228881836,17.540000915527344,0,22.484800057411192,19.602666743596394
2023-05-17,16.8700008392334,18.260000228881836,16.68000030517578,17.959999084472656,0,22.45495006084442,19.502666743596397
2023-05-18,16.049999237060547,17.149999618530273,16.049999237060547,16.920000076293945,0,22.415550055503846,19.39866671562195
2023-05-19,16.809999465942383,17.360000610351562,15.850000381469727,16.1299991607666,0,22.38985004901886,19.326500050226848
2023-05-22,17.209999084472656,18.1299991607666,16.81999969482422,17.450000762939453,0,22.368700041770936,19.25216670036316
2023-05-23,18.530000686645508,19.309999465942383,17.299999237060547,17.350000381469727,0,22.355600047111512,19.21183336575826
2023-05-24,20.030000686645508,20.809999465942383,18.799999237060547,18.799999237060547,0,22.3493000459671,19.20066669782003
2023-05-25,19.139999389648438,19.950000762939453,18.700000762939453,19.540000915527344,0,22.336150040626524,19.176666688919067
2023-05-26,17.950000762939453,19.559999465942383,17.270000457763672,19.06999969482422,0,22.32720004558563,19.14933336575826
2023-05-30,17.459999084472656,18.34000015258789,16.979999542236328,17.559999465942383,0,22.313500037193297,19.1321666876475
2023-05-31,17.940000534057617,18.399999618530273,17.1200008392334,18.040000915527344,0,22.305550036430358,19.121000019709268
2023-06-01,15.649999618530273,17.59000015258789,15.579999923706055,17.239999771118164,0,22.284050030708315,19.05533334414164
2023-06-02,14.600000381469727,15.649999618530273,14.420000076293945,15.649999618530273,0,22.258600029945374,18.98016667366028
2023-06-05,14.729999542236328,15.289999961853027,14.65999984741211,15.279999732971191,0,22.232750029563903,18.848833322525024
2023-06-06,13.960000038146973,14.970000267028809,13.949999809265137,14.90999984741211,0,22.204750032424926,18.6681666692098
2023-06-07,13.9399995803833,14.289999961853027,13.770000457763672,14.140000343322754,0,22.171450028419496,18.458499987920124
2023-06-08,13.649999618530273,14.210000038146973,13.529999732971191,14.140000343322754,0,22.120700030326844,18.29049998919169
2023-06-09,13.829999923706055,14.140000343322754,13.5,13.779999732971191,0,22.069300026893615,18.085333331425986
2023-06-12,15.010000228881836,15.020000457763672,14.319999694824219,14.4399995803833,0,22.030250029563902,17.95233333905538
2023-06-13,14.609999656677246,15.0600004196167,14.470000267028809,14.989999771118164,0,21.994400024414062,17.77066666285197
2023-06-14,13.880000114440918,14.729999542236328,13.829999923706055,14.479999542236328,0,21.936000027656554,17.59950000445048
2023-06-15,14.5,14.520000457763672,13.789999961853027,14.09000015258789,0,21.877450032234194,17.484833351771037
2023-06-16,13.539999961853027,14.539999961853027,13.479999542236328,14.489999771118164,0,21.814100036621095,17.339500013987223
2023-06-20,13.880000114440918,14.670000076293945,13.859999656677246,14.359999656677246,0,21.75415003299713,17.194000005722046
2023-06-21,13.199999809265137,13.890000343322754,13.100000381469727,13.880000114440918,0,21.692350034713744,17.051666673024496
2023-06-22,12.90999984741211,13.979999542236328,12.729999542236328,13.880000114440918,0,21.629550037384032,16.92349999745687
2023-06-23,13.4399995803833,13.800000190734863,12.880000114440918,13.239999771118164,0,21.56220003604889,16.814666668574016
2023-06-26,14.25,14.710000038146973,13.779999732971191,14.430000305175781,0,21.510250039100647,16.733499987920126
2023-06-27,13.739999771118164,14.34000015258789,13.59000015258789,14.109999656677246,0,21.46090003490448,16.645499976476035
2023-06-28,13.430000305175781,13.960000038146973,13.359999656677246,13.899999618530273,0,21.414100031852723,16.557666635513307
2023-06-29,13.539999961853027,13.850000381469727,13.40999984741211,13.640000343322754,0,21.36245002746582,16.47416664759318
2023-06-30,13.59000015258789,13.59000015258789,12.960000038146973,13.510000228881836,0,21.294050025939942,16.383999983469646
2023-07-03,13.569999694824219,13.850000381469727,13.470000267028809,13.850000381469727,0,21.231100025177003,16.292166646321615
2023-07-05,14.180000305175781,14.739999771118164,14.050000190734863,14.1899995803833,0,21.170650024414062,16.221833324432374
2023-07-06,15.4399995803833,17.079999923706055,14.789999961853027,14.850000381469727,0,21.116350026130675,16.16299999554952
2023-07-07,14.829999923706055,16.059999465942383,14.329999923706055,15.970000267028809,0,21.061700024604797,16.091833321253457
2023-07-10,15.069999694824219,16.209999084472656,15.039999961853027,16.079999923706055,0,21.00125002384186,16.024833313624065
2023-07-11,14.84000015258789,15.25,14.630000114440918,15.020000457763672,0,20.935500025749207,15.97549999554952
2023-07-12,13.539999961853027,14.819999694824219,13.510000228881836,14.819999694824219,0,20.866450023651122,15.916666666666666
2023-07-13,13.609999656677246,13.609999656677246,13.119999885559082,13.4399995803833,0,20.78490002155304,15.860999981562296
2023-07-14,13.34000015258789,13.760000228881836,13.220000267028809,13.720000267028809,0,20.690300030708315,15.802833318710327
2023-07-17,13.479999542236328,14.0,13.430000305175781,13.779999732971191,0,20.594700036048888,15.753166659673054
2023-07-18,13.300000190734863,13.670000076293945,13.289999961853027,13.609999656677246,0,20.510300035476686,15.688666661580404
2023-07-19,13.760000228881836,13.84000015258789,13.119999885559082,13.319999694824219,0,20.419900035858156,15.63849999109904
2023-07-20,13.989999771118164,14.229999542236328,13.579999923706055,13.960000038146973,0,20.33175003051758,15.590166664123535
2023-07-21,13.600000381469727,13.890000343322754,13.369999885559082,13.869999885559082,0,20.24925003051758,15.504166666666666
2023-07-24,13.90999984741211,14.300000190734863,13.729999542236328,14.289999961853027,0,20.173450031280517,15.421999994913737
2023-07-25,13.859999656677246,14.09000015258789,13.819999694824219,14.020000457763672,0,20.100000033378603,15.369166644414266
2023-07-26,13.1899995803833,14.15999984741211,13.149999618530273,13.859999656677246,0,20.0133500289917,15.325999975204468
2023-07-27,14.40999984741211,15.020000457763672,12.739999771118164,13.140000343322754,0,19.928600025177,15.298166640599568
2023-07-28,13.329999923706055,14.180000305175781,13.270000457763672,14.029999732971191,0,19.833000020980833,15.223999961217244
2023-07-31,13.630000114440918,14.09000015258789,13.569999694824219,13.979999542236328,0,19.733000016212465,15.145499960581462
2023-08-01,13.930000305175781,14.300000190734863,13.75,13.75,0,19.634800019264222,15.042833296457927
2023-08-02,16.09000015258789,16.479999542236328,14.949999809265137,15.699999809265137,0,19.55555001735687,15.024499956766764
2023-08-03,15.920000076293945,17.420000076293945,15.720000267028809,16.770000457763672,0,19.475050015449526,15.006833299001057
2023-08-04,17.100000381469727,17.389999389648438,14.569999694824219,16.010000228881836,0,19.403700013160705,14.996666653951008
2023-08-07,15.770000457763672,17.360000610351562,15.770000457763672,16.899999618530273,0,19.330050015449523,14.977166652679443
2023-08-08,15.989999771118164,18.139999389648438,15.960000038146973,16.280000686645508,0,19.256200013160704,14.961499977111817
2023-08-09,15.960000038146973,16.8700008392334,15.380000114440918,15.8100004196167,0,19.18610001564026,14.943666632970174
2023-08-10,15.850000381469727,16.860000610351562,14.600000381469727,15.579999923706055,0,19.11690001487732,14.922499958674113
2023-08-11,14.84000015258789,16.510000228881836,14.84000015258789,15.529999732971191,0,19.041850013732912,14.869999965031942
2023-08-14,14.819999694824219,16.059999465942383,14.770000457763672,15.880000114440918,0,18.973650016784667,14.835833279291789
2023-08-15,16.459999084472656,16.56999969482422,14.90999984741211,14.949999809265137,0,18.919550008773804,14.84266661008199
2023-08-16,16.780000686645508,16.93000030517578,15.800000190734863,16.540000915527344,0,18.86650001525879,14.842166630427043
2023-08-17,17.889999389648438,18.1299991607666,16.399999618530273,16.959999084472656,0,18.82720001220703,14.85349996884664
2023-08-18,17.299999237060547,18.8799991607666,17.139999389648438,17.799999237060547,0,18.784300012588503,14.83299994468689
2023-08-21,17.1299991607666,18.110000610351562,16.8799991607666,18.030000686645508,0,18.74090001106262,14.784666585922242
2023-08-22,16.969999313354492,17.579999923706055,16.610000610351562,16.959999084472656,0,18.69645000457764,14.74849991798401
2023-08-23,15.979999542236328,17.100000381469727,15.90999984741211,16.639999389648438,0,18.649850006103517,14.715666564305623
2023-08-24,17.200000762939453,17.31999969482422,15.479999542236328,15.569999694824219,0,18.61310001373291,14.711333258946736
2023-08-25,15.680000305175781,17.360000610351562,15.449999809265137,17.209999084472656,0,18.56975001335144,14.673666588465373
2023-08-28,15.079999923706055,16.280000686645508,15.0,16.239999771118164,0,18.517450008392334,14.664166593551636
2023-08-29,14.449999809265137,15.300000190734863,14.34000015258789,15.079999923706055,0,18.45925000667572,14.661666584014892
2023-08-30,13.880000114440918,14.699999809265137,13.829999923706055,14.529999732971191,0,18.411000003814696,14.647499926884969
2023-08-31,13.569999694824219,14.0,13.4399995803833,13.979999542236328,0,18.36625,14.640999921162923
2023-09-01,13.09000015258789,13.5600004196167,13.020000457763672,13.5600004196167,0,18.313050003051757,14.626833264033
2023-09-05,14.010000228881836,14.470000267028809,13.699999809265137,14.149999618530273,0,18.26039999961853,14.632833274205526
2023-09-06,14.449999809265137,15.300000190734863,14.130000114440918,14.270000457763672,0,18.212099995613098,14.64316660563151
2023-09-07,14.399999618530273,15.6899995803833,14.399999618530273,14.8100004196167,0,18.164449992179872,14.632999928792318
2023-09-08,13.84000015258789,14.869999885559082,13.579999923706055,14.220000267028809,0,18.118049988746645,14.620166603724162
2023-09-11,13.800000190734863,14.329999923706055,13.739999771118164,14.170000076293945,0,18.075249986648558,14.618833271662394
2023-09-12,14.229999542236328,14.420000076293945,13.710000038146973,14.020000457763672,0,18.039949979782104,14.614333264033
2023-09-13,13.479999542236328,14.680000305175781,13.40999984741211,14.420000076293945,0,18.005599975585938,14.613333257039388
2023-09-14,12.819999694824219,13.460000038146973,12.789999961853027,13.390000343322754,0,17.96719997406006,14.59566658337911
2023-09-15,13.789999961853027,14.170000076293945,12.680000305175781,12.699999809265137,0,17.925099978446962,14.605499919255575
2023-09-18,14.0,14.75,13.859999656677246,14.399999618530273,0,17.88564998149872,14.623666588465372
2023-09-19,14.109999656677246,14.880000114440918,13.859999656677246,14.109999656677246,0,17.853299980163573,14.634833256403605
2023-09-20,15.140000343322754,15.149999618530273,13.569999694824219,14.180000305175781,0,17.829799981117247,14.649666595458985
2023-09-21,17.540000915527344,17.540000915527344,15.100000381469727,15.489999771118164,0,17.822199988365174,14.712999947865804
2023-09-22,17.200000762939453,17.40999984741211,15.930000305175781,17.309999465942383,0,17.80444999217987,14.775833288828531
2023-09-25,16.899999618530273,18.40999984741211,16.790000915527344,17.25,0,17.778099989891054,14.831833283106485
2023-09-26,18.940000534057617,19.5,17.170000076293945,18.030000686645508,0,17.759399991035462,14.92099995613098
2023-09-27,18.219999313354492,19.709999084472656,18.030000686645508,18.290000915527344,0,17.739049983024596,14.998499949773153
2023-09-28,17.34000015258789,18.770000457763672,17.059999465942383,18.219999313354492,0,17.711599984169005,15.051166613896688
2023-09-29,17.520000457763672,17.739999771118164,15.829999923706055,16.8700008392334,0,17.674199986457825,15.08583329518636
2023-10-02,17.610000610351562,18.549999237060547,16.93000030517578,17.309999465942383,0,17.64949999332428,15.132166639963787
2023-10-03,19.780000686645508,20.479999542236328,17.520000457763672,17.809999465942383,0,17.642699999809267,15.21066665649414
2023-10-04,18.579999923706055,20.8799991607666,18.299999237060547,20.719999313354492,0,17.621449999809265,15.272999986012776
2023-10-05,18.489999771118164,19.579999923706055,18.260000228881836,18.670000076293945,0,17.600799994468687,15.355499982833862
2023-10-06,17.450000762939453,19.93000030517578,17.190000534057617,18.729999542236328,0,17.575949997901915,15.419500001271565
2023-10-09,17.700000762939453,19.600000381469727,17.559999465942383,19.540000915527344,0,17.557050004005433,15.492166678110758
2023-10-10,17.030000686645508,17.860000610351562,16.510000228881836,17.700000762939453,0,17.541850008964538,15.551333363850912
2023-10-11,16.09000015258789,17.780000686645508,16.09000015258789,16.950000762939453,0,17.512450013160706,15.597833363215129
2023-10-12,16.690000534057617,18.079999923706055,15.4399995803833,16.079999923706055,0,17.49155001163483,15.646666701634725
2023-10-13,19.31999969482422,20.780000686645508,16.5,16.530000686645508,0,17.479900012016298,15.735500033696493
2023-10-16,17.209999084472656,19.56999969482422,17.139999389648438,19.100000381469727,0,17.455250010490417,15.79566667874654
2023-10-17,17.8799991607666,18.540000915527344,16.969999313354492,17.40999984741211,0,17.43745000362396,15.861833333969116
2023-10-18,19.219999313354492,20.149999618530273,17.8799991607666,18.360000610351562,0,17.425199999809266,15.951166661580404
2023-10-19,21.399999618530273,21.399999618530273,18.549999237060547,19.729999542236328,0,17.417699999809265,16.08799999554952
2023-10-20,21.709999084472656,21.829999923706055,20.420000076293945,21.59000015258789,0,17.41619999408722,16.20966664950053
2023-10-23,20.3700008392334,23.079999923706055,19.479999542236328,21.829999923706055,0,17.405750002861023,16.326999998092653
2023-10-24,18.969999313354492,20.239999771118164,18.649999618530273,20.030000686645508,0,17.39495000362396,16.415999984741212
2023-10-25,20.190000534057617,21.239999771118164,18.860000610351562,19.389999389648438,0,17.386050009727477,16.520333321889243
2023-10-26,20.68000030517578,21.959999084472656,20.219999313354492,21.780000686645508,0,17.386550011634828,16.596833324432374
2023-10-27,21.270000457763672,22.06999969482422,19.719999313354492,20.389999389648438,0,17.387450013160706,16.685999997456868
2023-10-30,19.75,21.15999984741211,19.549999237060547,21.1299991607666,0,17.392050013542175,16.730166657765707
2023-10-31,18.139999389648438,19.860000610351562,17.969999313354492,19.860000610351562,0,17.39100000858307,16.769666639963784
2023-11-01,16.8700008392334,18.420000076293945,16.6299991607666,18.020000457763672,0,17.378550009727476,16.784333324432374
2023-11-02,15.65999984741211,16.6200008392334,15.579999923706055,16.59000015258789,0,17.355150008201598,16.779333321253457
2023-11-03,14.90999984741211,15.829999923706055,14.90999984741211,15.699999809265137,0,17.32710000514984,16.76366664568583
2023-11-06,14.890000343322754,15.579999923706055,14.84000015258789,15.390000343322754,0,17.302300004959108,16.76449998219808
2023-11-07,14.8100004196167,15.170000076293945,14.710000038146973,15.100000381469727,0,17.27730000972748,16.764333327611286
2023-11-08,14.449999809265137,15.09000015258789,14.300000190734863,14.90999984741211,0,17.253550004959106,16.730833339691163
2023-11-09,15.289999961853027,15.569999694824219,14.130000114440918,14.609999656677246,0,17.23460000514984,16.705999994277953
2023-11-10,14.170000076293945,15.449999809265137,14.15999984741211,15.09000015258789,0,17.21180000782013,16.644000005722045
2023-11-13,14.760000228881836,15.1899995803833,14.579999923706055,15.15999984741211,0,17.19305000782013,16.601666688919067
2023-11-14,14.15999984741211,14.859999656677246,13.90999984741211,14.829999923706055,0,17.1641500043869,16.55216670036316
2023-11-15,14.180000305175781,14.350000381469727,13.970000267028809,14.210000038146973,0,17.13805000782013,16.505666716893515
2023-11-16,14.319999694824219,14.420000076293945,13.680000305175781,14.119999885559082,0,17.120300002098084,16.47800005276998
2023-11-17,13.800000190734863,14.1899995803833,13.670000076293945,14.180000305175781,0,17.095650005340577,16.42133337656657
2023-11-20,13.40999984741211,14.3100004196167,13.390000343322754,14.260000228881836,0,17.071050004959105,16.38350003560384
2023-11-21,13.350000381469727,14.3100004196167,13.130000114440918,13.449999809265137,0,17.040650005340577,16.354666709899902
2023-11-22,12.850000381469727,13.25,12.819999694824219,13.079999923706055,0,17.011600008010863,16.32800005276998
2023-11-24,12.460000038146973,13.170000076293945,12.449999809265137,13.029999732971191,0,16.975750012397768,16.304333384831747
2023-11-27,12.6899995803833,13.279999732971191,12.640000343322754,13.140000343322754,0,16.935650014877318,16.28966671625773
2023-11-28,12.6899995803833,14.300000190734863,12.5600004196167,12.779999732971191,0,16.896450009346008,16.283000040054322
2023-11-29,12.979999542236328,13.100000381469727,12.479999542236328,12.710000038146973,0,16.85965000629425,16.265833361943564
2023-11-30,12.920000076293945,13.390000343322754,12.819999694824219,13.069999694824219,0,16.82970000743866,16.240333366394044
2023-12-01,12.630000114440918,12.960000038146973,12.479999542236328,12.9399995803833,0,16.801700010299683,16.21083337465922
2023-12-04,13.079999923706055,13.699999809265137,12.979999542236328,13.279999732971191,0,16.766250009536744,16.198166704177858
2023-12-05,12.850000381469727,13.760000228881836,12.8100004196167,13.260000228881836,0,16.730400009155275,16.182333374023436
2023-12-06,12.970000267028809,13.029999732971191,12.640000343322754,12.779999732971191,0,16.68090000629425,16.161333386103312
2023-12-07,13.0600004196167,13.279999732971191,12.949999809265137,13.170000076293945,0,16.6347500038147,16.15433340072632
2023-12-08,12.350000381469727,13.239999771118164,12.350000381469727,13.140000343322754,0,16.590800008773805,16.146500078837075
2023-12-11,12.630000114440918,13.140000343322754,12.609999656677246,13.050000190734863,0,16.545600008964538,16.127166748046875
2023-12-12,12.069999694824219,12.739999771118164,11.8100004196167,12.6899995803833,0,16.501200003623964,16.095000076293946
2023-12-13,12.1899995803833,12.460000038146973,11.819999694824219,12.199999809265137,0,16.45864999771118,16.06300007502238
2023-12-14,12.479999542236328,12.739999771118164,11.84000015258789,11.960000038146973,0,16.418149995803834,16.018666728337607
2023-12-15,12.279999732971191,12.539999961853027,12.010000228881836,12.119999885559082,0,16.38159999370575,15.93100004196167
2023-12-18,12.5600004196167,12.640000343322754,12.399999618530273,12.619999885559082,0,16.351949996948242,15.85366670290629
2023-12-19,12.529999732971191,12.600000381469727,12.329999923706055,12.600000381469727,0,16.32154999256134,15.780833371480306
2023-12-20,13.670000076293945,13.930000305175781,12.289999961853027,12.630000114440918,0,16.29194999217987,15.693000030517577
2023-12-21,13.649999618530273,14.489999771118164,13.34000015258789,13.399999618530273,0,16.264649987220764,15.616833368937174
2023-12-22,13.029999732971191,13.960000038146973,13.0,13.720000267028809,0,16.21674998283386,15.545000028610229
2023-12-26,12.989999771118164,13.800000190734863,12.960000038146973,13.770000457763672,0,16.157699985504152,15.469500017166137
2023-12-27,12.430000305175781,13.039999961853027,12.369999885559082,13.020000457763672,0,16.08724998474121,15.38316667874654
2023-12-28,12.470000267028809,12.649999618530273,12.380000114440918,12.4399995803833,0,16.030949988365172,15.261333338419597
2023-12-29,12.449999809265137,13.1899995803833,12.359999656677246,12.550000190734863,0,15.962499990463257,15.15916666984558
2024-01-02,13.199999809265137,14.229999542236328,13.100000381469727,13.220000267028809,0,15.913549990653992,15.071000003814698
2024-01-03,14.039999961853027,14.220000267028809,13.329999923706055,13.350000381469727,0,15.856199989318847,15.014166657129923
2024-01-04,14.130000114440918,14.199999809265137,13.640000343322754,13.930000305175781,0,15.806099991798401,14.954666646321614
2024-01-05,13.350000381469727,14.579999923706055,13.289999961853027,14.239999771118164,0,15.765949997901917,14.893333307902019
2024-01-08,13.079999923706055,14.180000305175781,13.020000457763672,14.0,0,15.720049996376037,14.843166637420655
2024-01-09,12.760000228881836,13.449999809265137,12.739999771118164,13.199999809265137,0,15.67079999446869,14.777666632334391
2024-01-10,12.6899995803833,12.949999809265137,12.670000076293945,12.859999656677246,0,15.625549993515016,14.667166630427042
2024-01-11,12.4399995803833,13.3100004196167,12.350000381469727,12.640000343322754,0,15.584749989509582,14.58766663869222
2024-01-12,12.699999809265137,13.079999923706055,12.470000267028809,12.65999984741211,0,15.548399991989136,14.501333316167196
2024-01-16,13.84000015258789,14.350000381469727,13.520000457763672,14.119999885559082,0,15.521999988555908,14.411666663487752
2024-01-17,14.789999961853027,15.399999618530273,14.380000114440918,14.59000015258789,0,15.500849986076355,14.301500002543131
2024-01-18,14.130000114440918,14.890000343322754,13.890000343322754,14.850000381469727,0,15.477999982833863,14.175166686375936
2024-01-19,13.300000190734863,14.579999923706055,13.279999732971191,13.800000190734863,0,15.451749987602234,14.057333342234294
2024-01-22,13.1899995803833,13.84000015258789,13.170000076293945,13.770000457763672,0,15.42269998550415,13.961000013351441
2024-01-23,12.550000190734863,13.289999961853027,12.529999732971191,13.199999809265137,0,15.390049986839294,13.833666674296062
2024-01-24,13.140000343322754,13.180000305175781,12.40999984741211,12.65999984741211,0,15.363749990463257,13.708000008265177
2024-01-25,13.449999809265137,13.579999923706055,13.0600004196167,13.180000305175781,0,15.33614999294281,13.577666664123536
2024-01-26,13.260000228881836,14.100000381469727,13.199999809265137,13.729999542236328,0,15.30694999217987,13.469500001271566
2024-01-29,13.600000381469727,15.350000381469727,13.59000015258789,13.979999542236328,0,15.27949999332428,13.393833351135253
2024-01-30,13.3100004196167,13.739999771118164,13.229999542236328,13.6899995803833,0,15.257049999237061,13.33450001080831
2024-01-31,14.350000381469727,14.609999656677246,13.180000305175781,13.420000076293945,0,15.243450002670288,13.312666686375936
2024-02-01,13.880000114440918,14.630000114440918,13.869999885559082,14.210000038146973,0,15.228099999427796,13.295500024159749
2024-02-02,13.850000381469727,14.229999542236328,13.390000343322754,13.949999809265137,0,15.213200001716613,13.278166691462198
2024-02-05,13.670000076293945,14.529999732971191,13.579999923706055,14.369999885559082,0,15.19925000667572,13.259166685740153
2024-02-06,13.0600004196167,13.779999732971191,12.979999542236328,13.569999694824219,0,15.178700008392333,13.236000029246012
2024-02-07,12.829999923706055,13.130000114440918,12.8100004196167,13.0600004196167,0,15.159000005722046,13.19500002861023
2024-02-08,12.789999961853027,13.170000076293945,12.739999771118164,12.949999809265137,0,15.138500008583069,13.17200002670288
2024-02-09,12.930000305175781,13.010000228881836,12.6899995803833,12.789999961853027,0,15.109350008964539,13.141500027974446
2024-02-12,13.930000305175781,13.9399995803833,13.34000015258789,13.479999542236328,0,15.084800009727479,13.137666702270508
2024-02-13,15.850000381469727,17.940000534057617,13.430000305175781,13.960000038146973,0,15.078900008201598,13.165500036875407
2024-02-14,14.380000114440918,15.470000267028809,14.220000267028809,15.380000114440918,0,15.071900010108948,13.166500043869018
2024-02-15,14.010000228881836,14.640000343322754,13.9399995803833,14.270000457763672,0,15.061550011634827,13.170000044504802
2024-02-16,14.239999771118164,14.710000038146973,13.75,13.9399995803833,0,15.04385000705719,13.18383337656657
2024-02-20,15.420000076293945,15.90999984741211,15.069999694824219,15.09000015258789,0,15.02925000667572,13.218333371480306
2024-02-21,15.34000015258789,16.1200008392334,15.220000267028809,15.539999961853027,0,15.005500006675721,13.259833367665609
2024-02-22,14.539999961853027,14.640000343322754,14.119999885559082,14.279999732971191,0,14.992250003814696,13.294500033060709
2024-02-23,13.75,14.3100004196167,13.640000343322754,14.3100004196167,0,14.976100006103515,13.312166706720989
2024-02-26,13.739999771118164,14.199999809265137,13.65999984741211,14.170000076293945,0,14.956250009536744,13.329666709899902
2024-02-27,13.430000305175781,13.75,13.40999984741211,13.630000114440918,0,14.938700008392335,13.33716672261556
2024-02-28,13.84000015258789,13.899999618530273,13.4399995803833,13.520000457763672,0,14.923250007629395,13.352500057220459
2024-02-29,13.399999618530273,14.149999618530273,13.300000190734863,14.140000343322754,0,14.905100002288819,13.365333382288615
2024-03-01,13.109999656677246,13.65999984741211,13.079999923706055,13.34000015258789,0,14.885049996376038,13.365833377838134
2024-03-04,13.489999771118164,13.579999923706055,13.319999694824219,13.489999771118164,0,14.862549996376037,13.376500034332276
2024-03-05,14.460000038146973,15.100000381469727,13.75,13.75,0,14.850499992370606,13.401333363850911
2024-03-06,14.5,14.930000305175781,13.890000343322754,14.270000457763672,0,14.842749996185303,13.4253333568573
2024-03-07,14.4399995803833,14.979999542236328,14.25,14.979999542236328,0,14.830899996757507,13.460166676839192
2024-03-08,14.739999771118164,15.529999732971191,13.970000267028809,14.220000267028809,0,14.818550000190735,13.495333337783814
2024-03-11,15.220000267028809,16.040000915527344,15.130000114440918,15.510000228881836,0,14.80199999809265,13.547833347320557
2024-03-12,13.84000015258789,15.199999809265137,13.8100004196167,14.970000267028809,0,14.771049995422363,13.5753333568573
2024-03-13,13.75,14.039999961853027,13.670000076293945,13.890000343322754,0,14.744099998474121,13.596500031153361
2024-03-14,14.399999618530273,15.329999923706055,13.420000076293945,13.619999885559082,0,14.726349992752075,13.631833362579346
2024-03-15,14.40999984741211,15.529999732971191,14.140000343322754,14.329999923706055,0,14.711099996566773,13.662666686375935
2024-03-18,14.329999923706055,14.850000381469727,14.260000228881836,14.75,0,14.693049993515015,13.69266668955485
2024-03-19,13.819999694824219,14.859999656677246,13.800000190734863,14.5,0,14.683899993896484,13.695166683197021
2024-03-20,13.039999961853027,14.170000076293945,13.010000228881836,13.829999923706055,0,14.6760999917984,13.685000022252401
2024-03-21,12.920000076293945,13.079999923706055,12.399999618530273,12.979999542236328,0,14.66704999446869,13.683166694641113
2024-03-22,13.0600004196167,13.149999618530273,12.579999923706055,12.920000076293945,0,14.662549996376038,13.68433337211609
2024-03-25,13.1899995803833,13.670000076293945,13.109999656677246,13.670000076293945,0,14.658799996376038,13.69700002670288
2024-03-26,13.239999771118164,13.430000305175781,12.84000015258789,13.119999885559082,0,14.656749997138977,13.709833351771037
2024-03-27,12.779999732971191,13.34000015258789,12.65999984741211,13.130000114440918,0,14.651499996185303,13.71533335049947
2024-03-28,13.010000228881836,13.100000381469727,12.84000015258789,12.930000305175781,0,14.641499996185303,13.712166690826416
2024-04-01,13.649999618530273,14.149999618530273,13.550000190734863,13.609999656677246,0,14.636699995994569,13.70566668510437
2024-04-02,14.609999656677246,15.430000305175781,13.680000305175781,13.739999771118164,0,14.64034999370575,13.713666677474976
2024-04-03,14.329999923706055,15.180000305175781,14.25,15.0,0,14.63949999332428,13.730000003178914
2024-04-04,16.350000381469727,16.920000076293945,13.739999771118164,14.289999961853027,0,14.653549995422363,13.784500010808308
2024-04-05,16.030000686645508,16.75,15.529999732971191,16.450000762939453,0,14.664299998283386,13.839000018437703
2024-04-08,15.1899995803833,16.5,15.109999656677246,16.239999771118164,0,14.674249997138977,13.88066668510437
2024-04-09,14.979999542236328,16.6299991607666,14.9399995803833,15.34000015258789,0,14.684599995613098,13.92300001780192
2024-04-10,15.800000190734863,16.6200008392334,14.59000015258789,15.239999771118164,0,14.696399998664855,13.974666690826416
2024-04-11,14.90999984741211,17.610000610351562,14.90999984741211,16.020000457763672,0,14.699699997901917,13.992500019073486
2024-04-12,17.309999465942383,19.200000762939453,14.90999984741211,14.90999984741211,0,14.717549996376038,14.034500010808308
2024-04-15,19.229999542236328,19.459999084472656,16.260000228881836,16.940000534057617,0,14.74654999256134,14.119500001271566
2024-04-16,18.399999618530273,19.559999465942383,17.639999389648438,19.489999771118164,0,14.770849990844727,14.204499991734822
2024-04-17,18.209999084472656,19.110000610351562,17.540000915527344,18.239999771118164,0,14.79394998550415,14.288166650136311
2024-04-18,18.0,18.3700008392334,17.209999084472656,17.90999984741211,0,14.816099987030029,14.37899998029073
2024-04-19,18.709999084472656,21.360000610351562,18.170000076293945,21.329999923706055,0,14.838749980926513,14.471833292643229
2024-04-22,16.940000534057617,18.719999313354492,16.690000534057617,18.59000015258789,0,14.846249985694886,14.52999997138977
2024-04-23,15.6899995803833,16.760000228881836,15.6899995803833,16.719999313354492,0,14.850549983978272,14.570499960581461
2024-04-24,15.970000267028809,16.3799991607666,15.579999923706055,15.760000228881836,0,14.855049986839294,14.609999958674113
2024-04-25,15.369999885559082,17.549999237060547,15.270000457763672,16.25,0,14.85769998550415,14.644333283106485
2024-04-26,15.029999732971191,16.059999465942383,14.920000076293945,15.489999771118164,0,14.865149984359741,14.655666605631511
2024-04-29,14.670000076293945,15.420000076293945,14.630000114440918,15.369999885559082,0,14.870449986457825,14.668833271662395
2024-04-30,15.649999618530273,15.899999618530273,14.670000076293945,14.819999694824219,0,14.881999983787537,14.698833258946737
2024-05-01,15.390000343322754,16.219999313354492,14.350000381469727,15.75,0,14.891549987792969,14.727499930063884
2024-05-02,14.680000305175781,16.09000015258789,14.600000381469727,15.140000343322754,0,14.898449988365174,14.754499928156536
2024-05-03,13.489999771118164,14.579999923706055,13.479999542236328,14.510000228881836,0,14.897099986076356,14.765499925613403
2024-05-06,13.489999771118164,14.020000457763672,13.4399995803833,13.979999542236328,0,14.894599986076354,14.777166589101155
2024-05-07,13.229999542236328,13.640000343322754,13.15999984741211,13.520000457763672,0,14.892749981880188,14.782166576385498
2024-05-08,13.0,13.510000228881836,12.9399995803833,13.239999771118164,0,14.888199982643128,14.766666571299234
